image,label,area,aspect_ratio,avg_intensity,carb,crop_path
341LettuceOnions.jpg,onions,2015028,0.8884462151394422,142.79474296800507,1.5,/home/aojwang/data/MergeDataset/cropped_images/341LettuceOnions/onions_0.jpg
341LettuceOnions.jpg,lettuce,3074084,1.183002481389578,173.34389539561488,1.2,/home/aojwang/data/MergeDataset/cropped_images/341LettuceOnions/lettuce_1.jpg
1651WholeFishKachumbarithirdCupBrownUgalihalfCup.JPG,brown ugali,1363548,1.0455341506129596,106.28863181445269,1.9,/home/aojwang/data/MergeDataset/cropped_images/1651WholeFishKachumbarithirdCupBrownUgalihalfCup/brown ugali_0.jpg
1651WholeFishKachumbarithirdCupBrownUgalihalfCup.JPG,kachumbari,1984734,1.2151799687010956,101.08684404727956,0.92,/home/aojwang/data/MergeDataset/cropped_images/1651WholeFishKachumbarithirdCupBrownUgalihalfCup/kachumbari_1.jpg
1651WholeFishKachumbarithirdCupBrownUgalihalfCup.JPG,fish fry,5434968,2.665266106442577,109.49571171961516,126.43,/home/aojwang/data/MergeDataset/cropped_images/1651WholeFishKachumbarithirdCupBrownUgalihalfCup/fish fry_2.jpg
1561UgaliBrown2Cups.JPG,brown ugali,4371805,1.6761609907120743,94.81157889399611,5.8,/home/aojwang/data/MergeDataset/cropped_images/1561UgaliBrown2Cups/brown ugali_0.jpg
1001Spinachhalfcup.jpg,spinach cooked,2175975,1.071578947368421,97.11483281440887,2.29,/home/aojwang/data/MergeDataset/cropped_images/1001Spinachhalfcup/spinach cooked_0.jpg
151PineappleAppleBanana(2).jpg,ripe banana,1424640,1.2679245283018867,160.4154471772986,2.1,/home/aojwang/data/MergeDataset/cropped_images/151PineappleAppleBanana(2)/ripe banana_0.jpg
151PineappleAppleBanana(2).jpg,apple,2073112,1.7707948243992606,139.8131847193977,0.45,/home/aojwang/data/MergeDataset/cropped_images/151PineappleAppleBanana(2)/apple_1.jpg
3Meatballs.jpg,meatballs,1767928,1.3275563258232235,117.58235422106179,72.0,/home/aojwang/data/MergeDataset/cropped_images/3Meatballs/meatballs_0.jpg
1112ScrambledEggsthirdcup.jpg,scrambled eggs,1691280,1.145679012345679,132.17907107831545,8.2,/home/aojwang/data/MergeDataset/cropped_images/1112ScrambledEggsthirdcup/scrambled eggs_0.jpg
1736GitheriChips.JPG,githeri,2069495,1.3139442231075698,123.80100104937034,10.05,/home/aojwang/data/MergeDataset/cropped_images/1736GitheriChips/githeri_0.jpg
781BrownRiceMonkeynuts.jpg,brown rice boiled,2949704,1.5179340028694404,156.30162857018874,24.0,/home/aojwang/data/MergeDataset/cropped_images/781BrownRiceMonkeynuts/brown rice boiled_0.jpg
781BrownRiceMonkeynuts.jpg,monkeynut beans,3174912,2.0384615384615383,91.8784912253736,15.6,/home/aojwang/data/MergeDataset/cropped_images/781BrownRiceMonkeynuts/monkeynut beans_1.jpg
2RiceWBeanTerere.jpg,terere,697200,1.4228571428571428,95.43131956397016,1.0,/home/aojwang/data/MergeDataset/cropped_images/2RiceWBeanTerere/terere_0.jpg
2RiceWBeanTerere.jpg,white rice boiled,1275183,1.901098901098901,188.46414017961865,85.0,/home/aojwang/data/MergeDataset/cropped_images/2RiceWBeanTerere/white rice boiled_1.jpg
2RiceWBeanTerere.jpg,rosecoco,726546,1.0346062052505967,127.22747722328204,38.0,/home/aojwang/data/MergeDataset/cropped_images/2RiceWBeanTerere/rosecoco_2.jpg
675BrownChapati.jpg,brown chapati,8812974,1.3016910069177556,152.26143732335228,26.28,/home/aojwang/data/MergeDataset/cropped_images/675BrownChapati/brown chapati_0.jpg
1104ScrambledEggs.jpg,scrambled eggs,3209722,1.4833446634942216,158.25031804415875,10.9,/home/aojwang/data/MergeDataset/cropped_images/1104ScrambledEggs/scrambled eggs_0.jpg
2StrawberryPearOrange.jpg,strawberry pear orange,1984532,1.4596912521440824,171.82031363901748,28.0,/home/aojwang/data/MergeDataset/cropped_images/2StrawberryPearOrange/strawberry pear orange_0.jpg
1688BeefSausageChips.JPG,potato chips,3661015,1.2803075103489059,154.3921650143471,12.0,/home/aojwang/data/MergeDataset/cropped_images/1688BeefSausageChips/potato chips_0.jpg
556Pigeonpea.jpg,mbaazi,6814920,1.4950819672131148,133.1309228868424,28.5,/home/aojwang/data/MergeDataset/cropped_images/556Pigeonpea/mbaazi_0.jpg
1RiceLentil.jpg,kamande,1489464,1.0206953642384107,115.07876882780204,40.0,/home/aojwang/data/MergeDataset/cropped_images/1RiceLentil/kamande_0.jpg
1RiceLentil.jpg,white rice boiled,620000,1.032258064516129,190.91936774193547,14.0,/home/aojwang/data/MergeDataset/cropped_images/1RiceLentil/white rice boiled_1.jpg
949BananaCooked.jpg,boiled banana,4444378,1.167606355715018,129.93715536047264,5.88,/home/aojwang/data/MergeDataset/cropped_images/949BananaCooked/boiled banana_0.jpg
1343ChickenWetfryWhiteChapatiSpinach.JPG,spinach cooked,1907985,1.2673186634066829,63.78664402497923,2.91,/home/aojwang/data/MergeDataset/cropped_images/1343ChickenWetfryWhiteChapatiSpinach/spinach cooked_0.jpg
1343ChickenWetfryWhiteChapatiSpinach.JPG,chicken wing,2114080,0.9917808219178083,87.6489614079568,57.29,/home/aojwang/data/MergeDataset/cropped_images/1343ChickenWetfryWhiteChapatiSpinach/chicken wing_1.jpg
2RiceSoyaBeans.jpg,soya beans,818030,1.0212290502793295,171.43316708026194,10.0,/home/aojwang/data/MergeDataset/cropped_images/2RiceSoyaBeans/soya beans_0.jpg
2RiceSoyaBeans.jpg,white rice boiled,598600,0.8902439024390244,196.48203530459963,85.0,/home/aojwang/data/MergeDataset/cropped_images/2RiceSoyaBeans/white rice boiled_1.jpg
3Lemon.jpg,lemon,1048575,1.7458064516129033,161.8947368253741,12.0,/home/aojwang/data/MergeDataset/cropped_images/3Lemon/lemon_0.jpg
1067Beefstew.jpg,beef stew,1647948,1.2547993019197208,138.17436634327458,44.25,/home/aojwang/data/MergeDataset/cropped_images/1067Beefstew/beef stew_0.jpg
3Liver.jpg,liver fry,2728835,1.3863150392017107,145.42797762903706,3.0,/home/aojwang/data/MergeDataset/cropped_images/3Liver/liver fry_0.jpg
3RiceLentil.jpg,white rice boiled,1801116,2.1372549019607843,199.43832064860527,170.0,/home/aojwang/data/MergeDataset/cropped_images/3RiceLentil/white rice boiled_0.jpg
3RiceLentil.jpg,kamande,1084986,2.1462728551336148,117.42009820095988,30.0,/home/aojwang/data/MergeDataset/cropped_images/3RiceLentil/kamande_1.jpg
1702BeefSausageChipsKachumbarihalfCup.JPG,kachumbari,1299429,1.3839009287925697,109.54660803578598,1.43,/home/aojwang/data/MergeDataset/cropped_images/1702BeefSausageChipsKachumbarihalfCup/kachumbari_0.jpg
1702BeefSausageChipsKachumbarihalfCup.JPG,potato chips,1977570,1.1453576864535768,157.61579480540934,7.2,/home/aojwang/data/MergeDataset/cropped_images/1702BeefSausageChipsKachumbarihalfCup/potato chips_1.jpg
1702BeefSausageChipsKachumbarihalfCup.JPG,sausage,1399032,1.0708661417322836,105.9940597022322,6.6,/home/aojwang/data/MergeDataset/cropped_images/1702BeefSausageChipsKachumbarihalfCup/sausage_2.jpg
1280BeefstewBrownRiceSpinach.JPG,brown rice boiled,2282998,0.8720642768850433,150.32071571386982,12.0,/home/aojwang/data/MergeDataset/cropped_images/1280BeefstewBrownRiceSpinach/brown rice boiled_0.jpg
1280BeefstewBrownRiceSpinach.JPG,spinach cooked,1514304,1.3579545454545454,73.00322788555006,2.91,/home/aojwang/data/MergeDataset/cropped_images/1280BeefstewBrownRiceSpinach/spinach cooked_1.jpg
1154MincedMeatKalesPasta(2).JPG,sukumawiki,1254062,0.8509060955518946,81.83820045048277,2.0,/home/aojwang/data/MergeDataset/cropped_images/1154MincedMeatKalesPasta(2)/sukumawiki_0.jpg
1154MincedMeatKalesPasta(2).JPG,pasta,2837607,1.2628418945963975,143.04095023259623,4.4,/home/aojwang/data/MergeDataset/cropped_images/1154MincedMeatKalesPasta(2)/pasta_1.jpg
1154MincedMeatKalesPasta(2).JPG,mincemeat,1734012,1.7945066124109867,112.54154623305183,27.7,/home/aojwang/data/MergeDataset/cropped_images/1154MincedMeatKalesPasta(2)/mincemeat_2.jpg
1273MincedMeatGreenGramsCabbage.JPG,ndengu,3023847,1.165114835505897,116.32006326157816,12.0,/home/aojwang/data/MergeDataset/cropped_images/1273MincedMeatGreenGramsCabbage/ndengu_0.jpg
1273MincedMeatGreenGramsCabbage.JPG,green cabbage cooked,2287810,0.8826086956521739,168.263640774365,2.4,/home/aojwang/data/MergeDataset/cropped_images/1273MincedMeatGreenGramsCabbage/green cabbage cooked_1.jpg
1273MincedMeatGreenGramsCabbage.JPG,mincemeat,1666863,1.6116027531956736,128.03154548394198,55.4,/home/aojwang/data/MergeDataset/cropped_images/1273MincedMeatGreenGramsCabbage/mincemeat_2.jpg
694WhiteRicePigeonpea.jpg,white rice boiled,2175129,1.6649168853893264,173.73256022976108,2.4,/home/aojwang/data/MergeDataset/cropped_images/694WhiteRicePigeonpea/white rice boiled_0.jpg
694WhiteRicePigeonpea.jpg,mbaazi,2568003,1.8727583262169085,111.20812164160245,5.7,/home/aojwang/data/MergeDataset/cropped_images/694WhiteRicePigeonpea/mbaazi_1.jpg
3RiceNdengu.jpg,ndengu,684410,1.1573472041612485,142.55868363505306,9.0,/home/aojwang/data/MergeDataset/cropped_images/3RiceNdengu/ndengu_0.jpg
3RiceNdengu.jpg,white rice boiled,1988646,1.8421559191530317,194.75916394035607,183.0,/home/aojwang/data/MergeDataset/cropped_images/3RiceNdengu/white rice boiled_1.jpg
1Cabbagesprout.jpg,cabbage sprout,1033175,1.1818181818181819,164.57339882723966,9.0,/home/aojwang/data/MergeDataset/cropped_images/1Cabbagesprout/cabbage sprout_0.jpg
939Frenchfries.jpg,potato chips,6991512,1.3958891867739052,125.74106230526387,26.85,/home/aojwang/data/MergeDataset/cropped_images/939Frenchfries/potato chips_0.jpg
1Ghee.jpg,ghee,913900,1.8492176386913228,127.9313856366488,0.0,/home/aojwang/data/MergeDataset/cropped_images/1Ghee/ghee_0.jpg
3Pear.jpg,pear,1371988,1.6640969162995596,145.61930182091,30.0,/home/aojwang/data/MergeDataset/cropped_images/3Pear/pear_0.jpg
1585BrownUgaliDrumstickCabbage.JPG,brown ugali,1360420,1.1577490774907748,118.21415004189882,1.43,/home/aojwang/data/MergeDataset/cropped_images/1585BrownUgaliDrumstickCabbage/brown ugali_0.jpg
1585BrownUgaliDrumstickCabbage.JPG,green cabbage cooked,4025568,1.2099780701754386,167.83661146286272,2.4,/home/aojwang/data/MergeDataset/cropped_images/1585BrownUgaliDrumstickCabbage/green cabbage cooked_1.jpg
1585BrownUgaliDrumstickCabbage.JPG,chicken drumstick,5536659,1.5516146109052409,125.92551416537181,72.18,/home/aojwang/data/MergeDataset/cropped_images/1585BrownUgaliDrumstickCabbage/chicken drumstick_2.jpg
1787FishwetfryBrownUgalihalfCupSpinach.JPG,brown ugali,847085,1.076662908680947,137.83814178427588,1.9,/home/aojwang/data/MergeDataset/cropped_images/1787FishwetfryBrownUgalihalfCupSpinach/brown ugali_0.jpg
1787FishwetfryBrownUgalihalfCupSpinach.JPG,spinach cooked,1572564,1.1727115716753023,96.80378159489852,1.1,/home/aojwang/data/MergeDataset/cropped_images/1787FishwetfryBrownUgalihalfCupSpinach/spinach cooked_1.jpg
1787FishwetfryBrownUgalihalfCupSpinach.JPG,fish fry,2445467,0.8993329290479078,123.6540055539494,55.34,/home/aojwang/data/MergeDataset/cropped_images/1787FishwetfryBrownUgalihalfCupSpinach/fish fry_2.jpg
2ThornMelon.jpg,thorn melon,654360,0.9273809523809524,142.80106057827496,10.0,/home/aojwang/data/MergeDataset/cropped_images/2ThornMelon/thorn melon_0.jpg
1176MincedMeatCabbageWhiteRice.JPG,green cabbage cooked,1700721,0.9290465631929047,158.0361960211777,2.4,/home/aojwang/data/MergeDataset/cropped_images/1176MincedMeatCabbageWhiteRice/green cabbage cooked_0.jpg
1176MincedMeatCabbageWhiteRice.JPG,mincemeat,2136240,1.8314814814814815,117.32735320001498,83.1,/home/aojwang/data/MergeDataset/cropped_images/1176MincedMeatCabbageWhiteRice/mincemeat_1.jpg
1176MincedMeatCabbageWhiteRice.JPG,white rice boiled,2766764,1.4486251808972503,183.8973130101929,7.8,/home/aojwang/data/MergeDataset/cropped_images/1176MincedMeatCabbageWhiteRice/white rice boiled_2.jpg
528Greengrams.jpg,ndengu,7627312,1.306705298013245,151.00166489408937,14.8,/home/aojwang/data/MergeDataset/cropped_images/528Greengrams/ndengu_0.jpg
750WhiteRice1cupButterBeansthirdcup.jpg,white rice boiled,1581378,1.147359454855196,146.57080638953283,4.8,/home/aojwang/data/MergeDataset/cropped_images/750WhiteRice1cupButterBeansthirdcup/white rice boiled_0.jpg
750WhiteRice1cupButterBeansthirdcup.jpg,butternut beans,3001440,1.9270833333333333,116.81457011745474,3.927,/home/aojwang/data/MergeDataset/cropped_images/750WhiteRice1cupButterBeansthirdcup/butternut beans_1.jpg
1634WholeFishKachumbarihalfCupWhiteUgali1Cup.JPG,kachumbari,1899971,1.233682514101531,95.95470650166064,1.43,/home/aojwang/data/MergeDataset/cropped_images/1634WholeFishKachumbarihalfCupWhiteUgali1Cup/kachumbari_0.jpg
1634WholeFishKachumbarihalfCupWhiteUgali1Cup.JPG,white ugali,1415700,1.0341880341880343,162.91306562124743,9.14,/home/aojwang/data/MergeDataset/cropped_images/1634WholeFishKachumbarihalfCupWhiteUgali1Cup/white ugali_1.jpg
986MashedBananaquotercup.jpg,boiled mashed banana,941104,1.1670378619153674,135.07953849946446,0.88,/home/aojwang/data/MergeDataset/cropped_images/986MashedBananaquotercup/boiled mashed banana_0.jpg
825WhiteChapati3EggyolkBeans.jpg,white chapati,2776850,1.4046941678520626,114.12251159887403,33.54,/home/aojwang/data/MergeDataset/cropped_images/825WhiteChapati3EggyolkBeans/white chapati_0.jpg
160MangoPawpaw.jpg,mango,1199814,0.9685534591194969,141.51241164602735,0.82,/home/aojwang/data/MergeDataset/cropped_images/160MangoPawpaw/mango_0.jpg
160MangoPawpaw.jpg,pawpaw,1769961,1.0619674670797832,117.07921718802467,0.470898,/home/aojwang/data/MergeDataset/cropped_images/160MangoPawpaw/pawpaw_1.jpg
285Lettucehalfcup.jpg,lettuce,1935232,1.4307824591573517,181.99765247784245,0.6,/home/aojwang/data/MergeDataset/cropped_images/285Lettucehalfcup/lettuce_0.jpg
744WhiteRicequotercupButterBeanshalfcup.jpg,white rice boiled,643664,1.0471938775510203,128.3696162387001,1.2,/home/aojwang/data/MergeDataset/cropped_images/744WhiteRicequotercupButterBeanshalfcup/white rice boiled_0.jpg
744WhiteRicequotercupButterBeanshalfcup.jpg,butternut beans,3728600,1.7783149171270718,111.20331151996281,6.006,/home/aojwang/data/MergeDataset/cropped_images/744WhiteRicequotercupButterBeanshalfcup/butternut beans_1.jpg
572WhiteRicethirdcup.jpg,white rice boiled,2036685,1.5644171779141105,165.04108719152282,1.368,/home/aojwang/data/MergeDataset/cropped_images/572WhiteRicethirdcup/white rice boiled_0.jpg
484RedCabbage.jpg,red cabbage,2359980,1.4865079365079366,116.4411180038249,0.65,/home/aojwang/data/MergeDataset/cropped_images/484RedCabbage/red cabbage_0.jpg
1188MincedMeatCabbageBrownRice.JPG,brown rice boiled,2621860,1.082904884318766,149.05745247012933,20.0,/home/aojwang/data/MergeDataset/cropped_images/1188MincedMeatCabbageBrownRice/brown rice boiled_0.jpg
1188MincedMeatCabbageBrownRice.JPG,green cabbage cooked,2461680,1.7982905982905983,146.55071143825896,1.8,/home/aojwang/data/MergeDataset/cropped_images/1188MincedMeatCabbageBrownRice/green cabbage cooked_1.jpg
1188MincedMeatCabbageBrownRice.JPG,mincemeat,2435004,0.9841068022886205,108.46039842234346,69.25,/home/aojwang/data/MergeDataset/cropped_images/1188MincedMeatCabbageBrownRice/mincemeat_2.jpg
794BrownRiceEggyolkBeans.jpg,brown rice boiled,1796828,1.5782567947516402,134.55023686184765,8.0,/home/aojwang/data/MergeDataset/cropped_images/794BrownRiceEggyolkBeans/brown rice boiled_0.jpg
54Apple.jpg,apple,3870328,1.3266978922716628,144.56137145654495,0.3,/home/aojwang/data/MergeDataset/cropped_images/54Apple/apple_0.jpg
1EggScrambled.jpg,scrambled eggs,1119690,1.4793103448275862,190.96717454533547,1.0,/home/aojwang/data/MergeDataset/cropped_images/1EggScrambled/scrambled eggs_0.jpg
1732GitheriChips.JPG,potato chips,1349403,1.0511915269196823,139.12424704356914,2.4,/home/aojwang/data/MergeDataset/cropped_images/1732GitheriChips/potato chips_0.jpg
1732GitheriChips.JPG,githeri,961632,1.3372641509433962,97.13902442237085,3.35,/home/aojwang/data/MergeDataset/cropped_images/1732GitheriChips/githeri_1.jpg
1776BrownChapatiWhiteUgalihalfCupSpinach.JPG,white ugali,821688,1.0707762557077625,170.01925426682635,5.54,/home/aojwang/data/MergeDataset/cropped_images/1776BrownChapatiWhiteUgalihalfCupSpinach/white ugali_0.jpg
1776BrownChapatiWhiteUgalihalfCupSpinach.JPG,spinach cooked,1559691,1.0885547201336676,70.25756960833908,1.1,/home/aojwang/data/MergeDataset/cropped_images/1776BrownChapatiWhiteUgalihalfCupSpinach/spinach cooked_1.jpg
1535Njahi1Cup.JPG,black beans,4257728,1.2123799359658485,117.66525762096592,19.19,/home/aojwang/data/MergeDataset/cropped_images/1535Njahi1Cup/black beans_0.jpg
230Cucumber.jpg,cucumber,5139700,1.2900801603206413,181.86059212275683,2.7,/home/aojwang/data/MergeDataset/cropped_images/230Cucumber/cucumber_0.jpg
1248MincedMeatRoscocoBeansCabbage.JPG,green cabbage cooked,1819896,1.206840390879479,152.59972694410376,1.8,/home/aojwang/data/MergeDataset/cropped_images/1248MincedMeatRoscocoBeansCabbage/green cabbage cooked_0.jpg
1248MincedMeatRoscocoBeansCabbage.JPG,rosecoco,1962000,1.5502222222222222,89.76976792388719,8.67,/home/aojwang/data/MergeDataset/cropped_images/1248MincedMeatRoscocoBeansCabbage/rosecoco_1.jpg
154BananaMango.jpg,ripe banana,1158720,2.2985915492957747,176.01526914756514,0.7,/home/aojwang/data/MergeDataset/cropped_images/154BananaMango/ripe banana_0.jpg
154BananaMango.jpg,mango,867100,2.5775862068965516,143.26213547072618,0.41,/home/aojwang/data/MergeDataset/cropped_images/154BananaMango/mango_1.jpg
97Watermelonsliced.jpg,water melon,4298226,1.4751025190392502,123.58703303797117,0.6,/home/aojwang/data/MergeDataset/cropped_images/97Watermelonsliced/water melon_0.jpg
1148MincedMeatBrownChapati2andhalfKales.JPG,sukumawiki,2008672,1.1669207317073171,69.77464779383261,3.0,/home/aojwang/data/MergeDataset/cropped_images/1148MincedMeatBrownChapati2andhalfKales/sukumawiki_0.jpg
914SweetPotatoroundcut.jpg,sweet potato,8164548,1.271507498026835,151.84101140687764,8.64,/home/aojwang/data/MergeDataset/cropped_images/914SweetPotatoroundcut/sweet potato_0.jpg
711WhiteRice1cupPigeonpeahalfcup.jpg,white rice boiled,2255812,1.5106382978723405,163.61517375265905,4.32,/home/aojwang/data/MergeDataset/cropped_images/711WhiteRice1cupPigeonpeahalfcup/white rice boiled_0.jpg
711WhiteRice1cupPigeonpeahalfcup.jpg,mbaazi,2717484,1.8530140379851363,106.82783977139638,6.84,/home/aojwang/data/MergeDataset/cropped_images/711WhiteRice1cupPigeonpeahalfcup/mbaazi_1.jpg
2Sukumawiki.jpg,sukumawiki,2209080,1.4601626016260163,130.23421258321716,4.0,/home/aojwang/data/MergeDataset/cropped_images/2Sukumawiki/sukumawiki_0.jpg
1303BeefSamosa.JPG,samosa,7514913,1.314512756168967,146.85283759550288,47.474,/home/aojwang/data/MergeDataset/cropped_images/1303BeefSamosa/samosa_0.jpg
1PastaChickenCarrot.jpg,carrot,346788,0.7037037037037037,135.77257671353487,7.0,/home/aojwang/data/MergeDataset/cropped_images/1PastaChickenCarrot/carrot_0.jpg
1PastaChickenCarrot.jpg,chicken,713216,1.1256281407035176,125.17924256700168,0.0,/home/aojwang/data/MergeDataset/cropped_images/1PastaChickenCarrot/chicken_1.jpg
1PastaChickenCarrot.jpg,carrot,881554,0.6517626827171109,137.09795656306932,7.0,/home/aojwang/data/MergeDataset/cropped_images/1PastaChickenCarrot/carrot_2.jpg
1PastaChickenCarrot.jpg,pasta,679650,0.700507614213198,167.35720493391207,23.0,/home/aojwang/data/MergeDataset/cropped_images/1PastaChickenCarrot/pasta_3.jpg
1515FriedGitheriWhiteRice.JPG,githeri,4101870,1.1692471970101441,123.22990140269357,20.7,/home/aojwang/data/MergeDataset/cropped_images/1515FriedGitheriWhiteRice/githeri_0.jpg
1515FriedGitheriWhiteRice.JPG,white rice boiled,6142776,1.3577809120827458,154.0565513594071,6.0,/home/aojwang/data/MergeDataset/cropped_images/1515FriedGitheriWhiteRice/white rice boiled_1.jpg
3Hazelnut.jpg,hazelnut,2591063,1.3947175348495964,168.53381874543382,26.0,/home/aojwang/data/MergeDataset/cropped_images/3Hazelnut/hazelnut_0.jpg
1446Githeri.JPG,githeri,5808522,1.4608826479438315,82.69096831632326,26.8,/home/aojwang/data/MergeDataset/cropped_images/1446Githeri/githeri_0.jpg
3SconesHam.jpg,hamburger,2653078,1.3194640338504937,165.78982789047288,87.0,/home/aojwang/data/MergeDataset/cropped_images/3SconesHam/hamburger_0.jpg
148ApplePineapple.jpg,apple,3436986,2.2389023405972557,130.06812800517662,0.75,/home/aojwang/data/MergeDataset/cropped_images/148ApplePineapple/apple_0.jpg
148ApplePineapple.jpg,pineapple,1872453,3.2503293807641636,152.2501275065382,1.20043,/home/aojwang/data/MergeDataset/cropped_images/148ApplePineapple/pineapple_1.jpg
759BrownRiceCowpeas.jpg,cowpeas,1297663,1.834720570749108,107.4272616747697,4.75,/home/aojwang/data/MergeDataset/cropped_images/759BrownRiceCowpeas/cowpeas_1.jpg
1231MincedMeatPegionpeasSpinach.JPG,mbaazi,2917500,1.8672,93.27302896315338,17.1,/home/aojwang/data/MergeDataset/cropped_images/1231MincedMeatPegionpeasSpinach/mbaazi_0.jpg
1231MincedMeatPegionpeasSpinach.JPG,mincemeat,1532019,1.0412201154163232,114.55142875730218,83.1,/home/aojwang/data/MergeDataset/cropped_images/1231MincedMeatPegionpeasSpinach/mincemeat_1.jpg
1601BrownUgalithirdCupCabbage.JPG,brown ugali,847016,1.0790067720090293,100.06411291719007,1.07,/home/aojwang/data/MergeDataset/cropped_images/1601BrownUgalithirdCupCabbage/brown ugali_0.jpg
1601BrownUgalithirdCupCabbage.JPG,green cabbage cooked,1599972,1.1628303495311167,150.43654534787692,0.5,/home/aojwang/data/MergeDataset/cropped_images/1601BrownUgalithirdCupCabbage/green cabbage cooked_1.jpg
1500FriedGitheriBeefstewCabbage.JPG,green cabbage cooked,2271166,1.7506584723441616,124.89626723307177,1.65,/home/aojwang/data/MergeDataset/cropped_images/1500FriedGitheriBeefstewCabbage/green cabbage cooked_0.jpg
1500FriedGitheriBeefstewCabbage.JPG,githeri,2809590,1.1340533672172808,100.04234117196222,13.8,/home/aojwang/data/MergeDataset/cropped_images/1500FriedGitheriBeefstewCabbage/githeri_1.jpg
1500FriedGitheriBeefstewCabbage.JPG,beef stew,3297852,1.0022050716648292,93.99588954669079,26.55,/home/aojwang/data/MergeDataset/cropped_images/1500FriedGitheriBeefstewCabbage/beef stew_2.jpg
1RiceSoyaBeans.jpg,soya beans,582464,1.575657894736842,169.99291401128082,4.0,/home/aojwang/data/MergeDataset/cropped_images/1RiceSoyaBeans/soya beans_0.jpg
1RiceSoyaBeans.jpg,white rice boiled,1147776,1.5737704918032787,196.5937256049961,42.0,/home/aojwang/data/MergeDataset/cropped_images/1RiceSoyaBeans/white rice boiled_1.jpg
47Apple.jpg,apple,3673488,1.7328296703296704,99.16165009023213,0.6,/home/aojwang/data/MergeDataset/cropped_images/47Apple/apple_0.jpg
3RiceSoyaBeans.jpg,soya beans,1048287,1.0337636544190665,159.5623157907456,14.0,/home/aojwang/data/MergeDataset/cropped_images/3RiceSoyaBeans/soya beans_0.jpg
3RiceSoyaBeans.jpg,white rice boiled,1202319,0.7147262914417888,208.24771878345098,127.0,/home/aojwang/data/MergeDataset/cropped_images/3RiceSoyaBeans/white rice boiled_1.jpg
1100Mincedbeefthirdcup.jpg,mincemeat,1479524,1.1545936395759717,99.3818800280811,28.54,/home/aojwang/data/MergeDataset/cropped_images/1100Mincedbeefthirdcup/mincemeat_0.jpg
2HotdogSalad.jpg,hotdog,1389190,2.1544209215442094,172.22397968120512,26.0,/home/aojwang/data/MergeDataset/cropped_images/2HotdogSalad/hotdog_0.jpg
981MashedArrowRoot.jpg,arrowroots,2516811,1.2154273801250868,160.02222945359557,9.5,/home/aojwang/data/MergeDataset/cropped_images/981MashedArrowRoot/arrowroots_0.jpg
114Pawpawhalfcup.jpg,pawpaw,1712907,1.3827493261455526,125.19338839372676,0.423809,/home/aojwang/data/MergeDataset/cropped_images/114Pawpawhalfcup/pawpaw_0.jpg
143AppleMango.jpg,mango,2450147,0.9417234965902046,132.68867799904794,2.05,/home/aojwang/data/MergeDataset/cropped_images/143AppleMango/mango_0.jpg
143AppleMango.jpg,apple,2811240,1.0401459854014599,156.95640903421028,0.75,/home/aojwang/data/MergeDataset/cropped_images/143AppleMango/apple_1.jpg
2Passion.jpg,passion,435599,1.0030349013657056,107.33141184131888,3.0,/home/aojwang/data/MergeDataset/cropped_images/2Passion/passion_0.jpg
2MangoGrapeApple.jpg,mango grape apple,2240562,1.4045922406967537,161.0507191201731,63.0,/home/aojwang/data/MergeDataset/cropped_images/2MangoGrapeApple/mango grape apple_0.jpg
411BananaCucumber.jpg,cucumber,1205400,1.2449186991869918,134.40869697472485,0.3,/home/aojwang/data/MergeDataset/cropped_images/411BananaCucumber/cucumber_0.jpg
120Watermelonhalfcup.jpg,water melon,1647030,1.9043010752688172,120.63530820122685,0.66,/home/aojwang/data/MergeDataset/cropped_images/120Watermelonhalfcup/water melon_0.jpg
551Pigeonpea.jpg,mbaazi,7028756,1.325227963525836,150.78526721750856,14.25,/home/aojwang/data/MergeDataset/cropped_images/551Pigeonpea/mbaazi_0.jpg
1360YellowMaizeboiled.JPG,boiled yellow maize,6482270,1.2884529647793135,129.90346699535812,15.8125,/home/aojwang/data/MergeDataset/cropped_images/1360YellowMaizeboiled/boiled yellow maize_0.jpg
1622WholeFishWhiteUgalihalfCup.JPG,white ugali,914880,1.0073452256033577,181.91966013757724,5.83,/home/aojwang/data/MergeDataset/cropped_images/1622WholeFishWhiteUgalihalfCup/white ugali_0.jpg
1699BeefSausageChipsKachumbarihalfCup.JPG,kachumbari,1356934,1.2569778633301252,103.69449877444298,1.43,/home/aojwang/data/MergeDataset/cropped_images/1699BeefSausageChipsKachumbarihalfCup/kachumbari_0.jpg
1699BeefSausageChipsKachumbarihalfCup.JPG,potato chips,1913830,1.287940935192781,154.1518778226558,7.2,/home/aojwang/data/MergeDataset/cropped_images/1699BeefSausageChipsKachumbarihalfCup/potato chips_1.jpg
2ButternutChicken.jpg,butternut,1151595,1.7337423312883435,140.05145935275277,22.0,/home/aojwang/data/MergeDataset/cropped_images/2ButternutChicken/butternut_0.jpg
2ButternutChicken.jpg,chicken,498080,1.5547703180212014,127.84101884570083,0.0,/home/aojwang/data/MergeDataset/cropped_images/2ButternutChicken/chicken_1.jpg
89Grapes.jpg,red grapes,9792502,1.544479745830024,119.62228549966086,2.950245,/home/aojwang/data/MergeDataset/cropped_images/89Grapes/red grapes_0.jpg
83Grapes.jpg,red grapes,4660292,1.9804432855280314,131.7758784928784,2.006167,/home/aojwang/data/MergeDataset/cropped_images/83Grapes/red grapes_0.jpg
1147MincedMeatBrownChapatiKales.JPG,sukumawiki,2094036,1.1354933726067746,73.2802664328598,3.0,/home/aojwang/data/MergeDataset/cropped_images/1147MincedMeatBrownChapatiKales/sukumawiki_0.jpg
1778BrownChapatiWhiteUgali1CupSpinach.JPG,white ugali,1062186,1.0859453993933266,181.66676614704645,9.14,/home/aojwang/data/MergeDataset/cropped_images/1778BrownChapatiWhiteUgali1CupSpinach/white ugali_0.jpg
1778BrownChapatiWhiteUgali1CupSpinach.JPG,spinach cooked,2049468,1.0486409155937053,64.0817031541844,2.91,/home/aojwang/data/MergeDataset/cropped_images/1778BrownChapatiWhiteUgali1CupSpinach/spinach cooked_1.jpg
14Watermelon.jpg,water melon,10250585,1.6761019005256774,112.09259783709905,3.0,/home/aojwang/data/MergeDataset/cropped_images/14Watermelon/water melon_0.jpg
1Tomato.jpg,tomato,532896,0.8474148802017655,127.64558250265218,3.0,/home/aojwang/data/MergeDataset/cropped_images/1Tomato/tomato_0.jpg
747WhiteRicehalfcupButterBeansquotercup.jpg,white rice boiled,1110298,1.1237424547283703,140.3398036683245,2.88,/home/aojwang/data/MergeDataset/cropped_images/747WhiteRicehalfcupButterBeansquotercup/white rice boiled_0.jpg
747WhiteRicehalfcupButterBeansquotercup.jpg,butternut beans,2454954,1.4046898638426626,136.54160743269867,2.541,/home/aojwang/data/MergeDataset/cropped_images/747WhiteRicehalfcupButterBeansquotercup/butternut beans_1.jpg
1606BrownUgalihalfCupCabbage.JPG,brown ugali,1478431,1.0249791840133222,97.52459194916773,1.43,/home/aojwang/data/MergeDataset/cropped_images/1606BrownUgalihalfCupCabbage/brown ugali_0.jpg
1606BrownUgalihalfCupCabbage.JPG,green cabbage cooked,2989350,1.205079365079365,156.98659887043448,1.8,/home/aojwang/data/MergeDataset/cropped_images/1606BrownUgalihalfCupCabbage/green cabbage cooked_1.jpg
436MangoTomato.jpg,mango,982281,1.1940463065049614,131.03658593281014,0.82,/home/aojwang/data/MergeDataset/cropped_images/436MangoTomato/mango_0.jpg
436MangoTomato.jpg,tomato,1165099,1.1489572989076464,95.33900953195108,0.5,/home/aojwang/data/MergeDataset/cropped_images/436MangoTomato/tomato_1.jpg
1PastaChickenZucchiniCarrot.jpg,carrot,310760,1.487964989059081,132.05039151327927,4.0,/home/aojwang/data/MergeDataset/cropped_images/1PastaChickenZucchiniCarrot/carrot_0.jpg
1PastaChickenZucchiniCarrot.jpg,pasta,928450,1.5458064516129033,168.39463658068107,45.0,/home/aojwang/data/MergeDataset/cropped_images/1PastaChickenZucchiniCarrot/pasta_1.jpg
1PastaChickenZucchiniCarrot.jpg,chicken,743721,1.407152682255846,137.75660317063344,0.0,/home/aojwang/data/MergeDataset/cropped_images/1PastaChickenZucchiniCarrot/chicken_2.jpg
1PastaChickenZucchiniCarrot.jpg,zucchini,271096,1.5970873786407767,96.47805205536046,3.0,/home/aojwang/data/MergeDataset/cropped_images/1PastaChickenZucchiniCarrot/zucchini_3.jpg
1520FriedGitheriWhiteRiceCabbage.JPG,githeri,2526336,1.054263565891473,117.96221959390992,10.35,/home/aojwang/data/MergeDataset/cropped_images/1520FriedGitheriWhiteRiceCabbage/githeri_0.jpg
1520FriedGitheriWhiteRiceCabbage.JPG,green cabbage cooked,3286192,1.5501373626373627,110.385488431595,1.65,/home/aojwang/data/MergeDataset/cropped_images/1520FriedGitheriWhiteRiceCabbage/green cabbage cooked_1.jpg
1520FriedGitheriWhiteRiceCabbage.JPG,white rice boiled,4020900,1.0574358974358975,154.56017491937956,3.6,/home/aojwang/data/MergeDataset/cropped_images/1520FriedGitheriWhiteRiceCabbage/white rice boiled_2.jpg
1690BeefSausageChipsKachumbarithirdCup.JPG,potato chips,1454387,1.011676396997498,148.35518056748307,2.4,/home/aojwang/data/MergeDataset/cropped_images/1690BeefSausageChipsKachumbarithirdCup/potato chips_0.jpg
1690BeefSausageChipsKachumbarithirdCup.JPG,kachumbari,973440,0.9467455621301775,92.59864398422091,0.92,/home/aojwang/data/MergeDataset/cropped_images/1690BeefSausageChipsKachumbarithirdCup/kachumbari_1.jpg
380CucumberCarrotsgrated.jpg,cucumber,2791800,0.975177304964539,136.22542123361274,1.5,/home/aojwang/data/MergeDataset/cropped_images/380CucumberCarrotsgrated/cucumber_0.jpg
380CucumberCarrotsgrated.jpg,carrot,2972095,0.9896133871898442,128.9440802980165,1.75,/home/aojwang/data/MergeDataset/cropped_images/380CucumberCarrotsgrated/carrot_1.jpg
1Tadhikadal.jpg,tadhikaldal,784215,1.2726114649681528,174.10020848874353,17.0,/home/aojwang/data/MergeDataset/cropped_images/1Tadhikadal/tadhikaldal_0.jpg
1199MincedMeatCabbagePasta.JPG,pasta,2051544,1.362673186634067,134.68343566276587,2.2,/home/aojwang/data/MergeDataset/cropped_images/1199MincedMeatCabbagePasta/pasta_0.jpg
1199MincedMeatCabbagePasta.JPG,mincemeat,1455335,1.5563598759048605,96.45485747267811,13.85,/home/aojwang/data/MergeDataset/cropped_images/1199MincedMeatCabbagePasta/mincemeat_1.jpg
1199MincedMeatCabbagePasta.JPG,green cabbage cooked,1702608,1.0656645569620253,142.63754741745214,0.5,/home/aojwang/data/MergeDataset/cropped_images/1199MincedMeatCabbagePasta/green cabbage cooked_2.jpg
1177MincedMeatCabbageWhiteRice.JPG,green cabbage cooked,1748751,0.906407487401008,151.1232056479167,3.0,/home/aojwang/data/MergeDataset/cropped_images/1177MincedMeatCabbageWhiteRice/green cabbage cooked_0.jpg
1177MincedMeatCabbageWhiteRice.JPG,white rice boiled,2922498,1.5480349344978166,173.32312163544108,7.8,/home/aojwang/data/MergeDataset/cropped_images/1177MincedMeatCabbageWhiteRice/white rice boiled_1.jpg
1177MincedMeatCabbageWhiteRice.JPG,mincemeat,2569742,1.7522708505367466,118.27452820814956,96.95,/home/aojwang/data/MergeDataset/cropped_images/1177MincedMeatCabbageWhiteRice/mincemeat_2.jpg
3SconesSausage.jpg,hotdog,2231736,1.4421221864951768,139.8475258722358,77.0,/home/aojwang/data/MergeDataset/cropped_images/3SconesSausage/hotdog_0.jpg
1639WholeFishKachumbari1CupWhiteUgalithirdCup.JPG,kachumbari,2831225,1.5650557620817844,96.58279037048156,1.99,/home/aojwang/data/MergeDataset/cropped_images/1639WholeFishKachumbari1CupWhiteUgalithirdCup/kachumbari_0.jpg
1639WholeFishKachumbari1CupWhiteUgalithirdCup.JPG,white ugali,932188,0.9968976215098242,163.04742033438177,3.74,/home/aojwang/data/MergeDataset/cropped_images/1639WholeFishKachumbari1CupWhiteUgalithirdCup/white ugali_1.jpg
1780BrownChapatiWhiteUgali1CupSpinach.JPG,brown chapati,4850442,1.0661040787623066,148.7894369214187,43.8,/home/aojwang/data/MergeDataset/cropped_images/1780BrownChapatiWhiteUgali1CupSpinach/brown chapati_0.jpg
1780BrownChapatiWhiteUgali1CupSpinach.JPG,white ugali,1080975,1.0492610837438423,194.1928653915832,9.14,/home/aojwang/data/MergeDataset/cropped_images/1780BrownChapatiWhiteUgali1CupSpinach/white ugali_1.jpg
1780BrownChapatiWhiteUgali1CupSpinach.JPG,spinach cooked,2129607,0.8519924098671727,81.78485310513473,2.91,/home/aojwang/data/MergeDataset/cropped_images/1780BrownChapatiWhiteUgali1CupSpinach/spinach cooked_2.jpg
1570BrownUgaliDrumstickSpinach.JPG,brown ugali,1467706,1.0851246775580397,94.4703144453544,1.43,/home/aojwang/data/MergeDataset/cropped_images/1570BrownUgaliDrumstickSpinach/brown ugali_0.jpg
1570BrownUgaliDrumstickSpinach.JPG,spinach cooked,4225955,1.0989291177970424,88.65928048610708,3.29,/home/aojwang/data/MergeDataset/cropped_images/1570BrownUgaliDrumstickSpinach/spinach cooked_1.jpg
1570BrownUgaliDrumstickSpinach.JPG,chicken drumstick,4077152,1.5012135922330097,74.22090240115323,52.39,/home/aojwang/data/MergeDataset/cropped_images/1570BrownUgaliDrumstickSpinach/chicken drumstick_2.jpg
150ApplePineappleBanana.jpg,ripe banana,1178600,1.7108433734939759,145.85540641438996,1.4,/home/aojwang/data/MergeDataset/cropped_images/150ApplePineappleBanana/ripe banana_0.jpg
150ApplePineappleBanana.jpg,apple,2081443,1.5548833189282627,132.4669736331958,0.3,/home/aojwang/data/MergeDataset/cropped_images/150ApplePineappleBanana/apple_1.jpg
1451GitherithirdCup.JPG,githeri,2071680,1.1746987951807228,117.53396116517351,5.36,/home/aojwang/data/MergeDataset/cropped_images/1451GitherithirdCup/githeri_0.jpg
328TomatoOnions.jpg,tomato,2243670,0.911408540471638,113.84211433351012,2.0,/home/aojwang/data/MergeDataset/cropped_images/328TomatoOnions/tomato_0.jpg
328TomatoOnions.jpg,onions,3358932,1.0770101925254814,155.0404835028912,3.0,/home/aojwang/data/MergeDataset/cropped_images/328TomatoOnions/onions_1.jpg
335CabbageOnions.jpg,onions,1272982,1.1634799235181645,128.29263964455114,0.75,/home/aojwang/data/MergeDataset/cropped_images/335CabbageOnions/onions_0.jpg
335CabbageOnions.jpg,green cabbage,1272774,1.1370510396975426,169.9388288887108,0.55,/home/aojwang/data/MergeDataset/cropped_images/335CabbageOnions/green cabbage_1.jpg
131Banana1cup.jpg,ripe banana,2226315,1.640343347639485,180.33341059104396,2.24,/home/aojwang/data/MergeDataset/cropped_images/131Banana1cup/ripe banana_0.jpg
515RoscocoBeans.jpg,rosecoco,7607775,1.3671047053836372,120.86024363233666,34.68,/home/aojwang/data/MergeDataset/cropped_images/515RoscocoBeans/rosecoco_0.jpg
937Frenchfries.jpg,potato chips,4335733,1.4844938560561731,113.98481064216823,16.14,/home/aojwang/data/MergeDataset/cropped_images/937Frenchfries/potato chips_0.jpg
404BananaCarrots.jpg,carrot,4505096,1.2828175026680897,112.72543174810629,1.4,/home/aojwang/data/MergeDataset/cropped_images/404BananaCarrots/carrot_0.jpg
1499FriedGitheriBeefstewCabbage.JPG,githeri,3287682,1.1282952548330405,103.32116579401536,10.35,/home/aojwang/data/MergeDataset/cropped_images/1499FriedGitheriBeefstewCabbage/githeri_0.jpg
1499FriedGitheriBeefstewCabbage.JPG,green cabbage cooked,2734974,1.7392344497607655,133.9367794111876,1.65,/home/aojwang/data/MergeDataset/cropped_images/1499FriedGitheriBeefstewCabbage/green cabbage cooked_1.jpg
1499FriedGitheriBeefstewCabbage.JPG,beef stew,3003900,0.9620826259196378,89.20390791970438,26.55,/home/aojwang/data/MergeDataset/cropped_images/1499FriedGitheriBeefstewCabbage/beef stew_2.jpg
1097Mincedbeef.jpg,mincemeat,5641026,1.4187562688064193,99.97088992912519,124.65,/home/aojwang/data/MergeDataset/cropped_images/1097Mincedbeef/mincemeat_0.jpg
570WhiteRice.jpg,white rice boiled,4253964,1.1491683991683992,163.24634435082197,6.0,/home/aojwang/data/MergeDataset/cropped_images/570WhiteRice/white rice boiled_0.jpg
152ApplePineappleBanana.jpg,ripe banana,1734901,1.613307618129219,173.5863577614323,2.8,/home/aojwang/data/MergeDataset/cropped_images/152ApplePineappleBanana/ripe banana_0.jpg
152ApplePineappleBanana.jpg,apple,3386412,1.9793577981651376,153.61710083317288,0.6,/home/aojwang/data/MergeDataset/cropped_images/152ApplePineappleBanana/apple_1.jpg
1328WhiteUgali2CupsChickenWetfrySpinach.JPG,chicken wing,2084697,1.6648793565683646,105.37778135943337,112.99,/home/aojwang/data/MergeDataset/cropped_images/1328WhiteUgali2CupsChickenWetfrySpinach/chicken wing_0.jpg
1196MincedMeatSpaghettiCabbage.JPG,green cabbage cooked,2345490,1.5229653505237712,140.0030245279238,1.8,/home/aojwang/data/MergeDataset/cropped_images/1196MincedMeatSpaghettiCabbage/green cabbage cooked_0.jpg
1196MincedMeatSpaghettiCabbage.JPG,spaghetti,2391452,1.018929503916449,160.41372800569138,8.8,/home/aojwang/data/MergeDataset/cropped_images/1196MincedMeatSpaghettiCabbage/spaghetti_1.jpg
1196MincedMeatSpaghettiCabbage.JPG,mincemeat,2583758,1.2221458046767537,106.56999571941336,55.4,/home/aojwang/data/MergeDataset/cropped_images/1196MincedMeatSpaghettiCabbage/mincemeat_2.jpg
256Carrots.jpg,carrot,2460596,2.4754262788365096,132.0883382183287,1.89,/home/aojwang/data/MergeDataset/cropped_images/256Carrots/carrot_0.jpg
1640WholeFishKachumbari1CupWhiteUgalihalfCup.JPG,kachumbari,2602970,1.516793893129771,108.61872284352106,1.99,/home/aojwang/data/MergeDataset/cropped_images/1640WholeFishKachumbari1CupWhiteUgalihalfCup/kachumbari_0.jpg
1640WholeFishKachumbari1CupWhiteUgalihalfCup.JPG,white ugali,1089340,1.0806772908366533,175.13271277409564,5.83,/home/aojwang/data/MergeDataset/cropped_images/1640WholeFishKachumbari1CupWhiteUgalihalfCup/white ugali_1.jpg
1482FriedGitheriquoterCup.JPG,githeri,2036865,1.293227091633466,119.38181699163502,3.933,/home/aojwang/data/MergeDataset/cropped_images/1482FriedGitheriquoterCup/githeri_0.jpg
475GrapesCucumber.jpg,red grapes,1083886,1.3440979955456571,86.25065674188367,0.590049,/home/aojwang/data/MergeDataset/cropped_images/475GrapesCucumber/red grapes_0.jpg
475GrapesCucumber.jpg,cucumber,1090288,1.6175395858708892,142.55681556921962,0.3,/home/aojwang/data/MergeDataset/cropped_images/475GrapesCucumber/cucumber_1.jpg
1290BeefstewSpaghettiSpinach.JPG,spinach cooked,1611195,1.1871244635193132,80.31853913813453,2.91,/home/aojwang/data/MergeDataset/cropped_images/1290BeefstewSpaghettiSpinach/spinach cooked_0.jpg
1290BeefstewSpaghettiSpinach.JPG,spaghetti,1501987,1.055322715842414,175.09764598495192,4.4,/home/aojwang/data/MergeDataset/cropped_images/1290BeefstewSpaghettiSpinach/spaghetti_1.jpg
1548NjahiWhiteRiceSpinach.JPG,spinach cooked,1493648,1.1949910554561718,68.4378271632049,1.1,/home/aojwang/data/MergeDataset/cropped_images/1548NjahiWhiteRiceSpinach/spinach cooked_0.jpg
1548NjahiWhiteRiceSpinach.JPG,black beans,1103058,1.3894500561167227,77.33580917775856,4.75,/home/aojwang/data/MergeDataset/cropped_images/1548NjahiWhiteRiceSpinach/black beans_1.jpg
1548NjahiWhiteRiceSpinach.JPG,white rice boiled,1791328,1.1801948051948052,153.19214534319417,1.2,/home/aojwang/data/MergeDataset/cropped_images/1548NjahiWhiteRiceSpinach/white rice boiled_2.jpg
1235MincedMeatButterBeansSpinach.JPG,butternut beans,1313232,1.302788844621514,150.9573654921598,4.62,/home/aojwang/data/MergeDataset/cropped_images/1235MincedMeatButterBeansSpinach/butternut beans_0.jpg
1235MincedMeatButterBeansSpinach.JPG,spinach cooked,1462680,0.9763071895424836,81.09682135987822,2.91,/home/aojwang/data/MergeDataset/cropped_images/1235MincedMeatButterBeansSpinach/spinach cooked_1.jpg
86Grapes.jpg,red grapes,2581566,1.2466990965948574,112.01113975005869,0.590049,/home/aojwang/data/MergeDataset/cropped_images/86Grapes/red grapes_0.jpg
737WhiteRiceButterBeans.jpg,butternut beans,2778042,2.0716753022452505,117.42008892114183,4.62,/home/aojwang/data/MergeDataset/cropped_images/737WhiteRiceButterBeans/butternut beans_0.jpg
737WhiteRiceButterBeans.jpg,white rice boiled,2089294,1.4176276771004943,156.1225737817017,4.8,/home/aojwang/data/MergeDataset/cropped_images/737WhiteRiceButterBeans/white rice boiled_1.jpg
2OliveOil.jpg,olive oil,1144419,1.474460839954597,157.15238882495544,0.0,/home/aojwang/data/MergeDataset/cropped_images/2OliveOil/olive oil_0.jpg
1Bacon.jpg,bacon,1236544,1.0,170.6989170354364,0.0,/home/aojwang/data/MergeDataset/cropped_images/1Bacon/bacon_0.jpg
176WatermelonBanana.jpg,ripe banana,2514969,0.9271402550091075,187.75383858276848,2.1,/home/aojwang/data/MergeDataset/cropped_images/176WatermelonBanana/ripe banana_0.jpg
176WatermelonBanana.jpg,water melon,2057788,0.9979108635097493,126.70930468379963,0.9,/home/aojwang/data/MergeDataset/cropped_images/176WatermelonBanana/water melon_1.jpg
1666WholeFishKachumbari1CupChips.JPG,kachumbari,2283630,1.1634546752319772,124.84373782092545,1.99,/home/aojwang/data/MergeDataset/cropped_images/1666WholeFishKachumbari1CupChips/kachumbari_0.jpg
1666WholeFishKachumbari1CupChips.JPG,potato chips,2251038,1.0290736984448952,170.24776703014342,7.2,/home/aojwang/data/MergeDataset/cropped_images/1666WholeFishKachumbari1CupChips/potato chips_1.jpg
405BananaCarrots.jpg,carrot,5508300,1.2084309133489461,111.04605988538509,1.75,/home/aojwang/data/MergeDataset/cropped_images/405BananaCarrots/carrot_0.jpg
536Lentils.jpg,kamande,2610278,1.549306625577812,150.94490254805555,10.7,/home/aojwang/data/MergeDataset/cropped_images/536Lentils/kamande_0.jpg
1285BeefstewBrownRiceSpinach.JPG,brown rice boiled,2941037,0.8715296679368536,136.0490242047278,20.0,/home/aojwang/data/MergeDataset/cropped_images/1285BeefstewBrownRiceSpinach/brown rice boiled_1.jpg
1285BeefstewBrownRiceSpinach.JPG,spinach cooked,2239365,1.2678705793829947,83.56546982440707,5.48,/home/aojwang/data/MergeDataset/cropped_images/1285BeefstewBrownRiceSpinach/spinach cooked_2.jpg
1Lettuce.jpg,lettuce,1452748,1.5632780082987552,204.80812616273894,1.0,/home/aojwang/data/MergeDataset/cropped_images/1Lettuce/lettuce_0.jpg
459GrapesLettuce.jpg,lettuce,3311856,1.9357798165137614,175.66575982369605,0.6,/home/aojwang/data/MergeDataset/cropped_images/459GrapesLettuce/lettuce_0.jpg
459GrapesLettuce.jpg,red grapes,947760,1.2238636363636364,105.82321016572409,0.590049,/home/aojwang/data/MergeDataset/cropped_images/459GrapesLettuce/red grapes_1.jpg
174WatermelonBanana.jpg,water melon,899174,1.2804295942720765,129.21558897388047,0.3,/home/aojwang/data/MergeDataset/cropped_images/174WatermelonBanana/water melon_0.jpg
174WatermelonBanana.jpg,ripe banana,871456,0.9377593360995851,199.92194633655248,0.7,/home/aojwang/data/MergeDataset/cropped_images/174WatermelonBanana/ripe banana_1.jpg
710WhiteRice1cupPigeonpeathirdcup.jpg,white rice boiled,2263950,1.2422222222222221,171.32438761162274,4.32,/home/aojwang/data/MergeDataset/cropped_images/710WhiteRice1cupPigeonpeathirdcup/white rice boiled_0.jpg
710WhiteRice1cupPigeonpeathirdcup.jpg,mbaazi,2944144,1.5964653902798234,123.58872041132047,4.56,/home/aojwang/data/MergeDataset/cropped_images/710WhiteRice1cupPigeonpeathirdcup/mbaazi_1.jpg
1367BeefstewSpinachNjahi.JPG,black beans,2969400,1.4851485148514851,130.97491109315013,9.5,/home/aojwang/data/MergeDataset/cropped_images/1367BeefstewSpinachNjahi/black beans_0.jpg
1367BeefstewSpinachNjahi.JPG,beef stew,2220480,1.0708333333333333,134.75419428832205,17.7,/home/aojwang/data/MergeDataset/cropped_images/1367BeefstewSpinachNjahi/beef stew_1.jpg
1367BeefstewSpinachNjahi.JPG,spinach cooked,2926976,1.0570913461538463,121.68487556212737,2.91,/home/aojwang/data/MergeDataset/cropped_images/1367BeefstewSpinachNjahi/spinach cooked_2.jpg
799BrownRiceEggyolkBeans.jpg,brown rice boiled,2021435,1.5691629955947137,125.18506720885576,16.0,/home/aojwang/data/MergeDataset/cropped_images/799BrownRiceEggyolkBeans/brown rice boiled_0.jpg
1098PlantainsFriedEggs.jpg,plantain,1668485,0.9141376757957069,110.16300775853544,0.65,/home/aojwang/data/MergeDataset/cropped_images/1098PlantainsFriedEggs/plantain_0.jpg
1098PlantainsFriedEggs.jpg,egg fry,1050699,1.217438105489774,127.52501493450234,5.0,/home/aojwang/data/MergeDataset/cropped_images/1098PlantainsFriedEggs/egg fry_1.jpg
355LettuceTomatoCarrots.jpg,carrot,1603301,1.5748265609514371,121.67530467870142,1.05,/home/aojwang/data/MergeDataset/cropped_images/355LettuceTomatoCarrots/carrot_0.jpg
355LettuceTomatoCarrots.jpg,tomato,1486734,1.2605893186003683,98.48858504614813,1.5,/home/aojwang/data/MergeDataset/cropped_images/355LettuceTomatoCarrots/tomato_1.jpg
355LettuceTomatoCarrots.jpg,lettuce,2935604,1.0756658595641646,180.9411250064155,1.8,/home/aojwang/data/MergeDataset/cropped_images/355LettuceTomatoCarrots/lettuce_2.jpg
1283BeefstewBrownRiceSpinach.JPG,spinach cooked,2001240,1.3357843137254901,80.2862445283924,4.38,/home/aojwang/data/MergeDataset/cropped_images/1283BeefstewBrownRiceSpinach/spinach cooked_0.jpg
1283BeefstewBrownRiceSpinach.JPG,brown rice boiled,2117716,0.8746786632390745,146.41308371849672,12.0,/home/aojwang/data/MergeDataset/cropped_images/1283BeefstewBrownRiceSpinach/brown rice boiled_1.jpg
1569BrownUgaliDrumstickSpinach.JPG,brown ugali,1262151,1.064279155188246,116.63844104231586,1.43,/home/aojwang/data/MergeDataset/cropped_images/1569BrownUgaliDrumstickSpinach/brown ugali_0.jpg
1569BrownUgaliDrumstickSpinach.JPG,spinach cooked,2615597,1.4079236977256053,94.82430741433026,2.91,/home/aojwang/data/MergeDataset/cropped_images/1569BrownUgaliDrumstickSpinach/spinach cooked_1.jpg
1569BrownUgaliDrumstickSpinach.JPG,chicken drumstick,3305420,1.710791366906475,91.93402663907563,52.39,/home/aojwang/data/MergeDataset/cropped_images/1569BrownUgaliDrumstickSpinach/chicken drumstick_2.jpg
3Beetroot.jpg,beetroot,683559,0.8969072164948454,82.18308100203006,29.0,/home/aojwang/data/MergeDataset/cropped_images/3Beetroot/beetroot_0.jpg
3Beetroot.jpg,beetroot,675584,1.0246305418719213,93.5559254412972,29.0,/home/aojwang/data/MergeDataset/cropped_images/3Beetroot/beetroot_1.jpg
3Raspberry.jpg,raspberry,2246160,1.256544502617801,133.76183827806864,10.0,/home/aojwang/data/MergeDataset/cropped_images/3Raspberry/raspberry_0.jpg
1674WholeFishKachumbarithirdCupChips.JPG,kachumbari,1736335,1.2158995815899583,106.23794774625864,0.92,/home/aojwang/data/MergeDataset/cropped_images/1674WholeFishKachumbarithirdCupChips/kachumbari_0.jpg
1674WholeFishKachumbarithirdCupChips.JPG,fish fry,4363188,2.7137223974763405,132.77190241019488,126.43,/home/aojwang/data/MergeDataset/cropped_images/1674WholeFishKachumbarithirdCupChips/fish fry_1.jpg
1674WholeFishKachumbarithirdCupChips.JPG,potato chips,1585857,1.3130118289353958,162.89892720465969,2.4,/home/aojwang/data/MergeDataset/cropped_images/1674WholeFishKachumbarithirdCupChips/potato chips_2.jpg
497PineappleRedCabbage.jpg,pineapple,1709898,1.8906414300736067,94.91239340982132,0.48017,/home/aojwang/data/MergeDataset/cropped_images/497PineappleRedCabbage/pineapple_0.jpg
497PineappleRedCabbage.jpg,red cabbage,3209004,1.6801736613603473,69.65176245755173,2.6,/home/aojwang/data/MergeDataset/cropped_images/497PineappleRedCabbage/red cabbage_1.jpg
1143MincedMeatBrownChapatihalfKales.JPG,sukumawiki,1036300,1.1151452282157677,89.2209032133552,1.0,/home/aojwang/data/MergeDataset/cropped_images/1143MincedMeatBrownChapatihalfKales/sukumawiki_0.jpg
1143MincedMeatBrownChapatihalfKales.JPG,mincemeat,1293870,1.2861415752741774,122.48740754480744,27.7,/home/aojwang/data/MergeDataset/cropped_images/1143MincedMeatBrownChapatihalfKales/mincemeat_1.jpg
1260MincedMeatGreenBeansCabbage.JPG,green cabbage cooked,1885079,1.2240128928283642,170.2996479192649,1.8,/home/aojwang/data/MergeDataset/cropped_images/1260MincedMeatGreenBeansCabbage/green cabbage cooked_0.jpg
1260MincedMeatGreenBeansCabbage.JPG,mincemeat,1735596,1.022256331542594,122.9557950122033,41.55,/home/aojwang/data/MergeDataset/cropped_images/1260MincedMeatGreenBeansCabbage/mincemeat_1.jpg
1198MincedMeatSpaghettiCabbage.JPG,green cabbage cooked,2532915,1.478227654698243,135.29327974553692,2.4,/home/aojwang/data/MergeDataset/cropped_images/1198MincedMeatSpaghettiCabbage/green cabbage cooked_0.jpg
1198MincedMeatSpaghettiCabbage.JPG,spaghetti,2823268,0.9666471620830895,160.04211124602176,13.2,/home/aojwang/data/MergeDataset/cropped_images/1198MincedMeatSpaghettiCabbage/spaghetti_1.jpg
761BrownRiceCowpeas.jpg,brown rice boiled,2574290,1.5960629921259843,140.30025521600132,24.0,/home/aojwang/data/MergeDataset/cropped_images/761BrownRiceCowpeas/brown rice boiled_0.jpg
761BrownRiceCowpeas.jpg,cowpeas,3010689,2.0942452043369473,87.88339269405331,19.0,/home/aojwang/data/MergeDataset/cropped_images/761BrownRiceCowpeas/cowpeas_1.jpg
41Pineapple.jpg,pineapple,4948528,1.3367983367983367,165.69977940914956,0.768275,/home/aojwang/data/MergeDataset/cropped_images/41Pineapple/pineapple_0.jpg
1258MincedMeatGreenBeansCabbage.JPG,green cabbage cooked,1561907,1.1789748045178106,168.30399078391565,1.2,/home/aojwang/data/MergeDataset/cropped_images/1258MincedMeatGreenBeansCabbage/green cabbage cooked_0.jpg
1258MincedMeatGreenBeansCabbage.JPG,mincemeat,1513866,1.1527050610820244,121.34324438226369,27.7,/home/aojwang/data/MergeDataset/cropped_images/1258MincedMeatGreenBeansCabbage/mincemeat_1.jpg
1686BeefSausageChips.JPG,potato chips,2536611,1.0850228907782864,144.0626669468305,7.2,/home/aojwang/data/MergeDataset/cropped_images/1686BeefSausageChips/potato chips_0.jpg
1686BeefSausageChips.JPG,sausage,1453284,0.8417047184170472,110.50442996688878,10.4,/home/aojwang/data/MergeDataset/cropped_images/1686BeefSausageChips/sausage_1.jpg
1172PlantainsChickendrumstick.jpg,plantain,2171904,2.0712890625,102.95837446467861,3.25,/home/aojwang/data/MergeDataset/cropped_images/1172PlantainsChickendrumstick/plantain_0.jpg
1172PlantainsChickendrumstick.jpg,plantain,444584,2.038543897216274,80.56440552666463,3.25,/home/aojwang/data/MergeDataset/cropped_images/1172PlantainsChickendrumstick/plantain_1.jpg
1172PlantainsChickendrumstick.jpg,plantain,595110,2.6046025104602513,79.9571715033075,3.25,/home/aojwang/data/MergeDataset/cropped_images/1172PlantainsChickendrumstick/plantain_2.jpg
1172PlantainsChickendrumstick.jpg,plantain,374120,1.6936170212765957,82.82444224669446,3.25,/home/aojwang/data/MergeDataset/cropped_images/1172PlantainsChickendrumstick/plantain_3.jpg
1172PlantainsChickendrumstick.jpg,plantain,288744,1.6061320754716981,79.90643499662907,3.25,/home/aojwang/data/MergeDataset/cropped_images/1172PlantainsChickendrumstick/plantain_4.jpg
1172PlantainsChickendrumstick.jpg,plantain,508028,2.1867219917012446,85.92268601993067,3.25,/home/aojwang/data/MergeDataset/cropped_images/1172PlantainsChickendrumstick/plantain_5.jpg
1172PlantainsChickendrumstick.jpg,plantain,661728,2.778688524590164,84.6056284958976,3.25,/home/aojwang/data/MergeDataset/cropped_images/1172PlantainsChickendrumstick/plantain_6.jpg
1340WhiteChapatiChickenWetfrySpinach.JPG,spinach cooked,1521720,1.3046296296296296,69.1070882510142,1.1,/home/aojwang/data/MergeDataset/cropped_images/1340WhiteChapatiChickenWetfrySpinach/spinach cooked_0.jpg
1340WhiteChapatiChickenWetfrySpinach.JPG,chicken wing,1300140,1.5032258064516129,101.90340399239057,28.06,/home/aojwang/data/MergeDataset/cropped_images/1340WhiteChapatiChickenWetfrySpinach/chicken wing_1.jpg
772BrownRice1cupCowpeas1cup.jpg,brown rice boiled,1850350,1.3991304347826088,146.40851532592933,13.6,/home/aojwang/data/MergeDataset/cropped_images/772BrownRice1cupCowpeas1cup/brown rice boiled_0.jpg
772BrownRice1cupCowpeas1cup.jpg,cowpeas,3148444,1.9582018927444795,93.05805703812212,20.9,/home/aojwang/data/MergeDataset/cropped_images/772BrownRice1cupCowpeas1cup/cowpeas_1.jpg
225Cucumber.jpg,cucumber,1368320,1.197380729653882,181.26151168342687,0.3,/home/aojwang/data/MergeDataset/cropped_images/225Cucumber/cucumber_0.jpg
274Carrotsgrated.jpg,carrot,3967500,1.575299306868305,141.29191228733458,3.15,/home/aojwang/data/MergeDataset/cropped_images/274Carrotsgrated/carrot_0.jpg
1162MincedMeatWhiteChapatihalfCabbage.JPG,mincemeat,1860096,0.9710982658959537,108.36346529068034,27.7,/home/aojwang/data/MergeDataset/cropped_images/1162MincedMeatWhiteChapatihalfCabbage/mincemeat_0.jpg
1162MincedMeatWhiteChapatihalfCabbage.JPG,green cabbage cooked,994779,1.0726895119418485,159.73637595217966,0.5,/home/aojwang/data/MergeDataset/cropped_images/1162MincedMeatWhiteChapatihalfCabbage/green cabbage cooked_1.jpg
2UgaliWFishSpinach.jpg,white ugali,518012,1.150521609538003,191.54984311817745,48.0,/home/aojwang/data/MergeDataset/cropped_images/2UgaliWFishSpinach/white ugali_0.jpg
2UgaliWFishSpinach.jpg,spinach cooked,867620,0.9819148936170212,93.71938290956871,2.0,/home/aojwang/data/MergeDataset/cropped_images/2UgaliWFishSpinach/spinach cooked_1.jpg
2UgaliWFishSpinach.jpg,fish fry,1254960,0.9294320137693631,123.53087907184293,0.0,/home/aojwang/data/MergeDataset/cropped_images/2UgaliWFishSpinach/fish fry_2.jpg
2Sageti.jpg,saget,1664712,1.3732970027247957,131.10132943916625,3.0,/home/aojwang/data/MergeDataset/cropped_images/2Sageti/saget_0.jpg
1ButternutBeans.jpg,butternut beans,1036257,1.5006016847172081,164.62277536685718,17.0,/home/aojwang/data/MergeDataset/cropped_images/1ButternutBeans/butternut beans_0.jpg
1168MincedMeatWhiteChapatiCabbage.JPG,green cabbage cooked,1563540,1.2180052956751986,167.88666935287873,2.4,/home/aojwang/data/MergeDataset/cropped_images/1168MincedMeatWhiteChapatiCabbage/green cabbage cooked_0.jpg
1168MincedMeatWhiteChapatiCabbage.JPG,mincemeat,2448306,1.2912127814088599,111.74537591842414,55.4,/home/aojwang/data/MergeDataset/cropped_images/1168MincedMeatWhiteChapatiCabbage/mincemeat_1.jpg
240Zucchini.jpg,zucchini,5557318,1.353899308983218,143.7233601412288,3.6,/home/aojwang/data/MergeDataset/cropped_images/240Zucchini/zucchini_0.jpg
368LettuceCarrotsGrapes.jpg,red grapes,741974,1.5229226361031518,82.5599693071006,0.590049,/home/aojwang/data/MergeDataset/cropped_images/368LettuceCarrotsGrapes/red grapes_0.jpg
368LettuceCarrotsGrapes.jpg,carrot,1272690,1.1033519553072626,115.1424436953749,0.35,/home/aojwang/data/MergeDataset/cropped_images/368LettuceCarrotsGrapes/carrot_1.jpg
368LettuceCarrotsGrapes.jpg,lettuce,1558125,1.231111111111111,164.11674138253778,0.6,/home/aojwang/data/MergeDataset/cropped_images/368LettuceCarrotsGrapes/lettuce_2.jpg
258Carrotsquotercupcut.jpg,carrot,918722,0.9989572471324296,120.6877016841511,0.35,/home/aojwang/data/MergeDataset/cropped_images/258Carrotsquotercupcut/carrot_0.jpg
1010Kales.jpg,sukumawiki,6472291,1.193215972520395,89.32958880660135,8.4,/home/aojwang/data/MergeDataset/cropped_images/1010Kales/sukumawiki_0.jpg
434MangoCarrots.jpg,mango,1110296,1.1849173553719008,113.34823656634507,1.64,/home/aojwang/data/MergeDataset/cropped_images/434MangoCarrots/mango_0.jpg
434MangoCarrots.jpg,carrot,3758430,1.1677814938684503,106.4179862336135,1.4,/home/aojwang/data/MergeDataset/cropped_images/434MangoCarrots/carrot_1.jpg
434MangoCarrots.jpg,mango,1344492,1.8874407582938388,113.29244626718989,1.64,/home/aojwang/data/MergeDataset/cropped_images/434MangoCarrots/mango_2.jpg
503PineappleCarrotsRedCabbage.jpg,pineapple,801447,1.0861466821885915,139.73882781186197,0.2400861,/home/aojwang/data/MergeDataset/cropped_images/503PineappleCarrotsRedCabbage/pineapple_0.jpg
503PineappleCarrotsRedCabbage.jpg,red cabbage,2138520,1.3577689243027888,80.86727534307215,0.65,/home/aojwang/data/MergeDataset/cropped_images/503PineappleCarrotsRedCabbage/red cabbage_1.jpg
503PineappleCarrotsRedCabbage.jpg,carrot,2642804,1.2978276103714086,114.72410931722519,1.4,/home/aojwang/data/MergeDataset/cropped_images/503PineappleCarrotsRedCabbage/carrot_2.jpg
19Pawpaw.jpg,pawpaw,4864194,2.1821835231078364,135.52990437196104,0.51798,/home/aojwang/data/MergeDataset/cropped_images/19Pawpaw/pawpaw_0.jpg
696WhiteRicePigeonpea.jpg,white rice boiled,2836790,1.4598278335724533,152.9814395848829,4.8,/home/aojwang/data/MergeDataset/cropped_images/696WhiteRicePigeonpea/white rice boiled_0.jpg
696WhiteRicePigeonpea.jpg,mbaazi,1548467,1.4511132623426912,108.20485895620206,2.85,/home/aojwang/data/MergeDataset/cropped_images/696WhiteRicePigeonpea/mbaazi_1.jpg
1Sageti.jpg,saget,1152577,1.2224510813594234,137.3839769490455,2.0,/home/aojwang/data/MergeDataset/cropped_images/1Sageti/saget_0.jpg
3Terere.jpg,terere,3072420,1.3280736357659435,123.87497238875761,4.0,/home/aojwang/data/MergeDataset/cropped_images/3Terere/terere_0.jpg
1163ChickendrumstickWhiterice.jpg,chicken drumstick,3499534,1.7702702702702702,104.73247076134518,59.89,/home/aojwang/data/MergeDataset/cropped_images/1163ChickendrumstickWhiterice/chicken drumstick_0.jpg
2GreenGrape.jpg,green grapes,1451436,1.3523166023166022,152.69651365957577,36.0,/home/aojwang/data/MergeDataset/cropped_images/2GreenGrape/green grapes_0.jpg
313CabbageCucumber.jpg,cucumber,2532274,0.9256348246674728,136.26568859978553,1.5,/home/aojwang/data/MergeDataset/cropped_images/313CabbageCucumber/cucumber_0.jpg
313CabbageCucumber.jpg,green cabbage,2888228,1.010053222945003,187.8228892132708,2.75,/home/aojwang/data/MergeDataset/cropped_images/313CabbageCucumber/green cabbage_1.jpg
2Pawpaw.jpg,pawpaw,1825796,2.9403553299492384,160.99523751101802,15.0,/home/aojwang/data/MergeDataset/cropped_images/2Pawpaw/pawpaw_0.jpg
3ChickenMakhni.jpg,chicken makhni,1265758,1.0575868372943327,154.52477435128463,58.0,/home/aojwang/data/MergeDataset/cropped_images/3ChickenMakhni/chicken makhni_0.jpg
763BrownRicequotercupCowpeasquotercup.jpg,brown rice boiled,750964,1.2093908629441625,129.39843765258166,3.2,/home/aojwang/data/MergeDataset/cropped_images/763BrownRicequotercupCowpeasquotercup/brown rice boiled_0.jpg
763BrownRicequotercupCowpeasquotercup.jpg,cowpeas,1352858,2.151324085750315,98.16844487743725,4.75,/home/aojwang/data/MergeDataset/cropped_images/763BrownRicequotercupCowpeasquotercup/cowpeas_1.jpg
1243MincedMeatButterBeansSpinach.JPG,mincemeat,2757456,1.398860398860399,105.6212808714506,83.1,/home/aojwang/data/MergeDataset/cropped_images/1243MincedMeatButterBeansSpinach/mincemeat_0.jpg
992Spinach(2).jpg,spinach cooked,4248800,1.202127659574468,96.58915419255634,3.29,/home/aojwang/data/MergeDataset/cropped_images/992Spinach(2)/spinach cooked_0.jpg
1719GitheriWhiteChapatihalf.JPG,githeri,1131872,0.8694127957931639,108.16747476746487,6.7,/home/aojwang/data/MergeDataset/cropped_images/1719GitheriWhiteChapatihalf/githeri_0.jpg
1719GitheriWhiteChapatihalf.JPG,white chapati,3720802,0.7960222016651248,147.82977818581406,6.16,/home/aojwang/data/MergeDataset/cropped_images/1719GitheriWhiteChapatihalf/white chapati_1.jpg
819WhiteChapati3EggyolkBeans.jpg,white chapati,3917010,0.7998192498870311,141.94996123744048,33.54,/home/aojwang/data/MergeDataset/cropped_images/819WhiteChapati3EggyolkBeans/white chapati_0.jpg
1245MincedMeatRoscocoBeansCabbage.JPG,green cabbage cooked,1114773,1.3373493975903614,143.8781321399065,0.5,/home/aojwang/data/MergeDataset/cropped_images/1245MincedMeatRoscocoBeansCabbage/green cabbage cooked_0.jpg
1245MincedMeatRoscocoBeansCabbage.JPG,mincemeat,1383910,1.1563071297989032,107.84139792327535,27.7,/home/aojwang/data/MergeDataset/cropped_images/1245MincedMeatRoscocoBeansCabbage/mincemeat_1.jpg
1245MincedMeatRoscocoBeansCabbage.JPG,rosecoco,1112991,1.2152560083594566,96.12831999539978,4.335,/home/aojwang/data/MergeDataset/cropped_images/1245MincedMeatRoscocoBeansCabbage/rosecoco_2.jpg
931Plantain.jpg,plantain,7871500,1.3418662262592898,128.58332397467657,3.9,/home/aojwang/data/MergeDataset/cropped_images/931Plantain/plantain_0.jpg
463GrapesLettuce.jpg,lettuce,4416463,1.7713742875237493,179.29990273513744,1.8,/home/aojwang/data/MergeDataset/cropped_images/463GrapesLettuce/lettuce_0.jpg
463GrapesLettuce.jpg,red grapes,2353608,1.7371134020618557,88.82731916274928,1.770147,/home/aojwang/data/MergeDataset/cropped_images/463GrapesLettuce/red grapes_1.jpg
673BrownChapati.jpg,brown chapati,7032480,1.3842058562555457,138.8289867870225,14.6,/home/aojwang/data/MergeDataset/cropped_images/673BrownChapati/brown chapati_0.jpg
591ButterBeans.jpg,butternut beans,4204317,1.6239900559353635,122.78079689677698,9.24,/home/aojwang/data/MergeDataset/cropped_images/591ButterBeans/butternut beans_0.jpg
1139FriedEggs.jpg,egg fry,8369112,1.2690809968847352,152.73088877290684,21.7,/home/aojwang/data/MergeDataset/cropped_images/1139FriedEggs/egg fry_0.jpg
1440Githeri.JPG,githeri,2469809,1.141400407885792,94.8424126454043,6.7,/home/aojwang/data/MergeDataset/cropped_images/1440Githeri/githeri_0.jpg
731WhiteRice1cupRoscocoBeanshalfcup.jpg,white rice boiled,1548855,1.161038961038961,166.75805783412048,4.8,/home/aojwang/data/MergeDataset/cropped_images/731WhiteRice1cupRoscocoBeanshalfcup/white rice boiled_0.jpg
731WhiteRice1cupRoscocoBeanshalfcup.jpg,rosecoco,2806782,1.393939393939394,105.77418956418181,10.404,/home/aojwang/data/MergeDataset/cropped_images/731WhiteRice1cupRoscocoBeanshalfcup/rosecoco_1.jpg
542Lentilsquotercup.jpg,kamande,1911294,1.368020304568528,159.22002423489008,5.885,/home/aojwang/data/MergeDataset/cropped_images/542Lentilsquotercup/kamande_0.jpg
1076BeefChops.jpg,beef roast,2856786,2.1303972366148534,82.21450655853583,54.17,/home/aojwang/data/MergeDataset/cropped_images/1076BeefChops/beef roast_0.jpg
1Peanut.jpg,peanut,1028125,1.3428571428571427,161.11488583586626,8.0,/home/aojwang/data/MergeDataset/cropped_images/1Peanut/peanut_0.jpg
806BrownRicethirdcupEggyolkBeansquotercup.jpg,brown rice boiled,1264509,1.3139653414882773,112.30848442623447,6.4,/home/aojwang/data/MergeDataset/cropped_images/806BrownRicethirdcupEggyolkBeansquotercup/brown rice boiled_0.jpg
3Apple.jpg,apple,1259895,1.7644970414201184,133.50138014146683,27.0,/home/aojwang/data/MergeDataset/cropped_images/3Apple/apple_0.jpg
1RedGreenYellowCapsicum.jpg,red green yellow bell pepper,2484977,1.4027047332832456,167.50319499939033,5.0,/home/aojwang/data/MergeDataset/cropped_images/1RedGreenYellowCapsicum/red green yellow bell pepper_0.jpg
1RiceWBroccoliCarrot.jpg,carrot,1015666,1.0772399588053554,160.84527295390413,7.0,/home/aojwang/data/MergeDataset/cropped_images/1RiceWBroccoliCarrot/carrot_0.jpg
1RiceWBroccoliCarrot.jpg,broccoli,1107720,0.9392265193370166,143.09958864454313,4.0,/home/aojwang/data/MergeDataset/cropped_images/1RiceWBroccoliCarrot/broccoli_1.jpg
1RiceWBroccoliCarrot.jpg,white rice boiled,1271900,1.9627329192546583,193.19924705820688,42.0,/home/aojwang/data/MergeDataset/cropped_images/1RiceWBroccoliCarrot/white rice boiled_2.jpg
326TomatoOnions.jpg,tomato,1692312,0.9742033383915023,111.90609217843203,1.0,/home/aojwang/data/MergeDataset/cropped_images/326TomatoOnions/tomato_0.jpg
326TomatoOnions.jpg,onions,2345720,1.217579250720461,151.34070562556485,1.5,/home/aojwang/data/MergeDataset/cropped_images/326TomatoOnions/onions_1.jpg
912SweetPotatoroundcut.jpg,sweet potato,3297136,1.222898903775883,127.70431883913797,5.11,/home/aojwang/data/MergeDataset/cropped_images/912SweetPotatoroundcut/sweet potato_0.jpg
558Pigeonpeathirdcup.jpg,mbaazi,2821500,1.254,145.50462720775002,4.275,/home/aojwang/data/MergeDataset/cropped_images/558Pigeonpeathirdcup/mbaazi_0.jpg
95Watermelon.jpg,water melon,4787496,1.7457729468599035,132.167878364807,0.96,/home/aojwang/data/MergeDataset/cropped_images/95Watermelon/water melon_0.jpg
2Chia.jpg,chia seeds,1528275,1.4546341463414634,127.49957588348519,42.0,/home/aojwang/data/MergeDataset/cropped_images/2Chia/chia seeds_0.jpg
726WhiteRicethirdcupRoscocoBeanshalfcup.jpg,white rice boiled,910107,1.0063091482649842,173.6560485012568,1.92,/home/aojwang/data/MergeDataset/cropped_images/726WhiteRicethirdcupRoscocoBeanshalfcup/white rice boiled_0.jpg
726WhiteRicethirdcupRoscocoBeanshalfcup.jpg,rosecoco,2780118,1.7679425837320575,107.56575668131113,10.404,/home/aojwang/data/MergeDataset/cropped_images/726WhiteRicethirdcupRoscocoBeanshalfcup/rosecoco_1.jpg
1126MincedMeatBrownRiceKales.JPG,brown rice boiled,1641146,1.5559883154819865,137.81945603864617,12.0,/home/aojwang/data/MergeDataset/cropped_images/1126MincedMeatBrownRiceKales/brown rice boiled_0.jpg
1126MincedMeatBrownRiceKales.JPG,sukumawiki,1779540,0.9940209267563528,70.5144374388887,2.0,/home/aojwang/data/MergeDataset/cropped_images/1126MincedMeatBrownRiceKales/sukumawiki_1.jpg
1126MincedMeatBrownRiceKales.JPG,mincemeat,2240960,0.9906914893617021,102.8423290316055,41.55,/home/aojwang/data/MergeDataset/cropped_images/1126MincedMeatBrownRiceKales/mincemeat_2.jpg
1TadhikadalNan.jpg,naan,937910,1.86056338028169,201.6527125914711,13.0,/home/aojwang/data/MergeDataset/cropped_images/1TadhikadalNan/naan_0.jpg
1TadhikadalNan.jpg,tadhikaldal,814275,1.1963636363636363,154.22397920440474,34.0,/home/aojwang/data/MergeDataset/cropped_images/1TadhikadalNan/tadhikaldal_1.jpg
827WhiteChapatiquoterEggyolkBeans.jpg,white chapati,2388732,1.131452167928424,159.45744339116598,3.12,/home/aojwang/data/MergeDataset/cropped_images/827WhiteChapatiquoterEggyolkBeans/white chapati_0.jpg
1UgaliWLambVeg.jpg,white ugali,634032,1.2436974789915967,175.78081653081654,48.0,/home/aojwang/data/MergeDataset/cropped_images/1UgaliWLambVeg/white ugali_0.jpg
1UgaliWLambVeg.jpg,spinach cooked,814125,1.1676646706586826,94.6134573929065,2.0,/home/aojwang/data/MergeDataset/cropped_images/1UgaliWLambVeg/spinach cooked_1.jpg
1UgaliWLambVeg.jpg,lamb stew,1337973,1.0459770114942528,112.34861341247793,3.0,/home/aojwang/data/MergeDataset/cropped_images/1UgaliWLambVeg/lamb stew_2.jpg
239Zucchini.jpg,zucchini,5395740,1.3093596059113302,148.6540670973768,3.15,/home/aojwang/data/MergeDataset/cropped_images/239Zucchini/zucchini_0.jpg
3Mozzarella.jpg,mozzarella,678564,1.2663934426229508,205.31124060024797,5.0,/home/aojwang/data/MergeDataset/cropped_images/3Mozzarella/mozzarella_0.jpg
403BananaCarrots.jpg,carrot,2556000,1.2326388888888888,103.79111476264997,1.05,/home/aojwang/data/MergeDataset/cropped_images/403BananaCarrots/carrot_0.jpg
1155BoiledEggs.jpg,boiled egg,739732,1.1219211822660098,117.63428286640747,5.08,/home/aojwang/data/MergeDataset/cropped_images/1155BoiledEggs/boiled egg_0.jpg
1607BrownUgalihalfCupCabbage.JPG,brown ugali,1038360,0.9980392156862745,102.67503306496141,1.07,/home/aojwang/data/MergeDataset/cropped_images/1607BrownUgalihalfCupCabbage/brown ugali_0.jpg
1607BrownUgalihalfCupCabbage.JPG,green cabbage cooked,2880815,1.1944623309723117,160.03263277926558,2.4,/home/aojwang/data/MergeDataset/cropped_images/1607BrownUgalihalfCupCabbage/green cabbage cooked_1.jpg
3Sesame.jpg,sesame seeds,2453900,1.3977358490566039,196.54400111387315,5.0,/home/aojwang/data/MergeDataset/cropped_images/3Sesame/sesame seeds_0.jpg
1333ChickenWetfryBrownRiceCabbage.JPG,green cabbage cooked,1805562,1.522497704315886,169.6097898235194,1.2,/home/aojwang/data/MergeDataset/cropped_images/1333ChickenWetfryBrownRiceCabbage/green cabbage cooked_0.jpg
830WhiteChapatiquoterButterBeans.jpg,butternut beans,1223040,1.3270833333333334,113.61370301325658,2.31,/home/aojwang/data/MergeDataset/cropped_images/830WhiteChapatiquoterButterBeans/butternut beans_0.jpg
830WhiteChapatiquoterButterBeans.jpg,white chapati,2221427,1.1480948957584471,137.1699515671683,3.12,/home/aojwang/data/MergeDataset/cropped_images/830WhiteChapatiquoterButterBeans/white chapati_1.jpg
43Pineapple.jpg,pineapple,5986860,1.328308996702779,147.08054717609343,1.920689,/home/aojwang/data/MergeDataset/cropped_images/43Pineapple/pineapple_0.jpg
713WhiteRiceRoscocoBeans.jpg,white rice boiled,1269568,1.389121338912134,173.5526635832031,1.2,/home/aojwang/data/MergeDataset/cropped_images/713WhiteRiceRoscocoBeans/white rice boiled_0.jpg
713WhiteRiceRoscocoBeans.jpg,rosecoco,2036450,1.4024896265560165,122.05569905145391,4.335,/home/aojwang/data/MergeDataset/cropped_images/713WhiteRiceRoscocoBeans/rosecoco_1.jpg
1695BeefSausageChipsKachumbarithirdCup.jpg,kachumbari,515520,0.9944444444444445,76.48931176288019,0.92,/home/aojwang/data/MergeDataset/cropped_images/1695BeefSausageChipsKachumbarithirdCup/kachumbari_0.jpg
1695BeefSausageChipsKachumbarithirdCup.jpg,potato chips,983840,1.0993657505285412,124.59857022822139,7.2,/home/aojwang/data/MergeDataset/cropped_images/1695BeefSausageChipsKachumbarithirdCup/potato chips_1.jpg
1EggFried.jpg,egg fry,985704,1.5248756218905473,202.15213187731814,1.0,/home/aojwang/data/MergeDataset/cropped_images/1EggFried/egg fry_0.jpg
1152Boiledcorn.jpg,boiled yellow maize,5868219,1.2542764678687008,160.08693353128095,11.53,/home/aojwang/data/MergeDataset/cropped_images/1152Boiledcorn/boiled yellow maize_0.jpg
1105ScrambledEggs.jpg,scrambled eggs,3290717,1.3929733246584255,122.19659656745526,16.3,/home/aojwang/data/MergeDataset/cropped_images/1105ScrambledEggs/scrambled eggs_0.jpg
223Cucumber1cup(2).jpg,cucumber,3645096,1.3085680047932895,188.70841060610383,0.96,/home/aojwang/data/MergeDataset/cropped_images/223Cucumber1cup(2)/cucumber_0.jpg
800BrownRiceEggyolkBeans.jpg,brown rice boiled,2488329,1.3473142016188373,132.7044586949716,24.0,/home/aojwang/data/MergeDataset/cropped_images/800BrownRiceEggyolkBeans/brown rice boiled_0.jpg
1Kiwi.jpg,kiwi,367324,1.3377862595419847,137.79721898560035,6.0,/home/aojwang/data/MergeDataset/cropped_images/1Kiwi/kiwi_0.jpg
1318BeefstewPastaSpinach.JPG,spinach cooked,2591341,1.3164647184604419,71.47510150150057,3.29,/home/aojwang/data/MergeDataset/cropped_images/1318BeefstewPastaSpinach/spinach cooked_0.jpg
2RiceBLiverVeg.jpg,terere,386260,0.9951845906902087,87.70013980220577,1.0,/home/aojwang/data/MergeDataset/cropped_images/2RiceBLiverVeg/terere_0.jpg
2RiceBLiverVeg.jpg,brown rice boiled,1828498,1.839518555667001,188.31837169086322,74.0,/home/aojwang/data/MergeDataset/cropped_images/2RiceBLiverVeg/brown rice boiled_1.jpg
719WhiteRiceRoscocoBeans.jpg,white rice boiled,2453760,1.1833333333333333,182.1943422882977,7.2,/home/aojwang/data/MergeDataset/cropped_images/719WhiteRiceRoscocoBeans/white rice boiled_0.jpg
719WhiteRiceRoscocoBeans.jpg,rosecoco,1863057,1.477292965271594,112.29326424258625,4.335,/home/aojwang/data/MergeDataset/cropped_images/719WhiteRiceRoscocoBeans/rosecoco_1.jpg
841WhiteChapatiquoterMonkeynutBeans.jpg,white chapati,2110725,1.0307477288609364,150.14855369600494,3.12,/home/aojwang/data/MergeDataset/cropped_images/841WhiteChapatiquoterMonkeynutBeans/white chapati_0.jpg
841WhiteChapatiquoterMonkeynutBeans.jpg,monkeynut beans,1205874,1.2607361963190185,91.57051289493485,3.9,/home/aojwang/data/MergeDataset/cropped_images/841WhiteChapatiquoterMonkeynutBeans/monkeynut beans_1.jpg
1Thabai.jpg,thabai,1365387,1.4130213631739572,109.87539161668694,10.0,/home/aojwang/data/MergeDataset/cropped_images/1Thabai/thabai_0.jpg
804BrownRicequotercupEggyolkBeansquotercup.jpg,brown rice boiled,992553,1.2615558060879368,107.28815153111891,4.0,/home/aojwang/data/MergeDataset/cropped_images/804BrownRicequotercupEggyolkBeansquotercup/brown rice boiled_0.jpg
28Pawpaw.jpg,pawpaw,5812380,1.487101669195751,95.84770145792257,1.177245,/home/aojwang/data/MergeDataset/cropped_images/28Pawpaw/pawpaw_0.jpg
1555NjahiWhiteRiceSpinach.JPG,black beans,2643888,1.4768310911808669,118.00902710956994,19.0,/home/aojwang/data/MergeDataset/cropped_images/1555NjahiWhiteRiceSpinach/black beans_0.jpg
1555NjahiWhiteRiceSpinach.JPG,spinach cooked,2724750,1.123956326268465,93.80240376792977,3.29,/home/aojwang/data/MergeDataset/cropped_images/1555NjahiWhiteRiceSpinach/spinach cooked_1.jpg
1555NjahiWhiteRiceSpinach.JPG,white rice boiled,4290660,0.9137055837563451,161.15610434447535,6.0,/home/aojwang/data/MergeDataset/cropped_images/1555NjahiWhiteRiceSpinach/white rice boiled_2.jpg
395BananaCabbage.jpg,green cabbage,5133810,1.3016112789526686,163.7999300064994,2.75,/home/aojwang/data/MergeDataset/cropped_images/395BananaCabbage/green cabbage_0.jpg
1465MokimoChickenthighCabbage.JPG,green cabbage cooked,2065518,1.2989690721649485,120.4056572411053,1.65,/home/aojwang/data/MergeDataset/cropped_images/1465MokimoChickenthighCabbage/green cabbage cooked_0.jpg
1465MokimoChickenthighCabbage.JPG,mukimo,1170795,1.5222348916761688,117.97686244531849,10.0,/home/aojwang/data/MergeDataset/cropped_images/1465MokimoChickenthighCabbage/mukimo_1.jpg
1465MokimoChickenthighCabbage.JPG,chicken thigh,898782,0.9396728016359919,99.27054020515172,49.44,/home/aojwang/data/MergeDataset/cropped_images/1465MokimoChickenthighCabbage/chicken thigh_2.jpg
1465MokimoChickenthighCabbage.JPG,chicken thigh,1052627,1.013738959764475,103.70610450488793,49.44,/home/aojwang/data/MergeDataset/cropped_images/1465MokimoChickenthighCabbage/chicken thigh_3.jpg
1465MokimoChickenthighCabbage.JPG,chicken thigh,1094866,1.4202733485193622,95.92462608818492,49.44,/home/aojwang/data/MergeDataset/cropped_images/1465MokimoChickenthighCabbage/chicken thigh_4.jpg
49Apple.jpg,apple,1510088,1.1784452296819787,130.90025835138968,0.15,/home/aojwang/data/MergeDataset/cropped_images/49Apple/apple_0.jpg
1336ChickenWetfryBrownRiceCabbage.JPG,chicken wing,3760960,1.3341274568195354,107.46791430911257,119.96,/home/aojwang/data/MergeDataset/cropped_images/1336ChickenWetfryBrownRiceCabbage/chicken wing_0.jpg
1336ChickenWetfryBrownRiceCabbage.JPG,green cabbage cooked,1926333,1.5662759242560866,170.33464982430348,1.8,/home/aojwang/data/MergeDataset/cropped_images/1336ChickenWetfryBrownRiceCabbage/green cabbage cooked_1.jpg
1563BrownUgaliDrumstickSpinach.JPG,brown ugali,1508592,1.0725126475548061,97.71114832019967,1.43,/home/aojwang/data/MergeDataset/cropped_images/1563BrownUgaliDrumstickSpinach/brown ugali_0.jpg
1563BrownUgaliDrumstickSpinach.JPG,chicken drumstick,2677492,1.172733289212442,83.92524123321377,25.08,/home/aojwang/data/MergeDataset/cropped_images/1563BrownUgaliDrumstickSpinach/chicken drumstick_1.jpg
1563BrownUgaliDrumstickSpinach.JPG,spinach cooked,2352768,1.1867897727272727,80.81684141119453,1.1,/home/aojwang/data/MergeDataset/cropped_images/1563BrownUgaliDrumstickSpinach/spinach cooked_2.jpg
1729GitheriWhiteChapati.JPG,githeri,2661976,0.9342417061611374,100.86032380958105,20.1,/home/aojwang/data/MergeDataset/cropped_images/1729GitheriWhiteChapati/githeri_0.jpg
1729GitheriWhiteChapati.JPG,white chapati,2798216,1.5106539309331375,150.40722136294457,12.75,/home/aojwang/data/MergeDataset/cropped_images/1729GitheriWhiteChapati/white chapati_1.jpg
2PotatoChicken.jpg,chicken,985087,1.8037889039242219,137.4801460852358,0.0,/home/aojwang/data/MergeDataset/cropped_images/2PotatoChicken/chicken_0.jpg
2PotatoChicken.jpg,potato chips,811152,1.3540051679586564,165.1624685221348,8.0,/home/aojwang/data/MergeDataset/cropped_images/2PotatoChicken/potato chips_1.jpg
2Macadamia.jpg,macadamia,1410070,1.329126213592233,160.4552847258174,2.0,/home/aojwang/data/MergeDataset/cropped_images/2Macadamia/macadamia_0.jpg
1765BrownChapatiquoterWhiteRiceSpinach.JPG,brown chapati,2374050,1.098639455782313,121.56297536558483,6.94,/home/aojwang/data/MergeDataset/cropped_images/1765BrownChapatiquoterWhiteRiceSpinach/brown chapati_0.jpg
1765BrownChapatiquoterWhiteRiceSpinach.JPG,white rice boiled,1218105,1.364021164021164,191.18224427833945,1.2,/home/aojwang/data/MergeDataset/cropped_images/1765BrownChapatiquoterWhiteRiceSpinach/white rice boiled_1.jpg
1765BrownChapatiquoterWhiteRiceSpinach.JPG,spinach cooked,1628095,1.0142067876874508,62.58287753478759,1.1,/home/aojwang/data/MergeDataset/cropped_images/1765BrownChapatiquoterWhiteRiceSpinach/spinach cooked_2.jpg
1CabbagesproutTomato.jpg,cabbage sprout tomato,2327588,1.339908952959029,155.48493161160823,12.0,/home/aojwang/data/MergeDataset/cropped_images/1CabbagesproutTomato/cabbage sprout tomato_0.jpg
1165ChickendrumstickWhiterice.jpg,white rice boiled,2544552,1.2690677966101696,165.22832021773053,7.2,/home/aojwang/data/MergeDataset/cropped_images/1165ChickendrumstickWhiterice/white rice boiled_0.jpg
1142MincedMeatBrownChapatihalfKales.JPG,sukumawiki,1156682,1.1613226452905812,88.96836526086398,1.0,/home/aojwang/data/MergeDataset/cropped_images/1142MincedMeatBrownChapatihalfKales/sukumawiki_0.jpg
1142MincedMeatBrownChapatihalfKales.JPG,mincemeat,890947,1.142695356738392,121.26380244840603,13.85,/home/aojwang/data/MergeDataset/cropped_images/1142MincedMeatBrownChapatihalfKales/mincemeat_1.jpg
884WhiteChapatiquoterGreengrams.jpg,white chapati,2055561,1.557006092254134,133.38134569265196,3.12,/home/aojwang/data/MergeDataset/cropped_images/884WhiteChapatiquoterGreengrams/white chapati_0.jpg
332OnionsCucumber.jpg,cucumber,1955340,1.1971830985915493,135.8647982789012,0.9,/home/aojwang/data/MergeDataset/cropped_images/332OnionsCucumber/cucumber_0.jpg
332OnionsCucumber.jpg,onions,2277990,1.032996632996633,153.5881500796755,2.25,/home/aojwang/data/MergeDataset/cropped_images/332OnionsCucumber/onions_1.jpg
359ZucchiniTomatoOnions.jpg,onions,1342959,1.3510531594784354,136.27629560296828,0.75,/home/aojwang/data/MergeDataset/cropped_images/359ZucchiniTomatoOnions/onions_0.jpg
359ZucchiniTomatoOnions.jpg,zucchini,724908,1.2163212435233162,134.59643568563183,0.45,/home/aojwang/data/MergeDataset/cropped_images/359ZucchiniTomatoOnions/zucchini_1.jpg
359ZucchiniTomatoOnions.jpg,tomato,885477,1.0042598509052183,98.15541868017652,0.5,/home/aojwang/data/MergeDataset/cropped_images/359ZucchiniTomatoOnions/tomato_2.jpg
3UgaliWOmenaVegies.jpg,sukumawiki,981666,1.7830188679245282,103.1948833241992,4.0,/home/aojwang/data/MergeDataset/cropped_images/3UgaliWOmenaVegies/sukumawiki_0.jpg
3UgaliWOmenaVegies.jpg,white ugali,811980,0.7492795389048992,192.65051232788986,131.0,/home/aojwang/data/MergeDataset/cropped_images/3UgaliWOmenaVegies/white ugali_1.jpg
3UgaliWOmenaVegies.jpg,white ugali,264888,1.2094017094017093,203.11704569478422,131.0,/home/aojwang/data/MergeDataset/cropped_images/3UgaliWOmenaVegies/white ugali_2.jpg
3UgaliWOmenaVegies.jpg,omena,1199286,1.510662177328844,125.855572954797,0.0,/home/aojwang/data/MergeDataset/cropped_images/3UgaliWOmenaVegies/omena_3.jpg
1000Spinachquotercup.jpg,spinach cooked,1585664,1.0723684210526316,110.24016878733451,0.66,/home/aojwang/data/MergeDataset/cropped_images/1000Spinachquotercup/spinach cooked_0.jpg
1727GitheriWhiteChapatihalf.JPG,githeri,2520680,0.9371951219512196,83.50646849262897,16.75,/home/aojwang/data/MergeDataset/cropped_images/1727GitheriWhiteChapatihalf/githeri_0.jpg
1727GitheriWhiteChapatihalf.JPG,white chapati,2431008,0.8864734299516909,105.9580377083635,6.16,/home/aojwang/data/MergeDataset/cropped_images/1727GitheriWhiteChapatihalf/white chapati_1.jpg
261Carrots.jpg,carrot,3710886,1.3054567022538552,129.61959578745706,1.75,/home/aojwang/data/MergeDataset/cropped_images/261Carrots/carrot_0.jpg
1562BrownUgaliDrumstickSpinach.JPG,brown ugali,2192205,1.046993780234969,119.8235294296534,2.9,/home/aojwang/data/MergeDataset/cropped_images/1562BrownUgaliDrumstickSpinach/brown ugali_0.jpg
1562BrownUgaliDrumstickSpinach.JPG,chicken drumstick,2588300,1.5315384615384615,78.42056832670092,25.08,/home/aojwang/data/MergeDataset/cropped_images/1562BrownUgaliDrumstickSpinach/chicken drumstick_1.jpg
1562BrownUgaliDrumstickSpinach.JPG,spinach cooked,2333800,1.1907142857142856,82.82312151855344,1.1,/home/aojwang/data/MergeDataset/cropped_images/1562BrownUgaliDrumstickSpinach/spinach cooked_2.jpg
1119Chickenwings.jpg,chicken wing,6586515,1.5151079136690648,115.77589605428668,113.88,/home/aojwang/data/MergeDataset/cropped_images/1119Chickenwings/chicken wing_0.jpg
1132MincedMeatBrownRiceKales.JPG,brown rice boiled,1801839,1.8646998982706002,145.30757298515573,24.0,/home/aojwang/data/MergeDataset/cropped_images/1132MincedMeatBrownRiceKales/brown rice boiled_0.jpg
1132MincedMeatBrownRiceKales.JPG,mincemeat,3296767,0.9643050297458086,95.25465938802064,110.8,/home/aojwang/data/MergeDataset/cropped_images/1132MincedMeatBrownRiceKales/mincemeat_1.jpg
1132MincedMeatBrownRiceKales.JPG,sukumawiki,2708432,0.8904816513761468,77.03490888208873,5.0,/home/aojwang/data/MergeDataset/cropped_images/1132MincedMeatBrownRiceKales/sukumawiki_2.jpg
340LettuceOnions.jpg,onions,1375353,0.9598997493734336,123.94983736296548,0.75,/home/aojwang/data/MergeDataset/cropped_images/340LettuceOnions/onions_0.jpg
340LettuceOnions.jpg,lettuce,2661736,1.0092364532019704,160.1305195807047,0.6,/home/aojwang/data/MergeDataset/cropped_images/340LettuceOnions/lettuce_1.jpg
1548NjahiWhiteRice.JPG,black beans,4328608,1.423165137614679,107.41620755063367,28.5,/home/aojwang/data/MergeDataset/cropped_images/1548NjahiWhiteRice/black beans_0.jpg
1548NjahiWhiteRice.JPG,white rice boiled,6070506,1.3844317096466094,150.36498621366982,7.2,/home/aojwang/data/MergeDataset/cropped_images/1548NjahiWhiteRice/white rice boiled_1.jpg
1JuiceOrange.jpg,orange juice,372051,0.9773095623987034,163.85877473787195,31.0,/home/aojwang/data/MergeDataset/cropped_images/1JuiceOrange/orange juice_0.jpg
195AvocadoPawpaw.jpg,pawpaw,2103720,1.0581560283687943,118.69069331153068,0.706347,/home/aojwang/data/MergeDataset/cropped_images/195AvocadoPawpaw/pawpaw_0.jpg
195AvocadoPawpaw.jpg,avocado,2611740,1.0462025316455696,141.2783314316637,2.4,/home/aojwang/data/MergeDataset/cropped_images/195AvocadoPawpaw/avocado_1.jpg
2UgaliWMatumboPumpkin.jpg,pumpkin leaves,653718,1.9567474048442905,100.07952001729593,7.0,/home/aojwang/data/MergeDataset/cropped_images/2UgaliWMatumboPumpkin/pumpkin leaves_0.jpg
2UgaliWMatumboPumpkin.jpg,white ugali,1033875,0.8168888888888889,165.764870027808,90.0,/home/aojwang/data/MergeDataset/cropped_images/2UgaliWMatumboPumpkin/white ugali_1.jpg
2UgaliWMatumboPumpkin.jpg,matumbo fry,985660,1.2387892376681615,108.96333759443756,4.0,/home/aojwang/data/MergeDataset/cropped_images/2UgaliWMatumboPumpkin/matumbo fry_2.jpg
1300BeefSamosa.JPG,samosa,4301805,1.51513353115727,139.95400705827748,25.192,/home/aojwang/data/MergeDataset/cropped_images/1300BeefSamosa/samosa_0.jpg
118Pineapplequotercup.jpg,pineapple,1106280,1.4350797266514805,152.70815345120585,0.3361206,/home/aojwang/data/MergeDataset/cropped_images/118Pineapplequotercup/pineapple_0.jpg
1094WhiteChapatiFriedEggs.jpg,egg fry,1206678,1.1286266924564796,145.64914832291632,14.7,/home/aojwang/data/MergeDataset/cropped_images/1094WhiteChapatiFriedEggs/egg fry_0.jpg
1094WhiteChapatiFriedEggs.jpg,white chapati,5632398,1.066579634464752,144.0794670996853,13.3,/home/aojwang/data/MergeDataset/cropped_images/1094WhiteChapatiFriedEggs/white chapati_1.jpg
1094WhiteChapatiFriedEggs.jpg,egg fry,3397736,0.9706039551042224,156.24896852884783,14.7,/home/aojwang/data/MergeDataset/cropped_images/1094WhiteChapatiFriedEggs/egg fry_2.jpg
88Grapes.jpg,red grapes,6111781,1.45007306380906,115.20362727874793,1.770147,/home/aojwang/data/MergeDataset/cropped_images/88Grapes/red grapes_0.jpg
1297BeefstewSpaghettiSpinach.JPG,spaghetti,2469150,1.1349152542372882,177.62127101769164,13.2,/home/aojwang/data/MergeDataset/cropped_images/1297BeefstewSpaghettiSpinach/spaghetti_0.jpg
1297BeefstewSpaghettiSpinach.JPG,spinach cooked,2274480,1.0699588477366255,85.1071922666573,5.48,/home/aojwang/data/MergeDataset/cropped_images/1297BeefstewSpaghettiSpinach/spinach cooked_1.jpg
100BananaPawpaw.jpg,ripe banana,1927800,1.286764705882353,148.78159611992945,0.7,/home/aojwang/data/MergeDataset/cropped_images/100BananaPawpaw/ripe banana_0.jpg
52Apple.jpg,apple,5426832,1.3512974051896207,126.40829007912289,0.6,/home/aojwang/data/MergeDataset/cropped_images/52Apple/apple_0.jpg
486RedCabbage.jpg,red cabbage,6785514,1.2172808132147395,91.1351558629162,2.6,/home/aojwang/data/MergeDataset/cropped_images/486RedCabbage/red cabbage_0.jpg
1159MincedMeatKalesPasta.JPG,sukumawiki,1600600,0.9116981132075471,86.04898996209755,4.0,/home/aojwang/data/MergeDataset/cropped_images/1159MincedMeatKalesPasta/sukumawiki_0.jpg
2RiceWFrenchB.jpg,white rice boiled,923043,0.9030662710187932,186.82507134914985,85.0,/home/aojwang/data/MergeDataset/cropped_images/2RiceWFrenchB/white rice boiled_0.jpg
2RiceWFrenchB.jpg,french beans,1349336,0.9246688741721855,116.54690232825627,7.0,/home/aojwang/data/MergeDataset/cropped_images/2RiceWFrenchB/french beans_1.jpg
1294BeefstewSpaghettiSpinach.JPG,spaghetti,1688352,1.121434392828036,179.92761817440913,8.8,/home/aojwang/data/MergeDataset/cropped_images/1294BeefstewSpaghettiSpinach/spaghetti_0.jpg
1294BeefstewSpaghettiSpinach.JPG,spinach cooked,1925023,1.0578206078576724,93.6939782018189,3.29,/home/aojwang/data/MergeDataset/cropped_images/1294BeefstewSpaghettiSpinach/spinach cooked_1.jpg
1767BrownChapatihalfWhiteRiceSpinach.JPG,brown chapati,2314704,1.3125,131.7894731536588,8.59,/home/aojwang/data/MergeDataset/cropped_images/1767BrownChapatihalfWhiteRiceSpinach/brown chapati_0.jpg
1767BrownChapatihalfWhiteRiceSpinach.JPG,white rice boiled,1201948,1.4017278617710582,199.7602616752139,1.2,/home/aojwang/data/MergeDataset/cropped_images/1767BrownChapatihalfWhiteRiceSpinach/white rice boiled_1.jpg
1767BrownChapatihalfWhiteRiceSpinach.JPG,spinach cooked,2162660,1.0725352112676056,87.06072321431324,2.91,/home/aojwang/data/MergeDataset/cropped_images/1767BrownChapatihalfWhiteRiceSpinach/spinach cooked_2.jpg
716WhiteRiceRoscocoBeans.jpg,white rice boiled,2156000,1.4204545454545454,167.1309087816945,4.8,/home/aojwang/data/MergeDataset/cropped_images/716WhiteRiceRoscocoBeans/white rice boiled_0.jpg
716WhiteRiceRoscocoBeans.jpg,rosecoco,1705968,1.4707520891364902,104.71251844505095,4.335,/home/aojwang/data/MergeDataset/cropped_images/716WhiteRiceRoscocoBeans/rosecoco_1.jpg
24Pawpaw.jpg,pawpaw,2227932,1.3966745843230404,96.80095562461811,0.235449,/home/aojwang/data/MergeDataset/cropped_images/24Pawpaw/pawpaw_0.jpg
181MangoWatermelon.jpg,mango,2855490,1.2246234446627373,140.69664003959625,1.23,/home/aojwang/data/MergeDataset/cropped_images/181MangoWatermelon/mango_0.jpg
181MangoWatermelon.jpg,water melon,2128504,1.096913137114142,124.29981354666627,0.9,/home/aojwang/data/MergeDataset/cropped_images/181MangoWatermelon/water melon_1.jpg
1RiceDenguTerere.jpg,terere,742290,1.6005873715124816,94.66700795286658,3.0,/home/aojwang/data/MergeDataset/cropped_images/1RiceDenguTerere/terere_0.jpg
1RiceDenguTerere.jpg,white rice boiled,1537200,1.8977777777777778,192.54643290831817,85.0,/home/aojwang/data/MergeDataset/cropped_images/1RiceDenguTerere/white rice boiled_1.jpg
1RiceDenguTerere.jpg,ndengu,720360,1.5130434782608695,124.1617496807152,9.0,/home/aojwang/data/MergeDataset/cropped_images/1RiceDenguTerere/ndengu_2.jpg
1471FriedGitheri.JPG,githeri,2271654,1.1825396825396826,96.12513363977672,10.35,/home/aojwang/data/MergeDataset/cropped_images/1471FriedGitheri/githeri_0.jpg
743WhiteRicequotercupButterBeansquotercup.jpg,white rice boiled,675565,1.1075544174135723,116.59677356484326,1.2,/home/aojwang/data/MergeDataset/cropped_images/743WhiteRicequotercupButterBeansquotercup/white rice boiled_0.jpg
743WhiteRicequotercupButterBeansquotercup.jpg,butternut beans,1826055,1.3688311688311687,123.72776157709744,2.31,/home/aojwang/data/MergeDataset/cropped_images/743WhiteRicequotercupButterBeansquotercup/butternut beans_1.jpg
2SoyaBeans.jpg,soya beans,1680426,1.3712737127371273,159.428891642159,10.0,/home/aojwang/data/MergeDataset/cropped_images/2SoyaBeans/soya beans_0.jpg
3Carrot.jpg,carrot,665112,0.6196911196911197,143.55761686252342,10.0,/home/aojwang/data/MergeDataset/cropped_images/3Carrot/carrot_0.jpg
3Carrot.jpg,carrot,550064,0.4472497745716862,136.87216275439465,10.0,/home/aojwang/data/MergeDataset/cropped_images/3Carrot/carrot_1.jpg
3Carrot.jpg,carrot,442540,0.4295566502463054,129.14884379566442,10.0,/home/aojwang/data/MergeDataset/cropped_images/3Carrot/carrot_2.jpg
1577BrownUgaliDrumstickCabbage.JPG,brown ugali,1258400,1.04,121.09975074168256,1.43,/home/aojwang/data/MergeDataset/cropped_images/1577BrownUgaliDrumstickCabbage/brown ugali_0.jpg
1577BrownUgaliDrumstickCabbage.JPG,chicken drumstick,2200601,1.0959774170783345,124.61399151110689,25.08,/home/aojwang/data/MergeDataset/cropped_images/1577BrownUgaliDrumstickCabbage/chicken drumstick_1.jpg
1577BrownUgaliDrumstickCabbage.JPG,green cabbage cooked,1522655,1.1218884120171675,168.16578410736508,0.55,/home/aojwang/data/MergeDataset/cropped_images/1577BrownUgaliDrumstickCabbage/green cabbage cooked_2.jpg
1468MokimoChickenthighCabbage.JPG,green cabbage cooked,1917997,1.3297252289758534,110.98767916042969,2.2,/home/aojwang/data/MergeDataset/cropped_images/1468MokimoChickenthighCabbage/green cabbage cooked_0.jpg
1468MokimoChickenthighCabbage.JPG,chicken thigh,791204,0.9943946188340808,84.37913399494104,61.68,/home/aojwang/data/MergeDataset/cropped_images/1468MokimoChickenthighCabbage/chicken thigh_1.jpg
1468MokimoChickenthighCabbage.JPG,chicken thigh,813240,1.2395061728395063,86.88126178413917,61.68,/home/aojwang/data/MergeDataset/cropped_images/1468MokimoChickenthighCabbage/chicken thigh_2.jpg
1468MokimoChickenthighCabbage.JPG,mukimo,1286260,1.6572077185017027,107.39515183555424,15.0,/home/aojwang/data/MergeDataset/cropped_images/1468MokimoChickenthighCabbage/mukimo_3.jpg
1468MokimoChickenthighCabbage.JPG,chicken thigh,486262,1.1231003039513678,96.14394777575326,61.68,/home/aojwang/data/MergeDataset/cropped_images/1468MokimoChickenthighCabbage/chicken thigh_4.jpg
1468MokimoChickenthighCabbage.JPG,chicken thigh,788172,0.9231601731601732,84.95997024338173,61.68,/home/aojwang/data/MergeDataset/cropped_images/1468MokimoChickenthighCabbage/chicken thigh_5.jpg
1614SpaghettiNjahi.JPG,spaghetti,3312576,1.1408450704225352,161.42344336653207,4.4,/home/aojwang/data/MergeDataset/cropped_images/1614SpaghettiNjahi/spaghetti_0.jpg
1614SpaghettiNjahi.JPG,black beans,2293508,1.147100424328147,104.23209874713031,9.5,/home/aojwang/data/MergeDataset/cropped_images/1614SpaghettiNjahi/black beans_1.jpg
1786FishwetfryWhiteUgali1CupSpinach.JPG,white ugali,1288189,1.0106288751107175,183.92790007263426,9.14,/home/aojwang/data/MergeDataset/cropped_images/1786FishwetfryWhiteUgali1CupSpinach/white ugali_0.jpg
1786FishwetfryWhiteUgali1CupSpinach.JPG,spinach cooked,3151720,0.8870026525198939,98.1267107061118,3.29,/home/aojwang/data/MergeDataset/cropped_images/1786FishwetfryWhiteUgali1CupSpinach/spinach cooked_1.jpg
1755WhiteRiceWhiteChapatiquoterBeefstew.jpg,white chapati,1919840,1.4876760563380282,143.2361759313276,2.89,/home/aojwang/data/MergeDataset/cropped_images/1755WhiteRiceWhiteChapatiquoterBeefstew/white chapati_0.jpg
1755WhiteRiceWhiteChapatiquoterBeefstew.jpg,beef stew,1806112,0.8403819918144612,86.12464140282182,44.25,/home/aojwang/data/MergeDataset/cropped_images/1755WhiteRiceWhiteChapatiquoterBeefstew/beef stew_1.jpg
1755WhiteRiceWhiteChapatiquoterBeefstew.jpg,white rice boiled,2505664,1.446808510638298,175.39533805543493,6.0,/home/aojwang/data/MergeDataset/cropped_images/1755WhiteRiceWhiteChapatiquoterBeefstew/white rice boiled_2.jpg
1580BrownUgaliDrumstickCabbage.JPG,brown ugali,884640,1.0635964912280702,126.71884457707843,1.07,/home/aojwang/data/MergeDataset/cropped_images/1580BrownUgaliDrumstickCabbage/brown ugali_0.jpg
1580BrownUgaliDrumstickCabbage.JPG,green cabbage cooked,2574330,0.9882280049566295,171.04130149074388,1.1,/home/aojwang/data/MergeDataset/cropped_images/1580BrownUgaliDrumstickCabbage/green cabbage cooked_1.jpg
1580BrownUgaliDrumstickCabbage.JPG,chicken drumstick,2698467,0.7910124526258798,121.35915589604518,52.39,/home/aojwang/data/MergeDataset/cropped_images/1580BrownUgaliDrumstickCabbage/chicken drumstick_2.jpg
1371BeefstewSpinachNjahi.JPG,beef stew,2759610,1.1545924967658474,116.4444400960039,35.4,/home/aojwang/data/MergeDataset/cropped_images/1371BeefstewSpinachNjahi/beef stew_0.jpg
1371BeefstewSpinachNjahi.JPG,black beans,3037700,1.1266747868453106,110.05763527230032,14.25,/home/aojwang/data/MergeDataset/cropped_images/1371BeefstewSpinachNjahi/black beans_2.jpg
452MangoCucumber.jpg,mango,1298670,1.0831050228310501,121.61141629513271,0.82,/home/aojwang/data/MergeDataset/cropped_images/452MangoCucumber/mango_0.jpg
452MangoCucumber.jpg,cucumber,2817550,1.2147078135259357,129.8220351014179,0.6,/home/aojwang/data/MergeDataset/cropped_images/452MangoCucumber/cucumber_1.jpg
831WhiteChapatihalfButterBeans.jpg,butternut beans,1158371,1.308182784272051,127.27446186641988,2.31,/home/aojwang/data/MergeDataset/cropped_images/831WhiteChapatihalfButterBeans/butternut beans_0.jpg
3Zucchini.jpg,zucchini,2895650,1.3772413793103448,166.29603589291983,8.0,/home/aojwang/data/MergeDataset/cropped_images/3Zucchini/zucchini_0.jpg
709WhiteRice1cupPigeonpeaquotercup.jpg,white rice boiled,1902470,1.3709677419354838,177.57432775987706,4.32,/home/aojwang/data/MergeDataset/cropped_images/709WhiteRice1cupPigeonpeaquotercup/white rice boiled_0.jpg
709WhiteRice1cupPigeonpeaquotercup.jpg,mbaazi,1782297,1.5892351274787535,128.799141220571,2.85,/home/aojwang/data/MergeDataset/cropped_images/709WhiteRice1cupPigeonpeaquotercup/mbaazi_1.jpg
3Asparagus.jpg,asparagus,3345300,1.3182674199623352,168.95317420460546,11.0,/home/aojwang/data/MergeDataset/cropped_images/3Asparagus/asparagus_0.jpg
90Grapes.jpg,red grapes,8209152,1.5464409722222223,104.68232171443124,3.540294,/home/aojwang/data/MergeDataset/cropped_images/90Grapes/red grapes_0.jpg
964MashedIrishpotato.jpg,irish potato mashed,2749635,1.213953488372093,127.38888082721283,23.93,/home/aojwang/data/MergeDataset/cropped_images/964MashedIrishpotato/irish potato mashed_0.jpg
878WhiteChapati1GreenBeans.jpg,white chapati,3214845,1.0022333891680626,134.2847722570347,11.31,/home/aojwang/data/MergeDataset/cropped_images/878WhiteChapati1GreenBeans/white chapati_0.jpg
878WhiteChapati1GreenBeans.jpg,green beans,3157773,0.8486262312078797,92.8413857909778,5.4,/home/aojwang/data/MergeDataset/cropped_images/878WhiteChapati1GreenBeans/green beans_1.jpg
1474FriedGitheri.JPG,githeri,4485516,1.2745202558635393,106.05553311294992,20.7,/home/aojwang/data/MergeDataset/cropped_images/1474FriedGitheri/githeri_0.jpg
110PawpawPineapple.jpg,pineapple,5833922,0.9401846647932557,148.60987199806007,1.440517,/home/aojwang/data/MergeDataset/cropped_images/110PawpawPineapple/pineapple_0.jpg
110PawpawPineapple.jpg,pawpaw,5111932,0.9571614019904803,106.6695582022609,1.412694,/home/aojwang/data/MergeDataset/cropped_images/110PawpawPineapple/pawpaw_1.jpg
1153Boiledcorn.jpg,boiled yellow maize,5540564,1.1262398557258793,147.33352928209715,14.59,/home/aojwang/data/MergeDataset/cropped_images/1153Boiledcorn/boiled yellow maize_0.jpg
3Tangerine.jpg,tangerine,1095849,1.963855421686747,131.26884087132441,29.0,/home/aojwang/data/MergeDataset/cropped_images/3Tangerine/tangerine_0.jpg
935Frenchfries.jpg,potato chips,4201014,1.4299883313885648,125.50150344654885,13.57,/home/aojwang/data/MergeDataset/cropped_images/935Frenchfries/potato chips_0.jpg
1714ChipsBeefstew.JPG,potato chips,3005915,0.9671015314804311,154.36454834329425,9.6,/home/aojwang/data/MergeDataset/cropped_images/1714ChipsBeefstew/potato chips_0.jpg
1714ChipsBeefstew.JPG,beef stew,1787190,0.8465244322092222,101.12642341702151,35.4,/home/aojwang/data/MergeDataset/cropped_images/1714ChipsBeefstew/beef stew_1.jpg
345OnionsCarrots.jpg,onions,1041488,1.1491596638655461,120.38101351143749,0.75,/home/aojwang/data/MergeDataset/cropped_images/345OnionsCarrots/onions_0.jpg
345OnionsCarrots.jpg,carrot,816000,0.8854166666666666,130.56821200980391,0.35,/home/aojwang/data/MergeDataset/cropped_images/345OnionsCarrots/carrot_1.jpg
633BrownRice.jpg,brown rice boiled,1391280,1.3372549019607842,138.92143996894944,12.0,/home/aojwang/data/MergeDataset/cropped_images/633BrownRice/brown rice boiled_0.jpg
3Cucumber.jpg,cucumber,2062697,1.4492875104777871,179.24802964274443,5.0,/home/aojwang/data/MergeDataset/cropped_images/3Cucumber/cucumber_0.jpg
1Meatballs.jpg,meatballs,477340,1.4189655172413793,113.34761106688454,24.0,/home/aojwang/data/MergeDataset/cropped_images/1Meatballs/meatballs_0.jpg
1167PlantainsChickendrumstick.jpg,plantain,1604588,1.663951120162933,91.32661447466057,1.3,/home/aojwang/data/MergeDataset/cropped_images/1167PlantainsChickendrumstick/plantain_0.jpg
1ChickenMakhni.jpg,chicken makhni,899080,0.9210526315789473,160.8948907030891,19.0,/home/aojwang/data/MergeDataset/cropped_images/1ChickenMakhni/chicken makhni_0.jpg
277Cabbage1cup.jpg,green cabbage,2897782,1.3175994605529333,186.7943063579892,1.65,/home/aojwang/data/MergeDataset/cropped_images/277Cabbage1cup/green cabbage_0.jpg
1341WhiteChapatiChickenWetfrySpinach.JPG,spinach cooked,1481541,1.3210576015108593,62.86128429790333,1.1,/home/aojwang/data/MergeDataset/cropped_images/1341WhiteChapatiChickenWetfrySpinach/spinach cooked_0.jpg
1341WhiteChapatiChickenWetfrySpinach.JPG,chicken wing,1405773,1.4607543323139653,91.66242866617394,28.06,/home/aojwang/data/MergeDataset/cropped_images/1341WhiteChapatiChickenWetfrySpinach/chicken wing_1.jpg
1747WhiteRiceWhiteChapatiBeefstew.JPG,beef stew,1857744,1.0073637702503682,91.7658267231653,26.55,/home/aojwang/data/MergeDataset/cropped_images/1747WhiteRiceWhiteChapatiBeefstew/beef stew_0.jpg
1747WhiteRiceWhiteChapatiBeefstew.JPG,white rice boiled,2415222,1.5938261575954509,189.87279844254482,3.6,/home/aojwang/data/MergeDataset/cropped_images/1747WhiteRiceWhiteChapatiBeefstew/white rice boiled_1.jpg
1747WhiteRiceWhiteChapatiBeefstew.JPG,white chapati,3257374,1.7054992764109986,133.4816382767223,12.75,/home/aojwang/data/MergeDataset/cropped_images/1747WhiteRiceWhiteChapatiBeefstew/white chapati_2.jpg
483GrapesCucumber.jpg,red grapes,4762925,1.8958990536277602,100.05671815813461,2.950245,/home/aojwang/data/MergeDataset/cropped_images/483GrapesCucumber/red grapes_0.jpg
483GrapesCucumber.jpg,cucumber,4286400,1.8949468085106382,150.33497659263406,1.5,/home/aojwang/data/MergeDataset/cropped_images/483GrapesCucumber/cucumber_1.jpg
725WhiteRicethirdcupRoscocoBeansquotercup.jpg,white rice boiled,692445,1.0955974842767295,161.6661284771113,1.92,/home/aojwang/data/MergeDataset/cropped_images/725WhiteRicethirdcupRoscocoBeansquotercup/white rice boiled_0.jpg
725WhiteRicethirdcupRoscocoBeansquotercup.jpg,rosecoco,2294578,1.4851166532582463,111.5215322091179,4.335,/home/aojwang/data/MergeDataset/cropped_images/725WhiteRicethirdcupRoscocoBeansquotercup/rosecoco_1.jpg
119Watermelon1cup.jpg,water melon,2257208,1.7614840989399294,129.92723237439054,1.2,/home/aojwang/data/MergeDataset/cropped_images/119Watermelon1cup/water melon_0.jpg
658SweetPotatowhole.jpg,sweet potato,2804400,1.853658536585366,164.86820983692294,11.223,/home/aojwang/data/MergeDataset/cropped_images/658SweetPotatowhole/sweet potato_0.jpg
2RiceBChickenCabbage.jpg,green cabbage cooked,770150,1.4452054794520548,188.56950074660782,2.0,/home/aojwang/data/MergeDataset/cropped_images/2RiceBChickenCabbage/green cabbage cooked_0.jpg
2RiceBChickenCabbage.jpg,chicken,952280,0.8411654135338346,150.9038549586256,0.0,/home/aojwang/data/MergeDataset/cropped_images/2RiceBChickenCabbage/chicken_1.jpg
2RiceBChickenCabbage.jpg,brown rice boiled,1598480,1.4226415094339622,178.5475860400714,25.0,/home/aojwang/data/MergeDataset/cropped_images/2RiceBChickenCabbage/brown rice boiled_2.jpg
1103ScrambledEggs.jpg,scrambled eggs,1823360,1.3006756756756757,160.818496987247,5.4,/home/aojwang/data/MergeDataset/cropped_images/1103ScrambledEggs/scrambled eggs_0.jpg
1183MincedMeatCabbageBrownRice.JPG,mincemeat,1589976,1.0612745098039216,101.02165273773524,27.7,/home/aojwang/data/MergeDataset/cropped_images/1183MincedMeatCabbageBrownRice/mincemeat_0.jpg
1183MincedMeatCabbageBrownRice.JPG,brown rice boiled,1529054,1.0815811606391925,143.71482062329605,8.0,/home/aojwang/data/MergeDataset/cropped_images/1183MincedMeatCabbageBrownRice/brown rice boiled_1.jpg
1183MincedMeatCabbageBrownRice.JPG,green cabbage cooked,1784330,1.501834862385321,150.9719855632086,1.2,/home/aojwang/data/MergeDataset/cropped_images/1183MincedMeatCabbageBrownRice/green cabbage cooked_2.jpg
660SweetPotatowhole.jpg,sweet potato,2360370,1.5601626016260162,160.01544842545871,3.6,/home/aojwang/data/MergeDataset/cropped_images/660SweetPotatowhole/sweet potato_0.jpg
559Pigeonpeahalfcup.jpg,mbaazi,4087616,1.3076923076923077,143.7817728801662,6.84,/home/aojwang/data/MergeDataset/cropped_images/559Pigeonpeahalfcup/mbaazi_0.jpg
1575BrownUgaliDrumstickSpinach.JPG,brown ugali,1239475,1.0725581395348838,130.65452980764707,2.9,/home/aojwang/data/MergeDataset/cropped_images/1575BrownUgaliDrumstickSpinach/brown ugali_0.jpg
1575BrownUgaliDrumstickSpinach.JPG,spinach cooked,4754160,1.0189814814814815,106.74424041260707,4.38,/home/aojwang/data/MergeDataset/cropped_images/1575BrownUgaliDrumstickSpinach/spinach cooked_1.jpg
1575BrownUgaliDrumstickSpinach.JPG,chicken drumstick,3121200,0.9633333333333334,99.35006162159853,52.39,/home/aojwang/data/MergeDataset/cropped_images/1575BrownUgaliDrumstickSpinach/chicken drumstick_2.jpg
253Tomatoslices.jpg,tomato,5501862,1.3456973293768546,124.43949484738076,4.5,/home/aojwang/data/MergeDataset/cropped_images/253Tomatoslices/tomato_0.jpg
1RiceNjahiSpinach.jpg,spinach cooked,444584,1.9621848739495797,93.17873862607141,1.0,/home/aojwang/data/MergeDataset/cropped_images/1RiceNjahiSpinach/spinach cooked_0.jpg
1RiceNjahiSpinach.jpg,black beans,1488336,1.754614549402823,108.86244481532844,96.0,/home/aojwang/data/MergeDataset/cropped_images/1RiceNjahiSpinach/black beans_1.jpg
1RiceNjahiSpinach.jpg,white rice boiled,376092,1.2078853046594982,184.2352491766199,14.0,/home/aojwang/data/MergeDataset/cropped_images/1RiceNjahiSpinach/white rice boiled_2.jpg
1567BrownUgaliDrumstickSpinach.JPG,brown ugali,2099457,1.0167014613778707,125.85716989361218,2.9,/home/aojwang/data/MergeDataset/cropped_images/1567BrownUgaliDrumstickSpinach/brown ugali_0.jpg
1567BrownUgaliDrumstickSpinach.JPG,chicken drumstick,2336422,0.7708213670304422,83.01666194434624,25.08,/home/aojwang/data/MergeDataset/cropped_images/1567BrownUgaliDrumstickSpinach/chicken drumstick_1.jpg
1567BrownUgaliDrumstickSpinach.JPG,spinach cooked,4243125,1.273972602739726,80.2965911523543,2.91,/home/aojwang/data/MergeDataset/cropped_images/1567BrownUgaliDrumstickSpinach/spinach cooked_2.jpg
1Pineapple.jpg,pineapple,1043395,0.9374407582938389,191.9881927106545,6.0,/home/aojwang/data/MergeDataset/cropped_images/1Pineapple/pineapple_0.jpg
1544NjahiWhiteRice.JPG,black beans,4387320,1.4474439977024698,118.88107113226297,19.0,/home/aojwang/data/MergeDataset/cropped_images/1544NjahiWhiteRice/black beans_0.jpg
1544NjahiWhiteRice.JPG,white rice boiled,5873632,1.5900104058272633,156.63786228577706,4.8,/home/aojwang/data/MergeDataset/cropped_images/1544NjahiWhiteRice/white rice boiled_1.jpg
1347ChickenWetfryWhiteChapatiSpinach.JPG,white chapati,2712413,1.017146356399265,166.78248887614092,11.09,/home/aojwang/data/MergeDataset/cropped_images/1347ChickenWetfryWhiteChapatiSpinach/white chapati_0.jpg
1347ChickenWetfryWhiteChapatiSpinach.JPG,chicken wing,3078304,1.2377932783766645,114.84718067697884,137.21,/home/aojwang/data/MergeDataset/cropped_images/1347ChickenWetfryWhiteChapatiSpinach/chicken wing_1.jpg
1347ChickenWetfryWhiteChapatiSpinach.JPG,spinach cooked,1837605,1.3774891774891775,98.22696898045736,2.91,/home/aojwang/data/MergeDataset/cropped_images/1347ChickenWetfryWhiteChapatiSpinach/spinach cooked_2.jpg
1Passion.jpg,passion,370319,1.2376599634369287,120.76777048976693,2.0,/home/aojwang/data/MergeDataset/cropped_images/1Passion/passion_0.jpg
1513FriedGitheriWhiteRice.JPG,githeri,3443688,1.0771812080536913,127.78177194527107,17.25,/home/aojwang/data/MergeDataset/cropped_images/1513FriedGitheriWhiteRice/githeri_0.jpg
1513FriedGitheriWhiteRice.JPG,white rice boiled,4744121,1.4150737302020753,153.68928279864699,4.8,/home/aojwang/data/MergeDataset/cropped_images/1513FriedGitheriWhiteRice/white rice boiled_1.jpg
426MangoLettuce.jpg,lettuce,6426200,1.0039525691699605,177.6532675090515,1.8,/home/aojwang/data/MergeDataset/cropped_images/426MangoLettuce/lettuce_0.jpg
426MangoLettuce.jpg,mango,1234359,1.4180064308681672,124.12505870118282,2.296,/home/aojwang/data/MergeDataset/cropped_images/426MangoLettuce/mango_1.jpg
419BananaTomato.jpg,tomato,3135020,1.0658892128279884,93.82561015028081,1.5,/home/aojwang/data/MergeDataset/cropped_images/419BananaTomato/tomato_0.jpg
419BananaTomato.jpg,ripe banana,1461600,1.0862068965517242,106.30668194672505,1.4,/home/aojwang/data/MergeDataset/cropped_images/419BananaTomato/ripe banana_1.jpg
1SugarBrown.jpg,brown sugar,418665,1.311504424778761,181.72774891619792,5.0,/home/aojwang/data/MergeDataset/cropped_images/1SugarBrown/brown sugar_0.jpg
1098Mincedbeef.jpg,mincemeat,5838310,1.3572806171648988,106.25440604101757,138.5,/home/aojwang/data/MergeDataset/cropped_images/1098Mincedbeef/mincemeat_0.jpg
450MangoTomato.jpg,mango,1169611,1.3552206673842842,136.2242395121113,0.82,/home/aojwang/data/MergeDataset/cropped_images/450MangoTomato/mango_0.jpg
450MangoTomato.jpg,tomato,5060625,1.4394666666666667,99.97914631756618,2.0,/home/aojwang/data/MergeDataset/cropped_images/450MangoTomato/tomato_1.jpg
1595WhiteUgali1CupSpinach.JPG,white ugali,2021355,0.9627329192546584,208.5460187184669,9.73,/home/aojwang/data/MergeDataset/cropped_images/1595WhiteUgali1CupSpinach/white ugali_0.jpg
1595WhiteUgali1CupSpinach.JPG,spinach cooked,4494364,1.0056764427625355,130.1096493296938,3.29,/home/aojwang/data/MergeDataset/cropped_images/1595WhiteUgali1CupSpinach/spinach cooked_1.jpg
1769BrownChapatiWhiteRiceSpinach.JPG,white rice boiled,1522860,1.4637254901960783,205.89355642234568,2.4,/home/aojwang/data/MergeDataset/cropped_images/1769BrownChapatiWhiteRiceSpinach/white rice boiled_0.jpg
1769BrownChapatiWhiteRiceSpinach.JPG,spinach cooked,1810440,1.0981308411214954,98.0376131400838,2.91,/home/aojwang/data/MergeDataset/cropped_images/1769BrownChapatiWhiteRiceSpinach/spinach cooked_1.jpg
901IrishPotato.jpg,irish potato,986060,0.8960915157292659,130.2686293599443,23.71,/home/aojwang/data/MergeDataset/cropped_images/901IrishPotato/irish potato_0.jpg
901IrishPotato.jpg,irish potato,1187154,0.6960183767228177,130.19166847772067,23.71,/home/aojwang/data/MergeDataset/cropped_images/901IrishPotato/irish potato_1.jpg
901IrishPotato.jpg,irish potato,1108536,1.5861244019138756,133.57163261575027,23.71,/home/aojwang/data/MergeDataset/cropped_images/901IrishPotato/irish potato_2.jpg
1521FriedGitheriWhiteRiceCabbage.JPG,githeri,2770008,1.028641072516758,111.99194250221178,13.8,/home/aojwang/data/MergeDataset/cropped_images/1521FriedGitheriWhiteRiceCabbage/githeri_0.jpg
1521FriedGitheriWhiteRiceCabbage.JPG,green cabbage cooked,3641984,1.539661898569571,107.08755145547042,1.65,/home/aojwang/data/MergeDataset/cropped_images/1521FriedGitheriWhiteRiceCabbage/green cabbage cooked_1.jpg
1521FriedGitheriWhiteRiceCabbage.JPG,white rice boiled,4270116,1.017081503172279,147.3493578004282,3.6,/home/aojwang/data/MergeDataset/cropped_images/1521FriedGitheriWhiteRiceCabbage/white rice boiled_2.jpg
3Eggplant.jpg,eggplant,394013,0.5440658049353702,142.2004197831036,5.0,/home/aojwang/data/MergeDataset/cropped_images/3Eggplant/eggplant_0.jpg
3Eggplant.jpg,eggplant,518566,0.48596321393998065,152.91369276042008,5.0,/home/aojwang/data/MergeDataset/cropped_images/3Eggplant/eggplant_1.jpg
3Eggplant.jpg,eggplant,625512,0.4592973436161097,150.29923753128105,5.0,/home/aojwang/data/MergeDataset/cropped_images/3Eggplant/eggplant_2.jpg
1768BrownChapatiWhiteRiceSpinach.JPG,white rice boiled,1084020,1.432183908045977,204.73828896145827,1.2,/home/aojwang/data/MergeDataset/cropped_images/1768BrownChapatiWhiteRiceSpinach/white rice boiled_0.jpg
1768BrownChapatiWhiteRiceSpinach.JPG,spinach cooked,1937744,1.1395705521472392,80.5624726486058,2.91,/home/aojwang/data/MergeDataset/cropped_images/1768BrownChapatiWhiteRiceSpinach/spinach cooked_1.jpg
896WhiteChapati1Greengrams.jpg,white chapati,3487599,1.6889352818371608,127.94193732326069,11.31,/home/aojwang/data/MergeDataset/cropped_images/896WhiteChapati1Greengrams/white chapati_0.jpg
896WhiteChapati1Greengrams.jpg,ndengu,1138021,1.4464487034949267,81.68856960167402,1.85,/home/aojwang/data/MergeDataset/cropped_images/896WhiteChapati1Greengrams/ndengu_1.jpg
343LettuceOnions.jpg,onions,2041985,0.8991373589913736,143.60552713821764,3.0,/home/aojwang/data/MergeDataset/cropped_images/343LettuceOnions/onions_0.jpg
343LettuceOnions.jpg,lettuce,3163538,1.0959387875220719,173.6262732843207,2.4,/home/aojwang/data/MergeDataset/cropped_images/343LettuceOnions/lettuce_1.jpg
1734GitheriChips.JPG,githeri,1434834,1.3214971209213051,118.76044871160474,6.7,/home/aojwang/data/MergeDataset/cropped_images/1734GitheriChips/githeri_0.jpg
807BrownRicethirdcupEggyolkBeanshalfcup.jpg,brown rice boiled,1339389,1.294985250737463,135.2411763871437,6.4,/home/aojwang/data/MergeDataset/cropped_images/807BrownRicethirdcupEggyolkBeanshalfcup/brown rice boiled_0.jpg
1116PlantainsFriedEggs.jpg,egg fry,4658967,0.735399284862932,148.44914090755884,19.5,/home/aojwang/data/MergeDataset/cropped_images/1116PlantainsFriedEggs/egg fry_0.jpg
1116PlantainsFriedEggs.jpg,egg fry,1594270,0.9290076335877863,147.36381499578698,19.5,/home/aojwang/data/MergeDataset/cropped_images/1116PlantainsFriedEggs/egg fry_1.jpg
1116PlantainsFriedEggs.jpg,plantain,2534023,1.0267345639719923,91.54222659646999,3.25,/home/aojwang/data/MergeDataset/cropped_images/1116PlantainsFriedEggs/plantain_2.jpg
983MashedBanana.jpg,boiled mashed banana,974864,1.6701570680628273,132.80056910502387,0.76,/home/aojwang/data/MergeDataset/cropped_images/983MashedBanana/boiled mashed banana_0.jpg
649Arrowroots.jpg,arrowroots,2435086,1.107215104517869,145.860486104666,5.44,/home/aojwang/data/MergeDataset/cropped_images/649Arrowroots/arrowroots_0.jpg
1073Beefstewthirdcup.jpg,beef stew,1440835,1.1106233538191397,118.74666333526508,15.93,/home/aojwang/data/MergeDataset/cropped_images/1073Beefstewthirdcup/beef stew_0.jpg
3SausageBacon.jpg,bacon,1209972,2.4138418079096047,166.17118109620168,0.0,/home/aojwang/data/MergeDataset/cropped_images/3SausageBacon/bacon_0.jpg
3SausageBacon.jpg,sausage,747670,1.261038961038961,121.98761307350391,9.0,/home/aojwang/data/MergeDataset/cropped_images/3SausageBacon/sausage_1.jpg
3SausageBacon.jpg,bacon,1023966,1.0705521472392638,159.44817080515043,0.0,/home/aojwang/data/MergeDataset/cropped_images/3SausageBacon/bacon_2.jpg
698WhiteRicePigeonpea.jpg,white rice boiled,2250960,1.4522088353413654,170.98039443911338,4.8,/home/aojwang/data/MergeDataset/cropped_images/698WhiteRicePigeonpea/white rice boiled_0.jpg
698WhiteRicePigeonpea.jpg,mbaazi,3436825,1.6689895470383276,109.01025044917911,11.4,/home/aojwang/data/MergeDataset/cropped_images/698WhiteRicePigeonpea/mbaazi_1.jpg
1125MincedMeatBrownRiceKales.JPG,brown rice boiled,1680977,1.5631629701060752,145.53047721652348,8.0,/home/aojwang/data/MergeDataset/cropped_images/1125MincedMeatBrownRiceKales/brown rice boiled_0.jpg
1125MincedMeatBrownRiceKales.JPG,sukumawiki,1388849,1.233741753063148,76.00507782583516,1.0,/home/aojwang/data/MergeDataset/cropped_images/1125MincedMeatBrownRiceKales/sukumawiki_1.jpg
1125MincedMeatBrownRiceKales.JPG,mincemeat,1583092,1.201219512195122,104.25866258351799,27.7,/home/aojwang/data/MergeDataset/cropped_images/1125MincedMeatBrownRiceKales/mincemeat_2.jpg
1648WholeFishKachumbarihalfCupBrownUgaliquoterCup.JPG,fish fry,5461118,2.7198306280875086,126.58365655774757,126.43,/home/aojwang/data/MergeDataset/cropped_images/1648WholeFishKachumbarihalfCupBrownUgaliquoterCup/fish fry_0.jpg
1648WholeFishKachumbarihalfCupBrownUgaliquoterCup.JPG,kachumbari,2846444,1.4606017191977076,110.97909672559868,1.43,/home/aojwang/data/MergeDataset/cropped_images/1648WholeFishKachumbarihalfCupBrownUgaliquoterCup/kachumbari_1.jpg
1648WholeFishKachumbarihalfCupBrownUgaliquoterCup.JPG,brown ugali,1373559,1.0085689802913453,117.33347457226083,1.14,/home/aojwang/data/MergeDataset/cropped_images/1648WholeFishKachumbarihalfCupBrownUgaliquoterCup/brown ugali_2.jpg
500PineappleCarrots.jpg,pineapple,3977820,1.5213358070500929,116.31573282183038,1.20043,/home/aojwang/data/MergeDataset/cropped_images/500PineappleCarrots/pineapple_0.jpg
500PineappleCarrots.jpg,carrot,2758613,1.6001523229246002,98.03297611275424,1.4,/home/aojwang/data/MergeDataset/cropped_images/500PineappleCarrots/carrot_1.jpg
18Pawpaw.jpg,pawpaw,4801125,2.2067796610169492,136.18717147890686,0.6121,/home/aojwang/data/MergeDataset/cropped_images/18Pawpaw/pawpaw_0.jpg
509RoscocoBeans.jpg,rosecoco,4089176,1.2891633913531724,159.65226246070114,8.67,/home/aojwang/data/MergeDataset/cropped_images/509RoscocoBeans/rosecoco_0.jpg
1223MincedMeatPegionpeasSpinach.JPG,mbaazi,2072450,1.5807860262008733,97.99863977418032,5.7,/home/aojwang/data/MergeDataset/cropped_images/1223MincedMeatPegionpeasSpinach/mbaazi_0.jpg
1223MincedMeatPegionpeasSpinach.JPG,spinach cooked,1948628,1.1149773071104387,70.5447718428898,2.91,/home/aojwang/data/MergeDataset/cropped_images/1223MincedMeatPegionpeasSpinach/spinach cooked_1.jpg
1223MincedMeatPegionpeasSpinach.JPG,mincemeat,1727929,1.0562939796716184,98.44954566998992,41.55,/home/aojwang/data/MergeDataset/cropped_images/1223MincedMeatPegionpeasSpinach/mincemeat_2.jpg
1279BeefstewBrownRiceSpinach.JPG,spinach cooked,1531148,1.3224907063197027,85.09396174199577,2.91,/home/aojwang/data/MergeDataset/cropped_images/1279BeefstewBrownRiceSpinach/spinach cooked_1.jpg
1279BeefstewBrownRiceSpinach.JPG,brown rice boiled,2024644,0.9095174262734584,167.4743549977181,8.0,/home/aojwang/data/MergeDataset/cropped_images/1279BeefstewBrownRiceSpinach/brown rice boiled_2.jpg
224Cucumber.jpg,cucumber,4547907,1.3273905996758508,173.1853791205493,1.2,/home/aojwang/data/MergeDataset/cropped_images/224Cucumber/cucumber_0.jpg
892WhiteChapati1Greengrams.jpg,white chapati,2382421,1.6739312657166807,117.80554808183217,11.31,/home/aojwang/data/MergeDataset/cropped_images/892WhiteChapati1Greengrams/white chapati_0.jpg
200AvocadoPineapple.jpg,pineapple,2064160,1.1192930780559647,177.83777355760535,0.72025,/home/aojwang/data/MergeDataset/cropped_images/200AvocadoPineapple/pineapple_0.jpg
200AvocadoPineapple.jpg,avocado,2245776,1.0478142076502732,148.73865217783668,2.4,/home/aojwang/data/MergeDataset/cropped_images/200AvocadoPineapple/avocado_1.jpg
1Asparagus.jpg,asparagus,1167474,1.346938775510204,163.05817774100322,5.0,/home/aojwang/data/MergeDataset/cropped_images/1Asparagus/asparagus_0.jpg
3PastaBroccoli.jpg,broccoli,447640,1.164516129032258,129.3657574539064,1.0,/home/aojwang/data/MergeDataset/cropped_images/3PastaBroccoli/broccoli_0.jpg
3PastaBroccoli.jpg,pasta,1992835,1.1215303825956489,163.93355027720142,135.0,/home/aojwang/data/MergeDataset/cropped_images/3PastaBroccoli/pasta_1.jpg
639BrownRice.jpg,brown rice boiled,6679980,1.3554054054054054,134.47206543532565,36.0,/home/aojwang/data/MergeDataset/cropped_images/639BrownRice/brown rice boiled_0.jpg
1633WholeFishWhiteUgalithirdCupKachumbarithirdCup.JPG,kachumbari,1955000,1.4782608695652173,103.80896248934356,0.92,/home/aojwang/data/MergeDataset/cropped_images/1633WholeFishWhiteUgalithirdCupKachumbarithirdCup/kachumbari_0.jpg
1633WholeFishWhiteUgalithirdCupKachumbarithirdCup.JPG,white ugali,861560,1.0519337016574586,167.97429314267143,3.74,/home/aojwang/data/MergeDataset/cropped_images/1633WholeFishWhiteUgalithirdCupKachumbarithirdCup/white ugali_1.jpg
3MangoGrapeApple.jpg,mango grape apple,3130686,1.263659466327827,164.29929265769016,89.0,/home/aojwang/data/MergeDataset/cropped_images/3MangoGrapeApple/mango grape apple_0.jpg
980MashedArrowRoot.jpg,arrowroots,977040,1.0963983050847457,118.5447999399547,8.42,/home/aojwang/data/MergeDataset/cropped_images/980MashedArrowRoot/arrowroots_0.jpg
1485FriedGitheriBeefstew(2).JPG,githeri,2636080,1.0453400503778338,105.12299133561956,6.9,/home/aojwang/data/MergeDataset/cropped_images/1485FriedGitheriBeefstew(2)/githeri_0.jpg
1485FriedGitheriBeefstew(2).JPG,beef stew,1719570,0.967741935483871,85.71419599085819,17.7,/home/aojwang/data/MergeDataset/cropped_images/1485FriedGitheriBeefstew(2)/beef stew_1.jpg
458MangoCucumber.jpg,cucumber,5672563,1.2633317602642755,141.67697752614941,1.5,/home/aojwang/data/MergeDataset/cropped_images/458MangoCucumber/cucumber_0.jpg
962MashedIrishpotato.jpg,irish potato mashed,2195525,1.250566037735849,146.79857482834402,14.63,/home/aojwang/data/MergeDataset/cropped_images/962MashedIrishpotato/irish potato mashed_0.jpg
3Pawpaw.jpg,pawpaw,2366725,2.252682926829268,155.1375157654565,26.0,/home/aojwang/data/MergeDataset/cropped_images/3Pawpaw/pawpaw_0.jpg
1653WholeFishKachumbarithirdCupBrownUgaliquoterCup.JPG,brown ugali,588145,0.9691912708600771,98.88077883288418,1.14,/home/aojwang/data/MergeDataset/cropped_images/1653WholeFishKachumbarithirdCupBrownUgaliquoterCup/brown ugali_0.jpg
1653WholeFishKachumbarithirdCupBrownUgaliquoterCup.JPG,kachumbari,1753782,1.1725265739983646,91.95311465925259,0.92,/home/aojwang/data/MergeDataset/cropped_images/1653WholeFishKachumbarithirdCupBrownUgaliquoterCup/kachumbari_1.jpg
66Mango.jpg,mango,9238036,1.9332113449222323,124.25672209980563,3.28,/home/aojwang/data/MergeDataset/cropped_images/66Mango/mango_0.jpg
1337ChickenWetfryBrownRiceCabbage.JPG,green cabbage cooked,2023255,1.6570135746606336,158.6025865910789,2.4,/home/aojwang/data/MergeDataset/cropped_images/1337ChickenWetfryBrownRiceCabbage/green cabbage cooked_0.jpg
1337ChickenWetfryBrownRiceCabbage.JPG,chicken wing,3181140,1.3275193798449612,112.38066489790872,119.96,/home/aojwang/data/MergeDataset/cropped_images/1337ChickenWetfryBrownRiceCabbage/chicken wing_1.jpg
760BrownRiceCowpeas.jpg,brown rice boiled,2584510,1.478819969742814,148.10575234764036,24.0,/home/aojwang/data/MergeDataset/cropped_images/760BrownRiceCowpeas/brown rice boiled_0.jpg
760BrownRiceCowpeas.jpg,cowpeas,2090016,1.8531073446327684,89.5993289046591,9.5,/home/aojwang/data/MergeDataset/cropped_images/760BrownRiceCowpeas/cowpeas_1.jpg
252Tomatoslices.jpg,tomato,4598112,1.394273127753304,144.48289935811337,4.0,/home/aojwang/data/MergeDataset/cropped_images/252Tomatoslices/tomato_0.jpg
1368BeefstewSpinachNjahi.JPG,black beans,2692470,1.4708056171470805,131.12903170694565,9.5,/home/aojwang/data/MergeDataset/cropped_images/1368BeefstewSpinachNjahi/black beans_0.jpg
1368BeefstewSpinachNjahi.JPG,beef stew,2206575,1.1241970021413277,131.88767297735177,25.55,/home/aojwang/data/MergeDataset/cropped_images/1368BeefstewSpinachNjahi/beef stew_1.jpg
1368BeefstewSpinachNjahi.JPG,spinach cooked,2569384,1.0188916876574308,124.47388608839057,2.91,/home/aojwang/data/MergeDataset/cropped_images/1368BeefstewSpinachNjahi/spinach cooked_2.jpg
1094Mincedbeef.jpg,mincemeat,4044544,1.3864168618266979,105.41564454896934,83.1,/home/aojwang/data/MergeDataset/cropped_images/1094Mincedbeef/mincemeat_0.jpg
304LettuceCucumber.jpg,cucumber,985928,0.9780876494023905,153.76241639010826,0.3,/home/aojwang/data/MergeDataset/cropped_images/304LettuceCucumber/cucumber_0.jpg
304LettuceCucumber.jpg,lettuce,2655180,1.204040404040404,173.34876894724025,0.6,/home/aojwang/data/MergeDataset/cropped_images/304LettuceCucumber/lettuce_1.jpg
227Cucumber.jpg,cucumber,5017908,1.3513233004670473,176.07878668427824,1.8,/home/aojwang/data/MergeDataset/cropped_images/227Cucumber/cucumber_0.jpg
194AvocadoPawpaw.jpg,avocado,1664624,1.140728476821192,135.9782056888923,1.6,/home/aojwang/data/MergeDataset/cropped_images/194AvocadoPawpaw/avocado_0.jpg
194AvocadoPawpaw.jpg,pawpaw,1385325,1.003404255319149,119.86791739603824,0.470898,/home/aojwang/data/MergeDataset/cropped_images/194AvocadoPawpaw/pawpaw_1.jpg
1349ChickenWetfryWhiteChapatiSpinach.JPG,chicken wing,2768186,1.2270306258322237,117.37205797105638,137.21,/home/aojwang/data/MergeDataset/cropped_images/1349ChickenWetfryWhiteChapatiSpinach/chicken wing_0.jpg
1349ChickenWetfryWhiteChapatiSpinach.JPG,spinach cooked,1944000,1.316872427983539,101.79007716049382,3.29,/home/aojwang/data/MergeDataset/cropped_images/1349ChickenWetfryWhiteChapatiSpinach/spinach cooked_1.jpg
1349ChickenWetfryWhiteChapatiSpinach.JPG,white chapati,3944372,0.7404679376083189,179.0448836130737,23.09,/home/aojwang/data/MergeDataset/cropped_images/1349ChickenWetfryWhiteChapatiSpinach/white chapati_2.jpg
1327WhiteUgali1Cup.JPG,white ugali,2849088,1.0191387559808613,180.1841707475047,9.66,/home/aojwang/data/MergeDataset/cropped_images/1327WhiteUgali1Cup/white ugali_0.jpg
2PumpkinLeaves.jpg,pumpkin leaves,2696988,1.4624447717231221,128.48050714352456,7.0,/home/aojwang/data/MergeDataset/cropped_images/2PumpkinLeaves/pumpkin leaves_0.jpg
30Pawpaw.jpg,pawpaw,8178240,1.380443714050945,108.86262561789985,1.648148,/home/aojwang/data/MergeDataset/cropped_images/30Pawpaw/pawpaw_0.jpg
1110ScrambledEggs.jpg,scrambled eggs,6273280,1.45,126.40559547796369,46.3,/home/aojwang/data/MergeDataset/cropped_images/1110ScrambledEggs/scrambled eggs_0.jpg
1304BeefSamosa.JPG,samosa,8093418,1.3341453511977264,153.76067606212027,54.678,/home/aojwang/data/MergeDataset/cropped_images/1304BeefSamosa/samosa_0.jpg
2PumpkinSeed.jpg,pumpkin seeds,1857250,1.4043478260869566,131.2965922735227,12.0,/home/aojwang/data/MergeDataset/cropped_images/2PumpkinSeed/pumpkin seeds_0.jpg
3Cabbagesprout.jpg,cabbage sprout,2429975,1.2965668371073777,156.80202814157897,27.0,/home/aojwang/data/MergeDataset/cropped_images/3Cabbagesprout/cabbage sprout_0.jpg
1262MincedMeatGreenBeansCabbage.JPG,green cabbage cooked,1987859,1.2991107518189167,165.4407282743226,1.8,/home/aojwang/data/MergeDataset/cropped_images/1262MincedMeatGreenBeansCabbage/green cabbage cooked_0.jpg
1470FriedGitheri.JPG,githeri,1897644,1.342304457527334,97.30686103399795,6.9,/home/aojwang/data/MergeDataset/cropped_images/1470FriedGitheri/githeri_0.jpg
1717GitheriWhiteChapatihalf.JPG,githeri,851632,0.7666034155597723,92.29669192014079,3.35,/home/aojwang/data/MergeDataset/cropped_images/1717GitheriWhiteChapatihalf/githeri_0.jpg
1717GitheriWhiteChapatihalf.JPG,white chapati,3572364,0.8147086914995224,127.67224215300195,6.16,/home/aojwang/data/MergeDataset/cropped_images/1717GitheriWhiteChapatihalf/white chapati_1.jpg
1114ScrambledEggsonecup.jpg,scrambled eggs,5606214,1.2945699183085055,133.07582461176116,21.4,/home/aojwang/data/MergeDataset/cropped_images/1114ScrambledEggsonecup/scrambled eggs_0.jpg
971MashedIrishpotatohalfcup.jpg,irish potato mashed,1661478,1.0582601755786114,149.81792596712083,11.57,/home/aojwang/data/MergeDataset/cropped_images/971MashedIrishpotatohalfcup/irish potato mashed_0.jpg
1225MincedMeatPegionpeasSpinach.JPG,mbaazi,2504428,1.804753820033956,96.17884176879245,8.7,/home/aojwang/data/MergeDataset/cropped_images/1225MincedMeatPegionpeasSpinach/mbaazi_0.jpg
1225MincedMeatPegionpeasSpinach.JPG,spinach cooked,1811964,1.2153972153972155,68.63695250016005,3.29,/home/aojwang/data/MergeDataset/cropped_images/1225MincedMeatPegionpeasSpinach/spinach cooked_1.jpg
1225MincedMeatPegionpeasSpinach.JPG,mincemeat,1593944,1.0570032573289903,103.49553894825247,41.55,/home/aojwang/data/MergeDataset/cropped_images/1225MincedMeatPegionpeasSpinach/mincemeat_2.jpg
728WhiteRicehalfcupRoscocoBeanshalfcup.jpg,white rice boiled,1054732,1.1140801644398766,160.58057876313603,2.88,/home/aojwang/data/MergeDataset/cropped_images/728WhiteRicehalfcupRoscocoBeanshalfcup/white rice boiled_0.jpg
728WhiteRicehalfcupRoscocoBeanshalfcup.jpg,rosecoco,2910005,1.566397652237711,118.01122197384541,10.404,/home/aojwang/data/MergeDataset/cropped_images/728WhiteRicehalfcupRoscocoBeanshalfcup/rosecoco_1.jpg
1236MincedMeatButterBeansSpinach.JPG,butternut beans,1428480,1.3623046875,143.42528958520012,4.62,/home/aojwang/data/MergeDataset/cropped_images/1236MincedMeatButterBeansSpinach/butternut beans_0.jpg
1236MincedMeatButterBeansSpinach.JPG,spinach cooked,1924356,1.1351766513056836,75.93212880915313,3.29,/home/aojwang/data/MergeDataset/cropped_images/1236MincedMeatButterBeansSpinach/spinach cooked_1.jpg
101PawpawBanana.jpg,ripe banana,2754290,1.067870485678705,126.52224287686965,1.4,/home/aojwang/data/MergeDataset/cropped_images/101PawpawBanana/ripe banana_0.jpg
101PawpawBanana.jpg,pawpaw,2630529,0.928698752228164,91.53727393488788,0.470898,/home/aojwang/data/MergeDataset/cropped_images/101PawpawBanana/pawpaw_1.jpg
101PawpawBanana.jpg,ripe banana,908934,0.7271914132379249,102.91293683956518,1.4,/home/aojwang/data/MergeDataset/cropped_images/101PawpawBanana/ripe banana_2.jpg
57Mango.jpg,mango,1628176,1.737603305785124,105.95377260607371,0.41,/home/aojwang/data/MergeDataset/cropped_images/57Mango/mango_0.jpg
1593WhiteUgalithirdCupSpinach.JPG,spinach cooked,4111103,1.0412682435832914,111.86239856635393,3.29,/home/aojwang/data/MergeDataset/cropped_images/1593WhiteUgalithirdCupSpinach/spinach cooked_0.jpg
1593WhiteUgalithirdCupSpinach.JPG,white ugali,1030428,1.0577507598784195,194.8054921514814,3.38,/home/aojwang/data/MergeDataset/cropped_images/1593WhiteUgalithirdCupSpinach/white ugali_1.jpg
3UgaliWChickenCabbage.jpg,green cabbage cooked,344565,1.0068376068376068,175.14618722156922,1.0,/home/aojwang/data/MergeDataset/cropped_images/3UgaliWChickenCabbage/green cabbage cooked_0.jpg
3UgaliWChickenCabbage.jpg,white ugali,976641,1.7224435590969456,185.26568309133037,131.0,/home/aojwang/data/MergeDataset/cropped_images/3UgaliWChickenCabbage/white ugali_1.jpg
3UgaliWChickenCabbage.jpg,chicken,851130,1.5755102040816327,128.50068262192613,0.0,/home/aojwang/data/MergeDataset/cropped_images/3UgaliWChickenCabbage/chicken_2.jpg
1750WhiteRiceWhiteChapatiBeefstew.JPG,beef stew,2005662,0.8925950633755837,95.33939051877468,35.4,/home/aojwang/data/MergeDataset/cropped_images/1750WhiteRiceWhiteChapatiBeefstew/beef stew_0.jpg
1750WhiteRiceWhiteChapatiBeefstew.JPG,white rice boiled,2720018,1.7520064205457464,185.35631345086688,4.8,/home/aojwang/data/MergeDataset/cropped_images/1750WhiteRiceWhiteChapatiBeefstew/white rice boiled_1.jpg
1Watermelon.jpg,water melon,9110205,1.6824237215298667,145.40643172500876,24.48,/home/aojwang/data/MergeDataset/cropped_images/1Watermelon/water melon_0.jpg
1756BrownUgali1CupWhiteRiceSpinach.JPG,brown ugali,1269696,1.072610294117647,96.14762825117194,2.93,/home/aojwang/data/MergeDataset/cropped_images/1756BrownUgali1CupWhiteRiceSpinach/brown ugali_0.jpg
1756BrownUgali1CupWhiteRiceSpinach.JPG,white rice boiled,1246350,1.1304761904761904,166.69872400743503,1.2,/home/aojwang/data/MergeDataset/cropped_images/1756BrownUgali1CupWhiteRiceSpinach/white rice boiled_1.jpg
1756BrownUgali1CupWhiteRiceSpinach.JPG,spinach cooked,1488744,1.3659003831417624,65.789173737504,1.1,/home/aojwang/data/MergeDataset/cropped_images/1756BrownUgali1CupWhiteRiceSpinach/spinach cooked_2.jpg
1139MincedMeatKalesSpaghetti.JPG,spaghetti,2688893,1.2062960482250502,163.77318014017914,11.0,/home/aojwang/data/MergeDataset/cropped_images/1139MincedMeatKalesSpaghetti/spaghetti_0.jpg
1139MincedMeatKalesSpaghetti.JPG,sukumawiki,1287850,0.8973288814691152,101.69523055221234,4.0,/home/aojwang/data/MergeDataset/cropped_images/1139MincedMeatKalesSpaghetti/sukumawiki_1.jpg
61Mango.jpg,mango,7125300,1.5062068965517241,102.24085764809902,1.23,/home/aojwang/data/MergeDataset/cropped_images/61Mango/mango_0.jpg
797BrownRiceEggyolkBeans.jpg,brown rice boiled,3090875,1.2619808306709266,121.40938331917877,16.0,/home/aojwang/data/MergeDataset/cropped_images/797BrownRiceEggyolkBeans/brown rice boiled_0.jpg
1462MokimoChickenthighCabbage.JPG,green cabbage cooked,1725150,1.3926325247079965,121.0808022490798,1.1,/home/aojwang/data/MergeDataset/cropped_images/1462MokimoChickenthighCabbage/green cabbage cooked_0.jpg
1462MokimoChickenthighCabbage.JPG,mukimo,1635349,1.2174288179465056,117.73491142665368,10.0,/home/aojwang/data/MergeDataset/cropped_images/1462MokimoChickenthighCabbage/mukimo_1.jpg
1462MokimoChickenthighCabbage.JPG,chicken thigh,1173690,1.2577639751552796,105.292127109089,19.44,/home/aojwang/data/MergeDataset/cropped_images/1462MokimoChickenthighCabbage/chicken thigh_2.jpg
1462MokimoChickenthighCabbage.JPG,chicken thigh,105860,1.0601265822784811,72.96556143333963,19.44,/home/aojwang/data/MergeDataset/cropped_images/1462MokimoChickenthighCabbage/chicken thigh_3.jpg
158BananaMango.jpg,mango,1857304,0.9057262569832403,121.22989415482513,2.05,/home/aojwang/data/MergeDataset/cropped_images/158BananaMango/mango_0.jpg
158BananaMango.jpg,mango,615328,0.6993603411513859,105.13399249397611,2.05,/home/aojwang/data/MergeDataset/cropped_images/158BananaMango/mango_1.jpg
158BananaMango.jpg,ripe banana,2340066,0.8689823278488726,168.34208963906715,3.5,/home/aojwang/data/MergeDataset/cropped_images/158BananaMango/ripe banana_2.jpg
158BananaMango.jpg,ripe banana,245208,0.6788685524126455,145.04831544375932,3.5,/home/aojwang/data/MergeDataset/cropped_images/158BananaMango/ripe banana_3.jpg
67Mango.jpg,mango,10491775,1.6613609231993633,127.42212294869076,3.69,/home/aojwang/data/MergeDataset/cropped_images/67Mango/mango_0.jpg
1Avocado.jpg,avocado,1542450,1.399047619047619,176.9143570294013,0.0,/home/aojwang/data/MergeDataset/cropped_images/1Avocado/avocado_0.jpg
2Liver.jpg,liver fry,1422551,1.5795574288724974,143.4320496535215,1.0,/home/aojwang/data/MergeDataset/cropped_images/2Liver/liver fry_0.jpg
519RoscocoBeansquotercup.jpg,rosecoco,1897992,1.2920792079207921,141.1691362942169,4.335,/home/aojwang/data/MergeDataset/cropped_images/519RoscocoBeansquotercup/rosecoco_0.jpg
3Chia.jpg,chia seeds,2294583,1.3514965464313125,122.41486550424776,67.0,/home/aojwang/data/MergeDataset/cropped_images/3Chia/chia seeds_0.jpg
3PlumTomato.jpg,plum tomato,2997592,1.3025708635464732,159.1696840886507,7.0,/home/aojwang/data/MergeDataset/cropped_images/3PlumTomato/plum tomato_0.jpg
175WatermelonBanana.jpg,ripe banana,1794723,1.1250989707046715,187.29793362726912,1.4,/home/aojwang/data/MergeDataset/cropped_images/175WatermelonBanana/ripe banana_0.jpg
175WatermelonBanana.jpg,water melon,1655368,1.2648601398601398,118.26426571010192,0.6,/home/aojwang/data/MergeDataset/cropped_images/175WatermelonBanana/water melon_1.jpg
2Tomato.jpg,tomato,1144892,1.5195852534562213,133.9761610702145,9.0,/home/aojwang/data/MergeDataset/cropped_images/2Tomato/tomato_0.jpg
3RiceWFrenchB.jpg,white rice boiled,1347583,0.8010794140323825,199.14318351201126,127.0,/home/aojwang/data/MergeDataset/cropped_images/3RiceWFrenchB/white rice boiled_0.jpg
3RiceWFrenchB.jpg,french beans,1064219,0.800520381613183,114.99546897771981,7.0,/home/aojwang/data/MergeDataset/cropped_images/3RiceWFrenchB/french beans_1.jpg
1711ChipsBeefstew.JPG,potato chips,2299568,0.880569306930693,148.8842672478773,7.2,/home/aojwang/data/MergeDataset/cropped_images/1711ChipsBeefstew/potato chips_0.jpg
1711ChipsBeefstew.JPG,beef stew,1396100,1.0556521739130436,96.64227275983096,17.7,/home/aojwang/data/MergeDataset/cropped_images/1711ChipsBeefstew/beef stew_1.jpg
590ButterBeans.jpg,butternut beans,2530465,1.3306744017403915,101.03747861888361,4.62,/home/aojwang/data/MergeDataset/cropped_images/590ButterBeans/butternut beans_0.jpg
1137MincedMeatKalesSpaghetti.JPG,spaghetti,3169239,1.258349086326402,157.64264134071303,11.0,/home/aojwang/data/MergeDataset/cropped_images/1137MincedMeatKalesSpaghetti/spaghetti_0.jpg
1137MincedMeatKalesSpaghetti.JPG,sukumawiki,1287060,0.9903508771929824,89.01014741607487,3.0,/home/aojwang/data/MergeDataset/cropped_images/1137MincedMeatKalesSpaghetti/sukumawiki_1.jpg
3CabbageRed.jpg,red cabbage cooked,3447322,1.3861762840837033,141.72996517296613,12.0,/home/aojwang/data/MergeDataset/cropped_images/3CabbageRed/red cabbage cooked_0.jpg
1450GitherihalfCup.JPG,githeri,3227092,1.3226632522407171,74.57205837329707,7.839,/home/aojwang/data/MergeDataset/cropped_images/1450GitherihalfCup/githeri_0.jpg
1629WholeFishKachumbarihalfCup.JPG,kachumbari,2840112,1.6702453987730062,101.62349090458405,1.43,/home/aojwang/data/MergeDataset/cropped_images/1629WholeFishKachumbarihalfCup/kachumbari_0.jpg
934Frenchfries(2).jpg,potato chips,3079320,1.3120104438642297,127.93008802809278,8.64,/home/aojwang/data/MergeDataset/cropped_images/934Frenchfries(2)/potato chips_0.jpg
1Cake.jpg,cake,1181256,0.8397976391231029,176.78914985405365,24.0,/home/aojwang/data/MergeDataset/cropped_images/1Cake/cake_0.jpg
1538NjahiquoterCup.JPG,black beans,2214477,1.4195356285028022,148.39157688248739,4.94,/home/aojwang/data/MergeDataset/cropped_images/1538NjahiquoterCup/black beans_0.jpg
344LettuceOnions.jpg,onions,2269566,0.8366727383120826,150.77367743436412,3.75,/home/aojwang/data/MergeDataset/cropped_images/344LettuceOnions/onions_0.jpg
344LettuceOnions.jpg,lettuce,3464060,1.036652078774617,174.3717145007111,3.0,/home/aojwang/data/MergeDataset/cropped_images/344LettuceOnions/lettuce_1.jpg
549Pigeonpea.jpg,mbaazi,5795304,1.2560521415270018,159.93222662118617,11.4,/home/aojwang/data/MergeDataset/cropped_images/549Pigeonpea/mbaazi_0.jpg
2PastaCarrot.jpg,carrot,527176,2.2785862785862787,155.23594270857043,4.0,/home/aojwang/data/MergeDataset/cropped_images/2PastaCarrot/carrot_0.jpg
2PastaCarrot.jpg,pasta,1665372,1.6229022704837117,172.65463912367127,135.0,/home/aojwang/data/MergeDataset/cropped_images/2PastaCarrot/pasta_1.jpg
2UgaliWChickenCabbage.jpg,chicken,1083360,1.3738738738738738,131.05789242110964,0.0,/home/aojwang/data/MergeDataset/cropped_images/2UgaliWChickenCabbage/chicken_0.jpg
2UgaliWChickenCabbage.jpg,green cabbage cooked,487800,1.355,162.17395448954488,2.0,/home/aojwang/data/MergeDataset/cropped_images/2UgaliWChickenCabbage/green cabbage cooked_1.jpg
2UgaliWChickenCabbage.jpg,white ugali,593684,0.6834763948497854,171.2018913540986,90.0,/home/aojwang/data/MergeDataset/cropped_images/2UgaliWChickenCabbage/white ugali_2.jpg
3UgaliBMatumboPumpkin.jpg,matumbo fry,967443,1.4077201447527141,93.91321624805458,4.0,/home/aojwang/data/MergeDataset/cropped_images/3UgaliBMatumboPumpkin/matumbo fry_0.jpg
3UgaliBMatumboPumpkin.jpg,brown ugali,385672,1.5613682092555332,152.20950963513036,111.0,/home/aojwang/data/MergeDataset/cropped_images/3UgaliBMatumboPumpkin/brown ugali_1.jpg
3UgaliBMatumboPumpkin.jpg,brown ugali,418584,0.9846625766871165,139.86776927291376,111.0,/home/aojwang/data/MergeDataset/cropped_images/3UgaliBMatumboPumpkin/brown ugali_3.jpg
1672WholeFishKachumbarihalfCupChips.jpg,kachumbari,1551040,1.1064189189189189,114.13793454714256,1.43,/home/aojwang/data/MergeDataset/cropped_images/1672WholeFishKachumbarihalfCupChips/kachumbari_0.jpg
1672WholeFishKachumbarihalfCupChips.jpg,potato chips,1658944,1.0,171.9124219985726,9.6,/home/aojwang/data/MergeDataset/cropped_images/1672WholeFishKachumbarihalfCupChips/potato chips_1.jpg
1Macadamia.jpg,macadamia,1012088,1.3433179723502304,155.448191922705,1.0,/home/aojwang/data/MergeDataset/cropped_images/1Macadamia/macadamia_0.jpg
1783FishwetfryWhiteUgalihalfCupSpinach.JPG,white ugali,888552,1.089700996677741,160.9006758561495,5.54,/home/aojwang/data/MergeDataset/cropped_images/1783FishwetfryWhiteUgalihalfCupSpinach/white ugali_0.jpg
1783FishwetfryWhiteUgalihalfCupSpinach.JPG,spinach cooked,1589976,0.9422632794457275,68.47953533051232,1.1,/home/aojwang/data/MergeDataset/cropped_images/1783FishwetfryWhiteUgalihalfCupSpinach/spinach cooked_1.jpg
712WhiteRice1cupPigeonpea1cup.jpg,mbaazi,3513044,1.8393632416787264,99.43130136333808,11.4,/home/aojwang/data/MergeDataset/cropped_images/712WhiteRice1cupPigeonpea1cup/mbaazi_0.jpg
712WhiteRice1cupPigeonpea1cup.jpg,white rice boiled,1719756,1.3808243727598566,164.78936508047266,4.32,/home/aojwang/data/MergeDataset/cropped_images/712WhiteRice1cupPigeonpea1cup/white rice boiled_1.jpg
1568BrownUgaliDrumstickSpinach.JPG,chicken drumstick,3828188,1.4622991347342398,78.65080111008132,52.39,/home/aojwang/data/MergeDataset/cropped_images/1568BrownUgaliDrumstickSpinach/chicken drumstick_0.jpg
1568BrownUgaliDrumstickSpinach.JPG,brown ugali,2067648,1.0196629213483146,118.00786255687622,2.9,/home/aojwang/data/MergeDataset/cropped_images/1568BrownUgaliDrumstickSpinach/brown ugali_1.jpg
1568BrownUgaliDrumstickSpinach.JPG,spinach cooked,3845400,1.0112820512820513,90.76194977548933,2.91,/home/aojwang/data/MergeDataset/cropped_images/1568BrownUgaliDrumstickSpinach/spinach cooked_2.jpg
3BreadChicken.jpg,brown bread,1716968,2.25802752293578,179.22540820019165,13.0,/home/aojwang/data/MergeDataset/cropped_images/3BreadChicken/brown bread_0.jpg
3BreadChicken.jpg,chicken,1650525,2.1073446327683616,149.13800134300703,0.0,/home/aojwang/data/MergeDataset/cropped_images/3BreadChicken/chicken_1.jpg
62Mango.jpg,mango,9492120,1.4736012608353033,104.29382533441775,1.64,/home/aojwang/data/MergeDataset/cropped_images/62Mango/mango_0.jpg
3RiceBChickenCabbage.jpg,chicken,1409008,1.2516493873704053,128.54491410505358,0.0,/home/aojwang/data/MergeDataset/cropped_images/3RiceBChickenCabbage/chicken_0.jpg
3RiceBChickenCabbage.jpg,brown rice boiled,566565,1.9794392523364486,174.90408926307367,74.0,/home/aojwang/data/MergeDataset/cropped_images/3RiceBChickenCabbage/brown rice boiled_1.jpg
3RiceBChickenCabbage.jpg,green cabbage cooked,810400,0.7897334649555775,181.07768509378084,6.0,/home/aojwang/data/MergeDataset/cropped_images/3RiceBChickenCabbage/green cabbage cooked_2.jpg
2Apple.jpg,apple,554278,1.0040376850605652,119.75267404924364,14.0,/home/aojwang/data/MergeDataset/cropped_images/2Apple/apple_0.jpg
2WMelon.jpg,water melon,1509966,1.889261744966443,146.89619589668465,7.0,/home/aojwang/data/MergeDataset/cropped_images/2WMelon/water melon_0.jpg
1008Kales.jpg,sukumawiki,3187232,1.1735436893203883,82.233212078694,2.06,/home/aojwang/data/MergeDataset/cropped_images/1008Kales/sukumawiki_0.jpg
601ButterBeanshalfcup.jpg,butternut beans,3088981,1.2021210230817219,123.40288194283703,5.775,/home/aojwang/data/MergeDataset/cropped_images/601ButterBeanshalfcup/butternut beans_0.jpg
1BreadBacon.jpg,brown bread,546345,1.3380281690140845,186.38341280082489,13.0,/home/aojwang/data/MergeDataset/cropped_images/1BreadBacon/brown bread_0.jpg
1BreadBacon.jpg,bacon,1059050,2.054317548746518,152.00673307838787,0.0,/home/aojwang/data/MergeDataset/cropped_images/1BreadBacon/bacon_1.jpg
455MangoCucumber.jpg,cucumber,4510960,1.1322645290581161,138.88401123781486,0.9,/home/aojwang/data/MergeDataset/cropped_images/455MangoCucumber/cucumber_0.jpg
455MangoCucumber.jpg,mango,3115081,0.9864940911648846,136.60708544443415,1.64,/home/aojwang/data/MergeDataset/cropped_images/455MangoCucumber/mango_1.jpg
732WhiteRice1cupRoscocoBeans1cup.jpg,white rice boiled,1511628,1.0106295993458707,163.96794714043403,4.8,/home/aojwang/data/MergeDataset/cropped_images/732WhiteRice1cupRoscocoBeans1cup/white rice boiled_0.jpg
732WhiteRice1cupRoscocoBeans1cup.jpg,rosecoco,3556074,1.6659822039698837,102.77162576856762,19.074,/home/aojwang/data/MergeDataset/cropped_images/732WhiteRice1cupRoscocoBeans1cup/rosecoco_1.jpg
507CarrotsPineappleRedCabbage.jpg,pineapple,990444,1.2039691289966923,123.22857896727797,0.2400861,/home/aojwang/data/MergeDataset/cropped_images/507CarrotsPineappleRedCabbage/pineapple_0.jpg
507CarrotsPineappleRedCabbage.jpg,red cabbage,2529840,1.632128514056225,88.20414940602305,1.3,/home/aojwang/data/MergeDataset/cropped_images/507CarrotsPineappleRedCabbage/red cabbage_1.jpg
507CarrotsPineappleRedCabbage.jpg,carrot,1488240,1.275925925925926,104.73579037431239,0.35,/home/aojwang/data/MergeDataset/cropped_images/507CarrotsPineappleRedCabbage/carrot_2.jpg
1361YellowMaizeboiled1Cup.JPG,boiled yellow maize,3319680,1.1761904761904762,130.74637394768973,5.597625,/home/aojwang/data/MergeDataset/cropped_images/1361YellowMaizeboiled1Cup/boiled yellow maize_0.jpg
1194MincedMeatSpaghettiCabbage.JPG,spaghetti,1965561,1.1401370906321402,161.9291332092975,6.6,/home/aojwang/data/MergeDataset/cropped_images/1194MincedMeatSpaghettiCabbage/spaghetti_0.jpg
1194MincedMeatSpaghettiCabbage.JPG,green cabbage cooked,1834982,1.4550311665182547,150.613217277699,1.2,/home/aojwang/data/MergeDataset/cropped_images/1194MincedMeatSpaghettiCabbage/green cabbage cooked_1.jpg
1194MincedMeatSpaghettiCabbage.JPG,mincemeat,2209488,1.0567081604426003,114.34790533674166,41.55,/home/aojwang/data/MergeDataset/cropped_images/1194MincedMeatSpaghettiCabbage/mincemeat_2.jpg
1ButternutChicken.jpg,butternut,788519,0.9888017917133258,136.25771055189117,11.0,/home/aojwang/data/MergeDataset/cropped_images/1ButternutChicken/butternut_0.jpg
1ButternutChicken.jpg,chicken,1023516,1.0833333333333333,125.75651870610719,0.0,/home/aojwang/data/MergeDataset/cropped_images/1ButternutChicken/chicken_1.jpg
219Cucumber.jpg,cucumber,3915100,2.2606382978723403,111.72045090376577,2.784,/home/aojwang/data/MergeDataset/cropped_images/219Cucumber/cucumber_0.jpg
1Kitojo.jpg,kitojo,1311035,1.3512690355329948,136.3570619141874,1.0,/home/aojwang/data/MergeDataset/cropped_images/1Kitojo/kitojo_0.jpg
1Orange2.jpg,orange,567508,1.2492581602373887,176.275005814896,31.0,/home/aojwang/data/MergeDataset/cropped_images/1Orange2/orange_0.jpg
1453MokimoChickenthigh.JPG,mukimo,1059850,0.9912959381044487,145.7806088911953,5.0,/home/aojwang/data/MergeDataset/cropped_images/1453MokimoChickenthigh/mukimo_0.jpg
1453MokimoChickenthigh.JPG,chicken thigh,1315116,1.0731707317073171,137.13238249198804,19.2,/home/aojwang/data/MergeDataset/cropped_images/1453MokimoChickenthigh/chicken thigh_1.jpg
756BrownRiceCowpeas.jpg,brown rice boiled,2225684,1.335398915569326,155.27112099770977,16.0,/home/aojwang/data/MergeDataset/cropped_images/756BrownRiceCowpeas/brown rice boiled_0.jpg
756BrownRiceCowpeas.jpg,cowpeas,1525875,1.7305644302449414,110.32141776576282,4.75,/home/aojwang/data/MergeDataset/cropped_images/756BrownRiceCowpeas/cowpeas_1.jpg
596ButterBeans.jpg,butternut beans,4949253,1.292284108329075,112.01028444763953,16.17,/home/aojwang/data/MergeDataset/cropped_images/596ButterBeans/butternut beans_0.jpg
414BananaCucumber.jpg,cucumber,3120783,1.0836770771950501,128.03799997201557,0.9,/home/aojwang/data/MergeDataset/cropped_images/414BananaCucumber/cucumber_0.jpg
1CarrotCabbage.jpg,carrot green cabbage,2203682,1.3160741885625966,185.82333113398394,6.0,/home/aojwang/data/MergeDataset/cropped_images/1CarrotCabbage/carrot green cabbage_0.jpg
1788FishwetfryBrownUgali1CupSpinach(2).JPG,brown ugali,548120,1.087323943661972,111.0544795543555,2.93,/home/aojwang/data/MergeDataset/cropped_images/1788FishwetfryBrownUgali1CupSpinach(2)/brown ugali_0.jpg
1788FishwetfryBrownUgali1CupSpinach(2).JPG,spinach cooked,1042647,1.1626187961985217,83.91937635652334,2.91,/home/aojwang/data/MergeDataset/cropped_images/1788FishwetfryBrownUgali1CupSpinach(2)/spinach cooked_1.jpg
1788FishwetfryBrownUgali1CupSpinach(2).JPG,fish fry,1530497,0.8959449120122418,103.90978899882413,55.34,/home/aojwang/data/MergeDataset/cropped_images/1788FishwetfryBrownUgali1CupSpinach(2)/fish fry_2.jpg
352TomatoCucumberCarrots.jpg,cucumber,2075922,1.9230028873917229,125.21685850110617,0.9,/home/aojwang/data/MergeDataset/cropped_images/352TomatoCucumberCarrots/cucumber_0.jpg
352TomatoCucumberCarrots.jpg,tomato,1948119,1.168861347792409,90.8405027276739,1.5,/home/aojwang/data/MergeDataset/cropped_images/352TomatoCucumberCarrots/tomato_1.jpg
352TomatoCucumberCarrots.jpg,carrot,1952880,1.2223101265822784,123.15415045129927,1.05,/home/aojwang/data/MergeDataset/cropped_images/352TomatoCucumberCarrots/carrot_2.jpg
21Pawpaw.jpg,pawpaw,5025195,2.218604651162791,108.47128300493812,0.941798,/home/aojwang/data/MergeDataset/cropped_images/21Pawpaw/pawpaw_0.jpg
1SugarWhite.jpg,white sugar,475566,1.5952380952380953,214.96453208737938,5.0,/home/aojwang/data/MergeDataset/cropped_images/1SugarWhite/white sugar_0.jpg
674BrownChapati.jpg,brown chapati,6526160,1.2125,140.91057778744826,12.41,/home/aojwang/data/MergeDataset/cropped_images/674BrownChapati/brown chapati_0.jpg
204AvocadoBanana.jpg,ripe banana,2511675,1.08,193.70912545081137,1.4,/home/aojwang/data/MergeDataset/cropped_images/204AvocadoBanana/ripe banana_0.jpg
204AvocadoBanana.jpg,avocado,2137869,1.0707714083510262,153.5540903893862,1.6,/home/aojwang/data/MergeDataset/cropped_images/204AvocadoBanana/avocado_1.jpg
2BeefFry.jpg,beef fry,2429416,1.1507226428079835,124.65998522553019,5.0,/home/aojwang/data/MergeDataset/cropped_images/2BeefFry/beef fry_0.jpg
1540NjahiWhiteRice.JPG,black beans,2596880,1.26993006993007,95.89800016429973,9.5,/home/aojwang/data/MergeDataset/cropped_images/1540NjahiWhiteRice/black beans_0.jpg
1540NjahiWhiteRice.JPG,white rice boiled,2784504,1.3280386740331491,133.6429390416869,1.2,/home/aojwang/data/MergeDataset/cropped_images/1540NjahiWhiteRice/white rice boiled_1.jpg
1286BeefstewBrownRiceSpinach.JPG,brown rice boiled,3061800,0.8101851851851852,145.99031680710692,20.0,/home/aojwang/data/MergeDataset/cropped_images/1286BeefstewBrownRiceSpinach/brown rice boiled_0.jpg
1286BeefstewBrownRiceSpinach.JPG,spinach cooked,2989415,1.385296119809394,98.93098538231281,6.57,/home/aojwang/data/MergeDataset/cropped_images/1286BeefstewBrownRiceSpinach/spinach cooked_2.jpg
2Flax.jpg,flax,1503755,1.3770334928229666,173.58185254025202,29.0,/home/aojwang/data/MergeDataset/cropped_images/2Flax/flax_0.jpg
3MatumboFried.jpg,matumbo fry,3164416,1.398936170212766,130.77226919595907,6.0,/home/aojwang/data/MergeDataset/cropped_images/3MatumboFried/matumbo fry_0.jpg
1600BrownUgaliquoterCupCabbage.JPG,green cabbage cooked,1668852,1.1066775244299674,118.35928610406036,0.5,/home/aojwang/data/MergeDataset/cropped_images/1600BrownUgaliquoterCupCabbage/green cabbage cooked_0.jpg
1600BrownUgaliquoterCupCabbage.JPG,brown ugali,568670,1.0671232876712329,70.21456439294025,0.6,/home/aojwang/data/MergeDataset/cropped_images/1600BrownUgaliquoterCupCabbage/brown ugali_1.jpg
1128Grilledchickenbreast.jpg,chicken breast grilled,8164863,1.2237708091366628,114.75254085708481,160.36,/home/aojwang/data/MergeDataset/cropped_images/1128Grilledchickenbreast/chicken breast grilled_0.jpg
1166ChickendrumstickPlantains.jpg,plantain,1494069,1.3629417382999045,104.8004599073626,0.65,/home/aojwang/data/MergeDataset/cropped_images/1166ChickendrumstickPlantains/plantain_0.jpg
817WhiteChapati1EggyolkBeans.jpg,white chapati,3492576,0.7597947761194029,154.77382243555093,11.31,/home/aojwang/data/MergeDataset/cropped_images/817WhiteChapati1EggyolkBeans/white chapati_0.jpg
1170MincedMeatWhiteChapatiCabbage.JPG,mincemeat,2328192,1.2296511627906976,111.53251893887331,83.1,/home/aojwang/data/MergeDataset/cropped_images/1170MincedMeatWhiteChapatiCabbage/mincemeat_0.jpg
1170MincedMeatWhiteChapatiCabbage.JPG,green cabbage cooked,1263652,1.2945344129554657,168.37993002292825,2.4,/home/aojwang/data/MergeDataset/cropped_images/1170MincedMeatWhiteChapatiCabbage/green cabbage cooked_1.jpg
1170MincedMeatWhiteChapatiCabbage.JPG,white chapati,3234069,0.7748409202153695,167.599247160981,24.96,/home/aojwang/data/MergeDataset/cropped_images/1170MincedMeatWhiteChapatiCabbage/white chapati_2.jpg
557Pigeonpeaquotercup.jpg,mbaazi,1812580,1.308411214953271,141.19397856462427,2.622,/home/aojwang/data/MergeDataset/cropped_images/557Pigeonpeaquotercup/mbaazi_0.jpg
1Blueberry.jpg,blueberry,980580,1.4199759326113117,116.0524135375662,6.0,/home/aojwang/data/MergeDataset/cropped_images/1Blueberry/blueberry_0.jpg
1477FriedGitheri.JPG,githeri,6002304,1.3456439393939394,92.23438766180453,31.05,/home/aojwang/data/MergeDataset/cropped_images/1477FriedGitheri/githeri_0.jpg
1261MincedMeatGreenBeansCabbage.JPG,green cabbage cooked,2116745,1.293979671618452,165.00724886559317,1.8,/home/aojwang/data/MergeDataset/cropped_images/1261MincedMeatGreenBeansCabbage/green cabbage cooked_0.jpg
1261MincedMeatGreenBeansCabbage.JPG,mincemeat,2123436,1.0413165266106443,115.48754000591494,41.55,/home/aojwang/data/MergeDataset/cropped_images/1261MincedMeatGreenBeansCabbage/mincemeat_1.jpg
508RoscocoBeans.jpg,rosecoco,2315615,1.3149962321024868,143.60532399959982,4.335,/home/aojwang/data/MergeDataset/cropped_images/508RoscocoBeans/rosecoco_0.jpg
2PastaBroccoli.jpg,broccoli,875874,1.2683513838748495,135.42663861088087,2.0,/home/aojwang/data/MergeDataset/cropped_images/2PastaBroccoli/broccoli_0.jpg
2PastaBroccoli.jpg,pasta,1323783,1.9169675090252707,167.05400834829678,45.0,/home/aojwang/data/MergeDataset/cropped_images/2PastaBroccoli/pasta_1.jpg
594ButterBeans.jpg,butternut beans,3716640,1.4481897627965044,119.75796651455795,6.93,/home/aojwang/data/MergeDataset/cropped_images/594ButterBeans/butternut beans_0.jpg
516RoscocoBeans.jpg,rosecoco,6851872,1.3953068592057762,121.0016858166644,43.35,/home/aojwang/data/MergeDataset/cropped_images/516RoscocoBeans/rosecoco_0.jpg
1120Chickenwings.jpg,chicken wing,6604476,1.5062082139446036,93.51715790927244,131.56,/home/aojwang/data/MergeDataset/cropped_images/1120Chickenwings/chicken wing_0.jpg
762BrownRiceCowpeas.jpg,brown rice boiled,2541980,1.38450184501845,143.75059533644378,24.0,/home/aojwang/data/MergeDataset/cropped_images/762BrownRiceCowpeas/brown rice boiled_0.jpg
762BrownRiceCowpeas.jpg,cowpeas,3375328,1.782703488372093,91.43937902726293,28.5,/home/aojwang/data/MergeDataset/cropped_images/762BrownRiceCowpeas/cowpeas_1.jpg
1173MincedMeatCabbageWhiteRice.JPG,mincemeat,1468581,1.4774322968906721,100.12032431306139,41.55,/home/aojwang/data/MergeDataset/cropped_images/1173MincedMeatCabbageWhiteRice/mincemeat_0.jpg
1173MincedMeatCabbageWhiteRice.JPG,white rice boiled,2341305,1.4539007092198581,186.64523275125055,3.9,/home/aojwang/data/MergeDataset/cropped_images/1173MincedMeatCabbageWhiteRice/white rice boiled_2.jpg
3UgaliWEggSukuma.jpg,sukumawiki,985270,1.3798816568047336,107.20333005166097,4.0,/home/aojwang/data/MergeDataset/cropped_images/3UgaliWEggSukuma/sukumawiki_0.jpg
3UgaliWEggSukuma.jpg,white ugali,1517903,0.7249481686247409,213.87289020883856,131.0,/home/aojwang/data/MergeDataset/cropped_images/3UgaliWEggSukuma/white ugali_1.jpg
3UgaliWEggSukuma.jpg,egg fry,1192399,1.5717566016073479,192.29054787868824,2.0,/home/aojwang/data/MergeDataset/cropped_images/3UgaliWEggSukuma/egg fry_2.jpg
645Arrowroots.jpg,arrowroots,3663891,1.2935234699940583,152.6609719921617,14.4,/home/aojwang/data/MergeDataset/cropped_images/645Arrowroots/arrowroots_0.jpg
1789FishwetfryBrownUgali1CupSpinach.JPG,brown ugali,1325946,0.9956672443674177,126.06164077069,2.93,/home/aojwang/data/MergeDataset/cropped_images/1789FishwetfryBrownUgali1CupSpinach/brown ugali_0.jpg
1789FishwetfryBrownUgali1CupSpinach.JPG,fish fry,3153647,1.0262407301768397,118.38030170571828,98.36,/home/aojwang/data/MergeDataset/cropped_images/1789FishwetfryBrownUgali1CupSpinach/fish fry_1.jpg
1789FishwetfryBrownUgali1CupSpinach.JPG,spinach cooked,2673762,0.8800917957544464,93.56890279189646,2.91,/home/aojwang/data/MergeDataset/cropped_images/1789FishwetfryBrownUgali1CupSpinach/spinach cooked_2.jpg
73Bananapeeled.jpg,ripe banana,2643820,1.4723880597014924,162.6268703366089,0.7,/home/aojwang/data/MergeDataset/cropped_images/73Bananapeeled/ripe banana_0.jpg
3PotatoSweetEggSpinach.jpg,sweet potato,970011,1.511860174781523,165.24741678187155,62.0,/home/aojwang/data/MergeDataset/cropped_images/3PotatoSweetEggSpinach/sweet potato_0.jpg
3PotatoSweetEggSpinach.jpg,sweet potato,322278,1.2198443579766538,166.66111762722454,62.0,/home/aojwang/data/MergeDataset/cropped_images/3PotatoSweetEggSpinach/sweet potato_1.jpg
3PotatoSweetEggSpinach.jpg,spinach cooked,1517454,1.6160990712074303,128.31344849113492,4.0,/home/aojwang/data/MergeDataset/cropped_images/3PotatoSweetEggSpinach/spinach cooked_2.jpg
3PotatoSweetEggSpinach.jpg,boiled egg,639808,1.081924577373212,186.45166101913907,2.0,/home/aojwang/data/MergeDataset/cropped_images/3PotatoSweetEggSpinach/boiled egg_3.jpg
1EnergyDrinkRB.jpg,energy drink,1012864,0.5884146341463414,165.36307309438055,11.0,/home/aojwang/data/MergeDataset/cropped_images/1EnergyDrinkRB/energy drink_0.jpg
34Pineapple.jpg,pineapple,7094724,0.588879285508499,137.59922124290293,13.07989,/home/aojwang/data/MergeDataset/cropped_images/34Pineapple/pineapple_0.jpg
1707BeefSausageChipsKachumbari1Cup.JPG,kachumbari,1326060,1.180188679245283,110.06391163798521,1.99,/home/aojwang/data/MergeDataset/cropped_images/1707BeefSausageChipsKachumbari1Cup/kachumbari_0.jpg
1707BeefSausageChipsKachumbari1Cup.JPG,potato chips,2042052,1.125463994060876,156.76218072148342,7.2,/home/aojwang/data/MergeDataset/cropped_images/1707BeefSausageChipsKachumbari1Cup/potato chips_1.jpg
3PorkFried.jpg,pork fry,1800720,1.2098360655737705,167.27359796822012,0.0,/home/aojwang/data/MergeDataset/cropped_images/3PorkFried/pork fry_0.jpg
1MaizeZucciniCarrot.jpg,maize,292584,0.8578767123287672,180.55675748958703,18.0,/home/aojwang/data/MergeDataset/cropped_images/1MaizeZucciniCarrot/maize_0.jpg
1MaizeZucciniCarrot.jpg,carrot,537423,2.158316633266533,155.3017381094594,4.0,/home/aojwang/data/MergeDataset/cropped_images/1MaizeZucciniCarrot/carrot_1.jpg
1MaizeZucciniCarrot.jpg,zucchini,903408,2.1448382126348227,154.80017961614982,3.0,/home/aojwang/data/MergeDataset/cropped_images/1MaizeZucciniCarrot/zucchini_2.jpg
1005Kales.jpg,sukumawiki,1768635,1.2468513853904282,82.83364798276637,0.8,/home/aojwang/data/MergeDataset/cropped_images/1005Kales/sukumawiki_0.jpg
1211MincedMeatRoscocoBeansSpinach.JPG,rosecoco,1985818,1.2082683307332294,106.17472312836993,8.67,/home/aojwang/data/MergeDataset/cropped_images/1211MincedMeatRoscocoBeansSpinach/rosecoco_0.jpg
1211MincedMeatRoscocoBeansSpinach.JPG,spinach cooked,1951425,1.271186440677966,95.1366826806052,2.91,/home/aojwang/data/MergeDataset/cropped_images/1211MincedMeatRoscocoBeansSpinach/spinach cooked_1.jpg
1211MincedMeatRoscocoBeansSpinach.JPG,mincemeat,1653700,1.2504347826086957,130.47938219346517,41.55,/home/aojwang/data/MergeDataset/cropped_images/1211MincedMeatRoscocoBeansSpinach/mincemeat_2.jpg
648Arrowroots.jpg,arrowroots,2754582,1.4318673395818313,154.68710957476185,4.2,/home/aojwang/data/MergeDataset/cropped_images/648Arrowroots/arrowroots_0.jpg
1293BeefstewSpaghettiSpinach.JPG,spaghetti,1628425,1.0781122864117167,179.74278500186784,6.6,/home/aojwang/data/MergeDataset/cropped_images/1293BeefstewSpaghettiSpinach/spaghetti_0.jpg
1293BeefstewSpaghettiSpinach.JPG,spinach cooked,2014428,1.0336676217765044,83.79138345972157,3.29,/home/aojwang/data/MergeDataset/cropped_images/1293BeefstewSpaghettiSpinach/spinach cooked_1.jpg
1249MincedMeatRoscocoBeansCabbage.JPG,green cabbage cooked,2423203,1.1800418702023727,146.67029423453172,1.8,/home/aojwang/data/MergeDataset/cropped_images/1249MincedMeatRoscocoBeansCabbage/green cabbage cooked_0.jpg
1249MincedMeatRoscocoBeansCabbage.JPG,rosecoco,2649108,1.5296352583586625,82.16190518972172,13.005,/home/aojwang/data/MergeDataset/cropped_images/1249MincedMeatRoscocoBeansCabbage/rosecoco_1.jpg
1350ChickenWetfryWhiteChapatiSpinach.JPG,chicken wing,2985712,1.2787958115183247,104.75338132635252,137.21,/home/aojwang/data/MergeDataset/cropped_images/1350ChickenWetfryWhiteChapatiSpinach/chicken wing_0.jpg
1350ChickenWetfryWhiteChapatiSpinach.JPG,spinach cooked,1987384,1.1979813664596273,87.20143515294478,3.29,/home/aojwang/data/MergeDataset/cropped_images/1350ChickenWetfryWhiteChapatiSpinach/spinach cooked_1.jpg
909SweetPotatoroundcut.jpg,sweet potato,6727576,1.1355792933442892,130.38705942031226,6.85,/home/aojwang/data/MergeDataset/cropped_images/909SweetPotatoroundcut/sweet potato_0.jpg
367CabbageCarrotsgratedOnions.jpg,carrot,2061640,1.2293436293436293,135.53736960219373,1.05,/home/aojwang/data/MergeDataset/cropped_images/367CabbageCarrotsgratedOnions/carrot_0.jpg
367CabbageCarrotsgratedOnions.jpg,onions,1574604,1.198952879581152,135.3121343525102,2.25,/home/aojwang/data/MergeDataset/cropped_images/367CabbageCarrotsgratedOnions/onions_1.jpg
367CabbageCarrotsgratedOnions.jpg,green cabbage,1653213,1.5081184336198663,197.52403955207222,1.65,/home/aojwang/data/MergeDataset/cropped_images/367CabbageCarrotsgratedOnions/green cabbage_2.jpg
1BeerWCap.jpg,white cap beer,787191,0.7551420176297747,146.31364095033268,10.5,/home/aojwang/data/MergeDataset/cropped_images/1BeerWCap/white cap beer_0.jpg
3UgaliWFishSpinach.jpg,white ugali,800856,1.7268722466960353,194.8873189021081,90.0,/home/aojwang/data/MergeDataset/cropped_images/3UgaliWFishSpinach/white ugali_0.jpg
3UgaliWFishSpinach.jpg,spinach cooked,853320,1.4025641025641025,101.38732558321223,4.0,/home/aojwang/data/MergeDataset/cropped_images/3UgaliWFishSpinach/spinach cooked_1.jpg
3UgaliWFishSpinach.jpg,fish fry,1923760,1.5557553956834533,134.58301624596277,0.0,/home/aojwang/data/MergeDataset/cropped_images/3UgaliWFishSpinach/fish fry_2.jpg
1267MincedMeatGreenGramsCabbage.JPG,ndengu,2646042,1.1666666666666667,120.08309051783759,6.0,/home/aojwang/data/MergeDataset/cropped_images/1267MincedMeatGreenGramsCabbage/ndengu_0.jpg
1267MincedMeatGreenGramsCabbage.JPG,green cabbage cooked,2225834,1.0572019297036526,173.55340664817473,1.2,/home/aojwang/data/MergeDataset/cropped_images/1267MincedMeatGreenGramsCabbage/green cabbage cooked_1.jpg
1267MincedMeatGreenGramsCabbage.JPG,mincemeat,1570569,1.5674325674325675,121.87517899563788,27.7,/home/aojwang/data/MergeDataset/cropped_images/1267MincedMeatGreenGramsCabbage/mincemeat_2.jpg
2UgaliWEggSukuma.jpg,white ugali,989604,0.786096256684492,207.5923429978052,90.0,/home/aojwang/data/MergeDataset/cropped_images/2UgaliWEggSukuma/white ugali_0.jpg
2UgaliWEggSukuma.jpg,egg fry,839496,1.318295739348371,184.40516373316052,1.0,/home/aojwang/data/MergeDataset/cropped_images/2UgaliWEggSukuma/egg fry_1.jpg
2UgaliWEggSukuma.jpg,sukumawiki,1139126,1.218200620475698,107.79645184114838,4.0,/home/aojwang/data/MergeDataset/cropped_images/2UgaliWEggSukuma/sukumawiki_2.jpg
2SpaghettiMincedCarrot.jpg,spaghetti,1036728,1.6527777777777777,188.10360898261968,50.0,/home/aojwang/data/MergeDataset/cropped_images/2SpaghettiMincedCarrot/spaghetti_1.jpg
2SpaghettiMincedCarrot.jpg,carrot,684735,0.7507853403141361,146.69917364625243,7.0,/home/aojwang/data/MergeDataset/cropped_images/2SpaghettiMincedCarrot/carrot_2.jpg
1144MincedMeatBrownChapatihalfKales.JPG,sukumawiki,2085680,1.3564516129032258,72.60011618912456,2.0,/home/aojwang/data/MergeDataset/cropped_images/1144MincedMeatBrownChapatihalfKales/sukumawiki_0.jpg
1144MincedMeatBrownChapatihalfKales.JPG,mincemeat,1556998,1.3299445471349354,110.83443866551745,27.7,/home/aojwang/data/MergeDataset/cropped_images/1144MincedMeatBrownChapatihalfKales/mincemeat_1.jpg
79Bananapeeled.jpg,ripe banana,8427240,1.6,143.54025446053512,6.3,/home/aojwang/data/MergeDataset/cropped_images/79Bananapeeled/ripe banana_0.jpg
379CucumberCarrotsgrated.jpg,cucumber,2325336,0.9779507133592736,127.20365099925344,1.2,/home/aojwang/data/MergeDataset/cropped_images/379CucumberCarrotsgrated/cucumber_0.jpg
379CucumberCarrotsgrated.jpg,carrot,2549556,0.9398907103825137,120.42697133670856,1.4,/home/aojwang/data/MergeDataset/cropped_images/379CucumberCarrotsgrated/carrot_1.jpg
1534Njahi.JPG,black beans,5602212,1.3099613152804641,119.5594616317031,47.5,/home/aojwang/data/MergeDataset/cropped_images/1534Njahi/black beans_0.jpg
231Cucumber.jpg,cucumber,5119908,1.298086606243706,173.0930291455758,3.0,/home/aojwang/data/MergeDataset/cropped_images/231Cucumber/cucumber_0.jpg
1181MincedMeatCabbageBrownRice.JPG,green cabbage cooked,1310040,1.1231481481481482,158.81027678544166,0.5,/home/aojwang/data/MergeDataset/cropped_images/1181MincedMeatCabbageBrownRice/green cabbage cooked_0.jpg
1181MincedMeatCabbageBrownRice.JPG,mincemeat,974820,1.1417748917748918,101.78089048918433,13.85,/home/aojwang/data/MergeDataset/cropped_images/1181MincedMeatCabbageBrownRice/mincemeat_1.jpg
1181MincedMeatCabbageBrownRice.JPG,brown rice boiled,887485,1.0932297447280799,146.47899476235278,4.0,/home/aojwang/data/MergeDataset/cropped_images/1181MincedMeatCabbageBrownRice/brown rice boiled_2.jpg
476GrapesCucumber.jpg,cucumber,837329,1.6657263751763047,145.133184606449,0.3,/home/aojwang/data/MergeDataset/cropped_images/476GrapesCucumber/cucumber_0.jpg
476GrapesCucumber.jpg,red grapes,1879200,1.6111111111111112,97.71586011778062,1.180098,/home/aojwang/data/MergeDataset/cropped_images/476GrapesCucumber/red grapes_1.jpg
2FishFillet.jpg,fish fillet,1087136,0.6614664586583463,145.79847722210775,0.0,/home/aojwang/data/MergeDataset/cropped_images/2FishFillet/fish fillet_0.jpg
127Grapesquotercup.jpg,red grapes,1455510,1.412807881773399,117.40432288338795,0.82606879,/home/aojwang/data/MergeDataset/cropped_images/127Grapesquotercup/red grapes_0.jpg
1014Kales1cup.jpg,sukumawiki,2684064,1.1436031331592689,81.51866758765811,2.4,/home/aojwang/data/MergeDataset/cropped_images/1014Kales1cup/sukumawiki_0.jpg
1RiceBLiver.jpg,liver fry,521472,1.5395189003436427,168.8724571980854,1.0,/home/aojwang/data/MergeDataset/cropped_images/1RiceBLiver/liver fry_0.jpg
1RiceBLiver.jpg,brown rice boiled,1204224,0.8707482993197279,199.93210703877907,25.0,/home/aojwang/data/MergeDataset/cropped_images/1RiceBLiver/brown rice boiled_1.jpg
724WhiteRicequotercupRoscocoBeanshalfcup.jpg,rosecoco,3299065,1.6020905923344948,117.72444778545841,10.404,/home/aojwang/data/MergeDataset/cropped_images/724WhiteRicequotercupRoscocoBeanshalfcup/rosecoco_0.jpg
724WhiteRicequotercupRoscocoBeanshalfcup.jpg,white rice boiled,593652,1.1079234972677596,168.55152120546492,1.2,/home/aojwang/data/MergeDataset/cropped_images/724WhiteRicequotercupRoscocoBeanshalfcup/white rice boiled_1.jpg
1TeaWhite.jpg,white tea,898460,0.7760223048327137,188.80667920664249,15.2,/home/aojwang/data/MergeDataset/cropped_images/1TeaWhite/white tea_0.jpg
1141FriedEggs.jpg,egg fry,9861668,1.2542796005706134,157.7206571613105,30.0,/home/aojwang/data/MergeDataset/cropped_images/1141FriedEggs/egg fry_0.jpg
469GrapesShreddedCarrots.jpg,red grapes,1984313,1.492627927146574,84.63318639750887,1.180098,/home/aojwang/data/MergeDataset/cropped_images/469GrapesShreddedCarrots/red grapes_0.jpg
469GrapesShreddedCarrots.jpg,carrot,2141121,1.6105810928013877,110.48959711602785,0.7,/home/aojwang/data/MergeDataset/cropped_images/469GrapesShreddedCarrots/carrot_1.jpg
2RiceBLiver.jpg,liver fry,777553,1.2427307206068268,139.03646525274377,1.0,/home/aojwang/data/MergeDataset/cropped_images/2RiceBLiver/liver fry_0.jpg
2RiceBLiver.jpg,brown rice boiled,1487360,1.8526785714285714,186.7629031752008,49.0,/home/aojwang/data/MergeDataset/cropped_images/2RiceBLiver/brown rice boiled_1.jpg
895WhiteChapati3Greengrams.jpg,ndengu,1034369,1.843791722296395,86.29059520022996,3.7,/home/aojwang/data/MergeDataset/cropped_images/895WhiteChapati3Greengrams/ndengu_0.jpg
895WhiteChapati3Greengrams.jpg,white chapati,4865824,1.6916273584905661,109.81193784786845,33.54,/home/aojwang/data/MergeDataset/cropped_images/895WhiteChapati3Greengrams/white chapati_1.jpg
1478FriedGitheri.JPG,githeri,6404714,1.314907113729044,102.165178804237,34.5,/home/aojwang/data/MergeDataset/cropped_images/1478FriedGitheri/githeri_0.jpg
1075Beefstewonecup.jpg,beef stew,4089288,1.4368701837581506,122.17881539932299,43.39,/home/aojwang/data/MergeDataset/cropped_images/1075Beefstewonecup/beef stew_0.jpg
1151MincedMeatBrownChapatiKales.JPG,sukumawiki,1904536,0.844207723035952,83.834187259609,4.0,/home/aojwang/data/MergeDataset/cropped_images/1151MincedMeatBrownChapatiKales/sukumawiki_0.jpg
1151MincedMeatBrownChapatiKales.JPG,mincemeat,1631000,1.8776824034334765,126.17713938279174,83.1,/home/aojwang/data/MergeDataset/cropped_images/1151MincedMeatBrownChapatiKales/mincemeat_1.jpg
1292BeefstewSpaghettiSpinach.JPG,spaghetti,1765656,1.1613949716139498,169.85016447144858,6.6,/home/aojwang/data/MergeDataset/cropped_images/1292BeefstewSpaghettiSpinach/spaghetti_0.jpg
1292BeefstewSpaghettiSpinach.JPG,spinach cooked,2224693,1.0925017519271198,78.33894054895065,3.29,/home/aojwang/data/MergeDataset/cropped_images/1292BeefstewSpaghettiSpinach/spinach cooked_1.jpg
3RiceWBeanTerere.jpg,white rice boiled,969238,1.0030518819938963,195.28470337866793,56.0,/home/aojwang/data/MergeDataset/cropped_images/3RiceWBeanTerere/white rice boiled_0.jpg
3RiceWBeanTerere.jpg,terere,976860,1.8381344307270233,113.62513359130274,3.0,/home/aojwang/data/MergeDataset/cropped_images/3RiceWBeanTerere/terere_1.jpg
3RiceWBeanTerere.jpg,rosecoco,1469640,1.8637387387387387,120.5168181776943,86.0,/home/aojwang/data/MergeDataset/cropped_images/3RiceWBeanTerere/rosecoco_2.jpg
3PeasBoiled.jpg,boiled peas,3469680,1.389873417721519,142.49651735414602,39.0,/home/aojwang/data/MergeDataset/cropped_images/3PeasBoiled/boiled peas_0.jpg
3SpaghettiMinced.jpg,spaghetti,1667190,1.911134903640257,187.21306909630377,74.0,/home/aojwang/data/MergeDataset/cropped_images/3SpaghettiMinced/spaghetti_0.jpg
3SpaghettiMinced.jpg,mincemeat,1382985,1.1534246575342466,136.2796752435252,0.0,/home/aojwang/data/MergeDataset/cropped_images/3SpaghettiMinced/mincemeat_1.jpg
1703BeefSausageChipsKachumbarihalfCup.JPG,kachumbari,1266408,1.3079268292682926,105.10434841430776,1.43,/home/aojwang/data/MergeDataset/cropped_images/1703BeefSausageChipsKachumbarihalfCup/kachumbari_0.jpg
1703BeefSausageChipsKachumbarihalfCup.JPG,potato chips,1806576,1.186385737439222,148.38853942485676,7.2,/home/aojwang/data/MergeDataset/cropped_images/1703BeefSausageChipsKachumbarihalfCup/potato chips_1.jpg
1358YellowMaizeboiled.JPG,boiled yellow maize,7722853,1.3003693065244153,149.26267494668096,12.65,/home/aojwang/data/MergeDataset/cropped_images/1358YellowMaizeboiled/boiled yellow maize_0.jpg
1Guava.jpg,guava,508158,1.188073394495413,149.34428268373222,0.0,/home/aojwang/data/MergeDataset/cropped_images/1Guava/guava_0.jpg
1Liver.jpg,liver fry,787152,1.5483870967741935,149.0773476194348,1.0,/home/aojwang/data/MergeDataset/cropped_images/1Liver/liver fry_0.jpg
1278BeefstewBrownRiceSpinach.JPG,spinach cooked,1630192,1.3183453237410072,82.14435191273994,2.91,/home/aojwang/data/MergeDataset/cropped_images/1278BeefstewBrownRiceSpinach/spinach cooked_0.jpg
1278BeefstewBrownRiceSpinach.JPG,brown rice boiled,1991093,0.9004707464694015,162.0030822266966,8.0,/home/aojwang/data/MergeDataset/cropped_images/1278BeefstewBrownRiceSpinach/brown rice boiled_1.jpg
309CabbageCucumber.jpg,green cabbage,1256736,1.2874493927125505,182.26708234665037,0.55,/home/aojwang/data/MergeDataset/cropped_images/309CabbageCucumber/green cabbage_0.jpg
309CabbageCucumber.jpg,cucumber,1055756,1.0009737098344693,135.00743100994296,0.3,/home/aojwang/data/MergeDataset/cropped_images/309CabbageCucumber/cucumber_1.jpg
1LettuceRedpepper.jpg,lettuce red bell pepper,2612520,1.3029661016949152,148.24193154502166,8.0,/home/aojwang/data/MergeDataset/cropped_images/1LettuceRedpepper/lettuce red bell pepper_0.jpg
1597WhiteUgalihalfCupSpinach.JPG,spinach cooked,4889780,1.4210242587601079,110.92994401929467,3.29,/home/aojwang/data/MergeDataset/cropped_images/1597WhiteUgalihalfCupSpinach/spinach cooked_0.jpg
1597WhiteUgalihalfCupSpinach.JPG,white ugali,1167472,1.0629770992366412,190.42861698895848,5.03,/home/aojwang/data/MergeDataset/cropped_images/1597WhiteUgalihalfCupSpinach/white ugali_1.jpg
564WhiteRice.jpg,white rice boiled,2841615,1.3422680412371133,169.5203542117188,4.8,/home/aojwang/data/MergeDataset/cropped_images/564WhiteRice/white rice boiled_0.jpg
1696BeefSausageChipsKachumbarithirdCup.JPG,kachumbari,906656,1.052801724137931,107.02959814233108,0.92,/home/aojwang/data/MergeDataset/cropped_images/1696BeefSausageChipsKachumbarithirdCup/kachumbari_0.jpg
1696BeefSausageChipsKachumbarithirdCup.JPG,potato chips,1850810,1.2075928917609047,166.77120540015812,7.2,/home/aojwang/data/MergeDataset/cropped_images/1696BeefSausageChipsKachumbarithirdCup/potato chips_1.jpg
894WhiteChapati2Greengrams.jpg,white chapati,4421641,1.662170447578173,122.88265480319788,24.57,/home/aojwang/data/MergeDataset/cropped_images/894WhiteChapati2Greengrams/white chapati_0.jpg
894WhiteChapati2Greengrams.jpg,ndengu,1357902,2.0244200244200243,92.42953541566328,3.7,/home/aojwang/data/MergeDataset/cropped_images/894WhiteChapati2Greengrams/ndengu_1.jpg
1550NjahiWhiteRiceSpinach.JPG,black beans,2212995,1.845662100456621,97.62144695311106,9.5,/home/aojwang/data/MergeDataset/cropped_images/1550NjahiWhiteRiceSpinach/black beans_0.jpg
1550NjahiWhiteRiceSpinach.JPG,white rice boiled,3060225,1.0907462686567164,150.78257415712898,2.4,/home/aojwang/data/MergeDataset/cropped_images/1550NjahiWhiteRiceSpinach/white rice boiled_1.jpg
1550NjahiWhiteRiceSpinach.JPG,spinach cooked,2157259,1.2513328255902514,81.09801002104986,2.91,/home/aojwang/data/MergeDataset/cropped_images/1550NjahiWhiteRiceSpinach/spinach cooked_2.jpg
915Mandazi.jpg,mandazi,738215,1.2354463130659767,102.16436855568274,2.11,/home/aojwang/data/MergeDataset/cropped_images/915Mandazi/mandazi_0.jpg
1692BeefSausageChipsKachumbarithirdCup.JPG,kachumbari,880425,0.9261538461538461,98.32932087722786,0.92,/home/aojwang/data/MergeDataset/cropped_images/1692BeefSausageChipsKachumbarithirdCup/kachumbari_0.jpg
1692BeefSausageChipsKachumbarithirdCup.JPG,sausage,1057740,0.9836065573770492,98.95291628062347,10.28,/home/aojwang/data/MergeDataset/cropped_images/1692BeefSausageChipsKachumbarithirdCup/sausage_1.jpg
1692BeefSausageChipsKachumbarithirdCup.JPG,potato chips,1418162,1.3061420345489443,156.52841353808662,4.8,/home/aojwang/data/MergeDataset/cropped_images/1692BeefSausageChipsKachumbarithirdCup/potato chips_2.jpg
2Broccoli.jpg,broccoli,2097784,1.4665551839464883,154.29181380606076,4.0,/home/aojwang/data/MergeDataset/cropped_images/2Broccoli/broccoli_0.jpg
3Avocado.jpg,avocado,1893562,1.7608486017357763,129.24851734456016,0.0,/home/aojwang/data/MergeDataset/cropped_images/3Avocado/avocado_0.jpg
236Zucchini1cup.jpg,zucchini,5186124,1.259733859043864,177.00011427930892,1.8,/home/aojwang/data/MergeDataset/cropped_images/236Zucchini1cup/zucchini_0.jpg
972MashedIrishpotato1cup.jpg,irish potato mashed,2243976,1.0761772853185596,133.02956448732073,16.71,/home/aojwang/data/MergeDataset/cropped_images/972MashedIrishpotato1cup/irish potato mashed_0.jpg
844WhiteChapatiquoterMonkeynutBeans.jpg,white chapati,2631760,1.4656716417910447,153.2532339575037,3.12,/home/aojwang/data/MergeDataset/cropped_images/844WhiteChapatiquoterMonkeynutBeans/white chapati_0.jpg
844WhiteChapatiquoterMonkeynutBeans.jpg,monkeynut beans,2793091,1.6968043647700701,81.6222498061586,23.4,/home/aojwang/data/MergeDataset/cropped_images/844WhiteChapatiquoterMonkeynutBeans/monkeynut beans_1.jpg
2CabbageRed.jpg,red cabbage cooked,2059782,1.2851500789889416,136.95863623755653,8.0,/home/aojwang/data/MergeDataset/cropped_images/2CabbageRed/red cabbage cooked_0.jpg
3Cashewnut.jpg,cashewnut,2521400,1.2864285714285715,171.71053792866397,32.0,/home/aojwang/data/MergeDataset/cropped_images/3Cashewnut/cashewnut_0.jpg
2Pumpkin.jpg,pumpkin,1182194,0.9612263300270514,162.48069549780607,22.0,/home/aojwang/data/MergeDataset/cropped_images/2Pumpkin/pumpkin_0.jpg
381LettuceCarrotsgrated.jpg,carrot,1386210,1.0913930789707187,107.17726510894212,0.35,/home/aojwang/data/MergeDataset/cropped_images/381LettuceCarrotsgrated/carrot_0.jpg
381LettuceCarrotsgrated.jpg,lettuce,2220504,1.3261205564142196,161.24804443795944,0.6,/home/aojwang/data/MergeDataset/cropped_images/381LettuceCarrotsgrated/lettuce_1.jpg
392BananaCabbage.jpg,green cabbage,3347008,1.1105990783410138,181.34868734503573,1.1,/home/aojwang/data/MergeDataset/cropped_images/392BananaCabbage/green cabbage_0.jpg
1757BrownUgalihalfCupWhiteRiceSpinach.JPG,brown ugali,848320,1.0954545454545455,101.9003284923928,1.9,/home/aojwang/data/MergeDataset/cropped_images/1757BrownUgalihalfCupWhiteRiceSpinach/brown ugali_0.jpg
1757BrownUgalihalfCupWhiteRiceSpinach.JPG,white rice boiled,1224482,1.1255992329817832,188.68732492596868,1.2,/home/aojwang/data/MergeDataset/cropped_images/1757BrownUgalihalfCupWhiteRiceSpinach/white rice boiled_1.jpg
1757BrownUgalihalfCupWhiteRiceSpinach.JPG,spinach cooked,1367541,1.2915451895043732,79.97959646791821,1.1,/home/aojwang/data/MergeDataset/cropped_images/1757BrownUgalihalfCupWhiteRiceSpinach/spinach cooked_2.jpg
1137FriedEggs.jpg,egg fry,2405308,1.234240687679083,144.18672591341038,13.1,/home/aojwang/data/MergeDataset/cropped_images/1137FriedEggs/egg fry_0.jpg
1137FriedEggs.jpg,egg fry,2056700,1.1984732824427482,151.2043206755158,13.1,/home/aojwang/data/MergeDataset/cropped_images/1137FriedEggs/egg fry_1.jpg
1115PlantainsFriedEggs.jpg,egg fry,3949257,0.734368262181975,154.04024900548805,20.6,/home/aojwang/data/MergeDataset/cropped_images/1115PlantainsFriedEggs/egg fry_0.jpg
1115PlantainsFriedEggs.jpg,egg fry,1420164,0.9296116504854369,150.7659772627199,20.6,/home/aojwang/data/MergeDataset/cropped_images/1115PlantainsFriedEggs/egg fry_1.jpg
1115PlantainsFriedEggs.jpg,plantain,2099660,0.9135883905013192,103.34421112624584,2.6,/home/aojwang/data/MergeDataset/cropped_images/1115PlantainsFriedEggs/plantain_2.jpg
1093WhiteChapatiFriedEggs.jpg,egg fry,1193640,1.1586206896551725,164.51991275984943,9.6,/home/aojwang/data/MergeDataset/cropped_images/1093WhiteChapatiFriedEggs/egg fry_0.jpg
1CassavaEggSukuma.jpg,boiled egg,289676,1.0671785028790788,195.34027787367035,1.0,/home/aojwang/data/MergeDataset/cropped_images/1CassavaEggSukuma/boiled egg_0.jpg
1CassavaEggSukuma.jpg,boiled egg,241224,1.1600877192982457,196.4822930830542,1.0,/home/aojwang/data/MergeDataset/cropped_images/1CassavaEggSukuma/boiled egg_1.jpg
1CassavaEggSukuma.jpg,sukumawiki,1241253,1.4444444444444444,137.94258382457082,2.0,/home/aojwang/data/MergeDataset/cropped_images/1CassavaEggSukuma/sukumawiki_2.jpg
146ApplePineapple.jpg,pineapple,1490076,1.5771604938271604,150.9424286635939,0.72025,/home/aojwang/data/MergeDataset/cropped_images/146ApplePineapple/pineapple_0.jpg
146ApplePineapple.jpg,apple,2195919,1.1995565410199556,131.5149880300685,0.45,/home/aojwang/data/MergeDataset/cropped_images/146ApplePineapple/apple_1.jpg
855WhiteChapati1MonkeynutBeans.jpg,white chapati,2502500,1.3236363636363637,136.42300166500166,11.31,/home/aojwang/data/MergeDataset/cropped_images/855WhiteChapati1MonkeynutBeans/white chapati_0.jpg
512RoscocoBeans.jpg,rosecoco,5937479,1.2123813827383643,139.44079398007133,21.675,/home/aojwang/data/MergeDataset/cropped_images/512RoscocoBeans/rosecoco_0.jpg
1115Chickenwings.jpg,chicken wing,1058292,1.1579497907949792,96.84692788001799,32.91,/home/aojwang/data/MergeDataset/cropped_images/1115Chickenwings/chicken wing_0.jpg
250Tomatoslices.jpg,tomato,3914892,1.3772241992882561,143.2538954671887,3.3,/home/aojwang/data/MergeDataset/cropped_images/250Tomatoslices/tomato_0.jpg
1291BeefstewSpaghettiSpinach.JPG,spinach cooked,1696356,1.0839328537170263,76.79743992416687,2.91,/home/aojwang/data/MergeDataset/cropped_images/1291BeefstewSpaghettiSpinach/spinach cooked_0.jpg
1291BeefstewSpaghettiSpinach.JPG,spaghetti,1580876,1.1392190152801358,168.0274541878469,4.4,/home/aojwang/data/MergeDataset/cropped_images/1291BeefstewSpaghettiSpinach/spaghetti_1.jpg
1761BrownUgali1CupWhiteRiceSpinach.JPG,brown ugali,1099245,1.0669950738916256,117.37118628391912,2.94,/home/aojwang/data/MergeDataset/cropped_images/1761BrownUgali1CupWhiteRiceSpinach/brown ugali_0.jpg
1761BrownUgali1CupWhiteRiceSpinach.JPG,white rice boiled,1667211,1.140612076095947,192.879002317843,2.4,/home/aojwang/data/MergeDataset/cropped_images/1761BrownUgali1CupWhiteRiceSpinach/white rice boiled_1.jpg
1761BrownUgali1CupWhiteRiceSpinach.JPG,spinach cooked,2300044,1.525244299674267,88.6872800404398,3.29,/home/aojwang/data/MergeDataset/cropped_images/1761BrownUgali1CupWhiteRiceSpinach/spinach cooked_2.jpg
697WhiteRicePigeonpea.jpg,white rice boiled,2577726,1.578247261345853,168.76492601101384,4.8,/home/aojwang/data/MergeDataset/cropped_images/697WhiteRicePigeonpea/white rice boiled_0.jpg
697WhiteRicePigeonpea.jpg,mbaazi,3026040,1.6953592814371257,112.86016300731869,5.7,/home/aojwang/data/MergeDataset/cropped_images/697WhiteRicePigeonpea/mbaazi_1.jpg
2CustardApple.jpg,custard apple,954240,0.96579476861167,146.91568054158284,38.0,/home/aojwang/data/MergeDataset/cropped_images/2CustardApple/custard apple_0.jpg
416BananaCucumber.jpg,cucumber,4046416,1.2135815991237677,125.75723908103699,1.5,/home/aojwang/data/MergeDataset/cropped_images/416BananaCucumber/cucumber_0.jpg
1Beetroot.jpg,beetroot,720252,1.5394736842105263,105.86278830187213,8.0,/home/aojwang/data/MergeDataset/cropped_images/1Beetroot/beetroot_0.jpg
1241MincedMeatButterBeansSpinach.JPG,mincemeat,2253888,1.4471153846153846,110.13196648044031,69.25,/home/aojwang/data/MergeDataset/cropped_images/1241MincedMeatButterBeansSpinach/mincemeat_0.jpg
17Pawpaw.jpg,pawpaw,6157125,1.3895486935866983,137.37123847033587,1.1301,/home/aojwang/data/MergeDataset/cropped_images/17Pawpaw/pawpaw_0.jpg
1533Njahi.JPG,black beans,6971405,1.1757700205338808,108.69215636350683,42.75,/home/aojwang/data/MergeDataset/cropped_images/1533Njahi/black beans_0.jpg
245Tomato.jpg,tomato,775560,1.0913404507710558,101.65927372909037,1.2,/home/aojwang/data/MergeDataset/cropped_images/245Tomato/tomato_0.jpg
2Mbaazi.jpg,mbaazi,1856987,1.4466019417475728,146.29854974752112,34.0,/home/aojwang/data/MergeDataset/cropped_images/2Mbaazi/mbaazi_0.jpg
1537NjahithirdCup.JPG,black beans,2041360,1.2776898734177216,106.37969180676934,7.6,/home/aojwang/data/MergeDataset/cropped_images/1537NjahithirdCup/black beans_0.jpg
64Mango.jpg,mango,11727171,1.4778132765353214,109.91753487122627,2.46,/home/aojwang/data/MergeDataset/cropped_images/64Mango/mango_0.jpg
746WhiteRicethirdcupButterBeanshalfcup.jpg,butternut beans,2762375,1.3414634146341464,131.06644608353318,6.006,/home/aojwang/data/MergeDataset/cropped_images/746WhiteRicethirdcupButterBeanshalfcup/butternut beans_0.jpg
746WhiteRicethirdcupButterBeanshalfcup.jpg,white rice boiled,820620,1.0767468499427262,137.33779662531583,1.92,/home/aojwang/data/MergeDataset/cropped_images/746WhiteRicethirdcupButterBeanshalfcup/white rice boiled_1.jpg
1MaizeBeans.jpg,githeri,1204280,1.4228260869565217,156.2674740647247,20.0,/home/aojwang/data/MergeDataset/cropped_images/1MaizeBeans/githeri_0.jpg
1552NjahiWhiteRiceSpinach.JPG,black beans,2431944,1.5539568345323742,109.78620258799819,14.25,/home/aojwang/data/MergeDataset/cropped_images/1552NjahiWhiteRiceSpinach/black beans_0.jpg
1552NjahiWhiteRiceSpinach.JPG,spinach cooked,2911331,1.1415153412648715,93.90732577871313,3.29,/home/aojwang/data/MergeDataset/cropped_images/1552NjahiWhiteRiceSpinach/spinach cooked_1.jpg
1552NjahiWhiteRiceSpinach.JPG,white rice boiled,3688138,0.9860392967942089,154.92357082806194,3.6,/home/aojwang/data/MergeDataset/cropped_images/1552NjahiWhiteRiceSpinach/white rice boiled_2.jpg
2UgaliWOmena.jpg,omena,1047496,0.98545101842871,143.28787222099177,0.0,/home/aojwang/data/MergeDataset/cropped_images/2UgaliWOmena/omena_0.jpg
2UgaliWOmena.jpg,white ugali,967302,0.7522045855379189,191.54306031966576,90.0,/home/aojwang/data/MergeDataset/cropped_images/2UgaliWOmena/white ugali_1.jpg
1Ham.jpg,ham,599592,1.3599397590361446,153.72226224944072,2.0,/home/aojwang/data/MergeDataset/cropped_images/1Ham/ham_0.jpg
1652WholeFishKachumbarithirdCupBrownUgalithirsCup.JPG,kachumbari,1892808,1.2270531400966183,101.59583609818499,0.92,/home/aojwang/data/MergeDataset/cropped_images/1652WholeFishKachumbarithirdCupBrownUgalithirsCup/kachumbari_0.jpg
1652WholeFishKachumbarithirdCupBrownUgalithirsCup.JPG,brown ugali,926400,1.0052083333333333,107.83533282959125,1.43,/home/aojwang/data/MergeDataset/cropped_images/1652WholeFishKachumbarithirdCupBrownUgalithirsCup/brown ugali_1.jpg
1085Chickendrumstick.jpg,chicken drumstick,5951900,1.1798753339269814,138.28615327318448,105.11,/home/aojwang/data/MergeDataset/cropped_images/1085Chickendrumstick/chicken drumstick_0.jpg
1253MincedMeatRoscocoBeansCabbage.JPG,green cabbage cooked,2508166,1.1481732070365358,150.47883991729415,3.0,/home/aojwang/data/MergeDataset/cropped_images/1253MincedMeatRoscocoBeansCabbage/green cabbage cooked_0.jpg
1253MincedMeatRoscocoBeansCabbage.JPG,rosecoco,3670236,1.5969656992084433,84.52590523697476,21.675,/home/aojwang/data/MergeDataset/cropped_images/1253MincedMeatRoscocoBeansCabbage/rosecoco_1.jpg
1SyrupRed.jpg,red syrup,519672,1.036723163841808,160.73086164606391,112.0,/home/aojwang/data/MergeDataset/cropped_images/1SyrupRed/red syrup_0.jpg
3LambStew.jpg,lamb stew,2999832,1.4228650137741048,140.4830888307523,9.0,/home/aojwang/data/MergeDataset/cropped_images/3LambStew/lamb stew_0.jpg
942Frenchfries.jpg,potato chips,3338585,1.3807073954983924,122.88066740849791,7.14,/home/aojwang/data/MergeDataset/cropped_images/942Frenchfries/potato chips_0.jpg
1091Mincedbeef.jpg,mincemeat,3101845,1.2347003154574132,110.42193479472164,41.55,/home/aojwang/data/MergeDataset/cropped_images/1091Mincedbeef/mincemeat_0.jpg
1116Chickenwings.jpg,chicken wing,2595661,1.972972972972973,99.37434587952741,67.06,/home/aojwang/data/MergeDataset/cropped_images/1116Chickenwings/chicken wing_0.jpg
448MangoTomato.jpg,tomato,2091716,1.0857348703170029,92.57612521648892,1.0,/home/aojwang/data/MergeDataset/cropped_images/448MangoTomato/tomato_0.jpg
448MangoTomato.jpg,mango,987164,1.405727923627685,130.32511956810959,1.64,/home/aojwang/data/MergeDataset/cropped_images/448MangoTomato/mango_1.jpg
140AppleMango.jpg,apple,1599510,1.072891072891073,159.17771921817723,0.3,/home/aojwang/data/MergeDataset/cropped_images/140AppleMango/apple_0.jpg
1619SpaghettiNjahi.JPG,black beans,3386781,1.0558347292015633,117.65354092868715,23.75,/home/aojwang/data/MergeDataset/cropped_images/1619SpaghettiNjahi/black beans_0.jpg
1619SpaghettiNjahi.JPG,spaghetti,4904424,1.1078897338403042,177.27635334954726,8.8,/home/aojwang/data/MergeDataset/cropped_images/1619SpaghettiNjahi/spaghetti_1.jpg
361ZucchiniTomatoOnions.jpg,zucchini,1470572,2.021101992966002,131.0510556436543,1.35,/home/aojwang/data/MergeDataset/cropped_images/361ZucchiniTomatoOnions/zucchini_0.jpg
361ZucchiniTomatoOnions.jpg,tomato,1577784,1.1585261353898886,95.96175479871347,1.5,/home/aojwang/data/MergeDataset/cropped_images/361ZucchiniTomatoOnions/tomato_1.jpg
361ZucchiniTomatoOnions.jpg,onions,2427075,1.1559696342305037,140.18321834581405,2.25,/home/aojwang/data/MergeDataset/cropped_images/361ZucchiniTomatoOnions/onions_2.jpg
1089Mincedbeef.jpg,mincemeat,1449048,1.3448940269749519,121.28107580517232,13.85,/home/aojwang/data/MergeDataset/cropped_images/1089Mincedbeef/mincemeat_0.jpg
815WhiteChapatiquoterEggyolkBeans.jpg,white chapati,3974596,0.790013374944271,171.5455250462353,3.12,/home/aojwang/data/MergeDataset/cropped_images/815WhiteChapatiquoterEggyolkBeans/white chapati_1.jpg
38Pineapple.jpg,pineapple,3523732,1.3069427527405604,165.31128492934954,0.56206,/home/aojwang/data/MergeDataset/cropped_images/38Pineapple/pineapple_0.jpg
2Watermelon.jpg,water melon,6164224,2.4321608040201004,140.2460000372039,11.982,/home/aojwang/data/MergeDataset/cropped_images/2Watermelon/water melon_0.jpg
1OrangeC.jpg,orange,633798,1.2024793388429753,158.4179470430642,15.0,/home/aojwang/data/MergeDataset/cropped_images/1OrangeC/orange_0.jpg
1737GitheriChips.JPG,githeri,2276742,1.294871794871795,125.1776745015465,13.4,/home/aojwang/data/MergeDataset/cropped_images/1737GitheriChips/githeri_0.jpg
1135MincedMeatKalesSpaghetti.JPG,spaghetti,2655914,1.3208744710860367,148.30090959270518,8.8,/home/aojwang/data/MergeDataset/cropped_images/1135MincedMeatKalesSpaghetti/spaghetti_0.jpg
1135MincedMeatKalesSpaghetti.JPG,sukumawiki,1434228,0.8699376947040498,76.55027629265825,3.0,/home/aojwang/data/MergeDataset/cropped_images/1135MincedMeatKalesSpaghetti/sukumawiki_1.jpg
1373BeefstewSpinachNjahi.JPG,beef stew,2274680,1.1824080749819754,106.86169688337114,35.4,/home/aojwang/data/MergeDataset/cropped_images/1373BeefstewSpinachNjahi/beef stew_0.jpg
1373BeefstewSpinachNjahi.JPG,black beans,2946528,1.1893265565438373,96.96166652186348,19.0,/home/aojwang/data/MergeDataset/cropped_images/1373BeefstewSpinachNjahi/black beans_1.jpg
375CarrotsgratedTomato.jpg,tomato,2521584,1.2792022792022792,96.27097028428692,2.5,/home/aojwang/data/MergeDataset/cropped_images/375CarrotsgratedTomato/tomato_0.jpg
375CarrotsgratedTomato.jpg,carrot,2904000,0.8815426997245179,125.60883333333334,1.75,/home/aojwang/data/MergeDataset/cropped_images/375CarrotsgratedTomato/carrot_1.jpg
1740GitheriChips.JPG,githeri,2876769,1.3258655804480652,107.61615722360746,16.75,/home/aojwang/data/MergeDataset/cropped_images/1740GitheriChips/githeri_0.jpg
984MashedBanana.jpg,boiled mashed banana,3063380,1.0342823939570018,133.65026419619286,4.41,/home/aojwang/data/MergeDataset/cropped_images/984MashedBanana/boiled mashed banana_0.jpg
3ChipsFish.jpg,fish fry,2393300,2.16254752851711,144.5885416231424,0.0,/home/aojwang/data/MergeDataset/cropped_images/3ChipsFish/fish fry_0.jpg
3ChipsFish.jpg,potato chips,1667136,2.004385964912281,182.00780660166097,89.0,/home/aojwang/data/MergeDataset/cropped_images/3ChipsFish/potato chips_1.jpg
315CabbageTomato.jpg,green cabbage,1791570,0.9947839046199702,193.26812739664095,1.1,/home/aojwang/data/MergeDataset/cropped_images/315CabbageTomato/green cabbage_0.jpg
315CabbageTomato.jpg,tomato,1547052,1.0360065466448445,119.16315374876432,1.0,/home/aojwang/data/MergeDataset/cropped_images/315CabbageTomato/tomato_1.jpg
378CucumberCarrotsgrated.jpg,cucumber,2502283,0.9737991266375546,141.43824352934234,0.9,/home/aojwang/data/MergeDataset/cropped_images/378CucumberCarrotsgrated/cucumber_0.jpg
378CucumberCarrotsgrated.jpg,carrot,2507648,1.104180491041805,126.67864601943069,1.05,/home/aojwang/data/MergeDataset/cropped_images/378CucumberCarrotsgrated/carrot_1.jpg
693WhiteRicePigeonpea.jpg,white rice boiled,1371216,1.606060606060606,150.63040469189392,1.2,/home/aojwang/data/MergeDataset/cropped_images/693WhiteRicePigeonpea/white rice boiled_0.jpg
693WhiteRicePigeonpea.jpg,mbaazi,1573867,1.7698833510074232,96.89974883519382,2.85,/home/aojwang/data/MergeDataset/cropped_images/693WhiteRicePigeonpea/mbaazi_1.jpg
650Arrowroots.jpg,arrowroots,4054959,1.6683771648492622,157.53109530001825,10.88,/home/aojwang/data/MergeDataset/cropped_images/650Arrowroots/arrowroots_0.jpg
3Dates.jpg,dates,877230,1.682825484764543,135.66884169488048,32.0,/home/aojwang/data/MergeDataset/cropped_images/3Dates/dates_0.jpg
1359YellowMaizeboiled.JPG,boiled yellow maize,6401844,1.2634384717903153,126.68124251908252,14.23125,/home/aojwang/data/MergeDataset/cropped_images/1359YellowMaizeboiled/boiled yellow maize_0.jpg
1557NjahiWhiteRiceSpinach.JPG,black beans,2756546,1.7335448057097542,102.66173646295037,19.0,/home/aojwang/data/MergeDataset/cropped_images/1557NjahiWhiteRiceSpinach/black beans_0.jpg
1557NjahiWhiteRiceSpinach.JPG,white rice boiled,4017903,0.8881053126469205,156.81422050258556,4.8,/home/aojwang/data/MergeDataset/cropped_images/1557NjahiWhiteRiceSpinach/white rice boiled_1.jpg
1557NjahiWhiteRiceSpinach.JPG,spinach cooked,3057632,1.0432242990654206,84.94711779137145,4.38,/home/aojwang/data/MergeDataset/cropped_images/1557NjahiWhiteRiceSpinach/spinach cooked_2.jpg
22Pawpaw.jpg,pawpaw,5526253,2.2053063802905877,131.35340739315893,0.56507,/home/aojwang/data/MergeDataset/cropped_images/22Pawpaw/pawpaw_0.jpg
3PumpkinSeed.jpg,pumpkin seeds,2707120,1.4423357664233576,127.51641707792784,14.0,/home/aojwang/data/MergeDataset/cropped_images/3PumpkinSeed/pumpkin seeds_0.jpg
1RiceWChickenMakhni.jpg,white rice boiled,768515,0.8018386108273748,194.1525634936642,42.0,/home/aojwang/data/MergeDataset/cropped_images/1RiceWChickenMakhni/white rice boiled_0.jpg
1RiceWChickenMakhni.jpg,chicken makhni,868660,0.8219844357976653,140.48550219111428,32.0,/home/aojwang/data/MergeDataset/cropped_images/1RiceWChickenMakhni/chicken makhni_1.jpg
192Avocadosliced.jpg,avocado,4709120,1.7007211538461537,145.29839856845157,4.0,/home/aojwang/data/MergeDataset/cropped_images/192Avocadosliced/avocado_0.jpg
1169MincedMeatWhiteChapatiCabbage.JPG,green cabbage cooked,1666512,1.2913732394366197,163.7074274492673,2.4,/home/aojwang/data/MergeDataset/cropped_images/1169MincedMeatWhiteChapatiCabbage/green cabbage cooked_0.jpg
1169MincedMeatWhiteChapatiCabbage.JPG,mincemeat,2712612,1.2023968042609854,104.1757560609479,69.25,/home/aojwang/data/MergeDataset/cropped_images/1169MincedMeatWhiteChapatiCabbage/mincemeat_1.jpg
82Grapes.jpg,red grapes,4205380,2.1003533568904595,120.5809028752059,1.5341277,/home/aojwang/data/MergeDataset/cropped_images/82Grapes/red grapes_0.jpg
1107ScrambledEggs.jpg,scrambled eggs,7044630,1.4809720311783585,141.56413083440862,27.2,/home/aojwang/data/MergeDataset/cropped_images/1107ScrambledEggs/scrambled eggs_0.jpg
2BreadBacon.jpg,brown bread,534768,1.373397435897436,184.67845121622835,36.0,/home/aojwang/data/MergeDataset/cropped_images/2BreadBacon/brown bread_0.jpg
2BreadBacon.jpg,brown bread,538266,1.339116719242902,189.5093231475392,36.0,/home/aojwang/data/MergeDataset/cropped_images/2BreadBacon/brown bread_1.jpg
2BreadBacon.jpg,bacon,1282944,1.8533653846153846,160.1841724970069,0.0,/home/aojwang/data/MergeDataset/cropped_images/2BreadBacon/bacon_2.jpg
165PineappleMango.jpg,mango,1474798,1.966512702078522,121.68094365013604,0.82,/home/aojwang/data/MergeDataset/cropped_images/165PineappleMango/mango_0.jpg
525Greengrams.jpg,ndengu,4798791,1.2033049574361543,151.07135436126865,9.25,/home/aojwang/data/MergeDataset/cropped_images/525Greengrams/ndengu_0.jpg
1338ChickenWetfryBrownRiceCabbage.JPG,green cabbage cooked,2190030,1.7774774774774775,144.85957528740093,2.4,/home/aojwang/data/MergeDataset/cropped_images/1338ChickenWetfryBrownRiceCabbage/green cabbage cooked_0.jpg
1338ChickenWetfryBrownRiceCabbage.JPG,chicken wing,3788427,1.3280047365304914,102.01014915513308,119.96,/home/aojwang/data/MergeDataset/cropped_images/1338ChickenWetfryBrownRiceCabbage/chicken wing_1.jpg
1338ChickenWetfryBrownRiceCabbage.JPG,brown rice boiled,2535280,0.8569767441860465,137.77283153471544,16.0,/home/aojwang/data/MergeDataset/cropped_images/1338ChickenWetfryBrownRiceCabbage/brown rice boiled_2.jpg
1Sweetener.jpg,artificial sweetener,584542,1.6129568106312293,173.5092243157891,0.0,/home/aojwang/data/MergeDataset/cropped_images/1Sweetener/artificial sweetener_0.jpg
1Tangerine.jpg,tangerine,524144,1.2179878048780488,162.13212717624674,5.0,/home/aojwang/data/MergeDataset/cropped_images/1Tangerine/tangerine_0.jpg
1654WholeFishChips.jpg,potato chips,1051594,1.0147347740667976,139.87970262287536,2.4,/home/aojwang/data/MergeDataset/cropped_images/1654WholeFishChips/potato chips_0.jpg
1772BrownChapatiWhiteRiceSpinach.JPG,brown chapati,3726540,1.5611650485436894,145.20483791041198,28.66,/home/aojwang/data/MergeDataset/cropped_images/1772BrownChapatiWhiteRiceSpinach/brown chapati_0.jpg
1772BrownChapatiWhiteRiceSpinach.JPG,white rice boiled,1681344,1.6547619047619047,182.43724960507785,3.6,/home/aojwang/data/MergeDataset/cropped_images/1772BrownChapatiWhiteRiceSpinach/white rice boiled_1.jpg
1772BrownChapatiWhiteRiceSpinach.JPG,spinach cooked,2566680,0.8361872146118722,82.70895696645732,3.29,/home/aojwang/data/MergeDataset/cropped_images/1772BrownChapatiWhiteRiceSpinach/spinach cooked_2.jpg
50Apple.jpg,apple,1003776,1.7018229166666667,162.5638990505186,0.075,/home/aojwang/data/MergeDataset/cropped_images/50Apple/apple_0.jpg
1096Mincedbeef.jpg,mincemeat,5159650,1.5075675675675675,101.76151392697825,110.8,/home/aojwang/data/MergeDataset/cropped_images/1096Mincedbeef/mincemeat_0.jpg
471GrapesShreddedCarrots.jpg,carrot,3180297,1.8006019563581641,111.19141849540048,1.05,/home/aojwang/data/MergeDataset/cropped_images/471GrapesShreddedCarrots/carrot_0.jpg
471GrapesShreddedCarrots.jpg,red grapes,2794472,1.64340490797546,77.06623731901172,1.770147,/home/aojwang/data/MergeDataset/cropped_images/471GrapesShreddedCarrots/red grapes_1.jpg
988MashedBananahalfcup.jpg,boiled mashed banana,2174850,1.1933333333333334,132.77357978711174,2.1,/home/aojwang/data/MergeDataset/cropped_images/988MashedBananahalfcup/boiled mashed banana_0.jpg
1Flax.jpg,flax,991800,1.3567251461988303,173.96478624722727,15.0,/home/aojwang/data/MergeDataset/cropped_images/1Flax/flax_0.jpg
998Spinach.jpg,spinach cooked,7000224,1.1530032467532467,109.8844765062756,9.9,/home/aojwang/data/MergeDataset/cropped_images/998Spinach/spinach cooked_0.jpg
156BananaMango.jpg,mango,2248151,1.059025394646534,124.02580194420511,1.23,/home/aojwang/data/MergeDataset/cropped_images/156BananaMango/mango_0.jpg
156BananaMango.jpg,ripe banana,2707302,1.0762925598991173,162.16282606570428,2.1,/home/aojwang/data/MergeDataset/cropped_images/156BananaMango/ripe banana_1.jpg
1721GitheriWhiteChapatiquoter.JPG,githeri,1731302,0.879543834640057,113.44920701298791,10.05,/home/aojwang/data/MergeDataset/cropped_images/1721GitheriWhiteChapatiquoter/githeri_0.jpg
1670WholeFishKachumbarihalfCupChips.jpg,kachumbari,1669360,1.0998376623376624,104.55703523106659,1.43,/home/aojwang/data/MergeDataset/cropped_images/1670WholeFishKachumbarihalfCupChips/kachumbari_0.jpg
1670WholeFishKachumbarihalfCupChips.jpg,potato chips,1514786,0.9332810047095761,151.5469166381698,4.8,/home/aojwang/data/MergeDataset/cropped_images/1670WholeFishKachumbarihalfCupChips/potato chips_1.jpg
1670WholeFishKachumbarihalfCupChips.jpg,fish fry,3799872,2.2623456790123457,128.05971832735418,126.43,/home/aojwang/data/MergeDataset/cropped_images/1670WholeFishKachumbarihalfCupChips/fish fry_2.jpg
768BrownRicehalfcupCowpeashalfcup.jpg,brown rice boiled,1716220,1.4823420074349443,134.86662510245384,8.0,/home/aojwang/data/MergeDataset/cropped_images/768BrownRicehalfcupCowpeashalfcup/brown rice boiled_0.jpg
768BrownRicehalfcupCowpeashalfcup.jpg,cowpeas,2769426,1.6956181533646322,82.92678831883093,114.0,/home/aojwang/data/MergeDataset/cropped_images/768BrownRicehalfcupCowpeashalfcup/cowpeas_1.jpg
1SpaghettiMincedCarrot.jpg,spaghetti,698500,1.7322834645669292,189.11257408733,25.0,/home/aojwang/data/MergeDataset/cropped_images/1SpaghettiMincedCarrot/spaghetti_1.jpg
1SpaghettiMincedCarrot.jpg,carrot,875700,0.7942857142857143,148.97884016596248,4.0,/home/aojwang/data/MergeDataset/cropped_images/1SpaghettiMincedCarrot/carrot_2.jpg
1ButternutSpinach.jpg,butternut spinach,1350370,1.3237623762376238,149.35997862314278,18.0,/home/aojwang/data/MergeDataset/cropped_images/1ButternutSpinach/butternut spinach_0.jpg
1004Kales.jpg,sukumawiki,2483712,1.375,84.37685179816876,1.0,/home/aojwang/data/MergeDataset/cropped_images/1004Kales/sukumawiki_0.jpg
1153MincedMeatKalesPasta.JPG,sukumawiki,1004640,0.9288461538461539,78.16460589531242,1.0,/home/aojwang/data/MergeDataset/cropped_images/1153MincedMeatKalesPasta/sukumawiki_0.jpg
1153MincedMeatKalesPasta.JPG,pasta,1786510,1.2427022518765638,152.07335829820897,2.2,/home/aojwang/data/MergeDataset/cropped_images/1153MincedMeatKalesPasta/pasta_1.jpg
1153MincedMeatKalesPasta.JPG,mincemeat,981351,1.6254826254826256,106.7077637528944,27.7,/home/aojwang/data/MergeDataset/cropped_images/1153MincedMeatKalesPasta/mincemeat_2.jpg
1374BeefstewSpinachNjahi.JPG,black beans,4151100,0.9829683698296837,116.18682116386822,23.75,/home/aojwang/data/MergeDataset/cropped_images/1374BeefstewSpinachNjahi/black beans_0.jpg
1374BeefstewSpinachNjahi.JPG,beef stew,3461904,1.2593486127864897,101.27088956443237,44.25,/home/aojwang/data/MergeDataset/cropped_images/1374BeefstewSpinachNjahi/beef stew_1.jpg
1374BeefstewSpinachNjahi.JPG,spinach cooked,3908856,1.2676537585421412,116.62987960330763,5.48,/home/aojwang/data/MergeDataset/cropped_images/1374BeefstewSpinachNjahi/spinach cooked_2.jpg
102PawpawBanana.jpg,pawpaw,3571776,1.1961805555555556,122.12414244342311,0.706347,/home/aojwang/data/MergeDataset/cropped_images/102PawpawBanana/pawpaw_0.jpg
102PawpawBanana.jpg,ripe banana,3277824,1.3893229166666667,163.2848051024094,2.1,/home/aojwang/data/MergeDataset/cropped_images/102PawpawBanana/ripe banana_1.jpg
1677WholeFishKachumbarithirdCupChips.JPG,kachumbari,1656609,1.2814423922603342,98.11714975189277,0.92,/home/aojwang/data/MergeDataset/cropped_images/1677WholeFishKachumbarithirdCupChips/kachumbari_0.jpg
1677WholeFishKachumbarithirdCupChips.JPG,potato chips,3207960,1.2406716417910448,150.24227827030262,9.6,/home/aojwang/data/MergeDataset/cropped_images/1677WholeFishKachumbarithirdCupChips/potato chips_1.jpg
283Cabbagesliced.jpg,green cabbage,4837844,1.3514799154334038,191.07638843528923,4.95,/home/aojwang/data/MergeDataset/cropped_images/283Cabbagesliced/green cabbage_0.jpg
2PotatoSweetEggSpinach.jpg,spinach cooked,1052088,2.098870056497175,135.58081009700075,2.0,/home/aojwang/data/MergeDataset/cropped_images/2PotatoSweetEggSpinach/spinach cooked_0.jpg
2PotatoSweetEggSpinach.jpg,sweet potato,919237,1.5070422535211268,160.42638768166788,42.0,/home/aojwang/data/MergeDataset/cropped_images/2PotatoSweetEggSpinach/sweet potato_2.jpg
2PotatoSweetEggSpinach.jpg,sweet potato,462720,1.1296875,166.99575913439372,42.0,/home/aojwang/data/MergeDataset/cropped_images/2PotatoSweetEggSpinach/sweet potato_3.jpg
3RiceBChicken.jpg,chicken,1194044,1.3064853556485356,163.81436613726126,0.0,/home/aojwang/data/MergeDataset/cropped_images/3RiceBChicken/chicken_0.jpg
2Strawberry.jpg,strawberry,1673606,1.166110183639399,156.25802767596835,6.0,/home/aojwang/data/MergeDataset/cropped_images/2Strawberry/strawberry_0.jpg
189Avocadosliced.jpg,avocado,2483609,1.4673328209069947,163.6657293210539,1.6,/home/aojwang/data/MergeDataset/cropped_images/189Avocadosliced/avocado_0.jpg
930Plantain.jpg,plantain,3962664,1.384160756501182,128.77981260418076,2.275,/home/aojwang/data/MergeDataset/cropped_images/930Plantain/plantain_0.jpg
3RiceNjahiSpinach.jpg,black beans,919000,0.919,106.43127384838593,96.0,/home/aojwang/data/MergeDataset/cropped_images/3RiceNjahiSpinach/black beans_0.jpg
3RiceNjahiSpinach.jpg,white rice boiled,1423980,1.036689419795222,200.44414130348272,85.0,/home/aojwang/data/MergeDataset/cropped_images/3RiceNjahiSpinach/white rice boiled_1.jpg
3RiceNjahiSpinach.jpg,spinach cooked,445715,1.8948453608247422,104.4903574406665,1.0,/home/aojwang/data/MergeDataset/cropped_images/3RiceNjahiSpinach/spinach cooked_2.jpg
74Bananapeeled.jpg,ripe banana,3526677,1.3487940630797774,153.21219710981944,1.4,/home/aojwang/data/MergeDataset/cropped_images/74Bananapeeled/ripe banana_0.jpg
188Avocadosliced.jpg,avocado,1373190,1.6582417582417583,180.75073320759205,0.8,/home/aojwang/data/MergeDataset/cropped_images/188Avocadosliced/avocado_0.jpg
1155MincedMeatKalesPasta.JPG,pasta,2690050,1.2381275440976933,136.19000464675378,6.6,/home/aojwang/data/MergeDataset/cropped_images/1155MincedMeatKalesPasta/pasta_0.jpg
1155MincedMeatKalesPasta.JPG,sukumawiki,1418778,0.7889634601043997,69.0912651591722,2.0,/home/aojwang/data/MergeDataset/cropped_images/1155MincedMeatKalesPasta/sukumawiki_1.jpg
1155MincedMeatKalesPasta.JPG,mincemeat,1976290,1.7261682242990655,98.2345033707941,41.55,/home/aojwang/data/MergeDataset/cropped_images/1155MincedMeatKalesPasta/mincemeat_2.jpg
2BreadSausage.jpg,brown bread,1607760,2.0761363636363637,176.30517676767676,26.0,/home/aojwang/data/MergeDataset/cropped_images/2BreadSausage/brown bread_0.jpg
2BreadSausage.jpg,sausage,1078104,2.2255747126436782,139.64474732184155,12.0,/home/aojwang/data/MergeDataset/cropped_images/2BreadSausage/sausage_1.jpg
162MangoPawpaw.jpg,mango,2111173,0.9917751884852639,135.0928523305922,1.64,/home/aojwang/data/MergeDataset/cropped_images/162MangoPawpaw/mango_0.jpg
162MangoPawpaw.jpg,pawpaw,2301684,1.0451482479784366,125.17792900038987,0.941798,/home/aojwang/data/MergeDataset/cropped_images/162MangoPawpaw/pawpaw_1.jpg
1743WhiteRiceWhiteChapatiquoterBeefstew.JPG,white chapati,2905372,1.42676944639103,134.6690535096137,2.89,/home/aojwang/data/MergeDataset/cropped_images/1743WhiteRiceWhiteChapatiquoterBeefstew/white chapati_0.jpg
1743WhiteRiceWhiteChapatiquoterBeefstew.JPG,white rice boiled,1079199,1.0988900100908174,175.9514380572999,1.2,/home/aojwang/data/MergeDataset/cropped_images/1743WhiteRiceWhiteChapatiquoterBeefstew/white rice boiled_1.jpg
1743WhiteRiceWhiteChapatiquoterBeefstew.JPG,beef stew,873410,1.2526946107784431,87.44558569285903,8.85,/home/aojwang/data/MergeDataset/cropped_images/1743WhiteRiceWhiteChapatiquoterBeefstew/beef stew_2.jpg
669BrownChapati.jpg,brown chapati,7905872,1.2823197744663712,131.7537343129259,9.49,/home/aojwang/data/MergeDataset/cropped_images/669BrownChapati/brown chapati_0.jpg
429MangoCarrots.jpg,carrot,1418381,1.0169348010160881,129.84861636847458,0.35,/home/aojwang/data/MergeDataset/cropped_images/429MangoCarrots/carrot_0.jpg
429MangoCarrots.jpg,mango,604314,1.7419354838709677,128.08465907899978,0.82,/home/aojwang/data/MergeDataset/cropped_images/429MangoCarrots/mango_1.jpg
429MangoCarrots.jpg,mango,759450,0.907103825136612,126.42966620580684,0.82,/home/aojwang/data/MergeDataset/cropped_images/429MangoCarrots/mango_2.jpg
1121Chickenwings.jpg,chicken wing,6841049,1.3358373840035351,101.44142582031888,144.83,/home/aojwang/data/MergeDataset/cropped_images/1121Chickenwings/chicken wing_0.jpg
1680BeefSausage.JPG,sausage,1591912,1.4494274809160306,77.50759359395076,6.6,/home/aojwang/data/MergeDataset/cropped_images/1680BeefSausage/sausage_0.jpg
1691BeefSausageChipsKachumbarithirdCup(2).JPG,sausage,1303628,0.7809597523219814,91.78551192006718,10.28,/home/aojwang/data/MergeDataset/cropped_images/1691BeefSausageChipsKachumbarithirdCup(2)/sausage_0.jpg
1691BeefSausageChipsKachumbarithirdCup(2).JPG,potato chips,1574118,1.0769230769230769,168.16858435432837,2.4,/home/aojwang/data/MergeDataset/cropped_images/1691BeefSausageChipsKachumbarithirdCup(2)/potato chips_1.jpg
1691BeefSausageChipsKachumbarithirdCup(2).JPG,kachumbari,1087813,1.0115718418514947,101.79089481985109,0.92,/home/aojwang/data/MergeDataset/cropped_images/1691BeefSausageChipsKachumbarithirdCup(2)/kachumbari_2.jpg
547Pigeonpea.jpg,mbaazi,4219875,1.28099173553719,160.07187629965344,5.7,/home/aojwang/data/MergeDataset/cropped_images/547Pigeonpea/mbaazi_0.jpg
1SausageBacon.jpg,sausage,274383,0.5458392101551481,118.92783202069127,3.0,/home/aojwang/data/MergeDataset/cropped_images/1SausageBacon/sausage_0.jpg
1SausageBacon.jpg,bacon,857133,0.6166242578456319,166.32340177467597,0.0,/home/aojwang/data/MergeDataset/cropped_images/1SausageBacon/bacon_1.jpg
3MeatMinced.jpg,mincemeat,3357490,1.383183568677792,148.12797019996088,0.0,/home/aojwang/data/MergeDataset/cropped_images/3MeatMinced/mincemeat_0.jpg
1735GitheriChips.JPG,githeri,2161452,1.3151326053042123,109.21826022507092,10.05,/home/aojwang/data/MergeDataset/cropped_images/1735GitheriChips/githeri_0.jpg
3Fish.jpg,fish fry,3307048,2.0963375796178343,172.40855076793562,0.0,/home/aojwang/data/MergeDataset/cropped_images/3Fish/fish fry_0.jpg
320TomatoLettuce.jpg,tomato,765141,1.0515826494724503,102.64451562958112,0.5,/home/aojwang/data/MergeDataset/cropped_images/320TomatoLettuce/tomato_0.jpg
320TomatoLettuce.jpg,lettuce,2197802,1.0762771168649405,158.1071735913123,0.6,/home/aojwang/data/MergeDataset/cropped_images/320TomatoLettuce/lettuce_1.jpg
2Tangerine.jpg,tangerine,578242,1.1123439667128987,125.21284629388157,11.0,/home/aojwang/data/MergeDataset/cropped_images/2Tangerine/tangerine_0.jpg
1PumpkinSeed.jpg,pumpkin seeds,1130164,1.4204035874439462,140.99720011137026,6.0,/home/aojwang/data/MergeDataset/cropped_images/1PumpkinSeed/pumpkin seeds_0.jpg
1191MincedMeatSpaghettiCabbage.JPG,spaghetti,1226888,1.2171314741035857,151.1259270066488,2.2,/home/aojwang/data/MergeDataset/cropped_images/1191MincedMeatSpaghettiCabbage/spaghetti_0.jpg
1191MincedMeatSpaghettiCabbage.JPG,green cabbage cooked,1495208,1.1424825174825175,149.0362342006374,0.5,/home/aojwang/data/MergeDataset/cropped_images/1191MincedMeatSpaghettiCabbage/green cabbage cooked_1.jpg
1191MincedMeatSpaghettiCabbage.JPG,mincemeat,1931574,1.1324655436447166,100.06907147573257,27.7,/home/aojwang/data/MergeDataset/cropped_images/1191MincedMeatSpaghettiCabbage/mincemeat_2.jpg
382LettuceCarrotsgrated.jpg,lettuce,2805816,1.1470588235294117,164.34797743924287,1.2,/home/aojwang/data/MergeDataset/cropped_images/382LettuceCarrotsgrated/lettuce_0.jpg
382LettuceCarrotsgrated.jpg,carrot,1819860,0.8421768707482993,106.25280387868663,0.7,/home/aojwang/data/MergeDataset/cropped_images/382LettuceCarrotsgrated/carrot_1.jpg
376CucumberCarrotsgrated.jpg,carrot,1280656,1.166030534351145,105.79569168717698,0.35,/home/aojwang/data/MergeDataset/cropped_images/376CucumberCarrotsgrated/carrot_0.jpg
376CucumberCarrotsgrated.jpg,cucumber,1089891,1.1325178389398574,124.3216141185984,0.3,/home/aojwang/data/MergeDataset/cropped_images/376CucumberCarrotsgrated/cucumber_1.jpg
420BananaTomato.jpg,tomato,2836208,1.0442961165048543,102.25884420324603,1.5,/home/aojwang/data/MergeDataset/cropped_images/420BananaTomato/tomato_0.jpg
2Peanut.jpg,peanut,1614344,1.3789279112754158,160.49686270914583,19.0,/home/aojwang/data/MergeDataset/cropped_images/2Peanut/peanut_0.jpg
2Sesame.jpg,sesame seeds,1592732,1.3091568449682685,186.29345573099135,3.0,/home/aojwang/data/MergeDataset/cropped_images/2Sesame/sesame seeds_0.jpg
431MangoCarrots.jpg,carrot,4494228,1.355299286106535,126.81139311727546,1.05,/home/aojwang/data/MergeDataset/cropped_images/431MangoCarrots/carrot_0.jpg
431MangoCarrots.jpg,mango,585713,1.9292196007259528,123.51529958642999,0.82,/home/aojwang/data/MergeDataset/cropped_images/431MangoCarrots/mango_1.jpg
431MangoCarrots.jpg,mango,984636,1.0421810699588476,124.36814687525813,0.82,/home/aojwang/data/MergeDataset/cropped_images/431MangoCarrots/mango_2.jpg
2Tadhikadal.jpg,tadhikaldal,1059750,1.194267515923567,166.52989478650625,34.0,/home/aojwang/data/MergeDataset/cropped_images/2Tadhikadal/tadhikaldal_0.jpg
2Meatballs.jpg,meatballs,914524,1.3667481662591687,101.3276425769034,48.0,/home/aojwang/data/MergeDataset/cropped_images/2Meatballs/meatballs_0.jpg
1152MincedMeatBrownChapatiKales.JPG,sukumawiki,1863672,0.869535519125683,76.91140304374017,4.0,/home/aojwang/data/MergeDataset/cropped_images/1152MincedMeatBrownChapatiKales/sukumawiki_0.jpg
1152MincedMeatBrownChapatiKales.JPG,mincemeat,1623264,1.9431072210065645,125.08586383155584,83.1,/home/aojwang/data/MergeDataset/cropped_images/1152MincedMeatBrownChapatiKales/mincemeat_1.jpg
1174BrownChapatiChickendrumstick.jpg,brown chapati,2223077,0.9973208305425318,114.06827218910246,2.93,/home/aojwang/data/MergeDataset/cropped_images/1174BrownChapatiChickendrumstick/brown chapati_0.jpg
1174BrownChapatiChickendrumstick.jpg,chicken drumstick,1167764,0.6691900075700227,88.81727301064257,23.34,/home/aojwang/data/MergeDataset/cropped_images/1174BrownChapatiChickendrumstick/chicken drumstick_1.jpg
1AvocadoPawpaw.jpg,avocado pawpaw,1458267,1.6538871139510116,178.621041962823,5.0,/home/aojwang/data/MergeDataset/cropped_images/1AvocadoPawpaw/avocado pawpaw_0.jpg
866WhiteChapatiquoterGreenBeans.jpg,green beans,1412200,1.6684782608695652,83.16186092621442,1.8,/home/aojwang/data/MergeDataset/cropped_images/866WhiteChapatiquoterGreenBeans/green beans_0.jpg
866WhiteChapatiquoterGreenBeans.jpg,white chapati,2129499,1.5063078216989065,137.57988929164404,3.12,/home/aojwang/data/MergeDataset/cropped_images/866WhiteChapatiquoterGreenBeans/white chapati_1.jpg
2Cucumber.jpg,cucumber,1431339,3.5274725274725274,142.80538875370078,2.0,/home/aojwang/data/MergeDataset/cropped_images/2Cucumber/cucumber_0.jpg
960MashedIrishpotato.jpg,irish potato mashed,971970,1.1867403314917127,130.12789317914476,3.78,/home/aojwang/data/MergeDataset/cropped_images/960MashedIrishpotato/irish potato mashed_0.jpg
2Thabai.jpg,thabai,1907156,1.3490328006728343,103.6342597738902,19.0,/home/aojwang/data/MergeDataset/cropped_images/2Thabai/thabai_0.jpg
3PastaChickenBroccoli.jpg,broccoli,403256,1.4248120300751879,155.92661485507966,2.0,/home/aojwang/data/MergeDataset/cropped_images/3PastaChickenBroccoli/broccoli_0.jpg
3PastaChickenBroccoli.jpg,pasta,1834560,0.8653846153846154,182.0210184821792,135.0,/home/aojwang/data/MergeDataset/cropped_images/3PastaChickenBroccoli/pasta_1.jpg
3PastaChickenBroccoli.jpg,chicken,739944,1.4393305439330544,126.65818224081822,0.0,/home/aojwang/data/MergeDataset/cropped_images/3PastaChickenBroccoli/chicken_2.jpg
546Pigeonpea.jpg,mbaazi,2383548,1.4234930448222565,157.46153745033314,2.85,/home/aojwang/data/MergeDataset/cropped_images/546Pigeonpea/mbaazi_0.jpg
1128MincedMeatBrownRiceKales.jpg,brown rice boiled,1293120,1.6035634743875278,155.97744834199455,20.0,/home/aojwang/data/MergeDataset/cropped_images/1128MincedMeatBrownRiceKales/brown rice boiled_0.jpg
1128MincedMeatBrownRiceKales.jpg,sukumawiki,1142472,0.9686924493554327,82.64182842117793,3.0,/home/aojwang/data/MergeDataset/cropped_images/1128MincedMeatBrownRiceKales/sukumawiki_1.jpg
1128MincedMeatBrownRiceKales.jpg,mincemeat,1366536,0.9914821124361158,115.21591600953067,55.4,/home/aojwang/data/MergeDataset/cropped_images/1128MincedMeatBrownRiceKales/mincemeat_2.jpg
385LettuceCarrotsgrated.jpg,carrot,2331684,0.8819188191881919,110.59633209302804,1.75,/home/aojwang/data/MergeDataset/cropped_images/385LettuceCarrotsgrated/carrot_0.jpg
385LettuceCarrotsgrated.jpg,lettuce,3400327,1.0032590983161325,156.53877288860747,3.0,/home/aojwang/data/MergeDataset/cropped_images/385LettuceCarrotsgrated/lettuce_1.jpg
211AvocadoApple.jpg,avocado,2710435,0.8246001103143961,136.17058086002186,3.2,/home/aojwang/data/MergeDataset/cropped_images/211AvocadoApple/avocado_0.jpg
211AvocadoApple.jpg,apple,3900976,0.9410609037328095,171.6174483001177,0.6,/home/aojwang/data/MergeDataset/cropped_images/211AvocadoApple/apple_1.jpg
1295BeefstewSpaghettiSpinach.JPG,spinach cooked,2511784,1.026854219948849,89.25543863113495,4.38,/home/aojwang/data/MergeDataset/cropped_images/1295BeefstewSpaghettiSpinach/spinach cooked_0.jpg
1295BeefstewSpaghettiSpinach.JPG,spaghetti,2010150,1.102962962962963,171.64938570090126,8.8,/home/aojwang/data/MergeDataset/cropped_images/1295BeefstewSpaghettiSpinach/spaghetti_1.jpg
1623WholeFish.JPG,fish fry,5667220,2.4052117263843646,103.82531693964002,125.66,/home/aojwang/data/MergeDataset/cropped_images/1623WholeFish/fish fry_0.jpg
1RiceWLentilKitojo.jpg,kitojo,644096,1.837837837837838,95.22520504189852,1.0,/home/aojwang/data/MergeDataset/cropped_images/1RiceWLentilKitojo/kitojo_0.jpg
1RiceWLentilKitojo.jpg,kamande,568652,1.3711180124223603,108.08241478678231,25.0,/home/aojwang/data/MergeDataset/cropped_images/1RiceWLentilKitojo/kamande_1.jpg
1RiceWLentilKitojo.jpg,white rice boiled,564332,1.0560875512995895,195.28184413902926,28.0,/home/aojwang/data/MergeDataset/cropped_images/1RiceWLentilKitojo/white rice boiled_2.jpg
2Carrot.jpg,carrot,563990,0.4257167680278019,154.6796432560861,7.0,/home/aojwang/data/MergeDataset/cropped_images/2Carrot/carrot_0.jpg
2Carrot.jpg,carrot,612053,0.45721694036300775,142.0432473440481,7.0,/home/aojwang/data/MergeDataset/cropped_images/2Carrot/carrot_1.jpg
1146BoiledButternut.jpg,butternut boiled,7997085,1.276468238114263,145.63280220230246,15.8,/home/aojwang/data/MergeDataset/cropped_images/1146BoiledButternut/butternut boiled_0.jpg
485RedCabbage(2).jpg,red cabbage,6730280,1.3176991150442479,88.1705556579122,1.95,/home/aojwang/data/MergeDataset/cropped_images/485RedCabbage(2)/red cabbage_0.jpg
2RiceWChickenMakhni.jpg,white rice boiled,1165292,0.7247634069400631,205.439215235323,85.0,/home/aojwang/data/MergeDataset/cropped_images/2RiceWChickenMakhni/white rice boiled_0.jpg
1221MincedMeatPegionpeasSpinach.JPG,spinach cooked,1511398,1.0272052761747732,80.62433543866892,1.1,/home/aojwang/data/MergeDataset/cropped_images/1221MincedMeatPegionpeasSpinach/spinach cooked_0.jpg
1221MincedMeatPegionpeasSpinach.JPG,mincemeat,1514205,1.4135265700483093,106.65831046654846,27.7,/home/aojwang/data/MergeDataset/cropped_images/1221MincedMeatPegionpeasSpinach/mincemeat_1.jpg
571WhiteRicequotercup.jpg,white rice boiled,1214640,1.195436507936508,157.84221387955827,0.912,/home/aojwang/data/MergeDataset/cropped_images/571WhiteRicequotercup/white rice boiled_0.jpg
1746WhiteRiceWhiteChapatiquoterBeefstew.JPG,white rice boiled,1724958,1.4307832422586522,180.91002041788843,2.4,/home/aojwang/data/MergeDataset/cropped_images/1746WhiteRiceWhiteChapatiquoterBeefstew/white rice boiled_0.jpg
1746WhiteRiceWhiteChapatiquoterBeefstew.JPG,beef stew,1574640,1.0666666666666667,81.4315504919643,17.7,/home/aojwang/data/MergeDataset/cropped_images/1746WhiteRiceWhiteChapatiquoterBeefstew/beef stew_1.jpg
1746WhiteRiceWhiteChapatiquoterBeefstew.JPG,white chapati,3350950,1.593793103448276,123.64720621515292,2.89,/home/aojwang/data/MergeDataset/cropped_images/1746WhiteRiceWhiteChapatiquoterBeefstew/white chapati_2.jpg
11Watermelon.jpg,water melon,7037331,1.2207413577675967,101.8375370814115,2.1,/home/aojwang/data/MergeDataset/cropped_images/11Watermelon/water melon_0.jpg
589ButterBeans.jpg,butternut beans,1922620,1.6331797235023042,113.08510470087693,2.31,/home/aojwang/data/MergeDataset/cropped_images/589ButterBeans/butternut beans_0.jpg
2SamosaVege.jpg,samosa,1016610,2.045390070921986,187.92215631690948,30.0,/home/aojwang/data/MergeDataset/cropped_images/2SamosaVege/samosa_0.jpg
1219MincedMeatRoscocoBeansSpinach.JPG,rosecoco,2619792,1.424778761061947,63.041200726368096,26.01,/home/aojwang/data/MergeDataset/cropped_images/1219MincedMeatRoscocoBeansSpinach/rosecoco_0.jpg
1219MincedMeatRoscocoBeansSpinach.JPG,mincemeat,1720810,1.4617511520737327,96.64664082612258,83.1,/home/aojwang/data/MergeDataset/cropped_images/1219MincedMeatRoscocoBeansSpinach/mincemeat_1.jpg
1Hazelnut.jpg,hazelnut,1090505,1.3986409966024915,155.7732704878321,9.0,/home/aojwang/data/MergeDataset/cropped_images/1Hazelnut/hazelnut_0.jpg
257Carrots.jpg,carrot,2205022,3.837730870712401,130.2886365759616,1.4,/home/aojwang/data/MergeDataset/cropped_images/257Carrots/carrot_0.jpg
1730GitheriWhiteChapatihalf.JPG,githeri,2772423,0.8879456706281834,90.89742798988466,20.1,/home/aojwang/data/MergeDataset/cropped_images/1730GitheriWhiteChapatihalf/githeri_0.jpg
1Plum.jpg,plum,799800,1.0813953488372092,152.9449816620822,11.0,/home/aojwang/data/MergeDataset/cropped_images/1Plum/plum_0.jpg
798BrownRiceEggyolkBeans.jpg,brown rice boiled,2260076,1.3924646781789638,114.28959807841271,16.0,/home/aojwang/data/MergeDataset/cropped_images/798BrownRiceEggyolkBeans/brown rice boiled_0.jpg
1352YellowMaizeboiled.JPG,boiled yellow maize,2439072,1.4521604938271604,150.9258079848948,3.1625,/home/aojwang/data/MergeDataset/cropped_images/1352YellowMaizeboiled/boiled yellow maize_0.jpg
26Pawpaw.jpg,pawpaw,5244220,1.3189568706118355,89.89200840798695,0.706347,/home/aojwang/data/MergeDataset/cropped_images/26Pawpaw/pawpaw_0.jpg
997Spinach.jpg,spinach cooked,7086512,1.18348998774009,103.31241123983139,8.8,/home/aojwang/data/MergeDataset/cropped_images/997Spinach/spinach cooked_0.jpg
94Watermelonsliced.jpg,water melon,3786444,1.453531598513011,136.77909995059568,0.36,/home/aojwang/data/MergeDataset/cropped_images/94Watermelonsliced/water melon_0.jpg
1715ChipsBeefstew.JPG,potato chips,3106316,0.9892776523702032,152.74956153849126,12.0,/home/aojwang/data/MergeDataset/cropped_images/1715ChipsBeefstew/potato chips_0.jpg
1715ChipsBeefstew.JPG,beef stew,2495720,0.8436046511627907,102.23136957137285,35.4,/home/aojwang/data/MergeDataset/cropped_images/1715ChipsBeefstew/beef stew_1.jpg
635BrownRice.jpg,brown rice boiled,4958252,1.2828077314343846,133.02757887255427,20.0,/home/aojwang/data/MergeDataset/cropped_images/635BrownRice/brown rice boiled_0.jpg
1284BeefstewBrownRiceSpinach.JPG,spinach cooked,1926512,1.4097519247219845,78.12946264198372,4.38,/home/aojwang/data/MergeDataset/cropped_images/1284BeefstewBrownRiceSpinach/spinach cooked_1.jpg
1284BeefstewBrownRiceSpinach.JPG,brown rice boiled,2583456,0.9699754901960784,139.02582625754027,16.0,/home/aojwang/data/MergeDataset/cropped_images/1284BeefstewBrownRiceSpinach/brown rice boiled_2.jpg
505PineappleCarrotsRedCabbage.jpg,red cabbage,2700042,1.135538261997406,95.66836293657654,1.3,/home/aojwang/data/MergeDataset/cropped_images/505PineappleCarrotsRedCabbage/red cabbage_0.jpg
505PineappleCarrotsRedCabbage.jpg,pineapple,1488430,1.0581787521079258,149.07425564744955,0.48017,/home/aojwang/data/MergeDataset/cropped_images/505PineappleCarrotsRedCabbage/pineapple_1.jpg
505PineappleCarrotsRedCabbage.jpg,carrot,1306796,1.7960140679953107,125.73171354467976,0.7,/home/aojwang/data/MergeDataset/cropped_images/505PineappleCarrotsRedCabbage/carrot_2.jpg
1656WholeFishChips.JPG,potato chips,3405330,1.705590941259731,148.56038161744482,7.2,/home/aojwang/data/MergeDataset/cropped_images/1656WholeFishChips/potato chips_0.jpg
1EggBoiled.jpg,boiled egg,325212,1.3434959349593496,199.89931490842898,1.0,/home/aojwang/data/MergeDataset/cropped_images/1EggBoiled/boiled egg_0.jpg
842WhiteChapatiquoterMonkeynutBeans.jpg,monkeynut beans,1505940,1.1587719298245613,85.09579000491388,7.8,/home/aojwang/data/MergeDataset/cropped_images/842WhiteChapatiquoterMonkeynutBeans/monkeynut beans_0.jpg
842WhiteChapatiquoterMonkeynutBeans.jpg,white chapati,2095236,0.993801652892562,157.09658593749504,3.12,/home/aojwang/data/MergeDataset/cropped_images/842WhiteChapatiquoterMonkeynutBeans/white chapati_1.jpg
1375BeefstewSpinachNjahi.jpg,black beans,2314722,0.9798308392973325,93.18761043442798,28.5,/home/aojwang/data/MergeDataset/cropped_images/1375BeefstewSpinachNjahi/black beans_0.jpg
1375BeefstewSpinachNjahi.jpg,beef stew,1930759,1.2782750203417412,81.69889475244364,53.1,/home/aojwang/data/MergeDataset/cropped_images/1375BeefstewSpinachNjahi/beef stew_1.jpg
1002Spinach1cup.jpg,spinach cooked,2308614,0.9271229404309252,120.7231711321165,3.39,/home/aojwang/data/MergeDataset/cropped_images/1002Spinach1cup/spinach cooked_0.jpg
1RiceWMeatballs.jpg,meatballs,1114175,1.0604878048780488,144.83326527101516,72.0,/home/aojwang/data/MergeDataset/cropped_images/1RiceWMeatballs/meatballs_0.jpg
1RiceWMeatballs.jpg,white rice boiled,637222,0.9523227383863081,199.18837652602494,21.0,/home/aojwang/data/MergeDataset/cropped_images/1RiceWMeatballs/white rice boiled_1.jpg
2Cashewnut.jpg,cashewnut,1496250,1.1822222222222223,160.74664037872458,20.0,/home/aojwang/data/MergeDataset/cropped_images/2Cashewnut/cashewnut_0.jpg
1OnionTomatoAvocado.jpg,onion tomato avocado,2276794,1.332823259372609,159.80292668843413,7.0,/home/aojwang/data/MergeDataset/cropped_images/1OnionTomatoAvocado/onion tomato avocado_0.jpg
1522FriedGitheriWhiteRiceCabbage.JPG,githeri,2565836,1.1650943396226414,110.56749067360502,13.8,/home/aojwang/data/MergeDataset/cropped_images/1522FriedGitheriWhiteRiceCabbage/githeri_0.jpg
1522FriedGitheriWhiteRiceCabbage.JPG,green cabbage cooked,4155973,1.5855466337245212,105.36043593160976,2.2,/home/aojwang/data/MergeDataset/cropped_images/1522FriedGitheriWhiteRiceCabbage/green cabbage cooked_1.jpg
1522FriedGitheriWhiteRiceCabbage.JPG,white rice boiled,4422125,1.0211436809226333,146.60961423146867,4.8,/home/aojwang/data/MergeDataset/cropped_images/1522FriedGitheriWhiteRiceCabbage/white rice boiled_2.jpg
1528Njahi.JPG,black beans,4942608,1.2065217391304348,127.80624439567127,19.0,/home/aojwang/data/MergeDataset/cropped_images/1528Njahi/black beans_0.jpg
1322ChickenWetfryWhiteUgali1CupSpinach.JPG,white ugali,1303075,1.0595130748422001,165.81557546572532,9.66,/home/aojwang/data/MergeDataset/cropped_images/1322ChickenWetfryWhiteUgali1CupSpinach/white ugali_0.jpg
1322ChickenWetfryWhiteUgali1CupSpinach.JPG,chicken wing,988960,1.2684031710079275,104.78843633716227,30.25,/home/aojwang/data/MergeDataset/cropped_images/1322ChickenWetfryWhiteUgali1CupSpinach/chicken wing_1.jpg
1322ChickenWetfryWhiteUgali1CupSpinach.JPG,spinach cooked,1406080,1.3,79.04329554506145,1.1,/home/aojwang/data/MergeDataset/cropped_images/1322ChickenWetfryWhiteUgali1CupSpinach/spinach cooked_2.jpg
1487FriedGitheriBeefstew.JPG,githeri,2840754,1.0149432157800358,106.89618284441384,13.8,/home/aojwang/data/MergeDataset/cropped_images/1487FriedGitheriBeefstew/githeri_0.jpg
1487FriedGitheriBeefstew.JPG,beef stew,2182544,0.971314209472982,86.6435068433901,26.55,/home/aojwang/data/MergeDataset/cropped_images/1487FriedGitheriBeefstew/beef stew_1.jpg
2BeefRoast.jpg,beef roast,2304800,1.2835820895522387,102.11288803077635,0.0,/home/aojwang/data/MergeDataset/cropped_images/2BeefRoast/beef roast_0.jpg
1150MincedMeatBrownChapatiKales.JPG,sukumawiki,1751046,0.8696264975334743,73.93649757535401,4.0,/home/aojwang/data/MergeDataset/cropped_images/1150MincedMeatBrownChapatiKales/sukumawiki_0.jpg
1150MincedMeatBrownChapatiKales.JPG,brown chapati,4069065,0.8843822843822844,137.21632594547722,27.38,/home/aojwang/data/MergeDataset/cropped_images/1150MincedMeatBrownChapatiKales/brown chapati_1.jpg
1150MincedMeatBrownChapatiKales.JPG,mincemeat,1409436,1.8117913832199546,118.61932266996634,69.25,/home/aojwang/data/MergeDataset/cropped_images/1150MincedMeatBrownChapatiKales/mincemeat_2.jpg
1074Beefstewhalfcup.jpg,beef stew,2072960,1.204268292682927,110.32178141401667,25.29,/home/aojwang/data/MergeDataset/cropped_images/1074Beefstewhalfcup/beef stew_0.jpg
2ButternutSpinach.jpg,butternut spinach,2095335,1.3518072289156626,144.009316091858,36.0,/home/aojwang/data/MergeDataset/cropped_images/2ButternutSpinach/butternut spinach_0.jpg
1745WhiteRiceWhiteChapatihalfBeefstew.JPG,white rice boiled,1407931,1.487153134635149,161.1645852436424,2.4,/home/aojwang/data/MergeDataset/cropped_images/1745WhiteRiceWhiteChapatihalfBeefstew/white rice boiled_0.jpg
1745WhiteRiceWhiteChapatihalfBeefstew.JPG,beef stew,1262338,1.0862708719851577,76.0831459825604,17.7,/home/aojwang/data/MergeDataset/cropped_images/1745WhiteRiceWhiteChapatihalfBeefstew/beef stew_1.jpg
941Frenchfries.jpg,potato chips,6327075,1.3374712643678162,113.62008763923298,49.05,/home/aojwang/data/MergeDataset/cropped_images/941Frenchfries/potato chips_0.jpg
226Cucumber.jpg,cucumber,4881520,1.3593667546174142,185.809619271593,1.5,/home/aojwang/data/MergeDataset/cropped_images/226Cucumber/cucumber_0.jpg
1583BrownUgaliDrumstickCabbage.JPG,brown ugali,3772043,1.6134728580771747,147.02502543051602,2.9,/home/aojwang/data/MergeDataset/cropped_images/1583BrownUgaliDrumstickCabbage/brown ugali_0.jpg
1583BrownUgaliDrumstickCabbage.JPG,brown ugali,2118576,1.2326468344774981,126.02320709759763,2.9,/home/aojwang/data/MergeDataset/cropped_images/1583BrownUgaliDrumstickCabbage/brown ugali_1.jpg
786BrownRicethirdcupMonkeynutshalfcup.jpg,brown rice boiled,1316260,1.4134715025906737,125.08842604551279,5.6,/home/aojwang/data/MergeDataset/cropped_images/786BrownRicethirdcupMonkeynutshalfcup/brown rice boiled_0.jpg
786BrownRicethirdcupMonkeynutshalfcup.jpg,monkeynut beans,2682168,1.4587020648967552,81.78420827231304,10.14,/home/aojwang/data/MergeDataset/cropped_images/786BrownRicethirdcupMonkeynutshalfcup/monkeynut beans_1.jpg
1212MincedMeatRoscocoBeansSpinach.JPG,rosecoco,1813818,1.2554076539101497,106.01244226267464,8.67,/home/aojwang/data/MergeDataset/cropped_images/1212MincedMeatRoscocoBeansSpinach/rosecoco_0.jpg
1212MincedMeatRoscocoBeansSpinach.JPG,spinach cooked,2375580,1.1377162629757784,97.17119229830189,3.29,/home/aojwang/data/MergeDataset/cropped_images/1212MincedMeatRoscocoBeansSpinach/spinach cooked_1.jpg
1212MincedMeatRoscocoBeansSpinach.JPG,mincemeat,1661440,1.193220338983051,133.24675081054187,41.55,/home/aojwang/data/MergeDataset/cropped_images/1212MincedMeatRoscocoBeansSpinach/mincemeat_2.jpg
488PineappleRedCabbage.jpg,pineapple,1391058,1.4454638124362895,108.24709321969321,0.48017,/home/aojwang/data/MergeDataset/cropped_images/488PineappleRedCabbage/pineapple_0.jpg
1641WholeFishKachumbari1CupWhiteUgali1Cup.JPG,white ugali,1587738,1.0546047269763652,162.50127308997665,9.14,/home/aojwang/data/MergeDataset/cropped_images/1641WholeFishKachumbari1CupWhiteUgali1Cup/white ugali_0.jpg
1641WholeFishKachumbari1CupWhiteUgali1Cup.JPG,kachumbari,2853976,1.3917597765363128,97.64866546413379,1.99,/home/aojwang/data/MergeDataset/cropped_images/1641WholeFishKachumbari1CupWhiteUgali1Cup/kachumbari_1.jpg
246Tomato.jpg,tomato,785211,1.2057001239157372,125.44163373496636,0.6,/home/aojwang/data/MergeDataset/cropped_images/246Tomato/tomato_0.jpg
861WhiteChapatiquoterGreenBeans.jpg,white chapati,2115249,1.2730799069045773,153.42280412376982,3.12,/home/aojwang/data/MergeDataset/cropped_images/861WhiteChapatiquoterGreenBeans/white chapati_0.jpg
861WhiteChapatiquoterGreenBeans.jpg,green beans,1457280,1.3603864734299518,105.57429732103645,0.9,/home/aojwang/data/MergeDataset/cropped_images/861WhiteChapatiquoterGreenBeans/green beans_1.jpg
3EggBoiled.jpg,boiled egg,914931,1.3249097472924187,196.33558049732713,2.0,/home/aojwang/data/MergeDataset/cropped_images/3EggBoiled/boiled egg_0.jpg
1130MincedMeatBrownRiceKales.JPG,brown rice boiled,1814815,1.8554095045500505,144.44961130106006,20.0,/home/aojwang/data/MergeDataset/cropped_images/1130MincedMeatBrownRiceKales/brown rice boiled_0.jpg
1130MincedMeatBrownRiceKales.JPG,mincemeat,2858112,0.9571759259259259,103.25321704211265,83.1,/home/aojwang/data/MergeDataset/cropped_images/1130MincedMeatBrownRiceKales/mincemeat_1.jpg
1130MincedMeatBrownRiceKales.JPG,sukumawiki,2281500,0.9861932938856016,74.59562057126159,4.0,/home/aojwang/data/MergeDataset/cropped_images/1130MincedMeatBrownRiceKales/sukumawiki_2.jpg
1764BrownUgali1CupWhiteRiceSpinach.JPG,brown ugali,848170,1.0707865168539326,98.50873724214092,2.94,/home/aojwang/data/MergeDataset/cropped_images/1764BrownUgali1CupWhiteRiceSpinach/brown ugali_0.jpg
545Lentils1cup.jpg,kamande,4296552,1.2787779596290234,147.76084567346095,23.54,/home/aojwang/data/MergeDataset/cropped_images/545Lentils1cup/kamande_0.jpg
1179MincedMeatCabbageWhiteRice.JPG,mincemeat,2731296,1.7849636216653193,109.59730350231783,55.4,/home/aojwang/data/MergeDataset/cropped_images/1179MincedMeatCabbageWhiteRice/mincemeat_0.jpg
1179MincedMeatCabbageWhiteRice.JPG,green cabbage cooked,1820350,0.8243606998654105,169.26456359125078,2.4,/home/aojwang/data/MergeDataset/cropped_images/1179MincedMeatCabbageWhiteRice/green cabbage cooked_1.jpg
1179MincedMeatCabbageWhiteRice.JPG,white rice boiled,1981248,1.3443163097199342,200.1860372855897,5.2,/home/aojwang/data/MergeDataset/cropped_images/1179MincedMeatCabbageWhiteRice/white rice boiled_2.jpg
1497FriedGitheriBeefstewCabbage.JPG,green cabbage cooked,2681325,1.6494117647058824,110.22173589549942,1.1,/home/aojwang/data/MergeDataset/cropped_images/1497FriedGitheriBeefstewCabbage/green cabbage cooked_0.jpg
1497FriedGitheriBeefstewCabbage.JPG,githeri,1704402,1.2472198460222412,111.74180954180216,10.35,/home/aojwang/data/MergeDataset/cropped_images/1497FriedGitheriBeefstewCabbage/githeri_1.jpg
1497FriedGitheriBeefstewCabbage.JPG,beef stew,2096494,1.0976845151953691,99.83947056371257,17.7,/home/aojwang/data/MergeDataset/cropped_images/1497FriedGitheriBeefstewCabbage/beef stew_2.jpg
1612SpaghettiNjahi.JPG,spaghetti,1771308,1.0845070422535212,146.0383547073688,2.2,/home/aojwang/data/MergeDataset/cropped_images/1612SpaghettiNjahi/spaghetti_0.jpg
1612SpaghettiNjahi.JPG,black beans,1096910,1.1951983298538622,80.29092025173746,4.75,/home/aojwang/data/MergeDataset/cropped_images/1612SpaghettiNjahi/black beans_1.jpg
279Cabbagesliced.jpg,green cabbage,3952872,1.441425120772947,199.25626641422573,2.75,/home/aojwang/data/MergeDataset/cropped_images/279Cabbagesliced/green cabbage_0.jpg
10Watermelon.jpg,water melon,7591360,1.5129464285714285,96.67730138824489,1.8,/home/aojwang/data/MergeDataset/cropped_images/10Watermelon/water melon_0.jpg
3BeefRoast.jpg,beef roast,3578132,1.3600493218249075,127.50922967626684,0.0,/home/aojwang/data/MergeDataset/cropped_images/3BeefRoast/beef roast_0.jpg
1603BrownUgaliCabbage.JPG,green cabbage cooked,2269503,1.1865509761388287,155.51111572298723,1.2,/home/aojwang/data/MergeDataset/cropped_images/1603BrownUgaliCabbage/green cabbage cooked_1.jpg
427MangoLettuce.jpg,mango,1304825,1.2419512195121951,129.47308131997266,1.312,/home/aojwang/data/MergeDataset/cropped_images/427MangoLettuce/mango_0.jpg
427MangoLettuce.jpg,lettuce,5849112,0.9954620462046204,175.30517709354856,1.8,/home/aojwang/data/MergeDataset/cropped_images/427MangoLettuce/lettuce_1.jpg
1CabbageGreen.jpg,green cabbage cooked,1405516,1.4225352112676057,157.0196407108374,1.0,/home/aojwang/data/MergeDataset/cropped_images/1CabbageGreen/green cabbage cooked_0.jpg
71Bananapeeled.jpg,ripe banana,5930604,1.7309562398703404,160.04708873947183,3.92,/home/aojwang/data/MergeDataset/cropped_images/71Bananapeeled/ripe banana_0.jpg
796BrownRiceEggyolkBeans.jpg,brown rice boiled,1569132,1.562874251497006,127.97140988351097,8.0,/home/aojwang/data/MergeDataset/cropped_images/796BrownRiceEggyolkBeans/brown rice boiled_0.jpg
3RiceWYellowBTerere.jpg,terere,546178,1.1340057636887608,104.43608249813553,3.0,/home/aojwang/data/MergeDataset/cropped_images/3RiceWYellowBTerere/terere_0.jpg
3RiceWYellowBTerere.jpg,white rice boiled,1984030,2.0040201005025127,204.82607873872874,141.0,/home/aojwang/data/MergeDataset/cropped_images/3RiceWYellowBTerere/white rice boiled_1.jpg
3RiceWYellowBTerere.jpg,yellow beans,766380,1.8946540880503144,145.0882730064285,12.0,/home/aojwang/data/MergeDataset/cropped_images/3RiceWYellowBTerere/yellow beans_2.jpg
193AvocadoPawpaw.jpg,avocado,1105975,0.9499536607970342,143.7581277455036,0.8,/home/aojwang/data/MergeDataset/cropped_images/193AvocadoPawpaw/avocado_0.jpg
193AvocadoPawpaw.jpg,pawpaw,1012000,1.012,122.82384716732543,0.235449,/home/aojwang/data/MergeDataset/cropped_images/193AvocadoPawpaw/pawpaw_1.jpg
1698BeefSausageChipsKachumbarithirdCup.JPG,kachumbari,935256,1.2104664391353812,97.05417019511235,0.92,/home/aojwang/data/MergeDataset/cropped_images/1698BeefSausageChipsKachumbarithirdCup/kachumbari_0.jpg
1698BeefSausageChipsKachumbarithirdCup.JPG,potato chips,1989987,1.1473044798785117,165.236326836976,7.2,/home/aojwang/data/MergeDataset/cropped_images/1698BeefSausageChipsKachumbarithirdCup/potato chips_1.jpg
3RiceWLentilKitojo.jpg,kitojo,816562,1.519781718963165,85.42320811728524,1.0,/home/aojwang/data/MergeDataset/cropped_images/3RiceWLentilKitojo/kitojo_0.jpg
3RiceWLentilKitojo.jpg,white rice boiled,1530529,2.1334120425029517,203.5164621731005,141.0,/home/aojwang/data/MergeDataset/cropped_images/3RiceWLentilKitojo/white rice boiled_1.jpg
3RiceWLentilKitojo.jpg,kamande,732105,1.2509803921568627,120.90816344650015,40.0,/home/aojwang/data/MergeDataset/cropped_images/3RiceWLentilKitojo/kamande_2.jpg
1584BrownUgaliDrumstickCabbage.JPG,brown ugali,3216942,1.5237439779766002,141.61590697003552,1.43,/home/aojwang/data/MergeDataset/cropped_images/1584BrownUgaliDrumstickCabbage/brown ugali_0.jpg
263Carrots.jpg,carrot,4162158,1.4504132231404958,139.7126020524289,2.45,/home/aojwang/data/MergeDataset/cropped_images/263Carrots/carrot_0.jpg
1RiceWMeatballsVegies.jpg,meatballs,532134,1.1996996996996998,115.45600168378641,3.0,/home/aojwang/data/MergeDataset/cropped_images/1RiceWMeatballsVegies/meatballs_0.jpg
1RiceWMeatballsVegies.jpg,white rice boiled,538480,1.3354330708661417,198.24212660327836,42.0,/home/aojwang/data/MergeDataset/cropped_images/1RiceWMeatballsVegies/white rice boiled_1.jpg
1RiceWMeatballsVegies.jpg,saget,665996,1.4925149700598803,92.20088559090445,5.0,/home/aojwang/data/MergeDataset/cropped_images/1RiceWMeatballsVegies/saget_2.jpg
481GrapesCucumber.jpg,red grapes,3238732,1.5575589459084604,95.64517420192017,2.360196,/home/aojwang/data/MergeDataset/cropped_images/481GrapesCucumber/red grapes_0.jpg
481GrapesCucumber.jpg,cucumber,3033908,2.342706502636204,142.53043060853088,1.2,/home/aojwang/data/MergeDataset/cropped_images/481GrapesCucumber/cucumber_1.jpg
1WMelon.jpg,water melon,973854,1.5763358778625953,159.24573053729478,3.0,/home/aojwang/data/MergeDataset/cropped_images/1WMelon/water melon_0.jpg
1Chia.jpg,chia seeds,858123,1.443579766536965,135.1617507047358,17.0,/home/aojwang/data/MergeDataset/cropped_images/1Chia/chia seeds_0.jpg
3Blueberry.jpg,blueberry,1488200,1.317027281279398,114.58309277426869,19.0,/home/aojwang/data/MergeDataset/cropped_images/3Blueberry/blueberry_0.jpg
1RiceDenguSpinach.jpg,ndengu,1308300,1.3622448979591837,126.79287090116945,27.0,/home/aojwang/data/MergeDataset/cropped_images/1RiceDenguSpinach/ndengu_0.jpg
1RiceDenguSpinach.jpg,spinach cooked,873910,2.2588424437299035,104.11923920464731,2.0,/home/aojwang/data/MergeDataset/cropped_images/1RiceDenguSpinach/spinach cooked_1.jpg
1RiceDenguSpinach.jpg,white rice boiled,400440,1.2588652482269505,196.45845320147836,14.0,/home/aojwang/data/MergeDataset/cropped_images/1RiceDenguSpinach/white rice boiled_2.jpg
1RiceDenguSpinach.jpg,spinach cooked,389865,1.274864376130199,198.07780556517426,2.0,/home/aojwang/data/MergeDataset/cropped_images/1RiceDenguSpinach/spinach cooked_3.jpg
1728GitheriWhiteChapatiquoter.JPG,githeri,2822434,0.8968432919954904,91.73254467597825,16.75,/home/aojwang/data/MergeDataset/cropped_images/1728GitheriWhiteChapatiquoter/githeri_0.jpg
1728GitheriWhiteChapatiquoter.JPG,white chapati,2463825,0.8241758241758241,114.31466398790498,2.89,/home/aojwang/data/MergeDataset/cropped_images/1728GitheriWhiteChapatiquoter/white chapati_1.jpg
2UgaliBeefRoast.jpg,beef roast,1286285,1.2837162837162837,137.37665473307496,0.0,/home/aojwang/data/MergeDataset/cropped_images/2UgaliBeefRoast/beef roast_0.jpg
2UgaliBeefRoast.jpg,white ugali,714220,0.6285178236397748,188.27384326024662,90.0,/home/aojwang/data/MergeDataset/cropped_images/2UgaliBeefRoast/white ugali_1.jpg
1455MokimoChickenthigh.JPG,chicken thigh,1226412,1.2822085889570551,97.54913085216604,34.8,/home/aojwang/data/MergeDataset/cropped_images/1455MokimoChickenthigh/chicken thigh_0.jpg
1455MokimoChickenthigh.JPG,chicken thigh,1298164,1.3138832997987928,86.89029172482573,34.8,/home/aojwang/data/MergeDataset/cropped_images/1455MokimoChickenthigh/chicken thigh_1.jpg
1455MokimoChickenthigh.JPG,mukimo,1595990,1.0900826446280991,96.84609531805755,10.0,/home/aojwang/data/MergeDataset/cropped_images/1455MokimoChickenthigh/mukimo_2.jpg
1455MokimoChickenthigh.JPG,chicken thigh,114759,1.1864951768488745,64.52962585360045,34.8,/home/aojwang/data/MergeDataset/cropped_images/1455MokimoChickenthigh/chicken thigh_3.jpg
98Watermelonsliced.jpg,water melon,8570896,2.2219959266802443,141.1282670641047,1.32,/home/aojwang/data/MergeDataset/cropped_images/98Watermelonsliced/water melon_0.jpg
2PastaChickenCarrot.jpg,chicken,548328,0.9905913978494624,133.38149854345087,0.0,/home/aojwang/data/MergeDataset/cropped_images/2PastaChickenCarrot/chicken_0.jpg
2PastaChickenCarrot.jpg,carrot,448360,2.315909090909091,149.42840574538317,4.0,/home/aojwang/data/MergeDataset/cropped_images/2PastaChickenCarrot/carrot_1.jpg
2PastaChickenCarrot.jpg,pasta,2353347,1.7459086993970714,179.43581135010405,135.0,/home/aojwang/data/MergeDataset/cropped_images/2PastaChickenCarrot/pasta_2.jpg
1Mozzarella.jpg,mozzarella,279993,1.2729211087420043,192.35446362349535,1.0,/home/aojwang/data/MergeDataset/cropped_images/1Mozzarella/mozzarella_0.jpg
565WhiteRice.jpg,white rice boiled,4356625,1.1879895561357703,174.38899989479623,7.2,/home/aojwang/data/MergeDataset/cropped_images/565WhiteRice/white rice boiled_0.jpg
1527Njahi.JPG,black beans,3593094,1.1378728193584693,138.560175807628,14.25,/home/aojwang/data/MergeDataset/cropped_images/1527Njahi/black beans_0.jpg
670BrownChapati.jpg,brown chapati,5611424,1.2345215759849906,120.96167995859875,5.84,/home/aojwang/data/MergeDataset/cropped_images/670BrownChapati/brown chapati_0.jpg
1493FriedGitheriBeefstewCabbage.JPG,githeri,1072624,1.4707259953161593,99.28807423042309,3.45,/home/aojwang/data/MergeDataset/cropped_images/1493FriedGitheriBeefstewCabbage/githeri_0.jpg
1493FriedGitheriBeefstewCabbage.JPG,beef stew,1106700,1.0637254901960784,83.42276708532876,8.85,/home/aojwang/data/MergeDataset/cropped_images/1493FriedGitheriBeefstewCabbage/beef stew_1.jpg
2Sausage.jpg,sausage,907535,1.4955070603337612,129.47768662732935,9.0,/home/aojwang/data/MergeDataset/cropped_images/2Sausage/sausage_0.jpg
1PorkFried.jpg,pork fry,766480,0.9897727272727272,163.31295097936888,0.0,/home/aojwang/data/MergeDataset/cropped_images/1PorkFried/pork fry_0.jpg
3StrawberryPearOrange.jpg,strawberry pear orange,2731722,1.4966691339748335,165.01746773646806,40.0,/home/aojwang/data/MergeDataset/cropped_images/3StrawberryPearOrange/strawberry pear orange_0.jpg
1498FriedGitheriBeefstewCabbage.JPG,green cabbage cooked,2497122,1.7964376590330788,138.34978921067267,1.1,/home/aojwang/data/MergeDataset/cropped_images/1498FriedGitheriBeefstewCabbage/green cabbage cooked_0.jpg
1498FriedGitheriBeefstewCabbage.JPG,githeri,3048540,1.1348383160463698,110.05439215712002,10.35,/home/aojwang/data/MergeDataset/cropped_images/1498FriedGitheriBeefstewCabbage/githeri_1.jpg
1498FriedGitheriBeefstewCabbage.JPG,beef stew,2841480,0.9236031927023945,95.48654304564288,26.55,/home/aojwang/data/MergeDataset/cropped_images/1498FriedGitheriBeefstewCabbage/beef stew_2.jpg
1762BrownUgali1CupWhiteRiceSpinach.JPG,brown ugali,1144780,1.0666023166023166,105.02515563397917,2.94,/home/aojwang/data/MergeDataset/cropped_images/1762BrownUgali1CupWhiteRiceSpinach/brown ugali_0.jpg
1762BrownUgali1CupWhiteRiceSpinach.JPG,white rice boiled,2146690,1.3226059654631084,180.58095719456466,3.6,/home/aojwang/data/MergeDataset/cropped_images/1762BrownUgali1CupWhiteRiceSpinach/white rice boiled_1.jpg
2SpaghettiMinced.jpg,spaghetti,1129392,1.8005050505050506,185.74920547220688,50.0,/home/aojwang/data/MergeDataset/cropped_images/2SpaghettiMinced/spaghetti_0.jpg
2SpaghettiMinced.jpg,mincemeat,1207191,1.1012416427889207,131.16485571324947,0.0,/home/aojwang/data/MergeDataset/cropped_images/2SpaghettiMinced/mincemeat_1.jpg
370LettuceCarrotsGrapes.jpg,red grapes,1891794,1.5893675527039413,85.74054134153437,1.770147,/home/aojwang/data/MergeDataset/cropped_images/370LettuceCarrotsGrapes/red grapes_0.jpg
370LettuceCarrotsGrapes.jpg,carrot,1587426,1.1362098138747885,122.4466933681738,1.05,/home/aojwang/data/MergeDataset/cropped_images/370LettuceCarrotsGrapes/carrot_1.jpg
1287BeefstewBrownRiceSpinach.JPG,brown rice boiled,2963289,0.793067770305225,144.38999503592123,24.0,/home/aojwang/data/MergeDataset/cropped_images/1287BeefstewBrownRiceSpinach/brown rice boiled_1.jpg
1287BeefstewBrownRiceSpinach.JPG,spinach cooked,2588076,1.4587087087087087,92.7343580070034,6.57,/home/aojwang/data/MergeDataset/cropped_images/1287BeefstewBrownRiceSpinach/spinach cooked_2.jpg
1165MincedMeatWhiteChapati1andhalfCabbage.JPG,green cabbage cooked,1141300,1.118811881188119,166.20324600601654,1.2,/home/aojwang/data/MergeDataset/cropped_images/1165MincedMeatWhiteChapati1andhalfCabbage/green cabbage cooked_0.jpg
1165MincedMeatWhiteChapati1andhalfCabbage.JPG,mincemeat,1786180,1.116205533596838,111.60280990717621,41.55,/home/aojwang/data/MergeDataset/cropped_images/1165MincedMeatWhiteChapati1andhalfCabbage/mincemeat_1.jpg
1165MincedMeatWhiteChapati1andhalfCabbage.JPG,white chapati,3981609,0.82189913675602,168.51723009466775,17.86,/home/aojwang/data/MergeDataset/cropped_images/1165MincedMeatWhiteChapati1andhalfCabbage/white chapati_2.jpg
1330WhiteUgali2CupsChickenWetfrySpinach.JPG,chicken wing,2650800,2.0833333333333335,109.26351403349932,138.35,/home/aojwang/data/MergeDataset/cropped_images/1330WhiteUgali2CupsChickenWetfrySpinach/chicken wing_0.jpg
1330WhiteUgali2CupsChickenWetfrySpinach.JPG,chicken wing,681993,1.1123882503192848,111.59343668727783,138.35,/home/aojwang/data/MergeDataset/cropped_images/1330WhiteUgali2CupsChickenWetfrySpinach/chicken wing_1.jpg
897WhiteChapati3Greengrams.jpg,ndengu,863346,1.4868766404199476,83.27594498613534,1.85,/home/aojwang/data/MergeDataset/cropped_images/897WhiteChapati3Greengrams/ndengu_0.jpg
897WhiteChapati3Greengrams.jpg,white chapati,4237233,1.3947217441193345,119.69038159257862,33.54,/home/aojwang/data/MergeDataset/cropped_images/897WhiteChapati3Greengrams/white chapati_1.jpg
473GrapesShreddedCarrots.jpg,carrot,3809855,1.9633883704235462,106.55103164468639,1.4,/home/aojwang/data/MergeDataset/cropped_images/473GrapesShreddedCarrots/carrot_0.jpg
473GrapesShreddedCarrots.jpg,red grapes,4486494,1.6660572821450335,80.56365653596475,2.360196,/home/aojwang/data/MergeDataset/cropped_images/473GrapesShreddedCarrots/red grapes_1.jpg
142AppleMango.jpg,mango,2928380,1.1311373523927906,146.38461128678654,1.64,/home/aojwang/data/MergeDataset/cropped_images/142AppleMango/mango_0.jpg
142AppleMango.jpg,apple,3234446,0.9861954721148537,167.1903979846935,0.6,/home/aojwang/data/MergeDataset/cropped_images/142AppleMango/apple_1.jpg
1156MincedMeatKalesPasta.JPG,sukumawiki,1661370,0.8452211126961484,66.53995176671462,3.0,/home/aojwang/data/MergeDataset/cropped_images/1156MincedMeatKalesPasta/sukumawiki_0.jpg
1156MincedMeatKalesPasta.JPG,pasta,2931327,1.396135265700483,125.95728692158876,6.6,/home/aojwang/data/MergeDataset/cropped_images/1156MincedMeatKalesPasta/pasta_1.jpg
1156MincedMeatKalesPasta.JPG,mincemeat,1786304,1.8299595141700404,90.98403761808368,41.55,/home/aojwang/data/MergeDataset/cropped_images/1156MincedMeatKalesPasta/mincemeat_2.jpg
1175MincedMeatCabbageWhiteRice.JPG,green cabbage cooked,1631910,0.9225563909774436,162.87920943352677,2.4,/home/aojwang/data/MergeDataset/cropped_images/1175MincedMeatCabbageWhiteRice/green cabbage cooked_0.jpg
1175MincedMeatCabbageWhiteRice.JPG,white rice boiled,2700649,1.4796447076239823,179.53524356552813,6.5,/home/aojwang/data/MergeDataset/cropped_images/1175MincedMeatCabbageWhiteRice/white rice boiled_1.jpg
1175MincedMeatCabbageWhiteRice.JPG,mincemeat,2208864,1.5061932287365813,115.94217963019301,83.1,/home/aojwang/data/MergeDataset/cropped_images/1175MincedMeatCabbageWhiteRice/mincemeat_2.jpg
555Pigeonpea.jpg,mbaazi,7647360,1.476274165202109,139.73898038015733,25.65,/home/aojwang/data/MergeDataset/cropped_images/555Pigeonpea/mbaazi_0.jpg
568WhiteRice.jpg,white rice boiled,6534860,1.3452813067150635,176.8719530844323,12.0,/home/aojwang/data/MergeDataset/cropped_images/568WhiteRice/white rice boiled_0.jpg
1172MincedMeatCabbageWhiteRice.JPG,mincemeat,1373772,1.5031380753138075,88.46043933539676,27.7,/home/aojwang/data/MergeDataset/cropped_images/1172MincedMeatCabbageWhiteRice/mincemeat_0.jpg
1172MincedMeatCabbageWhiteRice.JPG,green cabbage cooked,1065196,1.190274841437632,147.474911346519,0.5,/home/aojwang/data/MergeDataset/cropped_images/1172MincedMeatCabbageWhiteRice/green cabbage cooked_1.jpg
1172MincedMeatCabbageWhiteRice.JPG,white rice boiled,1956782,1.4873583260680034,186.43739363914835,2.6,/home/aojwang/data/MergeDataset/cropped_images/1172MincedMeatCabbageWhiteRice/white rice boiled_2.jpg
1456MokimoChickenthigh.JPG,chicken thigh,1261024,1.250996015936255,92.15488470745468,34.8,/home/aojwang/data/MergeDataset/cropped_images/1456MokimoChickenthigh/chicken thigh_0.jpg
1456MokimoChickenthigh.JPG,chicken thigh,1368926,1.4792099792099793,90.8607706576786,34.8,/home/aojwang/data/MergeDataset/cropped_images/1456MokimoChickenthigh/chicken thigh_1.jpg
1456MokimoChickenthigh.JPG,mukimo,2075643,1.0883417813178855,89.96251041243605,15.0,/home/aojwang/data/MergeDataset/cropped_images/1456MokimoChickenthigh/mukimo_2.jpg
1456MokimoChickenthigh.JPG,chicken thigh,119685,1.3036303630363035,70.99677486736016,34.8,/home/aojwang/data/MergeDataset/cropped_images/1456MokimoChickenthigh/chicken thigh_3.jpg
1164MincedMeatWhiteChapatiCabbage.JPG,green cabbage cooked,1256288,1.4038054968287526,158.0676447863335,1.2,/home/aojwang/data/MergeDataset/cropped_images/1164MincedMeatWhiteChapatiCabbage/green cabbage cooked_0.jpg
1164MincedMeatWhiteChapatiCabbage.JPG,mincemeat,2167613,1.0644709180098109,116.14234782684916,41.55,/home/aojwang/data/MergeDataset/cropped_images/1164MincedMeatWhiteChapatiCabbage/mincemeat_1.jpg
1164MincedMeatWhiteChapatiCabbage.JPG,white chapati,3794076,0.7998163452708907,169.4405392336193,12.48,/home/aojwang/data/MergeDataset/cropped_images/1164MincedMeatWhiteChapatiCabbage/white chapati_2.jpg
1362YellowMaizeboiledhalfCup.JPG,boiled yellow maize,2554920,1.3833701250919794,157.0159689279247,3.383875,/home/aojwang/data/MergeDataset/cropped_images/1362YellowMaizeboiledhalfCup/boiled yellow maize_0.jpg
573WhiteRicehalfcup.jpg,white rice boiled,2329548,1.160197600564573,160.53279463083254,2.448,/home/aojwang/data/MergeDataset/cropped_images/573WhiteRicehalfcup/white rice boiled_0.jpg
1676WholeFishKachumbarithirdCupChips.JPG,kachumbari,1670832,1.303886925795053,97.61522403209898,0.92,/home/aojwang/data/MergeDataset/cropped_images/1676WholeFishKachumbarithirdCupChips/kachumbari_0.jpg
1676WholeFishKachumbarithirdCupChips.JPG,fish fry,4523664,2.7141750580945003,117.67112175734832,126.43,/home/aojwang/data/MergeDataset/cropped_images/1676WholeFishKachumbarithirdCupChips/fish fry_1.jpg
1676WholeFishKachumbarithirdCupChips.JPG,potato chips,2597376,1.2808988764044944,142.14152603755997,7.2,/home/aojwang/data/MergeDataset/cropped_images/1676WholeFishKachumbarithirdCupChips/potato chips_2.jpg
1636WholeFishKachumbarihalfCupWhiteUgalithirdCup.JPG,white ugali,767255,1.0254335260115608,181.2619255223709,3.74,/home/aojwang/data/MergeDataset/cropped_images/1636WholeFishKachumbarihalfCupWhiteUgalithirdCup/white ugali_0.jpg
1636WholeFishKachumbarihalfCupWhiteUgalithirdCup.JPG,kachumbari,1652685,1.1573221757322176,106.7144323731786,1.43,/home/aojwang/data/MergeDataset/cropped_images/1636WholeFishKachumbarihalfCupWhiteUgalithirdCup/kachumbari_1.jpg
780BrownRiceMonkeynuts.jpg,monkeynut beans,1994298,1.542656112576957,88.57782671730436,7.8,/home/aojwang/data/MergeDataset/cropped_images/780BrownRiceMonkeynuts/monkeynut beans_0.jpg
780BrownRiceMonkeynuts.jpg,brown rice boiled,3291203,1.4189100459619173,149.8741831887408,24.0,/home/aojwang/data/MergeDataset/cropped_images/780BrownRiceMonkeynuts/brown rice boiled_1.jpg
3Pumpkin.jpg,pumpkin,2947050,1.617037037037037,162.56279251002414,33.0,/home/aojwang/data/MergeDataset/cropped_images/3Pumpkin/pumpkin_0.jpg
1281BeefstewBrownRiceSpinach.JPG,brown rice boiled,2578968,0.828798185941043,149.13365656340056,12.0,/home/aojwang/data/MergeDataset/cropped_images/1281BeefstewBrownRiceSpinach/brown rice boiled_0.jpg
1281BeefstewBrownRiceSpinach.JPG,spinach cooked,2189116,1.4376012965964344,73.05577609104924,3.29,/home/aojwang/data/MergeDataset/cropped_images/1281BeefstewBrownRiceSpinach/spinach cooked_1.jpg
400BananaCabbage.jpg,ripe banana,3341216,0.7134935304990758,116.94361314363792,5.012,/home/aojwang/data/MergeDataset/cropped_images/400BananaCabbage/ripe banana_0.jpg
400BananaCabbage.jpg,green cabbage,5868904,1.0378469301934399,172.32475609301724,5.5,/home/aojwang/data/MergeDataset/cropped_images/400BananaCabbage/green cabbage_1.jpg
333OnionsCucumber.jpg,cucumber,2500722,1.0262652146060218,140.09504001910915,1.2,/home/aojwang/data/MergeDataset/cropped_images/333OnionsCucumber/cucumber_0.jpg
333OnionsCucumber.jpg,onions,2760432,0.8952164009111617,153.0075438675299,3.0,/home/aojwang/data/MergeDataset/cropped_images/333OnionsCucumber/onions_1.jpg
179MangoWatermelon.jpg,mango,885916,1.0489662676822633,118.41743498631172,0.41,/home/aojwang/data/MergeDataset/cropped_images/179MangoWatermelon/mango_0.jpg
179MangoWatermelon.jpg,water melon,758880,1.1397058823529411,93.67833781362008,0.3,/home/aojwang/data/MergeDataset/cropped_images/179MangoWatermelon/water melon_1.jpg
2SconesHam.jpg,hamburger,1726966,1.9796573875802999,161.6029105379029,62.0,/home/aojwang/data/MergeDataset/cropped_images/2SconesHam/hamburger_0.jpg
538Lentils.jpg,kamande,6430288,1.368081180811808,163.06225786465552,37.45,/home/aojwang/data/MergeDataset/cropped_images/538Lentils/kamande_0.jpg
348OnionsCarrots.jpg,carrot,2479256,1.048114434330299,135.48341115237798,1.4,/home/aojwang/data/MergeDataset/cropped_images/348OnionsCarrots/carrot_0.jpg
348OnionsCarrots.jpg,onions,2746656,0.9696969696969697,151.63200026990395,3.0,/home/aojwang/data/MergeDataset/cropped_images/348OnionsCarrots/onions_1.jpg
636BrownRice.jpg,brown rice boiled,5206765,1.3763496143958869,133.092513489662,24.0,/home/aojwang/data/MergeDataset/cropped_images/636BrownRice/brown rice boiled_0.jpg
1088Chickendrumstick(2).jpg,chicken drumstick,7085914,1.282007656316461,110.70638847719574,164.67,/home/aojwang/data/MergeDataset/cropped_images/1088Chickendrumstick(2)/chicken drumstick_0.jpg
659SweetPotatowhole.jpg,sweet potato,3181238,2.1479046836483153,154.01912316316267,5.94,/home/aojwang/data/MergeDataset/cropped_images/659SweetPotatowhole/sweet potato_0.jpg
1697BeefSausageChipsKachumbarithirdCup.jpg,kachumbari,648547,1.0853816300129366,97.46002885424392,0.92,/home/aojwang/data/MergeDataset/cropped_images/1697BeefSausageChipsKachumbarithirdCup/kachumbari_0.jpg
1697BeefSausageChipsKachumbarithirdCup.jpg,potato chips,1322730,1.1661971830985915,150.5459080840383,7.2,/home/aojwang/data/MergeDataset/cropped_images/1697BeefSausageChipsKachumbarithirdCup/potato chips_1.jpg
1006Kales.jpg,sukumawiki,2878042,1.199483537766301,80.3099528545217,1.48,/home/aojwang/data/MergeDataset/cropped_images/1006Kales/sukumawiki_0.jpg
769BrownRice1cupCowpeasquotercup.jpg,cowpeas,1454790,1.2826291079812207,110.21196346780864,4.75,/home/aojwang/data/MergeDataset/cropped_images/769BrownRice1cupCowpeasquotercup/cowpeas_0.jpg
769BrownRice1cupCowpeasquotercup.jpg,brown rice boiled,2072571,1.2709475332811278,147.64093920063536,13.6,/home/aojwang/data/MergeDataset/cropped_images/769BrownRice1cupCowpeasquotercup/brown rice boiled_1.jpg
366CabbageCarrotsgratedOnions.jpg,carrot,2157246,1.24373576309795,131.31335322907077,0.7,/home/aojwang/data/MergeDataset/cropped_images/366CabbageCarrotsgratedOnions/carrot_0.jpg
366CabbageCarrotsgratedOnions.jpg,onions,1700298,1.1022544283413849,128.26411370242158,1.5,/home/aojwang/data/MergeDataset/cropped_images/366CabbageCarrotsgratedOnions/onions_1.jpg
366CabbageCarrotsgratedOnions.jpg,green cabbage,1671354,1.587719298245614,190.83813163857965,1.1,/home/aojwang/data/MergeDataset/cropped_images/366CabbageCarrotsgratedOnions/green cabbage_2.jpg
354LettuceTomatoCarrots.jpg,carrot,1493375,1.7682263329706203,111.15747663290645,0.7,/home/aojwang/data/MergeDataset/cropped_images/354LettuceTomatoCarrots/carrot_0.jpg
354LettuceTomatoCarrots.jpg,tomato,1396821,1.2455146364494807,90.42671132044359,1.0,/home/aojwang/data/MergeDataset/cropped_images/354LettuceTomatoCarrots/tomato_1.jpg
354LettuceTomatoCarrots.jpg,lettuce,2667296,1.098844672657253,156.53353108666354,1.2,/home/aojwang/data/MergeDataset/cropped_images/354LettuceTomatoCarrots/lettuce_2.jpg
432MangoCarrots.jpg,mango,1094436,1.3421926910299002,134.28143415116705,1.64,/home/aojwang/data/MergeDataset/cropped_images/432MangoCarrots/mango_0.jpg
432MangoCarrots.jpg,carrot,4426038,1.4143583945732052,119.45359468972778,1.4,/home/aojwang/data/MergeDataset/cropped_images/432MangoCarrots/carrot_1.jpg
432MangoCarrots.jpg,mango,782880,0.9012875536480687,113.60791819946863,1.64,/home/aojwang/data/MergeDataset/cropped_images/432MangoCarrots/mango_2.jpg
1320BeefstewPastaSpinach.JPG,spinach cooked,4079152,1.421487603305785,70.35932149623255,5.48,/home/aojwang/data/MergeDataset/cropped_images/1320BeefstewPastaSpinach/spinach cooked_0.jpg
632BrownRice.jpg,brown rice boiled,2150982,1.2611026033690658,119.72490750736175,8.0,/home/aojwang/data/MergeDataset/cropped_images/632BrownRice/brown rice boiled_0.jpg
2Blueberry.jpg,blueberry,1443453,1.3792766373411536,110.69802180373497,13.0,/home/aojwang/data/MergeDataset/cropped_images/2Blueberry/blueberry_0.jpg
3Omena.jpg,omena,3089268,1.4180216802168022,125.7288061983184,0.0,/home/aojwang/data/MergeDataset/cropped_images/3Omena/omena_0.jpg
1BreadEgg.jpg,brown bread,637432,1.1928864569083448,181.01352667160313,13.0,/home/aojwang/data/MergeDataset/cropped_images/1BreadEgg/brown bread_0.jpg
1BreadEgg.jpg,boiled egg,489125,1.5652951699463327,184.28237839679701,1.0,/home/aojwang/data/MergeDataset/cropped_images/1BreadEgg/boiled egg_1.jpg
1BreadEgg.jpg,boiled egg,544660,1.7061946902654868,179.97411779825947,1.0,/home/aojwang/data/MergeDataset/cropped_images/1BreadEgg/boiled egg_2.jpg
537Lentils.jpg,kamande,3323684,1.3180100755667505,151.12892190312516,16.05,/home/aojwang/data/MergeDataset/cropped_images/537Lentils/kamande_0.jpg
1252MincedMeatRoscocoBeansCabbage.JPG,green cabbage cooked,2693925,1.1433224755700326,145.86842185039797,2.4,/home/aojwang/data/MergeDataset/cropped_images/1252MincedMeatRoscocoBeansCabbage/green cabbage cooked_0.jpg
1252MincedMeatRoscocoBeansCabbage.JPG,rosecoco,3254280,1.6368794326241134,80.01346493438385,17.34,/home/aojwang/data/MergeDataset/cropped_images/1252MincedMeatRoscocoBeansCabbage/rosecoco_1.jpg
1StrawberryPearOrange.jpg,strawberry pear orange,1772870,1.3762114537444934,183.60738538828755,19.0,/home/aojwang/data/MergeDataset/cropped_images/1StrawberryPearOrange/strawberry pear orange_0.jpg
1271MincedMeatGreenGramsCabbage.JPG,ndengu,2679574,1.2118359112306658,115.20056969254566,9.0,/home/aojwang/data/MergeDataset/cropped_images/1271MincedMeatGreenGramsCabbage/ndengu_0.jpg
1271MincedMeatGreenGramsCabbage.JPG,green cabbage cooked,2100120,0.9587837837837838,170.61587829901782,1.8,/home/aojwang/data/MergeDataset/cropped_images/1271MincedMeatGreenGramsCabbage/green cabbage cooked_1.jpg
1271MincedMeatGreenGramsCabbage.JPG,mincemeat,1688680,1.5733590733590734,121.60422400928536,55.4,/home/aojwang/data/MergeDataset/cropped_images/1271MincedMeatGreenGramsCabbage/mincemeat_2.jpg
423MangoLettuce.jpg,mango,1090752,1.3556298773690079,118.43474563114866,0.984,/home/aojwang/data/MergeDataset/cropped_images/423MangoLettuce/mango_0.jpg
423MangoLettuce.jpg,lettuce,3447403,1.077138065958636,165.13935717214764,0.6,/home/aojwang/data/MergeDataset/cropped_images/423MangoLettuce/lettuce_1.jpg
1024Beefstew.jpg,beef stew,1632062,1.3439201451905627,137.14615743764637,17.7,/home/aojwang/data/MergeDataset/cropped_images/1024Beefstew/beef stew_0.jpg
3Broccoli.jpg,broccoli,2896093,1.410327983251919,145.63402614027473,8.0,/home/aojwang/data/MergeDataset/cropped_images/3Broccoli/broccoli_0.jpg
642BrownRicethirdcup.jpg,brown rice boiled,2152177,1.1584739545121057,125.99924510545988,5.2,/home/aojwang/data/MergeDataset/cropped_images/642BrownRicethirdcup/brown rice boiled_0.jpg
906SweetPotatoroundcut.jpg,sweet potato,5174928,1.3693415637860082,117.77224733046205,2.98,/home/aojwang/data/MergeDataset/cropped_images/906SweetPotatoroundcut/sweet potato_0.jpg
1479FriedGitheri1Cup.JPG,githeri,4599180,1.1452095808383234,142.95371529997377,16.56,/home/aojwang/data/MergeDataset/cropped_images/1479FriedGitheri1Cup/githeri_0.jpg
433MangoCarrots.jpg,mango,1096146,1.2044025157232705,114.76797829242942,0.82,/home/aojwang/data/MergeDataset/cropped_images/433MangoCarrots/mango_0.jpg
433MangoCarrots.jpg,carrot,3446872,1.1884908984145626,112.9711393402482,1.05,/home/aojwang/data/MergeDataset/cropped_images/433MangoCarrots/carrot_1.jpg
3AvocadoPawpaw.jpg,avocado pawpaw,2767735,1.3668306394940266,163.63493036724975,15.0,/home/aojwang/data/MergeDataset/cropped_images/3AvocadoPawpaw/avocado pawpaw_0.jpg
358TomatoOnionsCarrots.jpg,tomato,1747870,1.0974643423137875,99.8699706881328,1.5,/home/aojwang/data/MergeDataset/cropped_images/358TomatoOnionsCarrots/tomato_0.jpg
358TomatoOnionsCarrots.jpg,onions,2068416,1.9649122807017543,139.76689666553213,2.25,/home/aojwang/data/MergeDataset/cropped_images/358TomatoOnionsCarrots/onions_1.jpg
358TomatoOnionsCarrots.jpg,carrot,2201245,1.1848862802641233,129.66480771866225,1.05,/home/aojwang/data/MergeDataset/cropped_images/358TomatoOnionsCarrots/carrot_2.jpg
2MatumboFried.jpg,matumbo fry,1876815,1.382832618025751,136.59304548752363,4.0,/home/aojwang/data/MergeDataset/cropped_images/2MatumboFried/matumbo fry_0.jpg
1645WholeFishKachumbari1CupBrownUgaliquoterCup.JPG,brown ugali,516186,1.021097046413502,119.40532999086892,1.14,/home/aojwang/data/MergeDataset/cropped_images/1645WholeFishKachumbari1CupBrownUgaliquoterCup/brown ugali_0.jpg
1645WholeFishKachumbari1CupBrownUgaliquoterCup.JPG,kachumbari,2353000,1.3923076923076922,109.08054398640034,1.99,/home/aojwang/data/MergeDataset/cropped_images/1645WholeFishKachumbari1CupBrownUgaliquoterCup/kachumbari_1.jpg
1645WholeFishKachumbari1CupBrownUgaliquoterCup.JPG,fish fry,4154386,2.4356814701378253,123.16039040827373,126.43,/home/aojwang/data/MergeDataset/cropped_images/1645WholeFishKachumbari1CupBrownUgaliquoterCup/fish fry_2.jpg
1Pear.jpg,pear,662228,1.3286118980169972,171.21026947415896,7.0,/home/aojwang/data/MergeDataset/cropped_images/1Pear/pear_0.jpg
65Mango.jpg,mango,11303072,1.6618098159509203,108.58416750183785,2.87,/home/aojwang/data/MergeDataset/cropped_images/65Mango/mango_0.jpg
1150Boiledcorn.jpg,boiled yellow maize,3518760,1.2893462469733656,159.44126842031474,9.47,/home/aojwang/data/MergeDataset/cropped_images/1150Boiledcorn/boiled yellow maize_0.jpg
1519FriedGitheriWhiteRiceCabbage.JPG,githeri,1813135,1.0980544747081713,95.4203126996427,6.9,/home/aojwang/data/MergeDataset/cropped_images/1519FriedGitheriWhiteRiceCabbage/githeri_0.jpg
1519FriedGitheriWhiteRiceCabbage.JPG,green cabbage cooked,3053050,1.493006993006993,102.77401014286261,1.1,/home/aojwang/data/MergeDataset/cropped_images/1519FriedGitheriWhiteRiceCabbage/green cabbage cooked_1.jpg
1519FriedGitheriWhiteRiceCabbage.JPG,white rice boiled,3368871,1.050251256281407,136.90097889372038,2.4,/home/aojwang/data/MergeDataset/cropped_images/1519FriedGitheriWhiteRiceCabbage/white rice boiled_2.jpg
287Lettuceshreded.jpg,lettuce,3492216,1.5095332018408942,137.62898238062402,2.4,/home/aojwang/data/MergeDataset/cropped_images/287Lettuceshreded/lettuce_0.jpg
1131MincedMeatBrownRiceKales.jpg,brown rice boiled,1054936,1.611866501854141,154.14841216275994,20.0,/home/aojwang/data/MergeDataset/cropped_images/1131MincedMeatBrownRiceKales/brown rice boiled_0.jpg
1131MincedMeatBrownRiceKales.jpg,mincemeat,1651023,0.8707334785766159,110.45749029541078,96.95,/home/aojwang/data/MergeDataset/cropped_images/1131MincedMeatBrownRiceKales/mincemeat_1.jpg
1131MincedMeatBrownRiceKales.jpg,sukumawiki,1161356,0.9241748438893844,78.23078280906113,4.0,/home/aojwang/data/MergeDataset/cropped_images/1131MincedMeatBrownRiceKales/sukumawiki_2.jpg
554Pigeonpea.jpg,mbaazi,7291760,1.4467706013363029,133.09698019865345,22.8,/home/aojwang/data/MergeDataset/cropped_images/554Pigeonpea/mbaazi_0.jpg
479GrapesCucumber.jpg,red grapes,2860608,1.779179810725552,93.61776668922597,1.770147,/home/aojwang/data/MergeDataset/cropped_images/479GrapesCucumber/red grapes_0.jpg
479GrapesCucumber.jpg,cucumber,2785277,2.2565256525652564,132.94023562707287,0.9,/home/aojwang/data/MergeDataset/cropped_images/479GrapesCucumber/cucumber_1.jpg
932Plantain.jpg,plantain,7347672,1.3350383631713556,127.69436319421989,6.175,/home/aojwang/data/MergeDataset/cropped_images/932Plantain/plantain_0.jpg
790BrownRice1cupMonkeynutsthirdcup.jpg,brown rice boiled,2369895,1.2907749077490775,139.74705292850527,14.0,/home/aojwang/data/MergeDataset/cropped_images/790BrownRice1cupMonkeynutsthirdcup/brown rice boiled_0.jpg
790BrownRice1cupMonkeynutsthirdcup.jpg,monkeynut beans,2314088,1.5963455149501662,90.37133260849775,7.02,/home/aojwang/data/MergeDataset/cropped_images/790BrownRice1cupMonkeynutsthirdcup/monkeynut beans_1.jpg
672BrownChapati.jpg,brown chapati,7773780,1.2538152610441766,146.54635458339874,29.2,/home/aojwang/data/MergeDataset/cropped_images/672BrownChapati/brown chapati_0.jpg
75Bananapeeled.jpg,ripe banana,3870570,1.5406940063091483,159.39439083476938,2.1,/home/aojwang/data/MergeDataset/cropped_images/75Bananapeeled/ripe banana_0.jpg
472GrapesShreddedCarrots.jpg,carrot,2624818,1.828881469115192,109.73367436015246,1.05,/home/aojwang/data/MergeDataset/cropped_images/472GrapesShreddedCarrots/carrot_0.jpg
472GrapesShreddedCarrots.jpg,red grapes,2797116,1.4129353233830846,80.60385292088947,2.360196,/home/aojwang/data/MergeDataset/cropped_images/472GrapesShreddedCarrots/red grapes_1.jpg
1109ScrambledEggs.jpg,scrambled eggs,7470476,1.494186046511628,153.637531218448,38.1,/home/aojwang/data/MergeDataset/cropped_images/1109ScrambledEggs/scrambled eggs_0.jpg
122Mango1cup.jpg,mango,2807082,1.513215859030837,123.47865149646502,1.312,/home/aojwang/data/MergeDataset/cropped_images/122Mango1cup/mango_0.jpg
318CabbageTomato.jpg,green cabbage,2893392,0.9964788732394366,186.25925995048948,2.75,/home/aojwang/data/MergeDataset/cropped_images/318CabbageTomato/green cabbage_0.jpg
318CabbageTomato.jpg,tomato,2254040,0.9717662508207485,105.97659240001656,2.5,/home/aojwang/data/MergeDataset/cropped_images/318CabbageTomato/tomato_1.jpg
3WMelon.jpg,water melon,3027804,1.3583389149363698,165.45590929928093,15.0,/home/aojwang/data/MergeDataset/cropped_images/3WMelon/water melon_0.jpg
3WMelon.jpg,water melon,1864458,2.212418300653595,160.94120078507177,15.0,/home/aojwang/data/MergeDataset/cropped_images/3WMelon/water melon_1.jpg
3WMelon.jpg,water melon,1849430,1.890798786653185,152.40655607403363,15.0,/home/aojwang/data/MergeDataset/cropped_images/3WMelon/water melon_2.jpg
2RiceWBroccoliCarrot.jpg,carrot,711312,1.4683908045977012,166.92205155168665,7.0,/home/aojwang/data/MergeDataset/cropped_images/2RiceWBroccoliCarrot/carrot_0.jpg
2RiceWBroccoliCarrot.jpg,broccoli,815400,1.0066666666666666,147.5753213146922,2.0,/home/aojwang/data/MergeDataset/cropped_images/2RiceWBroccoliCarrot/broccoli_1.jpg
2RiceWBroccoliCarrot.jpg,white rice boiled,1780992,1.3420138888888888,195.854885367256,85.0,/home/aojwang/data/MergeDataset/cropped_images/2RiceWBroccoliCarrot/white rice boiled_2.jpg
888WhiteChapati2Greengrams.jpg,white chapati,1824217,1.5269899359560841,154.22309370723622,24.57,/home/aojwang/data/MergeDataset/cropped_images/888WhiteChapati2Greengrams/white chapati_0.jpg
1473FriedGitheri.JPG,githeri,3908976,1.2393018018018018,111.70778024730774,17.25,/home/aojwang/data/MergeDataset/cropped_images/1473FriedGitheri/githeri_0.jpg
1525Njahi.JPG,black beans,2130231,1.0520028109627548,153.4238532503439,4.75,/home/aojwang/data/MergeDataset/cropped_images/1525Njahi/black beans_0.jpg
173WatermelonPawpaw.jpg,water melon,3231579,1.0397050482132728,123.17895637602135,1.5,/home/aojwang/data/MergeDataset/cropped_images/173WatermelonPawpaw/water melon_0.jpg
173WatermelonPawpaw.jpg,pawpaw,3116684,0.9803701626472238,126.64840131370393,1.177245,/home/aojwang/data/MergeDataset/cropped_images/173WatermelonPawpaw/pawpaw_1.jpg
3Flax.jpg,flax,3030822,1.4083162917518746,170.04975536889552,44.0,/home/aojwang/data/MergeDataset/cropped_images/3Flax/flax_0.jpg
1512FriedGitheriWhiteRice.JPG,githeri,4142050,1.1844919786096257,110.84187467558334,13.8,/home/aojwang/data/MergeDataset/cropped_images/1512FriedGitheriWhiteRice/githeri_0.jpg
1512FriedGitheriWhiteRice.JPG,white rice boiled,5989500,1.5277777777777777,149.4316607396277,4.8,/home/aojwang/data/MergeDataset/cropped_images/1512FriedGitheriWhiteRice/white rice boiled_1.jpg
3Almond.jpg,almond,2861067,1.3855254001391788,151.96089559128347,13.0,/home/aojwang/data/MergeDataset/cropped_images/3Almond/almond_0.jpg
1117PlantainsFriedEggs.jpg,egg fry,3773532,0.6903336184773311,164.77773184380044,19.5,/home/aojwang/data/MergeDataset/cropped_images/1117PlantainsFriedEggs/egg fry_0.jpg
1117PlantainsFriedEggs.jpg,egg fry,1241478,0.9084687767322498,162.03344991480586,19.5,/home/aojwang/data/MergeDataset/cropped_images/1117PlantainsFriedEggs/egg fry_1.jpg
1117PlantainsFriedEggs.jpg,plantain,2737549,0.8969662278191185,119.38220880551667,4.55,/home/aojwang/data/MergeDataset/cropped_images/1117PlantainsFriedEggs/plantain_2.jpg
1184MincedMeatCabbageBrownRice.JPG,mincemeat,2157177,0.9625918503674015,94.69188125653729,41.55,/home/aojwang/data/MergeDataset/cropped_images/1184MincedMeatCabbageBrownRice/mincemeat_0.jpg
1184MincedMeatCabbageBrownRice.JPG,brown rice boiled,1669934,1.197290431837426,128.86561225373777,8.0,/home/aojwang/data/MergeDataset/cropped_images/1184MincedMeatCabbageBrownRice/brown rice boiled_1.jpg
1184MincedMeatCabbageBrownRice.JPG,green cabbage cooked,1899432,1.525089605734767,137.76632733715482,1.2,/home/aojwang/data/MergeDataset/cropped_images/1184MincedMeatCabbageBrownRice/green cabbage cooked_2.jpg
293Lettuceshreded.jpg,lettuce,6447008,1.4944631680308136,154.657671331156,6.0,/home/aojwang/data/MergeDataset/cropped_images/293Lettuceshreded/lettuce_0.jpg
1111ScrambledEggsquotercup.jpg,scrambled eggs,1790860,1.27318718381113,145.00045490248633,3.8,/home/aojwang/data/MergeDataset/cropped_images/1111ScrambledEggsquotercup/scrambled eggs_0.jpg
338CabbageOnions.jpg,green cabbage,2212654,0.9979852249832102,189.2378677371157,2.2,/home/aojwang/data/MergeDataset/cropped_images/338CabbageOnions/green cabbage_0.jpg
338CabbageOnions.jpg,onions,2458183,1.0271493212669682,150.42182986376523,3.0,/home/aojwang/data/MergeDataset/cropped_images/338CabbageOnions/onions_1.jpg
32Pawpaw.jpg,pawpaw,10410112,1.4580838323353293,126.00382804078701,2.119,/home/aojwang/data/MergeDataset/cropped_images/32Pawpaw/pawpaw_0.jpg
139AppleMango.jpg,mango,756899,1.002301495972382,142.15700377461192,0.41,/home/aojwang/data/MergeDataset/cropped_images/139AppleMango/mango_0.jpg
139AppleMango.jpg,apple,979210,1.1955801104972377,145.4251576951488,0.15,/home/aojwang/data/MergeDataset/cropped_images/139AppleMango/apple_1.jpg
1113ScrambledEggshalfcup.jpg,scrambled eggs,3819764,0.9822515212981744,131.60022652359325,12.06,/home/aojwang/data/MergeDataset/cropped_images/1113ScrambledEggshalfcup/scrambled eggs_0.jpg
2CabbageGreen.jpg,green cabbage cooked,1774460,1.3278546712802768,154.06585571572947,2.0,/home/aojwang/data/MergeDataset/cropped_images/2CabbageGreen/green cabbage cooked_0.jpg
933Plantain.jpg,plantain,8286684,1.3269307723089236,140.24899943893922,7.774,/home/aojwang/data/MergeDataset/cropped_images/933Plantain/plantain_0.jpg
863WhiteChapati1GreenBeans.jpg,green beans,1254159,1.2719033232628398,93.4594149014067,0.9,/home/aojwang/data/MergeDataset/cropped_images/863WhiteChapati1GreenBeans/green beans_0.jpg
161MangoPawpaw.jpg,mango,1892860,0.9387323943661972,139.02081030821086,1.23,/home/aojwang/data/MergeDataset/cropped_images/161MangoPawpaw/mango_0.jpg
161MangoPawpaw.jpg,pawpaw,1851210,1.2728026533996684,126.35635575290395,0.706347,/home/aojwang/data/MergeDataset/cropped_images/161MangoPawpaw/pawpaw_1.jpg
1092WhiteChapatiFriedEggs.jpg,egg fry,2054498,1.1156963890935887,163.46774167379735,9.6,/home/aojwang/data/MergeDataset/cropped_images/1092WhiteChapatiFriedEggs/egg fry_0.jpg
1092WhiteChapatiFriedEggs.jpg,egg fry,1314876,1.4630801687763713,139.15469494208327,9.6,/home/aojwang/data/MergeDataset/cropped_images/1092WhiteChapatiFriedEggs/egg fry_1.jpg
1092WhiteChapatiFriedEggs.jpg,white chapati,5841960,1.280430711610487,155.4729242126501,5.9,/home/aojwang/data/MergeDataset/cropped_images/1092WhiteChapatiFriedEggs/white chapati_2.jpg
1BreadBaconSpinach.jpg,brown bread,657360,1.2680555555555555,188.47354772625857,13.0,/home/aojwang/data/MergeDataset/cropped_images/1BreadBaconSpinach/brown bread_0.jpg
1BreadBaconSpinach.jpg,bacon,890832,1.3781094527363185,163.29950540618208,0.0,/home/aojwang/data/MergeDataset/cropped_images/1BreadBaconSpinach/bacon_1.jpg
470GrapesShreddedCarrots.jpg,red grapes,2091850,1.5817391304347825,83.97997020181498,1.180098,/home/aojwang/data/MergeDataset/cropped_images/470GrapesShreddedCarrots/red grapes_0.jpg
470GrapesShreddedCarrots.jpg,carrot,3223242,1.8668188736681888,107.12352118353715,1.05,/home/aojwang/data/MergeDataset/cropped_images/470GrapesShreddedCarrots/carrot_1.jpg
1324ChickenWetfryWhiteUgali1CupSpinach.JPG,white ugali,1596376,1.0119426751592357,156.67742081648268,9.66,/home/aojwang/data/MergeDataset/cropped_images/1324ChickenWetfryWhiteUgali1CupSpinach/white ugali_0.jpg
1324ChickenWetfryWhiteUgali1CupSpinach.JPG,spinach cooked,1920996,1.3611111111111112,64.42750149748707,2.91,/home/aojwang/data/MergeDataset/cropped_images/1324ChickenWetfryWhiteUgali1CupSpinach/spinach cooked_1.jpg
1201MincedMeatCabbagePasta.JPG,pasta,2490800,1.4738461538461538,132.7562651892297,4.4,/home/aojwang/data/MergeDataset/cropped_images/1201MincedMeatCabbagePasta/pasta_0.jpg
1201MincedMeatCabbagePasta.JPG,mincemeat,1373750,1.7942857142857143,99.5884763117986,27.7,/home/aojwang/data/MergeDataset/cropped_images/1201MincedMeatCabbagePasta/mincemeat_1.jpg
1201MincedMeatCabbagePasta.JPG,green cabbage cooked,1601568,0.9081325301204819,150.3408823935876,1.2,/home/aojwang/data/MergeDataset/cropped_images/1201MincedMeatCabbagePasta/green cabbage cooked_2.jpg
323TomatoLettuce.jpg,lettuce,3508740,0.9419689119170984,174.17818305146577,2.4,/home/aojwang/data/MergeDataset/cropped_images/323TomatoLettuce/lettuce_0.jpg
323TomatoLettuce.jpg,tomato,1959930,0.8372549019607843,103.75912541094155,2.0,/home/aojwang/data/MergeDataset/cropped_images/323TomatoLettuce/tomato_1.jpg
752WhiteRice1cupButterBeans1cup.jpg,white rice boiled,1565004,1.0831946755407653,145.8677743528664,4.8,/home/aojwang/data/MergeDataset/cropped_images/752WhiteRice1cupButterBeans1cup/white rice boiled_0.jpg
752WhiteRice1cupButterBeans1cup.jpg,butternut beans,4093550,1.7038709677419355,114.51929726846706,10.164,/home/aojwang/data/MergeDataset/cropped_images/752WhiteRice1cupButterBeans1cup/butternut beans_1.jpg
233Zucchini.jpg,zucchini,1475920,1.565396498455201,162.508262191266,0.99,/home/aojwang/data/MergeDataset/cropped_images/233Zucchini/zucchini_0.jpg
278Cabbagesliced.jpg,green cabbage,3810560,1.3762019230769231,200.6145884944295,2.2,/home/aojwang/data/MergeDataset/cropped_images/278Cabbagesliced/green cabbage_0.jpg
490PineappleRedCabbage.jpg,pineapple,1589258,0.855465884079237,130.9793652132001,0.768275,/home/aojwang/data/MergeDataset/cropped_images/490PineappleRedCabbage/pineapple_0.jpg
490PineappleRedCabbage.jpg,red cabbage,4865211,1.0322432058959006,94.18566889151022,1.95,/home/aojwang/data/MergeDataset/cropped_images/490PineappleRedCabbage/red cabbage_1.jpg
524Greengrams.jpg,ndengu,4272435,1.3113573407202217,134.45491208955391,7.4,/home/aojwang/data/MergeDataset/cropped_images/524Greengrams/ndengu_0.jpg
1145MincedMeatBrownChapatiKales.JPG,sukumawiki,1523020,1.2961254612546125,66.95917037640127,2.0,/home/aojwang/data/MergeDataset/cropped_images/1145MincedMeatBrownChapatiKales/sukumawiki_0.jpg
1145MincedMeatBrownChapatiKales.JPG,mincemeat,1556945,1.2751131221719456,105.01867032340041,41.55,/home/aojwang/data/MergeDataset/cropped_images/1145MincedMeatBrownChapatiKales/mincemeat_1.jpg
1542NjahiWhiteRice.JPG,black beans,3217335,1.2871600253004427,105.93093787249384,14.25,/home/aojwang/data/MergeDataset/cropped_images/1542NjahiWhiteRice/black beans_0.jpg
1542NjahiWhiteRice.JPG,white rice boiled,4186811,1.539721043056398,155.67998316618542,3.6,/home/aojwang/data/MergeDataset/cropped_images/1542NjahiWhiteRice/white rice boiled_1.jpg
1679BeefSausage.JPG,sausage,1099328,1.8445595854922279,94.81506277774544,3.1,/home/aojwang/data/MergeDataset/cropped_images/1679BeefSausage/sausage_0.jpg
1590WhiteUgali1CupSpinach.JPG,white ugali,2602122,1.0449936628643852,197.68244161239684,9.73,/home/aojwang/data/MergeDataset/cropped_images/1590WhiteUgali1CupSpinach/white ugali_0.jpg
1590WhiteUgali1CupSpinach.JPG,spinach cooked,3793152,1.175946547884187,118.51452573831297,2.91,/home/aojwang/data/MergeDataset/cropped_images/1590WhiteUgali1CupSpinach/spinach cooked_1.jpg
467GrapesShreddedCarrots.jpg,carrot,1663200,1.6369047619047619,118.38535213243547,0.35,/home/aojwang/data/MergeDataset/cropped_images/467GrapesShreddedCarrots/carrot_0.jpg
467GrapesShreddedCarrots.jpg,red grapes,944160,1.338095238095238,88.21445376489861,0.590049,/home/aojwang/data/MergeDataset/cropped_images/467GrapesShreddedCarrots/red grapes_1.jpg
3PotatoSausage.jpg,potato chips,1378830,1.76045197740113,154.87665992181778,26.0,/home/aojwang/data/MergeDataset/cropped_images/3PotatoSausage/potato chips_0.jpg
3PotatoSausage.jpg,sausage,615328,1.4298780487804879,112.6539341619429,9.0,/home/aojwang/data/MergeDataset/cropped_images/3PotatoSausage/sausage_1.jpg
1317BeefstewPastaSpinach.JPG,spinach cooked,3271852,1.266957062850031,74.44195387403424,3.29,/home/aojwang/data/MergeDataset/cropped_images/1317BeefstewPastaSpinach/spinach cooked_0.jpg
1090Mincedbeef.jpg,mincemeat,2393685,1.3310961968680088,116.1928454802254,27.7,/home/aojwang/data/MergeDataset/cropped_images/1090Mincedbeef/mincemeat_0.jpg
242Zucchini.jpg,zucchini,6122712,1.2604355716878404,163.8237138488086,4.5,/home/aojwang/data/MergeDataset/cropped_images/242Zucchini/zucchini_0.jpg
1UgaliWOmenaVegies.jpg,sukumawiki,924300,1.1411111111111112,92.07246528904757,2.0,/home/aojwang/data/MergeDataset/cropped_images/1UgaliWOmenaVegies/sukumawiki_0.jpg
1UgaliWOmenaVegies.jpg,omena,950301,1.0376175548589341,104.03649089428858,0.0,/home/aojwang/data/MergeDataset/cropped_images/1UgaliWOmenaVegies/omena_1.jpg
1UgaliWOmenaVegies.jpg,white ugali,433912,1.2722602739726028,187.4454697419446,48.0,/home/aojwang/data/MergeDataset/cropped_images/1UgaliWOmenaVegies/white ugali_2.jpg
244Tomato.jpg,tomato,1247939,1.7151230949589684,125.99654283315664,2.3,/home/aojwang/data/MergeDataset/cropped_images/244Tomato/tomato_0.jpg
563WhiteRice.jpg,white rice boiled,2103400,1.2446153846153847,169.07739754682893,2.4,/home/aojwang/data/MergeDataset/cropped_images/563WhiteRice/white rice boiled_0.jpg
495PineappleRedCabbage.jpg,pineapple,2637172,1.5749613601236476,118.18631486051473,0.960343,/home/aojwang/data/MergeDataset/cropped_images/495PineappleRedCabbage/pineapple_0.jpg
495PineappleRedCabbage.jpg,red cabbage,2677990,2.053415061295972,85.8320163007828,1.3,/home/aojwang/data/MergeDataset/cropped_images/495PineappleRedCabbage/red cabbage_1.jpg
647Arrowroots.jpg,arrowroots,3511326,1.5078636959370904,156.1776134334057,7.04,/home/aojwang/data/MergeDataset/cropped_images/647Arrowroots/arrowroots_0.jpg
80Bananapeeled.jpg,ripe banana,10162934,1.5531665363565286,148.54139860923365,7.0,/home/aojwang/data/MergeDataset/cropped_images/80Bananapeeled/ripe banana_0.jpg
1HamburgerSalad.jpg,onion tomato avocado,1333682,1.7300683371298406,138.08645264263396,7.0,/home/aojwang/data/MergeDataset/cropped_images/1HamburgerSalad/onion tomato avocado_0.jpg
1HamburgerSalad.jpg,hamburger,475830,1.229903536977492,135.7307883067482,23.0,/home/aojwang/data/MergeDataset/cropped_images/1HamburgerSalad/hamburger_1.jpg
92Grapes.jpg,red grapes,9446458,1.8478549314462627,98.75079477761224,4.720393,/home/aojwang/data/MergeDataset/cropped_images/92Grapes/red grapes_0.jpg
2Paneel.jpg,paneel,787633,0.43153219837157664,151.91423839952532,5.0,/home/aojwang/data/MergeDataset/cropped_images/2Paneel/paneel_0.jpg
2Paneel.jpg,paneel,739743,0.44384198295894656,148.5892668129337,5.0,/home/aojwang/data/MergeDataset/cropped_images/2Paneel/paneel_1.jpg
1148Boiledcorn.jpg,boiled yellow maize,943008,0.8456439393939394,143.65264345583495,2.53,/home/aojwang/data/MergeDataset/cropped_images/1148Boiledcorn/boiled yellow maize_0.jpg
499PineappleCarrots.jpg,carrot,3307200,1.956923076923077,119.18325310433801,1.4,/home/aojwang/data/MergeDataset/cropped_images/499PineappleCarrots/carrot_0.jpg
499PineappleCarrots.jpg,pineapple,915306,1.43734335839599,126.75905289232963,0.2400861,/home/aojwang/data/MergeDataset/cropped_images/499PineappleCarrots/pineapple_1.jpg
235Zucchinihalfcup.jpg,zucchini,3539424,1.3774173424828446,166.59555914559357,1.08,/home/aojwang/data/MergeDataset/cropped_images/235Zucchinihalfcup/zucchini_0.jpg
1BirianiLamb.jpg,biryani lamb,1503875,1.1674008810572687,129.58413720111932,24.0,/home/aojwang/data/MergeDataset/cropped_images/1BirianiLamb/biryani lamb_0.jpg
663SweetPotatosliced.jpg,sweet potato,3583083,1.1580443433769188,182.76738560991564,4.5,/home/aojwang/data/MergeDataset/cropped_images/663SweetPotatosliced/sweet potato_0.jpg
196AvocadoPawpaw.jpg,avocado,2642192,1.1406044678055192,151.82016585723773,3.2,/home/aojwang/data/MergeDataset/cropped_images/196AvocadoPawpaw/avocado_0.jpg
196AvocadoPawpaw.jpg,pawpaw,2385425,0.9495268138801262,124.84573161316467,0.941798,/home/aojwang/data/MergeDataset/cropped_images/196AvocadoPawpaw/pawpaw_1.jpg
210AvocadoApple.jpg,apple,2974324,0.8478376935397758,182.9852053777598,0.45,/home/aojwang/data/MergeDataset/cropped_images/210AvocadoApple/apple_0.jpg
210AvocadoApple.jpg,avocado,2344980,0.8990712074303405,142.19133013216887,2.4,/home/aojwang/data/MergeDataset/cropped_images/210AvocadoApple/avocado_1.jpg
3Chickpeas.jpg,chick peas,2817042,1.36230876216968,162.522344359793,103.0,/home/aojwang/data/MergeDataset/cropped_images/3Chickpeas/chick peas_0.jpg
1082Chickendrumstick.jpg,chicken drumstick,3326680,1.4285714285714286,113.76053242271574,40.8664,/home/aojwang/data/MergeDataset/cropped_images/1082Chickendrumstick/chicken drumstick_0.jpg
1206MincedMeatCabbagePasta.JPG,pasta,3612245,1.5093729799612152,143.45934029022578,11.0,/home/aojwang/data/MergeDataset/cropped_images/1206MincedMeatCabbagePasta/pasta_0.jpg
1206MincedMeatCabbagePasta.JPG,green cabbage cooked,1247992,0.8467874794069192,157.93672822689035,1.8,/home/aojwang/data/MergeDataset/cropped_images/1206MincedMeatCabbagePasta/green cabbage cooked_1.jpg
1206MincedMeatCabbagePasta.JPG,mincemeat,1746520,1.976595744680851,120.37405030193375,69.25,/home/aojwang/data/MergeDataset/cropped_images/1206MincedMeatCabbagePasta/mincemeat_2.jpg
753BrownRiceCowpeas.jpg,brown rice boiled,1376595,1.734006734006734,163.64627771179372,4.0,/home/aojwang/data/MergeDataset/cropped_images/753BrownRiceCowpeas/brown rice boiled_0.jpg
753BrownRiceCowpeas.jpg,cowpeas,1495923,1.6540483701366981,102.62455019409421,4.75,/home/aojwang/data/MergeDataset/cropped_images/753BrownRiceCowpeas/cowpeas_1.jpg
2Poppy.jpg,poppy seeds,1326528,1.3055555555555556,119.15927468800759,18.0,/home/aojwang/data/MergeDataset/cropped_images/2Poppy/poppy seeds_0.jpg
1092Mincedbeef.jpg,mincemeat,2988791,1.255346727154893,107.86475902798155,55.4,/home/aojwang/data/MergeDataset/cropped_images/1092Mincedbeef/mincemeat_0.jpg
991Spinach.jpg,spinach cooked,2248998,1.3369313801079414,92.4624947050494,1.1,/home/aojwang/data/MergeDataset/cropped_images/991Spinach/spinach cooked_0.jpg
846WhiteChapatihalfMonkeynutBeans.jpg,monkeynut beans,2447580,1.9168141592920354,82.18988647289704,15.6,/home/aojwang/data/MergeDataset/cropped_images/846WhiteChapatihalfMonkeynutBeans/monkeynut beans_0.jpg
846WhiteChapatihalfMonkeynutBeans.jpg,white chapati,3575829,2.125674633770239,156.31886657145333,5.928,/home/aojwang/data/MergeDataset/cropped_images/846WhiteChapatihalfMonkeynutBeans/white chapati_1.jpg
1351YellowMaizeboiled.JPG,boiled yellow maize,1687812,1.3171378091872792,136.7557141040195,1.58125,/home/aojwang/data/MergeDataset/cropped_images/1351YellowMaizeboiled/boiled yellow maize_0.jpg
1118BrownRiceFriedEggs.jpg,egg fry,2278266,1.362722351121423,129.5498196142739,5.1,/home/aojwang/data/MergeDataset/cropped_images/1118BrownRiceFriedEggs/egg fry_0.jpg
1118BrownRiceFriedEggs.jpg,brown rice boiled,1794156,1.5045787545787546,110.61256490516989,4.0,/home/aojwang/data/MergeDataset/cropped_images/1118BrownRiceFriedEggs/brown rice boiled_1.jpg
1649WholeFishKachumbarihalfCupBrownUgali1Cup.JPG,kachumbari,2505000,1.403443113772455,115.25354278110446,1.43,/home/aojwang/data/MergeDataset/cropped_images/1649WholeFishKachumbarihalfCupBrownUgali1Cup/kachumbari_0.jpg
1649WholeFishKachumbarihalfCupBrownUgali1Cup.JPG,brown ugali,1559832,1.0210355987055015,114.71254019663657,2.93,/home/aojwang/data/MergeDataset/cropped_images/1649WholeFishKachumbarihalfCupBrownUgali1Cup/brown ugali_1.jpg
1PeasBoiled.jpg,boiled peas,1266510,1.3241308793456033,149.39750363860793,13.0,/home/aojwang/data/MergeDataset/cropped_images/1PeasBoiled/boiled peas_0.jpg
948BananaCooked.jpg,boiled banana,3852536,1.2200337647720878,120.7000486605879,4.83,/home/aojwang/data/MergeDataset/cropped_images/948BananaCooked/boiled banana_0.jpg
2Chickpeas.jpg,chick peas,1596518,1.3738404452690167,165.62187189036808,69.0,/home/aojwang/data/MergeDataset/cropped_images/2Chickpeas/chick peas_0.jpg
1MilkFermented.jpg,fermented milk,1073709,0.7493734335839599,212.1821325269075,9.02,/home/aojwang/data/MergeDataset/cropped_images/1MilkFermented/fermented milk_0.jpg
1238MincedMeatButterBeansSpinach.JPG,butternut beans,1585584,1.2115384615384615,152.2715010158192,6.93,/home/aojwang/data/MergeDataset/cropped_images/1238MincedMeatButterBeansSpinach/butternut beans_0.jpg
1238MincedMeatButterBeansSpinach.JPG,spinach cooked,1668520,1.1983050847457628,78.51870699781843,3.29,/home/aojwang/data/MergeDataset/cropped_images/1238MincedMeatButterBeansSpinach/spinach cooked_1.jpg
1238MincedMeatButterBeansSpinach.JPG,mincemeat,2563027,1.5003825554705432,100.72473849605694,55.4,/home/aojwang/data/MergeDataset/cropped_images/1238MincedMeatButterBeansSpinach/mincemeat_2.jpg
517RoscocoBeanshalfcup.jpg,rosecoco,2635902,1.2872117400419287,145.9296922520893,9.1035,/home/aojwang/data/MergeDataset/cropped_images/517RoscocoBeanshalfcup/rosecoco_0.jpg
993Spinach.jpg,spinach cooked,4294359,1.1883219358232509,104.65914781072875,4.38,/home/aojwang/data/MergeDataset/cropped_images/993Spinach/spinach cooked_0.jpg
1217MincedMeatRoscocoBeansSpinach.JPG,mincemeat,1679715,1.2812227074235807,129.87216144802343,69.25,/home/aojwang/data/MergeDataset/cropped_images/1217MincedMeatRoscocoBeansSpinach/mincemeat_0.jpg
2UgaliBMatumbo.jpg,brown ugali,994052,1.8964088397790055,145.8006797766448,86.0,/home/aojwang/data/MergeDataset/cropped_images/2UgaliBMatumbo/brown ugali_0.jpg
2UgaliBMatumbo.jpg,matumbo fry,1425615,1.6099893730074388,106.60147936153871,4.0,/home/aojwang/data/MergeDataset/cropped_images/2UgaliBMatumbo/matumbo fry_1.jpg
847WhiteChapatihalfMonkeynutBeans.jpg,monkeynut beans,1209000,1.2717948717948717,76.53022911497105,7.8,/home/aojwang/data/MergeDataset/cropped_images/847WhiteChapatihalfMonkeynutBeans/monkeynut beans_0.jpg
1772BrownChapatiWhiteRiceSpinach(2).JPG,white rice boiled,1739516,1.7086223984142717,189.9355966448905,3.6,/home/aojwang/data/MergeDataset/cropped_images/1772BrownChapatiWhiteRiceSpinach(2)/white rice boiled_0.jpg
1772BrownChapatiWhiteRiceSpinach(2).JPG,spinach cooked,2506025,0.8681577398469688,71.82943439643792,3.29,/home/aojwang/data/MergeDataset/cropped_images/1772BrownChapatiWhiteRiceSpinach(2)/spinach cooked_1.jpg
1772BrownChapatiWhiteRiceSpinach(2).JPG,brown chapati,5164321,1.44420941300899,140.58811610148427,43.8,/home/aojwang/data/MergeDataset/cropped_images/1772BrownChapatiWhiteRiceSpinach(2)/brown chapati_2.jpg
2MaizeBeans.jpg,githeri,1695962,1.4092980856882407,153.96148891700796,39.0,/home/aojwang/data/MergeDataset/cropped_images/2MaizeBeans/githeri_0.jpg
1PotatoSweetEggSpinach.jpg,spinach cooked,1052156,2.093088857545839,136.6741766430073,2.0,/home/aojwang/data/MergeDataset/cropped_images/1PotatoSweetEggSpinach/spinach cooked_0.jpg
1PotatoSweetEggSpinach.jpg,boiled egg,561594,0.9671916010498688,186.91679101509868,1.0,/home/aojwang/data/MergeDataset/cropped_images/1PotatoSweetEggSpinach/boiled egg_1.jpg
1PotatoSweetEggSpinach.jpg,sweet potato,476010,1.1441860465116278,169.75616618698487,21.0,/home/aojwang/data/MergeDataset/cropped_images/1PotatoSweetEggSpinach/sweet potato_2.jpg
667BrownChapati.jpg,brown chapati,2581558,1.3998527245949925,146.60831650241184,2.701,/home/aojwang/data/MergeDataset/cropped_images/667BrownChapati/brown chapati_0.jpg
397BananaCabbage.jpg,green cabbage,5691388,1.1568981064021642,167.10064615755127,3.85,/home/aojwang/data/MergeDataset/cropped_images/397BananaCabbage/green cabbage_0.jpg
1Cucumber.jpg,cucumber,1234440,1.3065843621399178,180.7678809824698,1.0,/home/aojwang/data/MergeDataset/cropped_images/1Cucumber/cucumber_0.jpg
1114PlantainsFriedEggs.jpg,egg fry,4668134,0.7523083099156965,155.60683512227084,15.3,/home/aojwang/data/MergeDataset/cropped_images/1114PlantainsFriedEggs/egg fry_0.jpg
1114PlantainsFriedEggs.jpg,plantain,2870322,0.7859759288330717,101.14115001731513,2.6,/home/aojwang/data/MergeDataset/cropped_images/1114PlantainsFriedEggs/plantain_1.jpg
1573BrownUgaliDrumstickSpinach.JPG,brown ugali,1407623,1.1082519964507542,99.73932201069937,1.43,/home/aojwang/data/MergeDataset/cropped_images/1573BrownUgaliDrumstickSpinach/brown ugali_0.jpg
1573BrownUgaliDrumstickSpinach.JPG,spinach cooked,3956117,1.0020130850528435,92.568096359806,3.29,/home/aojwang/data/MergeDataset/cropped_images/1573BrownUgaliDrumstickSpinach/spinach cooked_1.jpg
1573BrownUgaliDrumstickSpinach.JPG,chicken drumstick,4603700,1.2752631578947369,87.86122307419394,72.18,/home/aojwang/data/MergeDataset/cropped_images/1573BrownUgaliDrumstickSpinach/chicken drumstick_2.jpg
1480FriedGitherihalfCup.JPG,githeri,3961645,1.1078794288736118,120.94335114159227,8.28,/home/aojwang/data/MergeDataset/cropped_images/1480FriedGitherihalfCup/githeri_0.jpg
1124Grilledchickenbreast.jpg,chicken breast grilled,3299950,1.3735483870967742,112.69451001782855,56.61,/home/aojwang/data/MergeDataset/cropped_images/1124Grilledchickenbreast/chicken breast grilled_0.jpg
1083Chickendrumstick.jpg,chicken drumstick,3785712,1.1961776278808318,119.97883568533476,63.73,/home/aojwang/data/MergeDataset/cropped_images/1083Chickendrumstick/chicken drumstick_0.jpg
1701BeefSausageChipsKachumbarihalfCup.jpg,kachumbari,902584,1.1708428246013667,88.32847469044432,1.43,/home/aojwang/data/MergeDataset/cropped_images/1701BeefSausageChipsKachumbarihalfCup/kachumbari_0.jpg
1701BeefSausageChipsKachumbarihalfCup.jpg,potato chips,1305850,1.1491557223264541,139.9438712971117,7.2,/home/aojwang/data/MergeDataset/cropped_images/1701BeefSausageChipsKachumbarihalfCup/potato chips_1.jpg
722WhiteRiceRoscocoBeans.jpg,white rice boiled,2695524,1.3733047822983584,183.84828750674575,7.2,/home/aojwang/data/MergeDataset/cropped_images/722WhiteRiceRoscocoBeans/white rice boiled_0.jpg
722WhiteRiceRoscocoBeans.jpg,rosecoco,3746102,1.8422159887798037,105.06819239483247,26.01,/home/aojwang/data/MergeDataset/cropped_images/722WhiteRiceRoscocoBeans/rosecoco_1.jpg
1459MokimoChickenthigh.JPG,chicken thigh,1451702,1.2703461178671656,95.47419305063987,62.64,/home/aojwang/data/MergeDataset/cropped_images/1459MokimoChickenthigh/chicken thigh_0.jpg
1459MokimoChickenthigh.JPG,chicken thigh,2206687,0.7884040645546921,103.50364007219873,62.64,/home/aojwang/data/MergeDataset/cropped_images/1459MokimoChickenthigh/chicken thigh_1.jpg
1459MokimoChickenthigh.JPG,mukimo,2938895,1.2872270019854402,111.84073220263625,20.0,/home/aojwang/data/MergeDataset/cropped_images/1459MokimoChickenthigh/mukimo_2.jpg
1459MokimoChickenthigh.JPG,chicken thigh,805999,0.6413916146297948,87.17122064254009,62.64,/home/aojwang/data/MergeDataset/cropped_images/1459MokimoChickenthigh/chicken thigh_3.jpg
1459MokimoChickenthigh.JPG,chicken thigh,2726064,1.086489898989899,101.50521496682886,62.64,/home/aojwang/data/MergeDataset/cropped_images/1459MokimoChickenthigh/chicken thigh_4.jpg
123Mangohalfcup.jpg,mango,2105892,1.8956356736242885,139.70750557641765,0.738,/home/aojwang/data/MergeDataset/cropped_images/123Mangohalfcup/mango_0.jpg
1UgaliWEggSukuma.jpg,sukumawiki,991606,1.078206465067779,108.49289637214781,2.0,/home/aojwang/data/MergeDataset/cropped_images/1UgaliWEggSukuma/sukumawiki_0.jpg
1UgaliWEggSukuma.jpg,white ugali,654164,1.114882506527415,191.16583914736978,48.0,/home/aojwang/data/MergeDataset/cropped_images/1UgaliWEggSukuma/white ugali_1.jpg
1UgaliWEggSukuma.jpg,egg fry,782222,1.1464891041162228,208.9640033988646,1.0,/home/aojwang/data/MergeDataset/cropped_images/1UgaliWEggSukuma/egg fry_2.jpg
1Butter.jpg,butter,570711,1.2451994091580503,187.93190248654747,0.0,/home/aojwang/data/MergeDataset/cropped_images/1Butter/butter_0.jpg
1SpinachCooked.jpg,spinach cooked,1608117,1.46139180171592,124.48733871146607,2.0,/home/aojwang/data/MergeDataset/cropped_images/1SpinachCooked/spinach cooked_0.jpg
1Carrot.jpg,carrot,1772056,1.354020979020979,170.13190403313064,4.0,/home/aojwang/data/MergeDataset/cropped_images/1Carrot/carrot_0.jpg
282Cabbagesliced.jpg,green cabbage,5045952,1.3645345813832552,192.77816211225684,4.4,/home/aojwang/data/MergeDataset/cropped_images/282Cabbagesliced/green cabbage_0.jpg
3Ham.jpg,ham,1752800,1.1182108626198084,151.9098345504336,8.0,/home/aojwang/data/MergeDataset/cropped_images/3Ham/ham_0.jpg
893WhiteChapati1Greengrams.jpg,white chapati,3246750,1.5592515592515592,115.43823793023793,11.31,/home/aojwang/data/MergeDataset/cropped_images/893WhiteChapati1Greengrams/white chapati_0.jpg
893WhiteChapati1Greengrams.jpg,ndengu,1553904,1.957351290684624,75.26116649848811,3.7,/home/aojwang/data/MergeDataset/cropped_images/893WhiteChapati1Greengrams/ndengu_1.jpg
1Eggplant.jpg,eggplant,589145,0.5041628122109159,143.84664216788735,1.0,/home/aojwang/data/MergeDataset/cropped_images/1Eggplant/eggplant_0.jpg
1589WhiteUgalihalfCupSpinach.JPG,white ugali,1489545,1.0607594936708862,182.40698311676832,5.03,/home/aojwang/data/MergeDataset/cropped_images/1589WhiteUgalihalfCupSpinach/white ugali_0.jpg
1589WhiteUgalihalfCupSpinach.JPG,spinach cooked,2036192,1.2198142414860682,120.4903913776304,1.1,/home/aojwang/data/MergeDataset/cropped_images/1589WhiteUgalihalfCupSpinach/spinach cooked_1.jpg
1506FriedGitheriWhiteRice.JPG,githeri,1317996,0.9449618966977138,96.7012085013915,3.45,/home/aojwang/data/MergeDataset/cropped_images/1506FriedGitheriWhiteRice/githeri_0.jpg
1506FriedGitheriWhiteRice.JPG,white rice boiled,1880923,1.523852385238524,161.7262211159096,1.2,/home/aojwang/data/MergeDataset/cropped_images/1506FriedGitheriWhiteRice/white rice boiled_1.jpg
129Applehalfcup.jpg,apple,1979020,1.7613207547169811,160.45697112712352,0.21,/home/aojwang/data/MergeDataset/cropped_images/129Applehalfcup/apple_0.jpg
1019Cabbage1cup.jpg,green cabbage cooked,4518600,1.5635294117647058,132.7917701648003,1.727,/home/aojwang/data/MergeDataset/cropped_images/1019Cabbage1cup/green cabbage cooked_0.jpg
453MangoCucumber.jpg,mango,1772532,2.053821313240043,125.13362786492242,1.64,/home/aojwang/data/MergeDataset/cropped_images/453MangoCucumber/mango_0.jpg
453MangoCucumber.jpg,cucumber,2259712,1.2253313696612667,133.379819640733,0.6,/home/aojwang/data/MergeDataset/cropped_images/453MangoCucumber/cucumber_1.jpg
453MangoCucumber.jpg,mango,590304,0.8018648018648019,109.89435669304855,1.64,/home/aojwang/data/MergeDataset/cropped_images/453MangoCucumber/mango_2.jpg
2ChipsChicken.jpg,chicken,844724,1.061659192825112,151.69755288906987,0.0,/home/aojwang/data/MergeDataset/cropped_images/2ChipsChicken/chicken_0.jpg
2ChipsChicken.jpg,potato chips,1921491,0.8620227729403884,173.5175538162812,89.0,/home/aojwang/data/MergeDataset/cropped_images/2ChipsChicken/potato chips_1.jpg
2BananaWMelonPawpaw.jpg,banana watermelon pawpaw,2074392,1.3800978792822185,167.68313607071374,70.0,/home/aojwang/data/MergeDataset/cropped_images/2BananaWMelonPawpaw/banana watermelon pawpaw_0.jpg
3BirianiLamb.jpg,biryani lamb,2867571,1.3657694962042788,136.74022009103408,72.0,/home/aojwang/data/MergeDataset/cropped_images/3BirianiLamb/biryani lamb_0.jpg
834WhiteChapati1ButterBeans.jpg,white chapati,2654456,1.1829105473965287,121.33254535015837,11.31,/home/aojwang/data/MergeDataset/cropped_images/834WhiteChapati1ButterBeans/white chapati_0.jpg
834WhiteChapati1ButterBeans.jpg,butternut beans,2107890,1.3151658767772512,122.44653848160956,4.62,/home/aojwang/data/MergeDataset/cropped_images/834WhiteChapati1ButterBeans/butternut beans_1.jpg
1718GitheriWhiteChapatihalf.JPG,githeri,837768,0.7715930902111324,106.16240295642707,3.35,/home/aojwang/data/MergeDataset/cropped_images/1718GitheriWhiteChapatihalf/githeri_0.jpg
1718GitheriWhiteChapatihalf.JPG,white chapati,2096430,0.9442953020134228,135.6322629422399,2.89,/home/aojwang/data/MergeDataset/cropped_images/1718GitheriWhiteChapatihalf/white chapati_1.jpg
1637WholeFishKachumbarihalfCupWhiteUgaliquoterCup.JPG,kachumbari,2049709,1.3395311236863379,110.74494054196636,1.43,/home/aojwang/data/MergeDataset/cropped_images/1637WholeFishKachumbarihalfCupWhiteUgaliquoterCup/kachumbari_0.jpg
1637WholeFishKachumbarihalfCupWhiteUgaliquoterCup.JPG,white ugali,627200,1.0204081632653061,179.5661612457483,2.38,/home/aojwang/data/MergeDataset/cropped_images/1637WholeFishKachumbarihalfCupWhiteUgaliquoterCup/white ugali_1.jpg
1723GitheriWhiteChapati.JPG,githeri,2094264,0.9574036511156186,97.12369516609813,13.4,/home/aojwang/data/MergeDataset/cropped_images/1723GitheriWhiteChapati/githeri_0.jpg
1588WhiteUgalithirdCupSpinach.JPG,spinach cooked,1901675,1.222935044105854,113.47524822415326,1.1,/home/aojwang/data/MergeDataset/cropped_images/1588WhiteUgalithirdCupSpinach/spinach cooked_0.jpg
1588WhiteUgalithirdCupSpinach.JPG,white ugali,1123599,1.0018885741265344,187.3859609463281,3.38,/home/aojwang/data/MergeDataset/cropped_images/1588WhiteUgalithirdCupSpinach/white ugali_1.jpg
2SpinachCooked.jpg,spinach cooked,1908060,1.3703389830508474,127.61844875597902,4.0,/home/aojwang/data/MergeDataset/cropped_images/2SpinachCooked/spinach cooked_0.jpg
1011Kalesquotercup.jpg,sukumawiki,1363272,0.781226343679031,88.81472736181775,0.6,/home/aojwang/data/MergeDataset/cropped_images/1011Kalesquotercup/sukumawiki_0.jpg
1250MincedMeatRoscocoBeansCabbage.JPG,green cabbage cooked,2277432,1.2570579494799405,149.09188433873473,1.8,/home/aojwang/data/MergeDataset/cropped_images/1250MincedMeatRoscocoBeansCabbage/green cabbage cooked_0.jpg
1250MincedMeatRoscocoBeansCabbage.JPG,rosecoco,2779320,1.6170861937452325,91.53689943343456,13.005,/home/aojwang/data/MergeDataset/cropped_images/1250MincedMeatRoscocoBeansCabbage/rosecoco_1.jpg
1510FriedGitheriWhiteRice.JPG,githeri,3434049,1.1381692573402418,118.44699488368784,10.35,/home/aojwang/data/MergeDataset/cropped_images/1510FriedGitheriWhiteRice/githeri_0.jpg
1510FriedGitheriWhiteRice.JPG,white rice boiled,4289760,1.5661631419939577,151.88132249822834,3.6,/home/aojwang/data/MergeDataset/cropped_images/1510FriedGitheriWhiteRice/white rice boiled_1.jpg
1444Githeri.JPG,githeri,4834080,1.3898123324396783,114.66925812839948,20.1,/home/aojwang/data/MergeDataset/cropped_images/1444Githeri/githeri_0.jpg
1PastaBroccoli.jpg,broccoli,1707616,1.1087832393231265,130.70223848140722,4.0,/home/aojwang/data/MergeDataset/cropped_images/1PastaBroccoli/broccoli_0.jpg
1PastaBroccoli.jpg,pasta,707285,0.8712541620421753,158.74570081367483,23.0,/home/aojwang/data/MergeDataset/cropped_images/1PastaBroccoli/pasta_1.jpg
489PineappleRedCabbage.jpg,red cabbage,559090,1.1880466472303206,104.16150172601907,1.3,/home/aojwang/data/MergeDataset/cropped_images/489PineappleRedCabbage/red cabbage_0.jpg
489PineappleRedCabbage.jpg,pineapple,1625504,1.0174050632911393,131.4790588026852,0.768275,/home/aojwang/data/MergeDataset/cropped_images/489PineappleRedCabbage/pineapple_1.jpg
489PineappleRedCabbage.jpg,red cabbage,3019860,1.0327485380116959,94.05077707796609,1.3,/home/aojwang/data/MergeDataset/cropped_images/489PineappleRedCabbage/red cabbage_2.jpg
496PineappleRedCabbage.jpg,pineapple,4005880,1.3540697674418605,96.10481833371611,1.20043,/home/aojwang/data/MergeDataset/cropped_images/496PineappleRedCabbage/pineapple_0.jpg
1496FriedGitheriBeefstewCabbage.JPG,githeri,1803164,1.3016142735768903,127.40901012516517,6.9,/home/aojwang/data/MergeDataset/cropped_images/1496FriedGitheriBeefstewCabbage/githeri_0.jpg
1496FriedGitheriBeefstewCabbage.JPG,green cabbage cooked,2946372,1.709063214013709,126.02998433327495,1.1,/home/aojwang/data/MergeDataset/cropped_images/1496FriedGitheriBeefstewCabbage/green cabbage cooked_1.jpg
1496FriedGitheriBeefstewCabbage.JPG,beef stew,1687395,1.4073059360730593,107.66627296315721,17.7,/home/aojwang/data/MergeDataset/cropped_images/1496FriedGitheriBeefstewCabbage/beef stew_2.jpg
1348ChickenWetfryWhiteChapatiSpinach.JPG,chicken wing,3054834,1.260115606936416,118.10374595368084,137.21,/home/aojwang/data/MergeDataset/cropped_images/1348ChickenWetfryWhiteChapatiSpinach/chicken wing_0.jpg
1348ChickenWetfryWhiteChapatiSpinach.JPG,spinach cooked,2073546,1.2876280535855005,100.85154271957313,3.29,/home/aojwang/data/MergeDataset/cropped_images/1348ChickenWetfryWhiteChapatiSpinach/spinach cooked_1.jpg
1348ChickenWetfryWhiteChapatiSpinach.JPG,white chapati,2746964,0.9779236276849642,169.87346224170878,11.09,/home/aojwang/data/MergeDataset/cropped_images/1348ChickenWetfryWhiteChapatiSpinach/white chapati_2.jpg
668BrownChapati.jpg,brown chapati,3302046,0.9616837560712358,138.46084871823913,5.84,/home/aojwang/data/MergeDataset/cropped_images/668BrownChapati/brown chapati_0.jpg
1582BrownUgaliDrumstickCabbage.JPG,brown ugali,1465610,1.147787610619469,126.0569130487192,2.9,/home/aojwang/data/MergeDataset/cropped_images/1582BrownUgaliDrumstickCabbage/brown ugali_0.jpg
1582BrownUgaliDrumstickCabbage.JPG,green cabbage cooked,2232265,1.2122328666175386,184.7884193856912,1.1,/home/aojwang/data/MergeDataset/cropped_images/1582BrownUgaliDrumstickCabbage/green cabbage cooked_1.jpg
1582BrownUgaliDrumstickCabbage.JPG,chicken drumstick,4377600,1.3157894736842106,127.40986598440546,72.18,/home/aojwang/data/MergeDataset/cropped_images/1582BrownUgaliDrumstickCabbage/chicken drumstick_2.jpg
1RiceBean.jpg,white rice boiled,914004,1.8547008547008548,182.25468597511608,42.0,/home/aojwang/data/MergeDataset/cropped_images/1RiceBean/white rice boiled_0.jpg
1RiceBean.jpg,beans,1055449,1.4171494785631518,123.18299163041827,25.0,/home/aojwang/data/MergeDataset/cropped_images/1RiceBean/beans_1.jpg
1491FriedGitheriBeefstew.JPG,githeri,4237394,0.882701962574167,114.04155510045403,20.7,/home/aojwang/data/MergeDataset/cropped_images/1491FriedGitheriBeefstew/githeri_0.jpg
1491FriedGitheriBeefstew.JPG,beef stew,3802560,0.9137254901960784,91.08336664422565,44.25,/home/aojwang/data/MergeDataset/cropped_images/1491FriedGitheriBeefstew/beef stew_1.jpg
1763BrownUgalihalfCupWhiteRiceSpinach.JPG,brown ugali,794106,1.1174377224199288,104.44987906736212,1.9,/home/aojwang/data/MergeDataset/cropped_images/1763BrownUgalihalfCupWhiteRiceSpinach/brown ugali_0.jpg
1763BrownUgalihalfCupWhiteRiceSpinach.JPG,spinach cooked,2580935,1.538996138996139,73.04431275229068,4.38,/home/aojwang/data/MergeDataset/cropped_images/1763BrownUgalihalfCupWhiteRiceSpinach/spinach cooked_1.jpg
1763BrownUgalihalfCupWhiteRiceSpinach.JPG,white rice boiled,2080080,1.2384259259259258,174.1281474750971,3.6,/home/aojwang/data/MergeDataset/cropped_images/1763BrownUgalihalfCupWhiteRiceSpinach/white rice boiled_2.jpg
2PotatoPork.jpg,pork fry,842555,1.0287292817679559,157.64543402705658,0.0,/home/aojwang/data/MergeDataset/cropped_images/2PotatoPork/pork fry_0.jpg
2PotatoPork.jpg,mashed potato,491006,1.1950078003120126,191.5448039331495,32.0,/home/aojwang/data/MergeDataset/cropped_images/2PotatoPork/mashed potato_1.jpg
718WhiteRiceRoscocoBeans.jpg,white rice boiled,2242502,1.339258114374034,180.46825242519293,4.8,/home/aojwang/data/MergeDataset/cropped_images/718WhiteRiceRoscocoBeans/white rice boiled_0.jpg
718WhiteRiceRoscocoBeans.jpg,rosecoco,3654420,1.540909090909091,112.60251157046353,17.34,/home/aojwang/data/MergeDataset/cropped_images/718WhiteRiceRoscocoBeans/rosecoco_1.jpg
1325ChickenWetfryWhiteUgali1CupSpinach.JPG,white ugali,1576015,1.0640920295809366,173.74046439913326,9.66,/home/aojwang/data/MergeDataset/cropped_images/1325ChickenWetfryWhiteUgali1CupSpinach/white ugali_0.jpg
1325ChickenWetfryWhiteUgali1CupSpinach.JPG,spinach cooked,1851815,1.5332120109190173,79.88885030812114,2.91,/home/aojwang/data/MergeDataset/cropped_images/1325ChickenWetfryWhiteUgali1CupSpinach/spinach cooked_1.jpg
1325ChickenWetfryWhiteUgali1CupSpinach.JPG,chicken wing,4406724,1.7969348659003832,113.72848235257453,94.39,/home/aojwang/data/MergeDataset/cropped_images/1325ChickenWetfryWhiteUgali1CupSpinach/chicken wing_2.jpg
487PineappleRedCabbage.jpg,pineapple,1559736,1.4310344827586208,121.40265061950655,0.48017,/home/aojwang/data/MergeDataset/cropped_images/487PineappleRedCabbage/pineapple_0.jpg
487PineappleRedCabbage.jpg,red cabbage,1784421,1.809667673716012,89.0633118529764,0.65,/home/aojwang/data/MergeDataset/cropped_images/487PineappleRedCabbage/red cabbage_1.jpg
1UgaliBChickenCabbage.jpg,chicken,602580,1.3833333333333333,131.12116288846846,0.0,/home/aojwang/data/MergeDataset/cropped_images/1UgaliBChickenCabbage/chicken_0.jpg
1UgaliBChickenCabbage.jpg,brown ugali,592450,1.2195121951219512,134.7284181506175,37.0,/home/aojwang/data/MergeDataset/cropped_images/1UgaliBChickenCabbage/brown ugali_1.jpg
1UgaliBChickenCabbage.jpg,green cabbage cooked,783902,1.1057007125890737,179.94738075252604,2.0,/home/aojwang/data/MergeDataset/cropped_images/1UgaliBChickenCabbage/green cabbage cooked_2.jpg
1095WhiteChapatiFriedEggs.jpg,egg fry,1086746,1.3008752735229758,159.29941955157875,14.7,/home/aojwang/data/MergeDataset/cropped_images/1095WhiteChapatiFriedEggs/egg fry_0.jpg
1095WhiteChapatiFriedEggs.jpg,white chapati,5750260,1.0100586756077117,159.10241194890898,19.2,/home/aojwang/data/MergeDataset/cropped_images/1095WhiteChapatiFriedEggs/white chapati_1.jpg
1095WhiteChapatiFriedEggs.jpg,egg fry,3140424,1.1206690561529271,170.92456124820512,14.7,/home/aojwang/data/MergeDataset/cropped_images/1095WhiteChapatiFriedEggs/egg fry_2.jpg
491PineappleRedCabbage.jpg,red cabbage,4178720,1.0877551020408163,71.61466509680795,2.6,/home/aojwang/data/MergeDataset/cropped_images/491PineappleRedCabbage/red cabbage_0.jpg
491PineappleRedCabbage.jpg,pineapple,1342488,0.8181108508977362,116.51530417155809,0.768275,/home/aojwang/data/MergeDataset/cropped_images/491PineappleRedCabbage/pineapple_1.jpg
415BananaCucumber.jpg,cucumber,3863688,1.1512008733624455,128.27489503983412,1.2,/home/aojwang/data/MergeDataset/cropped_images/415BananaCucumber/cucumber_0.jpg
1234MincedMeatButterBeansSpinach.JPG,butternut beans,1603814,1.3327256153144942,146.86424298578265,4.62,/home/aojwang/data/MergeDataset/cropped_images/1234MincedMeatButterBeansSpinach/butternut beans_0.jpg
1234MincedMeatButterBeansSpinach.JPG,spinach cooked,1761876,1.0298165137614679,73.70825075090416,2.91,/home/aojwang/data/MergeDataset/cropped_images/1234MincedMeatButterBeansSpinach/spinach cooked_1.jpg
1301BeefSamosa.JPG,samosa,1357414,1.212665406427221,129.06973087552262,31.692,/home/aojwang/data/MergeDataset/cropped_images/1301BeefSamosa/samosa_0.jpg
1301BeefSamosa.JPG,samosa,1132362,1.388704318936877,116.94092083626967,31.692,/home/aojwang/data/MergeDataset/cropped_images/1301BeefSamosa/samosa_1.jpg
1301BeefSamosa.JPG,samosa,1020699,1.2799552071668534,119.30962539723595,31.692,/home/aojwang/data/MergeDataset/cropped_images/1301BeefSamosa/samosa_2.jpg
1301BeefSamosa.JPG,samosa,1425450,1.1404293381037567,120.38013866965987,31.692,/home/aojwang/data/MergeDataset/cropped_images/1301BeefSamosa/samosa_3.jpg
3RiceBLiver.jpg,liver fry,998704,1.0746887966804979,136.36506412310354,3.0,/home/aojwang/data/MergeDataset/cropped_images/3RiceBLiver/liver fry_0.jpg
3RiceBLiver.jpg,brown rice boiled,1585100,0.7633587786259542,195.94974281328203,74.0,/home/aojwang/data/MergeDataset/cropped_images/3RiceBLiver/brown rice boiled_1.jpg
1610BrownUgali2CupsCabbage.JPG,brown ugali,3936350,1.125668449197861,141.6111556814477,5.8,/home/aojwang/data/MergeDataset/cropped_images/1610BrownUgali2CupsCabbage/brown ugali_0.jpg
1610BrownUgali2CupsCabbage.JPG,green cabbage cooked,5712756,1.4660587639311045,164.5553099648109,2.75,/home/aojwang/data/MergeDataset/cropped_images/1610BrownUgali2CupsCabbage/green cabbage cooked_1.jpg
1175BrownChapatiChickendrumstick.jpg,brown chapati,2461774,1.2312588401697313,111.47277843809654,5.23,/home/aojwang/data/MergeDataset/cropped_images/1175BrownChapatiChickendrumstick/brown chapati_0.jpg
1175BrownChapatiChickendrumstick.jpg,brown chapati,2078208,1.2073170731707317,103.20147469999795,5.23,/home/aojwang/data/MergeDataset/cropped_images/1175BrownChapatiChickendrumstick/brown chapati_1.jpg
360ZucchiniTomatoOnions.jpg,zucchini,1319285,1.5826944140197152,116.13810536262697,0.9,/home/aojwang/data/MergeDataset/cropped_images/360ZucchiniTomatoOnions/zucchini_0.jpg
360ZucchiniTomatoOnions.jpg,tomato,1530100,1.1045029736618521,99.05689998475046,1.0,/home/aojwang/data/MergeDataset/cropped_images/360ZucchiniTomatoOnions/tomato_1.jpg
360ZucchiniTomatoOnions.jpg,onions,2399450,1.4263685427910562,122.30819423895754,1.5,/home/aojwang/data/MergeDataset/cropped_images/360ZucchiniTomatoOnions/onions_2.jpg
1587WhiteUgaliquoterCupSpinach.JPG,spinach cooked,1922904,1.283496732026144,121.44369904408471,1.1,/home/aojwang/data/MergeDataset/cropped_images/1587WhiteUgaliquoterCupSpinach/spinach cooked_0.jpg
1587WhiteUgaliquoterCupSpinach.JPG,white ugali,777924,1.0,197.98986404841605,2.12,/home/aojwang/data/MergeDataset/cropped_images/1587WhiteUgaliquoterCupSpinach/white ugali_1.jpg
1Milk.jpg,milk,393370,1.2279151943462898,207.6997144334003,13.4,/home/aojwang/data/MergeDataset/cropped_images/1Milk/milk_0.jpg
1MilkYoghurtStrawb.jpg,strawberry yoghurt,805376,0.859504132231405,194.78719173818607,31.0,/home/aojwang/data/MergeDataset/cropped_images/1MilkYoghurtStrawb/strawberry yoghurt_0.jpg
787BrownRicehalfcupMonkeynutsquotercup.jpg,monkeynut beans,1654800,1.500952380952381,97.42263737813231,4.29,/home/aojwang/data/MergeDataset/cropped_images/787BrownRicehalfcupMonkeynutsquotercup/monkeynut beans_0.jpg
787BrownRicehalfcupMonkeynutsquotercup.jpg,brown rice boiled,2102778,1.5050761421319796,136.67633847541998,8.4,/home/aojwang/data/MergeDataset/cropped_images/787BrownRicehalfcupMonkeynutsquotercup/brown rice boiled_1.jpg
1Fanta.jpg,fanta,418748,1.1107491856677525,149.2066493451909,52.0,/home/aojwang/data/MergeDataset/cropped_images/1Fanta/fanta_0.jpg
3RiceBLiverVeg.jpg,liver fry,1428392,1.1614066726780883,104.10965757299117,3.0,/home/aojwang/data/MergeDataset/cropped_images/3RiceBLiverVeg/liver fry_0.jpg
3RiceBLiverVeg.jpg,brown rice boiled,407252,1.9933628318584071,194.22383847511287,25.0,/home/aojwang/data/MergeDataset/cropped_images/3RiceBLiverVeg/brown rice boiled_1.jpg
3RiceBLiverVeg.jpg,terere,1196160,0.9535714285714286,105.63532888576779,4.0,/home/aojwang/data/MergeDataset/cropped_images/3RiceBLiverVeg/terere_2.jpg
1275MincedMeatGreenGramsCabbage.JPG,ndengu,3268650,1.2006060606060607,115.8662582411699,18.0,/home/aojwang/data/MergeDataset/cropped_images/1275MincedMeatGreenGramsCabbage/ndengu_0.jpg
1275MincedMeatGreenGramsCabbage.JPG,green cabbage cooked,2174450,0.8821656050955414,174.18149769673556,3.0,/home/aojwang/data/MergeDataset/cropped_images/1275MincedMeatGreenGramsCabbage/green cabbage cooked_1.jpg
1275MincedMeatGreenGramsCabbage.JPG,mincemeat,1466610,1.6956989247311829,126.01859640031547,83.1,/home/aojwang/data/MergeDataset/cropped_images/1275MincedMeatGreenGramsCabbage/mincemeat_2.jpg
134ApplePawpaw.jpg,apple,1398141,1.1409214092140922,144.2037422072118,0.15,/home/aojwang/data/MergeDataset/cropped_images/134ApplePawpaw/apple_0.jpg
134ApplePawpaw.jpg,pawpaw,969496,0.9466403162055336,104.40243040370116,0.235449,/home/aojwang/data/MergeDataset/cropped_images/134ApplePawpaw/pawpaw_1.jpg
117Pineapplehalfcup.jpg,pineapple,1588192,1.6139112903225807,157.93674946102234,0.384137,/home/aojwang/data/MergeDataset/cropped_images/117Pineapplehalfcup/pineapple_0.jpg
871WhiteChapatiquoterGreenBeans.jpg,green beans,2208342,1.681500872600349,90.8503877569688,3.6,/home/aojwang/data/MergeDataset/cropped_images/871WhiteChapatiquoterGreenBeans/green beans_0.jpg
871WhiteChapatiquoterGreenBeans.jpg,white chapati,2015024,1.4545454545454546,145.17900795887957,3.12,/home/aojwang/data/MergeDataset/cropped_images/871WhiteChapatiquoterGreenBeans/white chapati_1.jpg
706WhiteRicethirdcupPigeonpeahalfcup.jpg,white rice boiled,1093540,0.9551401869158879,167.29888527168646,1.92,/home/aojwang/data/MergeDataset/cropped_images/706WhiteRicethirdcupPigeonpeahalfcup/white rice boiled_0.jpg
706WhiteRicethirdcupPigeonpeahalfcup.jpg,mbaazi,2878956,1.4625801853171774,118.68251593054335,6.84,/home/aojwang/data/MergeDataset/cropped_images/706WhiteRicethirdcupPigeonpeahalfcup/mbaazi_1.jpg
286Lettuce1cup.jpg,lettuce,3809970,1.5961165048543688,172.78515421381272,1.8,/home/aojwang/data/MergeDataset/cropped_images/286Lettuce1cup/lettuce_0.jpg
2Dates.jpg,dates,682341,1.5337331334332833,139.55236067205888,21.0,/home/aojwang/data/MergeDataset/cropped_images/2Dates/dates_0.jpg
813BrownRice1cupEggyolkBeans1cup.jpg,brown rice boiled,1670463,1.3631436314363143,142.9545243843573,16.0,/home/aojwang/data/MergeDataset/cropped_images/813BrownRice1cupEggyolkBeans1cup/brown rice boiled_0.jpg
1147BoiledButternut.jpg,butternut boiled,4044105,2.7667493796526053,117.37921064528905,8.85,/home/aojwang/data/MergeDataset/cropped_images/1147BoiledButternut/butternut boiled_0.jpg
727WhiteRicehalfcupRoscocoBeansquotercup.jpg,white rice boiled,1142900,1.0587102983638113,168.57540729722635,2.88,/home/aojwang/data/MergeDataset/cropped_images/727WhiteRicehalfcupRoscocoBeansquotercup/white rice boiled_0.jpg
727WhiteRicehalfcupRoscocoBeansquotercup.jpg,rosecoco,1561896,1.4636979670861567,114.65619947380192,4.335,/home/aojwang/data/MergeDataset/cropped_images/727WhiteRicehalfcupRoscocoBeansquotercup/rosecoco_1.jpg
808BrownRicehalfcupEggyolkBeansquotercup.jpg,brown rice boiled,1680550,1.2510785159620363,126.87331905229439,9.6,/home/aojwang/data/MergeDataset/cropped_images/808BrownRicehalfcupEggyolkBeansquotercup/brown rice boiled_0.jpg
474GGrapesShreddedCarrots.jpg,carrot,3012968,1.9469453376205788,115.27142250874664,1.4,/home/aojwang/data/MergeDataset/cropped_images/474GGrapesShreddedCarrots/carrot_0.jpg
474GGrapesShreddedCarrots.jpg,red grapes,3756260,1.750170648464164,83.03932919091508,2.950245,/home/aojwang/data/MergeDataset/cropped_images/474GGrapesShreddedCarrots/red grapes_1.jpg
3Sageti.jpg,saget,3173346,1.3191489361702127,126.81001178776808,5.0,/home/aojwang/data/MergeDataset/cropped_images/3Sageti/saget_0.jpg
281Cabbagesliced.jpg,green cabbage,4624565,1.4449413079932922,197.89567126854092,3.85,/home/aojwang/data/MergeDataset/cropped_images/281Cabbagesliced/green cabbage_0.jpg
2Almond.jpg,almond,2049748,1.3704006541291904,155.94402271238545,9.0,/home/aojwang/data/MergeDataset/cropped_images/2Almond/almond_0.jpg
466GrapesLettuce.jpg,red grapes,4381722,1.8693664271717831,101.53356153889574,3.540294,/home/aojwang/data/MergeDataset/cropped_images/466GrapesLettuce/red grapes_0.jpg
466GrapesLettuce.jpg,lettuce,5420772,1.7579726651480638,178.7385262960085,1.8,/home/aojwang/data/MergeDataset/cropped_images/466GrapesLettuce/lettuce_1.jpg
707WhiteRicehalfcupPigeonpeaquotercup.jpg,mbaazi,2016105,1.8113744075829383,129.87728483056853,2.85,/home/aojwang/data/MergeDataset/cropped_images/707WhiteRicehalfcupPigeonpeaquotercup/mbaazi_0.jpg
707WhiteRicehalfcupPigeonpeaquotercup.jpg,white rice boiled,1410870,1.2163416898792943,159.86094395656582,2.88,/home/aojwang/data/MergeDataset/cropped_images/707WhiteRicehalfcupPigeonpeaquotercup/white rice boiled_1.jpg
1486FriedGitheriBeefstew.JPG,githeri,2433000,1.0813333333333333,104.3431756404987,10.35,/home/aojwang/data/MergeDataset/cropped_images/1486FriedGitheriBeefstew/githeri_0.jpg
1486FriedGitheriBeefstew.JPG,beef stew,2236647,0.9517286366601435,86.15929514134326,26.55,/home/aojwang/data/MergeDataset/cropped_images/1486FriedGitheriBeefstew/beef stew_1.jpg
661SweetPotatowhole.jpg,sweet potato,1421580,2.1297429620563038,142.97668908303905,1.8,/home/aojwang/data/MergeDataset/cropped_images/661SweetPotatowhole/sweet potato_0.jpg
739WhiteRiceButterBeans.jpg,white rice boiled,2662092,1.3333333333333333,165.98559053055516,7.2,/home/aojwang/data/MergeDataset/cropped_images/739WhiteRiceButterBeans/white rice boiled_0.jpg
739WhiteRiceButterBeans.jpg,butternut beans,2936460,1.716360856269113,128.99580015846746,4.62,/home/aojwang/data/MergeDataset/cropped_images/739WhiteRiceButterBeans/butternut beans_1.jpg
87Grapes.jpg,red grapes,3533611,1.3959773727215588,95.83781255680567,1.180098,/home/aojwang/data/MergeDataset/cropped_images/87Grapes/red grapes_0.jpg
191Avocadosliced.jpg,avocado,4101692,1.4777911164465787,143.30780045568187,3.2,/home/aojwang/data/MergeDataset/cropped_images/191Avocadosliced/avocado_0.jpg
1642WholeFishKachumbari1CupBrownUgali1Cup.JPG,brown ugali,1609092,1.000788643533123,121.15837379093303,2.93,/home/aojwang/data/MergeDataset/cropped_images/1642WholeFishKachumbari1CupBrownUgali1Cup/brown ugali_0.jpg
1642WholeFishKachumbari1CupBrownUgali1Cup.JPG,kachumbari,3112668,1.4248985115020298,110.96011470973883,1.99,/home/aojwang/data/MergeDataset/cropped_images/1642WholeFishKachumbari1CupBrownUgali1Cup/kachumbari_1.jpg
1329WhiteUgali2CupsChickenWetfrySpinach.JPG,chicken wing,2149785,1.7416741674167417,108.52580126229677,112.99,/home/aojwang/data/MergeDataset/cropped_images/1329WhiteUgali2CupsChickenWetfrySpinach/chicken wing_0.jpg
736WhiteRiceButterBeans.jpg,butternut beans,2395795,1.5211155378486056,142.06957453927959,2.31,/home/aojwang/data/MergeDataset/cropped_images/736WhiteRiceButterBeans/butternut beans_0.jpg
736WhiteRiceButterBeans.jpg,white rice boiled,2073715,1.320830007980846,154.40855903535441,4.8,/home/aojwang/data/MergeDataset/cropped_images/736WhiteRiceButterBeans/white rice boiled_1.jpg
531Greengrams1cup.jpg,ndengu,9018240,1.3739266198282591,138.71882876629292,6.855,/home/aojwang/data/MergeDataset/cropped_images/531Greengrams1cup/ndengu_0.jpg
468GrapesShreddedCarrots.jpg,red grapes,1977280,1.410472972972973,82.75460481064897,1.180098,/home/aojwang/data/MergeDataset/cropped_images/468GrapesShreddedCarrots/red grapes_0.jpg
468GrapesShreddedCarrots.jpg,carrot,1552824,1.7278481012658229,110.4159020382649,0.35,/home/aojwang/data/MergeDataset/cropped_images/468GrapesShreddedCarrots/carrot_1.jpg
15Pawpaw.jpg,pawpaw,10864910,1.305372616984402,137.49609884788123,4.6053,/home/aojwang/data/MergeDataset/cropped_images/15Pawpaw/pawpaw_0.jpg
222Cucumberhalfcup.jpg,cucumber,2660475,1.3101754385964912,160.41808035532503,0.6,/home/aojwang/data/MergeDataset/cropped_images/222Cucumberhalfcup/cucumber_0.jpg
413BananaCucumber.jpg,cucumber,3154320,1.1109792284866469,131.03747611740934,0.9,/home/aojwang/data/MergeDataset/cropped_images/413BananaCucumber/cucumber_0.jpg
1441Githeri.JPG,githeri,2992778,1.1734502191609268,81.45062892514358,10.05,/home/aojwang/data/MergeDataset/cropped_images/1441Githeri/githeri_0.jpg
3MaizeBeans.jpg,githeri,2713353,1.362863217576187,150.28951448632006,59.0,/home/aojwang/data/MergeDataset/cropped_images/3MaizeBeans/githeri_0.jpg
1126Grilledchickenbreast.jpg,chicken breast grilled,5795790,1.2859161563824777,100.98453820215478,109.83,/home/aojwang/data/MergeDataset/cropped_images/1126Grilledchickenbreast/chicken breast grilled_0.jpg
977MashedArrowRoot.jpg,arrowroots,736434,1.298804780876494,135.90792702853662,3.94,/home/aojwang/data/MergeDataset/cropped_images/977MashedArrowRoot/arrowroots_0.jpg
133Bananaquotercup.jpg,ripe banana,1285074,1.3191489361702127,174.15148673669117,0.7,/home/aojwang/data/MergeDataset/cropped_images/133Bananaquotercup/ripe banana_0.jpg
2PotatoSausage.jpg,potato chips,810549,1.2760351317440402,150.7037082273866,8.0,/home/aojwang/data/MergeDataset/cropped_images/2PotatoSausage/potato chips_0.jpg
2PotatoSausage.jpg,sausage,743920,1.6088235294117648,119.00291025916765,9.0,/home/aojwang/data/MergeDataset/cropped_images/2PotatoSausage/sausage_1.jpg
1RiceBChickenCabbage.jpg,brown rice boiled,852846,0.9946004319654428,187.40277807091394,49.0,/home/aojwang/data/MergeDataset/cropped_images/1RiceBChickenCabbage/brown rice boiled_0.jpg
1RiceBChickenCabbage.jpg,green cabbage cooked,748098,1.0755395683453237,182.4056081778947,2.0,/home/aojwang/data/MergeDataset/cropped_images/1RiceBChickenCabbage/green cabbage cooked_1.jpg
1RiceBChickenCabbage.jpg,chicken,613690,1.035064935064935,143.25534227378643,0.0,/home/aojwang/data/MergeDataset/cropped_images/1RiceBChickenCabbage/chicken_2.jpg
157BananaMango.jpg,mango,1844480,0.8882720333102012,121.72809210906777,1.64,/home/aojwang/data/MergeDataset/cropped_images/157BananaMango/mango_0.jpg
157BananaMango.jpg,ripe banana,2551454,1.0298602287166454,173.3684049696108,2.8,/home/aojwang/data/MergeDataset/cropped_images/157BananaMango/ripe banana_1.jpg
157BananaMango.jpg,ripe banana,223114,0.7064056939501779,147.37247475879298,2.8,/home/aojwang/data/MergeDataset/cropped_images/157BananaMango/ripe banana_2.jpg
157BananaMango.jpg,mango,155030,1.1324324324324324,114.69306800834246,1.64,/home/aojwang/data/MergeDataset/cropped_images/157BananaMango/mango_3.jpg
1442Githeri.JPG,githeri,3904404,1.2690992018244014,108.22527868529998,13.4,/home/aojwang/data/MergeDataset/cropped_images/1442Githeri/githeri_0.jpg
1770BrownChapatiWhiteRiceSpinach.JPG,spinach cooked,1845510,0.9948604992657856,99.4133457237656,2.91,/home/aojwang/data/MergeDataset/cropped_images/1770BrownChapatiWhiteRiceSpinach/spinach cooked_0.jpg
1770BrownChapatiWhiteRiceSpinach.JPG,brown chapati,3862166,1.4752781211372064,167.84742965475849,28.66,/home/aojwang/data/MergeDataset/cropped_images/1770BrownChapatiWhiteRiceSpinach/brown chapati_1.jpg
1770BrownChapatiWhiteRiceSpinach.JPG,white rice boiled,1577760,1.464354527938343,205.6708443193726,2.4,/home/aojwang/data/MergeDataset/cropped_images/1770BrownChapatiWhiteRiceSpinach/white rice boiled_2.jpg
201AvocadoPineapple.jpg,pineapple,2793840,0.9898809523809524,169.19936371922992,0.960343,/home/aojwang/data/MergeDataset/cropped_images/201AvocadoPineapple/pineapple_0.jpg
201AvocadoPineapple.jpg,avocado,3006675,1.0104347826086957,143.33676469854575,3.2,/home/aojwang/data/MergeDataset/cropped_images/201AvocadoPineapple/avocado_1.jpg
1296BeefstewSpaghettiSpinach.JPG,spinach cooked,2521539,1.1073558648111332,82.71528948524427,5.48,/home/aojwang/data/MergeDataset/cropped_images/1296BeefstewSpaghettiSpinach/spinach cooked_0.jpg
1296BeefstewSpaghettiSpinach.JPG,spaghetti,2387840,1.1263736263736264,176.02981858080943,11.0,/home/aojwang/data/MergeDataset/cropped_images/1296BeefstewSpaghettiSpinach/spaghetti_1.jpg
1251MincedMeatRoscocoBeansCabbage.JPG,green cabbage cooked,2222036,1.1434720229555237,170.30536963997582,1.8,/home/aojwang/data/MergeDataset/cropped_images/1251MincedMeatRoscocoBeansCabbage/green cabbage cooked_0.jpg
1251MincedMeatRoscocoBeansCabbage.JPG,rosecoco,2357787,1.6677880571909167,89.96958009070936,17.34,/home/aojwang/data/MergeDataset/cropped_images/1251MincedMeatRoscocoBeansCabbage/rosecoco_1.jpg
1559UgaliBrownhalfCup.JPG,brown ugali,1658800,1.0188087774294672,99.80903022265092,1.43,/home/aojwang/data/MergeDataset/cropped_images/1559UgaliBrownhalfCup/brown ugali_0.jpg
1022Cabbagethirdcup.jpg,green cabbage cooked,2463246,1.1540041067761806,140.94561228016474,0.77,/home/aojwang/data/MergeDataset/cropped_images/1022Cabbagethirdcup/green cabbage cooked_0.jpg
1489FriedGitheriBeefstew.JPG,githeri,3129312,0.9921171171171171,104.98727430608815,17.25,/home/aojwang/data/MergeDataset/cropped_images/1489FriedGitheriBeefstew/githeri_0.jpg
1489FriedGitheriBeefstew.JPG,beef stew,2653592,0.991442542787286,87.10782566925636,35.4,/home/aojwang/data/MergeDataset/cropped_images/1489FriedGitheriBeefstew/beef stew_1.jpg
2Kamande.jpg,kamande,1831914,1.2595356550580432,143.83633529376016,40.0,/home/aojwang/data/MergeDataset/cropped_images/2Kamande/kamande_0.jpg
1106ScrambledEggs.jpg,scrambled eggs,5630688,1.3854166666666667,149.46776154767113,21.8,/home/aojwang/data/MergeDataset/cropped_images/1106ScrambledEggs/scrambled eggs_0.jpg
734WhiteRiceButterBeans.jpg,butternut beans,1796640,2.1600877192982457,123.10617244782854,2.31,/home/aojwang/data/MergeDataset/cropped_images/734WhiteRiceButterBeans/butternut beans_0.jpg
734WhiteRiceButterBeans.jpg,white rice boiled,1374880,1.271153846153846,155.3521136390085,2.4,/home/aojwang/data/MergeDataset/cropped_images/734WhiteRiceButterBeans/white rice boiled_1.jpg
665SweetPotatosliced.jpg,sweet potato,4106375,1.260387811634349,166.95029622639595,3.6,/home/aojwang/data/MergeDataset/cropped_images/665SweetPotatosliced/sweet potato_0.jpg
1Pumpkin.jpg,pumpkin,896744,1.4441624365482233,174.94172621543422,11.0,/home/aojwang/data/MergeDataset/cropped_images/1Pumpkin/pumpkin_0.jpg
1342ChickenWetfryWhiteChapatiSpinach.JPG,chicken wing,2090106,1.0679056468906363,90.05915744624116,57.29,/home/aojwang/data/MergeDataset/cropped_images/1342ChickenWetfryWhiteChapatiSpinach/chicken wing_0.jpg
1342ChickenWetfryWhiteChapatiSpinach.JPG,spinach cooked,1862652,1.2192556634304208,68.34125626615528,2.91,/home/aojwang/data/MergeDataset/cropped_images/1342ChickenWetfryWhiteChapatiSpinach/spinach cooked_1.jpg
1673WholeFishKachumbarihalfCupChips.JPG,kachumbari,2325427,1.0776038121170866,116.789020826426,1.43,/home/aojwang/data/MergeDataset/cropped_images/1673WholeFishKachumbarihalfCupChips/kachumbari_0.jpg
1673WholeFishKachumbarihalfCupChips.JPG,potato chips,3433680,1.1742690058479532,168.6179324611884,12.0,/home/aojwang/data/MergeDataset/cropped_images/1673WholeFishKachumbarihalfCupChips/potato chips_1.jpg
1673WholeFishKachumbarihalfCupChips.JPG,fish fry,5180898,2.6395431834403995,156.64145051044562,126.43,/home/aojwang/data/MergeDataset/cropped_images/1673WholeFishKachumbarihalfCupChips/fish fry_2.jpg
553Pigeonpea.jpg,mbaazi,7624485,1.4153382162860837,134.6104138181136,19.95,/home/aojwang/data/MergeDataset/cropped_images/553Pigeonpea/mbaazi_0.jpg
1Poppy.jpg,poppy seeds,742159,1.3663500678426053,127.60916416383371,9.0,/home/aojwang/data/MergeDataset/cropped_images/1Poppy/poppy seeds_0.jpg
1TreeTomato.jpg,tree tomato,454968,1.1142410015649453,121.84052138465415,3.0,/home/aojwang/data/MergeDataset/cropped_images/1TreeTomato/tree tomato_0.jpg
963MashedIrishpotato.jpg,irish potato mashed,1590216,1.4759152215799614,115.22494742852544,12.29,/home/aojwang/data/MergeDataset/cropped_images/963MashedIrishpotato/irish potato mashed_0.jpg
1WMelonMangoKiwi.jpg,watermelon mango kiwi,1586004,1.2965641952983724,168.96543913718585,17.0,/home/aojwang/data/MergeDataset/cropped_images/1WMelonMangoKiwi/watermelon mango kiwi_0.jpg
2PeasBoiled.jpg,boiled peas,2373234,1.3682611996962795,146.6332960284012,26.0,/home/aojwang/data/MergeDataset/cropped_images/2PeasBoiled/boiled peas_0.jpg
779BrownRiceMonkeynuts.jpg,brown rice boiled,3446896,1.2097156398104265,150.3274059714402,24.0,/home/aojwang/data/MergeDataset/cropped_images/779BrownRiceMonkeynuts/brown rice boiled_0.jpg
779BrownRiceMonkeynuts.jpg,monkeynut beans,1478235,1.690909090909091,98.78961892617434,3.9,/home/aojwang/data/MergeDataset/cropped_images/779BrownRiceMonkeynuts/monkeynut beans_1.jpg
850WhiteChapati2MonkeynutBeans.jpg,monkeynut beans,1027044,1.4349881796690307,84.5229087880688,3.9,/home/aojwang/data/MergeDataset/cropped_images/850WhiteChapati2MonkeynutBeans/monkeynut beans_0.jpg
1369BeefstewSpinachNjahi.JPG,black beans,3062844,1.703206562266965,111.73880800545724,14.25,/home/aojwang/data/MergeDataset/cropped_images/1369BeefstewSpinachNjahi/black beans_0.jpg
1369BeefstewSpinachNjahi.JPG,beef stew,2436885,1.105050505050505,103.362172062558,25.55,/home/aojwang/data/MergeDataset/cropped_images/1369BeefstewSpinachNjahi/beef stew_1.jpg
2SausageBacon.jpg,sausage,539487,0.879948914431673,125.42568217584483,6.0,/home/aojwang/data/MergeDataset/cropped_images/2SausageBacon/sausage_0.jpg
2SausageBacon.jpg,bacon,1269312,0.8785357737104825,157.63525516185146,0.0,/home/aojwang/data/MergeDataset/cropped_images/2SausageBacon/bacon_1.jpg
3BananaWMelonPawpaw.jpg,banana watermelon pawpaw,2349215,1.3260706235912847,169.28279914780043,101.0,/home/aojwang/data/MergeDataset/cropped_images/3BananaWMelonPawpaw/banana watermelon pawpaw_0.jpg
1204MincedMeatCabbagePasta.JPG,pasta,2967345,1.5074839629365646,131.29536403754872,6.6,/home/aojwang/data/MergeDataset/cropped_images/1204MincedMeatCabbagePasta/pasta_0.jpg
1204MincedMeatCabbagePasta.JPG,green cabbage cooked,1509228,0.8207964601769911,148.2056616583666,1.8,/home/aojwang/data/MergeDataset/cropped_images/1204MincedMeatCabbagePasta/green cabbage cooked_1.jpg
1204MincedMeatCabbagePasta.JPG,mincemeat,1869075,1.6856600189933524,97.0503783957305,41.55,/home/aojwang/data/MergeDataset/cropped_images/1204MincedMeatCabbagePasta/mincemeat_2.jpg
12Watermelon.jpg,water melon,9972098,1.6832374691865242,101.66348752957168,2.4,/home/aojwang/data/MergeDataset/cropped_images/12Watermelon/water melon_0.jpg
1025Beefstew.jpg,beef stew,3219840,1.3436692506459949,133.24838107897702,26.55,/home/aojwang/data/MergeDataset/cropped_images/1025Beefstew/beef stew_0.jpg
312CabbageCucumber.jpg,cucumber,2045552,0.9364005412719891,135.18700754938845,1.2,/home/aojwang/data/MergeDataset/cropped_images/312CabbageCucumber/cucumber_0.jpg
312CabbageCucumber.jpg,green cabbage,2593877,1.0483153210425937,195.29256206057573,2.2,/home/aojwang/data/MergeDataset/cropped_images/312CabbageCucumber/green cabbage_1.jpg
598ButterBeans.jpg,butternut beans,5242800,1.2598039215686274,123.16283073929961,23.1,/home/aojwang/data/MergeDataset/cropped_images/598ButterBeans/butternut beans_0.jpg
1643WholeFishKachumbari1CupBrownUgalihalfCup.JPG,fish fry,4555326,2.7416602017067495,130.19222246662477,126.43,/home/aojwang/data/MergeDataset/cropped_images/1643WholeFishKachumbari1CupBrownUgalihalfCup/fish fry_0.jpg
1643WholeFishKachumbari1CupBrownUgalihalfCup.JPG,brown ugali,1182762,1.087248322147651,114.59187111749165,1.9,/home/aojwang/data/MergeDataset/cropped_images/1643WholeFishKachumbari1CupBrownUgalihalfCup/brown ugali_1.jpg
1643WholeFishKachumbari1CupBrownUgalihalfCup.JPG,kachumbari,2950464,1.399449035812672,112.6930810430721,1.99,/home/aojwang/data/MergeDataset/cropped_images/1643WholeFishKachumbari1CupBrownUgalihalfCup/kachumbari_2.jpg
93Grapes.jpg,red grapes,9423036,1.954007285974499,105.69543849774107,5.310442,/home/aojwang/data/MergeDataset/cropped_images/93Grapes/red grapes_0.jpg
394BananaCabbage.jpg,green cabbage,4316895,1.2200956937799043,171.4734984288476,2.2,/home/aojwang/data/MergeDataset/cropped_images/394BananaCabbage/green cabbage_0.jpg
1186MincedMeatCabbageBrownRice.JPG,brown rice boiled,2212636,1.0060687795010115,171.76124812214934,12.0,/home/aojwang/data/MergeDataset/cropped_images/1186MincedMeatCabbageBrownRice/brown rice boiled_0.jpg
1186MincedMeatCabbageBrownRice.JPG,green cabbage cooked,2897498,1.7224363916730918,166.01476273667834,1.8,/home/aojwang/data/MergeDataset/cropped_images/1186MincedMeatCabbageBrownRice/green cabbage cooked_1.jpg
1186MincedMeatCabbageBrownRice.JPG,mincemeat,2388800,0.933125,133.47589417280642,41.55,/home/aojwang/data/MergeDataset/cropped_images/1186MincedMeatCabbageBrownRice/mincemeat_2.jpg
1020Cabbagehalfcup.jpg,green cabbage cooked,3062224,1.3483742534837426,141.36608817643648,0.99,/home/aojwang/data/MergeDataset/cropped_images/1020Cabbagehalfcup/green cabbage cooked_0.jpg
264Carrots.jpg,carrot,5145000,1.4634666666666667,134.64685008098476,2.8,/home/aojwang/data/MergeDataset/cropped_images/264Carrots/carrot_0.jpg
1UgaliWFishSpinach.jpg,white ugali,582025,0.9690322580645161,174.04176452901507,48.0,/home/aojwang/data/MergeDataset/cropped_images/1UgaliWFishSpinach/white ugali_0.jpg
1UgaliWFishSpinach.jpg,fish fry,992892,1.3645955451348182,114.68228065086636,0.0,/home/aojwang/data/MergeDataset/cropped_images/1UgaliWFishSpinach/fish fry_1.jpg
1UgaliWFishSpinach.jpg,spinach cooked,316800,1.292929292929293,108.00488636363636,1.0,/home/aojwang/data/MergeDataset/cropped_images/1UgaliWFishSpinach/spinach cooked_2.jpg
1599WhiteUgali1CupSpinach.JPG,white ugali,2072104,0.9896337249481686,203.9850086353452,9.73,/home/aojwang/data/MergeDataset/cropped_images/1599WhiteUgali1CupSpinach/white ugali_0.jpg
1599WhiteUgali1CupSpinach.JPG,spinach cooked,6591936,1.3327338129496402,134.56315736884176,5.48,/home/aojwang/data/MergeDataset/cropped_images/1599WhiteUgali1CupSpinach/spinach cooked_1.jpg
42Pineapple.jpg,pineapple,4839280,1.3018672199170125,152.2134096394505,1.48853,/home/aojwang/data/MergeDataset/cropped_images/42Pineapple/pineapple_0.jpg
638BrownRice.jpg,brown rice boiled,5286768,1.3323293172690762,154.50445565230024,32.0,/home/aojwang/data/MergeDataset/cropped_images/638BrownRice/brown rice boiled_0.jpg
1151Boiledcorn.jpg,boiled yellow maize,3193360,2.5686098654708522,146.20480236073186,9.47,/home/aojwang/data/MergeDataset/cropped_images/1151Boiledcorn/boiled yellow maize_0.jpg
270Carrotsgrated.jpg,carrot,3686782,1.3927473878303627,113.90778561538671,1.75,/home/aojwang/data/MergeDataset/cropped_images/270Carrotsgrated/carrot_0.jpg
36Pineapple.jpg,pineapple,3190650,1.7902621722846441,163.50250899764416,0.72025,/home/aojwang/data/MergeDataset/cropped_images/36Pineapple/pineapple_0.jpg
1021Cabbagequotercup.jpg,green cabbage cooked,1766514,1.0501156515034695,164.48628353167123,0.396,/home/aojwang/data/MergeDataset/cropped_images/1021Cabbagequotercup/green cabbage cooked_0.jpg
1596WhiteUgali1CupSpinach.JPG,spinach cooked,4784980,1.090214797136038,104.23935279422972,4.38,/home/aojwang/data/MergeDataset/cropped_images/1596WhiteUgali1CupSpinach/spinach cooked_0.jpg
1596WhiteUgali1CupSpinach.JPG,white ugali,2060478,0.9813664596273292,170.31259607398542,9.73,/home/aojwang/data/MergeDataset/cropped_images/1596WhiteUgali1CupSpinach/white ugali_1.jpg
2Sunflower.jpg,sunflower seeds,1937712,1.4203767123287672,152.12546171292053,15.0,/home/aojwang/data/MergeDataset/cropped_images/2Sunflower/sunflower seeds_0.jpg
363LettuceOnionsCarrots.jpg,carrot,1414355,1.550785340314136,116.22577005065914,0.7,/home/aojwang/data/MergeDataset/cropped_images/363LettuceOnionsCarrots/carrot_0.jpg
363LettuceOnionsCarrots.jpg,onions,1518295,1.3187325256290774,123.80918574234036,1.5,/home/aojwang/data/MergeDataset/cropped_images/363LettuceOnionsCarrots/onions_1.jpg
363LettuceOnionsCarrots.jpg,lettuce,2041825,1.1630188679245284,167.659688269073,1.2,/home/aojwang/data/MergeDataset/cropped_images/363LettuceOnionsCarrots/lettuce_2.jpg
3Sunflower.jpg,sunflower seeds,3017160,1.4449826989619377,165.90791583254892,22.0,/home/aojwang/data/MergeDataset/cropped_images/3Sunflower/sunflower seeds_0.jpg
511RoscocoBeans.jpg,rosecoco,5151744,1.2093023255813953,138.51330267963627,17.34,/home/aojwang/data/MergeDataset/cropped_images/511RoscocoBeans/rosecoco_0.jpg
1Terere.jpg,terere,1556125,1.3981042654028435,141.8675312073259,1.0,/home/aojwang/data/MergeDataset/cropped_images/1Terere/terere_0.jpg
234Zucchiniquotercup.jpg,zucchini,1319535,1.1633802816901408,149.53513800947556,0.45,/home/aojwang/data/MergeDataset/cropped_images/234Zucchiniquotercup/zucchini_0.jpg
159MangoPawpaw.jpg,mango,638544,0.8879716981132075,136.79305628638485,0.41,/home/aojwang/data/MergeDataset/cropped_images/159MangoPawpaw/mango_0.jpg
159MangoPawpaw.jpg,pawpaw,748200,0.9885057471264368,118.44259823576584,0.235449,/home/aojwang/data/MergeDataset/cropped_images/159MangoPawpaw/pawpaw_1.jpg
2RiceWLamb.jpg,white rice boiled,1039878,0.7480916030534351,198.3583673597608,85.0,/home/aojwang/data/MergeDataset/cropped_images/2RiceWLamb/white rice boiled_0.jpg
2RiceWLamb.jpg,lamb stew,1145192,1.083657587548638,116.40796943511073,6.0,/home/aojwang/data/MergeDataset/cropped_images/2RiceWLamb/lamb stew_1.jpg
1OliveOil.jpg,olive oil,888096,1.8333333333333333,161.96725016214464,0.0,/home/aojwang/data/MergeDataset/cropped_images/1OliveOil/olive oil_0.jpg
715WhiteRiceRoscocoBeans.jpg,rosecoco,2331279,1.394431554524362,99.63235016772624,8.67,/home/aojwang/data/MergeDataset/cropped_images/715WhiteRiceRoscocoBeans/rosecoco_0.jpg
715WhiteRiceRoscocoBeans.jpg,white rice boiled,1446641,1.329817833173538,159.05912823798948,2.4,/home/aojwang/data/MergeDataset/cropped_images/715WhiteRiceRoscocoBeans/white rice boiled_1.jpg
521Greengrams.jpg,ndengu,3867325,1.314868804664723,155.55080673764596,3.7,/home/aojwang/data/MergeDataset/cropped_images/521Greengrams/ndengu_0.jpg
1129Grilledchickenbreast.jpg,chicken breast grilled,8385786,1.343875100080064,121.78254389829011,182.73,/home/aojwang/data/MergeDataset/cropped_images/1129Grilledchickenbreast/chicken breast grilled_0.jpg
708WhiteRiceuphalfcupPigeonpeahalfcup.jpg,white rice boiled,1539648,1.0909090909090908,167.16013790165024,2.88,/home/aojwang/data/MergeDataset/cropped_images/708WhiteRiceuphalfcupPigeonpeahalfcup/white rice boiled_0.jpg
708WhiteRiceuphalfcupPigeonpeahalfcup.jpg,mbaazi,2942775,1.7279693486590038,117.34577034714965,6.84,/home/aojwang/data/MergeDataset/cropped_images/708WhiteRiceuphalfcupPigeonpeahalfcup/mbaazi_1.jpg
946BananaCooked.jpg,boiled banana,3112512,2.0016038492381716,126.56822517203682,3.54,/home/aojwang/data/MergeDataset/cropped_images/946BananaCooked/boiled banana_0.jpg
1015Cabbage.jpg,green cabbage cooked,2377620,1.165966386554622,147.42277403453875,0.55,/home/aojwang/data/MergeDataset/cropped_images/1015Cabbage/green cabbage cooked_0.jpg
532Greengramshalfcup.jpg,ndengu,5822730,1.3368471490177287,158.1023298349743,3.7,/home/aojwang/data/MergeDataset/cropped_images/532Greengramshalfcup/ndengu_0.jpg
1099PlantainsFriedEggs.jpg,plantain,2515200,0.9825,118.55672709923664,1.3,/home/aojwang/data/MergeDataset/cropped_images/1099PlantainsFriedEggs/plantain_0.jpg
1099PlantainsFriedEggs.jpg,egg fry,1182768,1.2215447154471544,140.86907153389336,5.0,/home/aojwang/data/MergeDataset/cropped_images/1099PlantainsFriedEggs/egg fry_1.jpg
126Grapeshalfcup.jpg,red grapes,1823730,1.3862249346120314,114.1131393718734,1.062088,/home/aojwang/data/MergeDataset/cropped_images/126Grapeshalfcup/red grapes_0.jpg
2Zucchini.jpg,zucchini,1986550,1.412310286677909,171.64300772696384,6.0,/home/aojwang/data/MergeDataset/cropped_images/2Zucchini/zucchini_0.jpg
1518FriedGitheriWhiteRiceCabbage.JPG,githeri,1568506,1.0874271440466279,92.79159042638877,6.9,/home/aojwang/data/MergeDataset/cropped_images/1518FriedGitheriWhiteRiceCabbage/githeri_0.jpg
1518FriedGitheriWhiteRiceCabbage.JPG,green cabbage cooked,1917054,1.3791348600508906,96.44145078855368,0.55,/home/aojwang/data/MergeDataset/cropped_images/1518FriedGitheriWhiteRiceCabbage/green cabbage cooked_1.jpg
1518FriedGitheriWhiteRiceCabbage.JPG,white rice boiled,2417510,1.0602649006622518,131.42643367211167,1.2,/home/aojwang/data/MergeDataset/cropped_images/1518FriedGitheriWhiteRiceCabbage/white rice boiled_2.jpg
1DalmakhnilcuminRice.jpg,dalmakhi,504077,1.112927191679049,165.78489595835558,14.0,/home/aojwang/data/MergeDataset/cropped_images/1DalmakhnilcuminRice/dalmakhi_0.jpg
1DalmakhnilcuminRice.jpg,white rice boiled,1150200,2.2816901408450705,199.43304700631774,42.0,/home/aojwang/data/MergeDataset/cropped_images/1DalmakhnilcuminRice/white rice boiled_1.jpg
1185FriedEggsBrownChapati.jpg,egg fry,2044080,1.1051470588235295,149.7476445801208,5.1,/home/aojwang/data/MergeDataset/cropped_images/1185FriedEggsBrownChapati/egg fry_0.jpg
1EggOmelettePlain.jpg,omelette,1845690,1.3835497835497836,189.6334487373286,1.0,/home/aojwang/data/MergeDataset/cropped_images/1EggOmelettePlain/omelette_0.jpg
396BananaCabbage.jpg,green cabbage,5707692,1.1644083107497742,179.22305268048802,3.3,/home/aojwang/data/MergeDataset/cropped_images/396BananaCabbage/green cabbage_0.jpg
721WhiteRiceRoscocoBeans.jpg,rosecoco,3352944,1.6442577030812324,110.04152012877837,17.34,/home/aojwang/data/MergeDataset/cropped_images/721WhiteRiceRoscocoBeans/rosecoco_0.jpg
721WhiteRiceRoscocoBeans.jpg,white rice boiled,2569083,1.3163922691481746,179.80616715510294,7.2,/home/aojwang/data/MergeDataset/cropped_images/721WhiteRiceRoscocoBeans/white rice boiled_1.jpg
1665WholeFishKachumbari1CupChips.JPG,kachumbari,2702154,1.3514851485148516,108.86560462505098,1.99,/home/aojwang/data/MergeDataset/cropped_images/1665WholeFishKachumbari1CupChips/kachumbari_0.jpg
1665WholeFishKachumbari1CupChips.JPG,potato chips,1769300,0.9551800146950772,164.25063961265283,4.8,/home/aojwang/data/MergeDataset/cropped_images/1665WholeFishKachumbari1CupChips/potato chips_1.jpg
251Tomatoslices.jpg,tomato,4778543,1.3278861360042171,136.32087939775786,3.5,/home/aojwang/data/MergeDataset/cropped_images/251Tomatoslices/tomato_0.jpg
3BlackBeans.jpg,black beans,3078890,1.3503311258278146,136.1402539010271,72.0,/home/aojwang/data/MergeDataset/cropped_images/3BlackBeans/black beans_0.jpg
758BrownRiceCowpeas.jpg,brown rice boiled,2125120,1.6209606986899563,150.29256936078903,16.0,/home/aojwang/data/MergeDataset/cropped_images/758BrownRiceCowpeas/brown rice boiled_0.jpg
758BrownRiceCowpeas.jpg,cowpeas,2922452,1.710788064269319,94.61563109790454,19.0,/home/aojwang/data/MergeDataset/cropped_images/758BrownRiceCowpeas/cowpeas_1.jpg
518RoscocoBeans1cup.jpg,rosecoco,5776736,1.3455598455598456,136.17540730036245,16.473,/home/aojwang/data/MergeDataset/cropped_images/518RoscocoBeans1cup/rosecoco_0.jpg
1766BrownChapatihalfWhiteRiceSpinach.JPG,brown chapati,2101785,1.2532818532818533,131.73362863788003,8.59,/home/aojwang/data/MergeDataset/cropped_images/1766BrownChapatihalfWhiteRiceSpinach/brown chapati_0.jpg
1766BrownChapatihalfWhiteRiceSpinach.JPG,white rice boiled,1180640,1.3361702127659574,203.97516064733253,1.2,/home/aojwang/data/MergeDataset/cropped_images/1766BrownChapatihalfWhiteRiceSpinach/white rice boiled_1.jpg
1766BrownChapatihalfWhiteRiceSpinach.JPG,spinach cooked,1547311,1.0244100895036614,84.19707587334845,1.1,/home/aojwang/data/MergeDataset/cropped_images/1766BrownChapatihalfWhiteRiceSpinach/spinach cooked_2.jpg
1224MincedMeatPegionpeasSpinach.JPG,mbaazi,2056320,1.6392857142857142,99.30598091088287,5.7,/home/aojwang/data/MergeDataset/cropped_images/1224MincedMeatPegionpeasSpinach/mbaazi_0.jpg
1224MincedMeatPegionpeasSpinach.JPG,spinach cooked,1773070,1.260539629005059,68.1574596603631,3.29,/home/aojwang/data/MergeDataset/cropped_images/1224MincedMeatPegionpeasSpinach/spinach cooked_1.jpg
1224MincedMeatPegionpeasSpinach.JPG,mincemeat,1555740,1.0696517412935322,100.29093786022514,41.55,/home/aojwang/data/MergeDataset/cropped_images/1224MincedMeatPegionpeasSpinach/mincemeat_2.jpg
764BrownRicequotercupCowpeashalfcup.jpg,brown rice boiled,853632,1.2331730769230769,152.78803903008946,3.2,/home/aojwang/data/MergeDataset/cropped_images/764BrownRicequotercupCowpeashalfcup/brown rice boiled_0.jpg
764BrownRicequotercupCowpeashalfcup.jpg,cowpeas,2281174,1.3858144972720188,96.99724162499953,114.0,/home/aojwang/data/MergeDataset/cropped_images/764BrownRicequotercupCowpeashalfcup/cowpeas_1.jpg
504PineappleCarrotsRedCabbage.jpg,pineapple,2956172,1.149002493765586,120.4129176741633,1.20043,/home/aojwang/data/MergeDataset/cropped_images/504PineappleCarrotsRedCabbage/pineapple_0.jpg
1140MincedMeatKalesSpaghetti.JPG,spaghetti,2837023,1.1407736207989854,152.57157414656137,13.2,/home/aojwang/data/MergeDataset/cropped_images/1140MincedMeatKalesSpaghetti/spaghetti_0.jpg
262Carrots.jpg,carrot,4747872,1.4270833333333333,142.3207641935868,2.1,/home/aojwang/data/MergeDataset/cropped_images/262Carrots/carrot_0.jpg
1Strawberry.jpg,strawberry,930297,1.260768335273574,157.00168584154667,4.0,/home/aojwang/data/MergeDataset/cropped_images/1Strawberry/strawberry_0.jpg
2Guava.jpg,guava,601344,0.9808429118773946,142.77406830920958,1.0,/home/aojwang/data/MergeDataset/cropped_images/2Guava/guava_0.jpg
1576BrownUgaliDrumstickCabbage.JPG,chicken drumstick,2043391,1.5107480653482372,122.12892001579728,25.08,/home/aojwang/data/MergeDataset/cropped_images/1576BrownUgaliDrumstickCabbage/chicken drumstick_0.jpg
1576BrownUgaliDrumstickCabbage.JPG,brown ugali,1970775,1.0303687635574836,125.88104239871794,2.9,/home/aojwang/data/MergeDataset/cropped_images/1576BrownUgaliDrumstickCabbage/brown ugali_1.jpg
1576BrownUgaliDrumstickCabbage.JPG,green cabbage cooked,1469336,1.146643109540636,177.2965638900837,0.55,/home/aojwang/data/MergeDataset/cropped_images/1576BrownUgaliDrumstickCabbage/green cabbage cooked_2.jpg
197AvocadoPawpaw.jpg,avocado,3124170,1.1433756805807622,142.3134973448948,4.0,/home/aojwang/data/MergeDataset/cropped_images/197AvocadoPawpaw/avocado_0.jpg
197AvocadoPawpaw.jpg,pawpaw,2381091,0.8842169408897014,118.84605460270103,1.177245,/home/aojwang/data/MergeDataset/cropped_images/197AvocadoPawpaw/pawpaw_1.jpg
1572BrownUgaliDrumstickSpinach.JPG,chicken drumstick,5099638,1.27109335996006,91.42384733975236,72.18,/home/aojwang/data/MergeDataset/cropped_images/1572BrownUgaliDrumstickSpinach/chicken drumstick_0.jpg
1572BrownUgaliDrumstickSpinach.JPG,brown ugali,2131344,1.0221606648199446,118.3950804437638,2.9,/home/aojwang/data/MergeDataset/cropped_images/1572BrownUgaliDrumstickSpinach/brown ugali_1.jpg
1572BrownUgaliDrumstickSpinach.JPG,spinach cooked,4251780,0.9922705314009662,95.88831618757321,3.29,/home/aojwang/data/MergeDataset/cropped_images/1572BrownUgaliDrumstickSpinach/spinach cooked_2.jpg
327TomatoOnions.jpg,tomato,2012850,0.8114285714285714,114.67650280282518,1.5,/home/aojwang/data/MergeDataset/cropped_images/327TomatoOnions/tomato_0.jpg
327TomatoOnions.jpg,onions,3341064,1.0884703196347032,156.76482372082666,2.25,/home/aojwang/data/MergeDataset/cropped_images/327TomatoOnions/onions_1.jpg
53Apple.jpg,apple,2993949,1.710506424792139,145.41945225742546,0.225,/home/aojwang/data/MergeDataset/cropped_images/53Apple/apple_0.jpg
1086BrownChapatiFriedEggs.jpg,brown chapati,2046600,1.122962962962963,109.80633978305482,5.67,/home/aojwang/data/MergeDataset/cropped_images/1086BrownChapatiFriedEggs/brown chapati_0.jpg
1611BrownUgali2CupsCabbage.JPG,green cabbage cooked,6065659,1.593541773449513,158.8825614826023,3.85,/home/aojwang/data/MergeDataset/cropped_images/1611BrownUgali2CupsCabbage/green cabbage cooked_0.jpg
1611BrownUgali2CupsCabbage.JPG,brown ugali,3280121,1.4715338245144005,134.786975134962,5.8,/home/aojwang/data/MergeDataset/cropped_images/1611BrownUgali2CupsCabbage/brown ugali_1.jpg
994Spinach.jpg,spinach cooked,5964960,1.1159169550173011,107.45991004130791,5.48,/home/aojwang/data/MergeDataset/cropped_images/994Spinach/spinach cooked_0.jpg
33Pawpaw.jpg,pawpaw,10891116,1.6670579029733958,127.00619198865081,2.354497,/home/aojwang/data/MergeDataset/cropped_images/33Pawpaw/pawpaw_0.jpg
60Mango.jpg,mango,4538079,1.3302652950730915,119.38492344447948,0.82,/home/aojwang/data/MergeDataset/cropped_images/60Mango/mango_0.jpg
845WhiteChapatihalfMonkeynutBeans.jpg,monkeynut beans,2850966,1.5853840417598808,82.86087908449277,23.4,/home/aojwang/data/MergeDataset/cropped_images/845WhiteChapatihalfMonkeynutBeans/monkeynut beans_0.jpg
1334ChickenWetfryBrownRiceCabbage(2).JPG,green cabbage cooked,1833720,1.4882882882882882,164.81508663627307,1.2,/home/aojwang/data/MergeDataset/cropped_images/1334ChickenWetfryBrownRiceCabbage(2)/green cabbage cooked_0.jpg
1202MincedMeatCabbagePasta.JPG,pasta,2186919,1.5263157894736843,134.13917768940382,4.4,/home/aojwang/data/MergeDataset/cropped_images/1202MincedMeatCabbagePasta/pasta_0.jpg
1202MincedMeatCabbagePasta.JPG,mincemeat,1624161,1.6945863125638407,103.58249397689022,41.55,/home/aojwang/data/MergeDataset/cropped_images/1202MincedMeatCabbagePasta/mincemeat_1.jpg
1202MincedMeatCabbagePasta.JPG,green cabbage cooked,1338890,0.8792544570502431,149.02023019068034,1.2,/home/aojwang/data/MergeDataset/cropped_images/1202MincedMeatCabbagePasta/green cabbage cooked_2.jpg
2Asparagus.jpg,asparagus,2390503,1.3993879112471308,173.53305294603967,8.0,/home/aojwang/data/MergeDataset/cropped_images/2Asparagus/asparagus_0.jpg
1626WholeFishWhiteUgalithirdCup.JPG,white ugali,1212057,1.022038567493113,176.3601593544418,3.74,/home/aojwang/data/MergeDataset/cropped_images/1626WholeFishWhiteUgalithirdCup/white ugali_0.jpg
1276BeefstewBrownRiceSpinach.JPG,spinach cooked,1410555,1.3016330451488953,80.984193692081,1.1,/home/aojwang/data/MergeDataset/cropped_images/1276BeefstewBrownRiceSpinach/spinach cooked_1.jpg
1276BeefstewBrownRiceSpinach.JPG,brown rice boiled,1460120,0.7622832369942196,167.60332484088065,4.0,/home/aojwang/data/MergeDataset/cropped_images/1276BeefstewBrownRiceSpinach/brown rice boiled_2.jpg
1157MincedMeatKalesPasta.JPG,sukumawiki,1553370,0.8336996336996337,71.00489730929098,3.0,/home/aojwang/data/MergeDataset/cropped_images/1157MincedMeatKalesPasta/sukumawiki_0.jpg
1157MincedMeatKalesPasta.JPG,mincemeat,1906104,1.7897286821705427,101.08243114401593,55.4,/home/aojwang/data/MergeDataset/cropped_images/1157MincedMeatKalesPasta/mincemeat_1.jpg
1157MincedMeatKalesPasta.JPG,pasta,3014892,1.3507362784471217,129.38804408250778,8.8,/home/aojwang/data/MergeDataset/cropped_images/1157MincedMeatKalesPasta/pasta_2.jpg
631BrownRice.jpg,brown rice boiled,2018400,1.4016666666666666,122.9936804729819,4.0,/home/aojwang/data/MergeDataset/cropped_images/631BrownRice/brown rice boiled_0.jpg
502PineappleCarrotsRedCabbage.jpg,pineapple,1900428,0.818241469816273,120.73009553637391,0.48017,/home/aojwang/data/MergeDataset/cropped_images/502PineappleCarrotsRedCabbage/pineapple_0.jpg
502PineappleCarrotsRedCabbage.jpg,carrot,1882580,1.3294117647058823,102.41757180748405,0.7,/home/aojwang/data/MergeDataset/cropped_images/502PineappleCarrotsRedCabbage/carrot_1.jpg
502PineappleCarrotsRedCabbage.jpg,red cabbage,1645800,1.4786729857819905,81.92691781099364,0.65,/home/aojwang/data/MergeDataset/cropped_images/502PineappleCarrotsRedCabbage/red cabbage_2.jpg
836WhiteChapati2ButterBeans.jpg,white chapati,4230465,1.027599802858551,135.20607837042343,24.57,/home/aojwang/data/MergeDataset/cropped_images/836WhiteChapati2ButterBeans/white chapati_0.jpg
2Raspberry.jpg,raspberry,1852871,1.393755420641804,136.7255624739481,7.0,/home/aojwang/data/MergeDataset/cropped_images/2Raspberry/raspberry_0.jpg
1PastaSukumaMushrooms.jpg,sukumawiki,732349,1.341001353179973,115.54121236368634,4.0,/home/aojwang/data/MergeDataset/cropped_images/1PastaSukumaMushrooms/sukumawiki_0.jpg
1PastaSukumaMushrooms.jpg,pasta,937727,1.6107470511140236,159.65071248526135,45.0,/home/aojwang/data/MergeDataset/cropped_images/1PastaSukumaMushrooms/pasta_1.jpg
1Sesame.jpg,sesame seeds,972824,1.2619589977220957,182.19917477364868,2.0,/home/aojwang/data/MergeDataset/cropped_images/1Sesame/sesame seeds_0.jpg
1023Beefstew.jpg,beef stew,1447810,1.7483516483516484,129.7009110311436,8.85,/home/aojwang/data/MergeDataset/cropped_images/1023Beefstew/beef stew_0.jpg
289Lettuceshreded.jpg,lettuce,5037648,1.3751306165099269,149.41415577269393,3.6,/home/aojwang/data/MergeDataset/cropped_images/289Lettuceshreded/lettuce_0.jpg
1556NjahiWhiteRiceSpinach.JPG,black beans,3324096,1.7155172413793103,116.03580422065629,19.0,/home/aojwang/data/MergeDataset/cropped_images/1556NjahiWhiteRiceSpinach/black beans_0.jpg
1556NjahiWhiteRiceSpinach.JPG,white rice boiled,4724696,0.9316163410301954,161.51903099515116,6.0,/home/aojwang/data/MergeDataset/cropped_images/1556NjahiWhiteRiceSpinach/white rice boiled_1.jpg
1556NjahiWhiteRiceSpinach.JPG,spinach cooked,3252294,1.1441281138790036,88.92972693530577,4.38,/home/aojwang/data/MergeDataset/cropped_images/1556NjahiWhiteRiceSpinach/spinach cooked_2.jpg
3RiceWButternutSpinach.jpg,spinach cooked,487516,1.293159609120521,106.3469643389482,1.0,/home/aojwang/data/MergeDataset/cropped_images/3RiceWButternutSpinach/spinach cooked_0.jpg
3RiceWButternutSpinach.jpg,white rice boiled,2217280,1.951219512195122,200.87836598595277,170.0,/home/aojwang/data/MergeDataset/cropped_images/3RiceWButternutSpinach/white rice boiled_1.jpg
3RiceWButternutSpinach.jpg,butternut beans,387511,1.6889352818371608,150.2512195352734,17.0,/home/aojwang/data/MergeDataset/cropped_images/3RiceWButternutSpinach/butternut beans_2.jpg
1218MincedMeatRoscocoBeansSpinach.JPG,rosecoco,2791828,1.4702467343976777,70.57889084380079,26.01,/home/aojwang/data/MergeDataset/cropped_images/1218MincedMeatRoscocoBeansSpinach/rosecoco_0.jpg
2LambStew.jpg,lamb stew,1241631,1.224428997020854,152.78890776191423,6.0,/home/aojwang/data/MergeDataset/cropped_images/2LambStew/lamb stew_0.jpg
306LettuceCucumber.jpg,lettuce,2731050,1.100952380952381,175.8947733167341,1.8,/home/aojwang/data/MergeDataset/cropped_images/306LettuceCucumber/lettuce_0.jpg
306LettuceCucumber.jpg,cucumber,1405696,1.0519031141868511,128.78997592651612,0.9,/home/aojwang/data/MergeDataset/cropped_images/306LettuceCucumber/cucumber_1.jpg
1319BeefstewPastaSpinach.JPG,spinach cooked,4446756,1.3909395973154361,69.63821049172326,4.38,/home/aojwang/data/MergeDataset/cropped_images/1319BeefstewPastaSpinach/spinach cooked_0.jpg
968MashedIrishpotato.jpg,irish potato mashed,3598560,1.1294117647058823,158.1758164376862,35.36,/home/aojwang/data/MergeDataset/cropped_images/968MashedIrishpotato/irish potato mashed_0.jpg
1Raspberry.jpg,raspberry,1394904,1.2321428571428572,141.53820740829954,3.0,/home/aojwang/data/MergeDataset/cropped_images/1Raspberry/raspberry_0.jpg
1574BrownUgaliDrumstickSpinach.JPG,spinach cooked,4025970,0.9915632754342432,86.98904885033917,4.38,/home/aojwang/data/MergeDataset/cropped_images/1574BrownUgaliDrumstickSpinach/spinach cooked_0.jpg
1574BrownUgaliDrumstickSpinach.JPG,chicken drumstick,3609957,0.9368313805399898,79.40844318459564,72.18,/home/aojwang/data/MergeDataset/cropped_images/1574BrownUgaliDrumstickSpinach/chicken drumstick_1.jpg
1574BrownUgaliDrumstickSpinach.JPG,brown ugali,1063868,1.0681362725450902,106.98007678897507,1.43,/home/aojwang/data/MergeDataset/cropped_images/1574BrownUgaliDrumstickSpinach/brown ugali_2.jpg
1524FriedGitheriWhiteRiceCabbage.JPG,white rice boiled,4865672,1.0506505576208178,150.82993544708043,6.0,/home/aojwang/data/MergeDataset/cropped_images/1524FriedGitheriWhiteRiceCabbage/white rice boiled_0.jpg
1524FriedGitheriWhiteRiceCabbage.JPG,green cabbage cooked,4770255,1.5452475811041548,111.52957217870603,2.75,/home/aojwang/data/MergeDataset/cropped_images/1524FriedGitheriWhiteRiceCabbage/green cabbage cooked_1.jpg
1524FriedGitheriWhiteRiceCabbage.JPG,githeri,3449550,1.1023176936122103,115.18468563532441,17.25,/home/aojwang/data/MergeDataset/cropped_images/1524FriedGitheriWhiteRiceCabbage/githeri_2.jpg
1101Mincedbeefhalfcup.jpg,mincemeat,2692320,1.3352112676056338,115.5420461411224,41.55,/home/aojwang/data/MergeDataset/cropped_images/1101Mincedbeefhalfcup/mincemeat_0.jpg
1678WholeFishKachumbarithirdCupChips.JPG,kachumbari,1740222,1.3823529411764706,100.60043546168248,0.92,/home/aojwang/data/MergeDataset/cropped_images/1678WholeFishKachumbarithirdCupChips/kachumbari_0.jpg
1678WholeFishKachumbarithirdCupChips.JPG,potato chips,2982573,1.239845261121857,158.05400236641316,12.0,/home/aojwang/data/MergeDataset/cropped_images/1678WholeFishKachumbarithirdCupChips/potato chips_1.jpg
1263MincedMeatGreenBeansCabbage.JPG,green cabbage cooked,2557600,1.3237410071942446,165.26171775622979,2.4,/home/aojwang/data/MergeDataset/cropped_images/1263MincedMeatGreenBeansCabbage/green cabbage cooked_0.jpg
1366BeefstewSpinachNjahi.JPG,black beans,1656720,1.5317307692307693,137.31283439567338,4.75,/home/aojwang/data/MergeDataset/cropped_images/1366BeefstewSpinachNjahi/black beans_0.jpg
1366BeefstewSpinachNjahi.JPG,beef stew,1847768,1.0866564417177915,123.73222486084111,17.7,/home/aojwang/data/MergeDataset/cropped_images/1366BeefstewSpinachNjahi/beef stew_1.jpg
1366BeefstewSpinachNjahi.JPG,spinach cooked,1531530,1.148051948051948,120.57831797831798,1.1,/home/aojwang/data/MergeDataset/cropped_images/1366BeefstewSpinachNjahi/spinach cooked_2.jpg
1738GitheriChips.JPG,githeri,2451960,1.2690647482014388,98.06729473564006,13.4,/home/aojwang/data/MergeDataset/cropped_images/1738GitheriChips/githeri_0.jpg
186Avocadowithoutseed.jpg,avocado,1807817,1.485947416137806,149.10578154020382,2.08,/home/aojwang/data/MergeDataset/cropped_images/186Avocadowithoutseed/avocado_0.jpg
6Watermelon.jpg,water melon,1554044,1.979683972911964,105.11064358538111,0.6,/home/aojwang/data/MergeDataset/cropped_images/6Watermelon/water melon_0.jpg
1644WholeFishKachumbari1CupBrownUgalithirdCup.JPG,kachumbari,2740505,1.3804116394606103,93.34595290527353,1.99,/home/aojwang/data/MergeDataset/cropped_images/1644WholeFishKachumbari1CupBrownUgalithirdCup/kachumbari_0.jpg
1644WholeFishKachumbari1CupBrownUgalithirdCup.JPG,brown ugali,838767,1.0378197997775307,99.20773707120094,1.43,/home/aojwang/data/MergeDataset/cropped_images/1644WholeFishKachumbari1CupBrownUgalithirdCup/brown ugali_1.jpg
1644WholeFishKachumbari1CupBrownUgalithirdCup.JPG,fish fry,4791024,2.545189504373178,116.34580756292044,126.43,/home/aojwang/data/MergeDataset/cropped_images/1644WholeFishKachumbari1CupBrownUgalithirdCup/fish fry_2.jpg
2AvocadoPawpaw.jpg,avocado pawpaw,2001314,1.537248028045574,161.019823975648,10.0,/home/aojwang/data/MergeDataset/cropped_images/2AvocadoPawpaw/avocado pawpaw_0.jpg
3Pineapple.jpg,pineapple,2532208,1.5263975155279503,197.41748281868368,19.0,/home/aojwang/data/MergeDataset/cropped_images/3Pineapple/pineapple_0.jpg
1170PlantainsChickendrumstick.jpg,chicken drumstick,1397724,2.1462205700123915,76.20647829375947,55.19,/home/aojwang/data/MergeDataset/cropped_images/1170PlantainsChickendrumstick/chicken drumstick_0.jpg
1170PlantainsChickendrumstick.jpg,plantain,2346120,1.805263157894737,99.67113347427525,2.6,/home/aojwang/data/MergeDataset/cropped_images/1170PlantainsChickendrumstick/plantain_1.jpg
1170PlantainsChickendrumstick.jpg,chicken drumstick,1234770,0.5054382597568778,87.64058218669604,55.19,/home/aojwang/data/MergeDataset/cropped_images/1170PlantainsChickendrumstick/chicken drumstick_2.jpg
1170PlantainsChickendrumstick.jpg,plantain,303800,1.9770408163265305,90.15753675663814,2.6,/home/aojwang/data/MergeDataset/cropped_images/1170PlantainsChickendrumstick/plantain_3.jpg
1068Beefstew.jpg,beef stew,4144676,1.3816397228637414,123.05747284789773,53.1,/home/aojwang/data/MergeDataset/cropped_images/1068Beefstew/beef stew_0.jpg
1077BeefChops.jpg,beef roast,3053773,1.495451364590623,112.42822218067072,63.75,/home/aojwang/data/MergeDataset/cropped_images/1077BeefChops/beef roast_0.jpg
1136MincedMeatKalesSpaghetti.JPG,spaghetti,3196235,1.1811550151975685,158.84353737027055,11.0,/home/aojwang/data/MergeDataset/cropped_images/1136MincedMeatKalesSpaghetti/spaghetti_0.jpg
1UgaliBMatumbo.jpg,brown ugali,584418,0.9831387808041504,147.22309830748995,37.0,/home/aojwang/data/MergeDataset/cropped_images/1UgaliBMatumbo/brown ugali_0.jpg
1UgaliBMatumbo.jpg,matumbo fry,924273,1.2410196987253765,108.23806241950881,2.0,/home/aojwang/data/MergeDataset/cropped_images/1UgaliBMatumbo/matumbo fry_1.jpg
1466MokimoChickenthighCabbage.JPG,green cabbage cooked,1990108,1.4148397976391232,93.32648663623615,1.65,/home/aojwang/data/MergeDataset/cropped_images/1466MokimoChickenthighCabbage/green cabbage cooked_0.jpg
1466MokimoChickenthighCabbage.JPG,chicken thigh,918692,1.011542497376705,71.34797117350901,49.44,/home/aojwang/data/MergeDataset/cropped_images/1466MokimoChickenthighCabbage/chicken thigh_1.jpg
1466MokimoChickenthighCabbage.JPG,mukimo,1514248,1.5418768920282544,88.57801033912543,15.0,/home/aojwang/data/MergeDataset/cropped_images/1466MokimoChickenthighCabbage/mukimo_2.jpg
1466MokimoChickenthighCabbage.JPG,chicken thigh,937856,1.2621809744779582,72.37936634195441,49.44,/home/aojwang/data/MergeDataset/cropped_images/1466MokimoChickenthighCabbage/chicken thigh_3.jpg
1466MokimoChickenthighCabbage.JPG,chicken thigh,1000552,1.1039915966386555,78.16354705535878,49.44,/home/aojwang/data/MergeDataset/cropped_images/1466MokimoChickenthighCabbage/chicken thigh_4.jpg
1466MokimoChickenthighCabbage.JPG,green cabbage cooked,350410,1.2810707456978967,86.40024447551916,1.65,/home/aojwang/data/MergeDataset/cropped_images/1466MokimoChickenthighCabbage/green cabbage cooked_5.jpg
1SconesSausage.jpg,hotdog,850425,0.618073316283035,146.0045361632909,26.0,/home/aojwang/data/MergeDataset/cropped_images/1SconesSausage/hotdog_0.jpg
31Pawpaw.jpg,pawpaw,9653162,1.3173254525304765,115.37634915205332,1.8835,/home/aojwang/data/MergeDataset/cropped_images/31Pawpaw/pawpaw_0.jpg
876WhiteChapatiquoterGreenBeans.jpg,green beans,2794988,1.9058629232039637,75.62215234317047,5.4,/home/aojwang/data/MergeDataset/cropped_images/876WhiteChapatiquoterGreenBeans/green beans_0.jpg
876WhiteChapatiquoterGreenBeans.jpg,white chapati,2029911,1.3887510339123241,130.61333296550112,3.12,/home/aojwang/data/MergeDataset/cropped_images/876WhiteChapatiquoterGreenBeans/white chapati_1.jpg
520Greengrams.jpg,ndengu,2225535,1.290936785986291,148.49155506428792,1.85,/home/aojwang/data/MergeDataset/cropped_images/520Greengrams/ndengu_0.jpg
1ChapatiPeasSukuma.jpg,brown chapati,1303130,2.286092715231788,158.81671565129088,61.0,/home/aojwang/data/MergeDataset/cropped_images/1ChapatiPeasSukuma/brown chapati_0.jpg
1ChapatiPeasSukuma.jpg,sukumawiki,754416,1.3629032258064515,109.50124908980368,2.0,/home/aojwang/data/MergeDataset/cropped_images/1ChapatiPeasSukuma/sukumawiki_1.jpg
733WhiteRiceButterBeans.jpg,white rice boiled,999680,1.6389244558258642,142.9281856860862,1.2,/home/aojwang/data/MergeDataset/cropped_images/733WhiteRiceButterBeans/white rice boiled_0.jpg
733WhiteRiceButterBeans.jpg,butternut beans,1498645,1.6093264248704664,111.35011805108392,2.31,/home/aojwang/data/MergeDataset/cropped_images/733WhiteRiceButterBeans/butternut beans_1.jpg
978MashedArrowRoot.jpg,arrowroots,1092420,1.05,153.48108663944882,2.14,/home/aojwang/data/MergeDataset/cropped_images/978MashedArrowRoot/arrowroots_0.jpg
3Mango.jpg,mango,2572818,1.3869309838472834,161.1887480316654,43.0,/home/aojwang/data/MergeDataset/cropped_images/3Mango/mango_0.jpg
325TomatoOnions.jpg,onions,1319175,1.3876923076923078,142.07369050100758,0.75,/home/aojwang/data/MergeDataset/cropped_images/325TomatoOnions/onions_0.jpg
325TomatoOnions.jpg,tomato,951936,1.2072072072072073,99.33380045157098,0.5,/home/aojwang/data/MergeDataset/cropped_images/325TomatoOnions/tomato_1.jpg
951BananaCookedhalfcup.jpg,boiled banana,1919236,1.411663807890223,122.27994768057012,1.47,/home/aojwang/data/MergeDataset/cropped_images/951BananaCookedhalfcup/boiled banana_0.jpg
1628WholeFishKachumbari1Cup.JPG,kachumbari,3543820,1.5983881799865682,97.42439636700885,1.99,/home/aojwang/data/MergeDataset/cropped_images/1628WholeFishKachumbari1Cup/kachumbari_0.jpg
907SweetPotatoroundcut.jpg,sweet potato,7107174,1.3600174978127735,131.434254881054,4.63,/home/aojwang/data/MergeDataset/cropped_images/907SweetPotatoroundcut/sweet potato_0.jpg
2Eggplant.jpg,eggplant,471142,0.5542299349240781,138.83372033626097,3.0,/home/aojwang/data/MergeDataset/cropped_images/2Eggplant/eggplant_0.jpg
2Eggplant.jpg,eggplant,621792,0.4759405074365704,146.1533369143808,3.0,/home/aojwang/data/MergeDataset/cropped_images/2Eggplant/eggplant_1.jpg
485RedCabbage.jpg,red cabbage,3424295,1.356198867212083,84.92207748845627,1.3,/home/aojwang/data/MergeDataset/cropped_images/485RedCabbage/red cabbage_0.jpg
992Spinach.jpg,spinach cooked,3655475,1.0975342465753424,102.83971540406286,2.91,/home/aojwang/data/MergeDataset/cropped_images/992Spinach/spinach cooked_0.jpg
311CabbageCucumber.jpg,cucumber,2023434,1.012022630834512,137.61789512284562,0.9,/home/aojwang/data/MergeDataset/cropped_images/311CabbageCucumber/cucumber_0.jpg
311CabbageCucumber.jpg,green cabbage,2395678,1.1254283755997259,190.49154032108376,1.65,/home/aojwang/data/MergeDataset/cropped_images/311CabbageCucumber/green cabbage_1.jpg
3ChickenDrumsticks.jpg,chicken drumstick,222224,0.4694767441860465,134.515719874241,0.0,/home/aojwang/data/MergeDataset/cropped_images/3ChickenDrumsticks/chicken drumstick_0.jpg
3ChickenDrumsticks.jpg,chicken drumstick,252018,0.48885793871866295,118.00935911985123,0.0,/home/aojwang/data/MergeDataset/cropped_images/3ChickenDrumsticks/chicken drumstick_1.jpg
3ChickenDrumsticks.jpg,chicken drumstick,401531,0.529276693455798,139.5969136463519,0.0,/home/aojwang/data/MergeDataset/cropped_images/3ChickenDrumsticks/chicken drumstick_2.jpg
3ChickenDrumsticks.jpg,chicken drumstick,457728,0.5727069351230425,129.2970352115958,0.0,/home/aojwang/data/MergeDataset/cropped_images/3ChickenDrumsticks/chicken drumstick_3.jpg
3ChickenDrumsticks.jpg,chicken drumstick,414828,0.605072463768116,128.25057373176352,0.0,/home/aojwang/data/MergeDataset/cropped_images/3ChickenDrumsticks/chicken drumstick_4.jpg
3ChickenDrumsticks.jpg,chicken drumstick,494775,0.9208731241473397,163.18561501018982,0.0,/home/aojwang/data/MergeDataset/cropped_images/3ChickenDrumsticks/chicken drumstick_5.jpg
3ChickenDrumsticks.jpg,chicken drumstick,493234,0.9541029207232267,152.89651700139623,0.0,/home/aojwang/data/MergeDataset/cropped_images/3ChickenDrumsticks/chicken drumstick_6.jpg
3ChickenDrumsticks.jpg,chicken drumstick,191416,0.42136498516320475,120.1576653292654,0.0,/home/aojwang/data/MergeDataset/cropped_images/3ChickenDrumsticks/chicken drumstick_7.jpg
3ChickenDrumsticks.jpg,chicken drumstick,238238,0.5871271585557299,138.99214091230897,0.0,/home/aojwang/data/MergeDataset/cropped_images/3ChickenDrumsticks/chicken drumstick_8.jpg
3ChickenDrumsticks.jpg,chicken drumstick,367282,0.5488997555012225,131.19385921444558,0.0,/home/aojwang/data/MergeDataset/cropped_images/3ChickenDrumsticks/chicken drumstick_9.jpg
3ChickenDrumsticks.jpg,chicken drumstick,207662,0.5117739403453689,126.75546641497561,0.0,/home/aojwang/data/MergeDataset/cropped_images/3ChickenDrumsticks/chicken drumstick_10.jpg
3ChickenDrumsticks.jpg,chicken drumstick,213828,0.44653179190751446,118.90328831272487,0.0,/home/aojwang/data/MergeDataset/cropped_images/3ChickenDrumsticks/chicken drumstick_11.jpg
3ChickenDrumsticks.jpg,chicken drumstick,246274,0.4777158774373259,132.06195809004063,0.0,/home/aojwang/data/MergeDataset/cropped_images/3ChickenDrumsticks/chicken drumstick_12.jpg
3ChickenDrumsticks.jpg,chicken drumstick,217056,0.4806547619047619,118.32085882598653,0.0,/home/aojwang/data/MergeDataset/cropped_images/3ChickenDrumsticks/chicken drumstick_13.jpg
3ChickenDrumsticks.jpg,chicken drumstick,239700,0.48226950354609927,117.39348491169517,0.0,/home/aojwang/data/MergeDataset/cropped_images/3ChickenDrumsticks/chicken drumstick_14.jpg
3ChickenDrumsticks.jpg,chicken drumstick,200013,0.5087719298245614,142.76930666173365,0.0,/home/aojwang/data/MergeDataset/cropped_images/3ChickenDrumsticks/chicken drumstick_15.jpg
3ChickenDrumsticks.jpg,chicken drumstick,233541,0.4862914862914863,123.48404776891424,0.0,/home/aojwang/data/MergeDataset/cropped_images/3ChickenDrumsticks/chicken drumstick_16.jpg
3ChickenDrumsticks.jpg,chicken drumstick,250268,0.5064011379800853,124.04500775169019,0.0,/home/aojwang/data/MergeDataset/cropped_images/3ChickenDrumsticks/chicken drumstick_17.jpg
705WhiteRicethirdcupPigeonpeaquotercup.jpg,white rice boiled,1043613,0.8997214484679665,159.0899892967987,1.92,/home/aojwang/data/MergeDataset/cropped_images/705WhiteRicethirdcupPigeonpeaquotercup/white rice boiled_0.jpg
705WhiteRicethirdcupPigeonpeaquotercup.jpg,mbaazi,1623380,1.5183752417794971,118.34267680189892,2.85,/home/aojwang/data/MergeDataset/cropped_images/705WhiteRicethirdcupPigeonpeaquotercup/mbaazi_1.jpg
3RiceBBroccoliCarrot.jpg,carrot,892615,0.7811038353601497,153.2356032556029,4.0,/home/aojwang/data/MergeDataset/cropped_images/3RiceBBroccoliCarrot/carrot_0.jpg
3RiceBBroccoliCarrot.jpg,broccoli,1028214,1.2951739618406286,126.11183761357071,2.0,/home/aojwang/data/MergeDataset/cropped_images/3RiceBBroccoliCarrot/broccoli_1.jpg
3RiceBBroccoliCarrot.jpg,brown rice boiled,789767,1.7540983606557377,170.60711703578397,74.0,/home/aojwang/data/MergeDataset/cropped_images/3RiceBBroccoliCarrot/brown rice boiled_2.jpg
3OliveOil.jpg,olive oil,1525056,1.198581560283688,157.74888288255207,0.0,/home/aojwang/data/MergeDataset/cropped_images/3OliveOil/olive oil_0.jpg
1752WhiteRiceWhiteChapatiquoterBeefstew.JPG,white chapati,2489448,1.444021325209444,149.1474172855455,2.89,/home/aojwang/data/MergeDataset/cropped_images/1752WhiteRiceWhiteChapatiquoterBeefstew/white chapati_0.jpg
1752WhiteRiceWhiteChapatiquoterBeefstew.JPG,beef stew,2071104,0.872160934458144,112.46879216752676,35.4,/home/aojwang/data/MergeDataset/cropped_images/1752WhiteRiceWhiteChapatiquoterBeefstew/beef stew_1.jpg
1752WhiteRiceWhiteChapatiquoterBeefstew.JPG,white rice boiled,2870640,1.6252821670428894,200.51379076907355,4.8,/home/aojwang/data/MergeDataset/cropped_images/1752WhiteRiceWhiteChapatiquoterBeefstew/white rice boiled_2.jpg
1213MincedMeatRoscocoBeansSpinach.JPG,mincemeat,1637412,1.221070811744387,129.9900505594601,41.55,/home/aojwang/data/MergeDataset/cropped_images/1213MincedMeatRoscocoBeansSpinach/mincemeat_0.jpg
1213MincedMeatRoscocoBeansSpinach.JPG,rosecoco,2527430,1.4615969581749049,99.82526993823765,12.9,/home/aojwang/data/MergeDataset/cropped_images/1213MincedMeatRoscocoBeansSpinach/rosecoco_1.jpg
1213MincedMeatRoscocoBeansSpinach.JPG,spinach cooked,2406168,1.1397109428768066,95.6474262534176,3.29,/home/aojwang/data/MergeDataset/cropped_images/1213MincedMeatRoscocoBeansSpinach/spinach cooked_2.jpg
818WhiteChapati2EggyolkBeans.jpg,white chapati,2084425,1.0866425992779782,151.61553873770146,24.57,/home/aojwang/data/MergeDataset/cropped_images/818WhiteChapati2EggyolkBeans/white chapati_0.jpg
818WhiteChapati2EggyolkBeans.jpg,white chapati,2487348,1.1700960219478738,124.50200628674932,24.57,/home/aojwang/data/MergeDataset/cropped_images/818WhiteChapati2EggyolkBeans/white chapati_2.jpg
1616SpaghettiNjahi.JPG,black beans,3099120,0.982545045045045,103.28436674496847,14.25,/home/aojwang/data/MergeDataset/cropped_images/1616SpaghettiNjahi/black beans_0.jpg
1616SpaghettiNjahi.JPG,spaghetti,4448288,1.2016632016632016,162.17562157246414,6.6,/home/aojwang/data/MergeDataset/cropped_images/1616SpaghettiNjahi/spaghetti_1.jpg
1602BrownUgalithirdCupCabbage.JPG,brown ugali,815892,1.0464326160815403,107.68787535605203,1.07,/home/aojwang/data/MergeDataset/cropped_images/1602BrownUgalithirdCupCabbage/brown ugali_0.jpg
1602BrownUgalithirdCupCabbage.JPG,green cabbage cooked,2151520,1.1632352941176471,164.88773425299323,1.2,/home/aojwang/data/MergeDataset/cropped_images/1602BrownUgalithirdCupCabbage/green cabbage cooked_1.jpg
515RoscocoBeans(2).jpg,rosecoco,8268260,1.2735478806907379,130.9738780186722,39.015,/home/aojwang/data/MergeDataset/cropped_images/515RoscocoBeans(2)/rosecoco_0.jpg
3CustardApple.jpg,custard apple,1315275,1.15962441314554,146.32014090842853,80.0,/home/aojwang/data/MergeDataset/cropped_images/3CustardApple/custard apple_0.jpg
125Grapes1cup.jpg,red grapes,2557230,1.6497991967871486,116.69577941757292,2.006167,/home/aojwang/data/MergeDataset/cropped_images/125Grapes1cup/red grapes_0.jpg
1781BrownChapatiWhiteUgalihalfCupSpinach.JPG,brown chapati,4313913,1.0038591413410516,130.82506006341188,43.8,/home/aojwang/data/MergeDataset/cropped_images/1781BrownChapatiWhiteUgalihalfCupSpinach/brown chapati_0.jpg
1781BrownChapatiWhiteUgalihalfCupSpinach.JPG,white ugali,726009,1.09840098400984,173.03400600635345,5.54,/home/aojwang/data/MergeDataset/cropped_images/1781BrownChapatiWhiteUgalihalfCupSpinach/white ugali_1.jpg
1781BrownChapatiWhiteUgalihalfCupSpinach.JPG,spinach cooked,1835163,0.812375249500998,55.37854221486956,2.91,/home/aojwang/data/MergeDataset/cropped_images/1781BrownChapatiWhiteUgalihalfCupSpinach/spinach cooked_2.jpg
1CustardApple.jpg,custard apple,1454113,1.4003925417075564,164.31472107050828,28.0,/home/aojwang/data/MergeDataset/cropped_images/1CustardApple/custard apple_0.jpg
2Plum.jpg,plum,1352345,1.688268156424581,146.54631793908607,17.0,/home/aojwang/data/MergeDataset/cropped_images/2Plum/plum_0.jpg
137ApplePawpaw.jpg,apple,3063028,1.2618741976893453,141.56504968286285,0.6,/home/aojwang/data/MergeDataset/cropped_images/137ApplePawpaw/apple_0.jpg
137ApplePawpaw.jpg,pawpaw,2394990,1.071571906354515,104.57484220532584,0.941798,/home/aojwang/data/MergeDataset/cropped_images/137ApplePawpaw/pawpaw_1.jpg
350TomatoCucumberCarrots.jpg,carrot,995028,1.2878270762229806,129.42016673567645,0.35,/home/aojwang/data/MergeDataset/cropped_images/350TomatoCucumberCarrots/carrot_0.jpg
350TomatoCucumberCarrots.jpg,tomato,913887,0.9854620976116303,97.33876908924918,0.5,/home/aojwang/data/MergeDataset/cropped_images/350TomatoCucumberCarrots/tomato_1.jpg
350TomatoCucumberCarrots.jpg,cucumber,890537,1.7517531556802244,135.64017590884302,0.3,/home/aojwang/data/MergeDataset/cropped_images/350TomatoCucumberCarrots/cucumber_2.jpg
1594WhiteUgalihalfCupSpinach.JPG,white ugali,1411272,1.0615784908933217,190.47511063305538,5.03,/home/aojwang/data/MergeDataset/cropped_images/1594WhiteUgalihalfCupSpinach/white ugali_0.jpg
1594WhiteUgalihalfCupSpinach.JPG,spinach cooked,4276530,1.045994065281899,114.66767246654024,3.29,/home/aojwang/data/MergeDataset/cropped_images/1594WhiteUgalihalfCupSpinach/spinach cooked_1.jpg
35Pineapple.jpg,pineapple,5908815,1.6316342616920652,153.2059997929647,1.584568,/home/aojwang/data/MergeDataset/cropped_images/35Pineapple/pineapple_0.jpg
534Greengramsquotercup.jpg,ndengu,2031288,1.2320872274143302,151.5617288144271,1.48,/home/aojwang/data/MergeDataset/cropped_images/534Greengramsquotercup/ndengu_0.jpg
1667WholeFishKachumbari1CupChips.JPG,kachumbari,2590950,1.148468708388815,115.65386248287308,1.99,/home/aojwang/data/MergeDataset/cropped_images/1667WholeFishKachumbari1CupChips/kachumbari_0.jpg
1667WholeFishKachumbari1CupChips.JPG,potato chips,2739120,1.0488861386138615,162.94583649736654,9.6,/home/aojwang/data/MergeDataset/cropped_images/1667WholeFishKachumbari1CupChips/potato chips_1.jpg
1667WholeFishKachumbari1CupChips.JPG,fish fry,4785150,2.4873828406633023,149.13715829179858,126.43,/home/aojwang/data/MergeDataset/cropped_images/1667WholeFishKachumbari1CupChips/fish fry_2.jpg
482GrapesCucumber.jpg,red grapes,4556145,1.8650031989763276,95.30669597506957,2.950245,/home/aojwang/data/MergeDataset/cropped_images/482GrapesCucumber/red grapes_0.jpg
482GrapesCucumber.jpg,cucumber,3329535,2.3631002527379947,136.97171887365653,1.2,/home/aojwang/data/MergeDataset/cropped_images/482GrapesCucumber/cucumber_1.jpg
1PlumTomato.jpg,plum tomato,858700,1.4296774193548387,165.87370754240908,2.0,/home/aojwang/data/MergeDataset/cropped_images/1PlumTomato/plum tomato_0.jpg
1298BeefSamosa.JPG,samosa,1491606,1.6252609603340293,126.91941683438299,8.648,/home/aojwang/data/MergeDataset/cropped_images/1298BeefSamosa/samosa_0.jpg
1613SpaghettiNjahi.JPG,spaghetti,1833410,1.0538286580742988,136.2556838532207,2.2,/home/aojwang/data/MergeDataset/cropped_images/1613SpaghettiNjahi/spaghetti_0.jpg
1613SpaghettiNjahi.JPG,black beans,2236206,1.0799166087560805,84.92506310539667,9.5,/home/aojwang/data/MergeDataset/cropped_images/1613SpaghettiNjahi/black beans_1.jpg
1713ChipsBeefstew.JPG,beef stew,1958502,0.8183581124757595,96.07293635646019,26.55,/home/aojwang/data/MergeDataset/cropped_images/1713ChipsBeefstew/beef stew_0.jpg
1713ChipsBeefstew.JPG,potato chips,2858457,0.9628554846198492,154.82018154083363,9.6,/home/aojwang/data/MergeDataset/cropped_images/1713ChipsBeefstew/potato chips_1.jpg
754BrownRiceCowpeas.jpg,cowpeas,1409184,1.6223175965665235,104.87111098810848,4.75,/home/aojwang/data/MergeDataset/cropped_images/754BrownRiceCowpeas/cowpeas_0.jpg
754BrownRiceCowpeas.jpg,brown rice boiled,1676608,1.416360294117647,175.9124199972007,8.0,/home/aojwang/data/MergeDataset/cropped_images/754BrownRiceCowpeas/brown rice boiled_1.jpg
928Plantain.jpg,plantain,2214763,1.2577241899020346,157.1799239918673,0.585,/home/aojwang/data/MergeDataset/cropped_images/928Plantain/plantain_0.jpg
1682BeefSausage.JPG,sausage,3949284,1.1102863202545068,103.15650305219883,14.3,/home/aojwang/data/MergeDataset/cropped_images/1682BeefSausage/sausage_0.jpg
881WhiteChapatiquoterGreengrams.jpg,white chapati,1720566,1.4271402550091075,144.94415655468413,3.12,/home/aojwang/data/MergeDataset/cropped_images/881WhiteChapatiquoterGreengrams/white chapati_0.jpg
881WhiteChapatiquoterGreengrams.jpg,ndengu,1372947,1.1326067211625794,97.8169048040456,1.85,/home/aojwang/data/MergeDataset/cropped_images/881WhiteChapatiquoterGreengrams/ndengu_1.jpg
3Paneel.jpg,paneel,501664,0.47470817120622566,147.05236971359315,9.0,/home/aojwang/data/MergeDataset/cropped_images/3Paneel/paneel_0.jpg
3Paneel.jpg,paneel,547840,0.5224609375,161.69760148948598,9.0,/home/aojwang/data/MergeDataset/cropped_images/3Paneel/paneel_1.jpg
3Paneel.jpg,paneel,560883,0.42632955536181344,141.93975511232586,9.0,/home/aojwang/data/MergeDataset/cropped_images/3Paneel/paneel_2.jpg
3Paneel.jpg,paneel,645904,0.40427215189873417,143.88202323152254,9.0,/home/aojwang/data/MergeDataset/cropped_images/3Paneel/paneel_3.jpg
1646WholeFishKachumbarihalfCupBrownUgaliquoterCup.JPG,kachumbari,2582885,1.3903154805575935,98.3047734090626,1.43,/home/aojwang/data/MergeDataset/cropped_images/1646WholeFishKachumbarihalfCupBrownUgaliquoterCup/kachumbari_0.jpg
1646WholeFishKachumbarihalfCupBrownUgaliquoterCup.JPG,brown ugali,654157,0.9564691656590084,107.32915900413306,1.14,/home/aojwang/data/MergeDataset/cropped_images/1646WholeFishKachumbarihalfCupBrownUgaliquoterCup/brown ugali_1.jpg
1646WholeFishKachumbarihalfCupBrownUgaliquoterCup.JPG,fish fry,5369616,2.3180026281208934,116.35279959187646,126.43,/home/aojwang/data/MergeDataset/cropped_images/1646WholeFishKachumbarihalfCupBrownUgaliquoterCup/fish fry_2.jpg
1503FriedGitheriBeefstewCabbage.JPG,githeri,3286728,1.1122745782431647,97.12790187282509,17.25,/home/aojwang/data/MergeDataset/cropped_images/1503FriedGitheriBeefstewCabbage/githeri_0.jpg
1503FriedGitheriBeefstewCabbage.JPG,green cabbage cooked,2619751,1.701047542304593,126.36015980144678,2.2,/home/aojwang/data/MergeDataset/cropped_images/1503FriedGitheriBeefstewCabbage/green cabbage cooked_1.jpg
1503FriedGitheriBeefstewCabbage.JPG,beef stew,3524964,1.0069481560662747,88.00746050172427,35.4,/home/aojwang/data/MergeDataset/cropped_images/1503FriedGitheriBeefstewCabbage/beef stew_2.jpg
334OnionsCucumber.jpg,cucumber,2819160,1.048170731707317,150.57462589329208,1.5,/home/aojwang/data/MergeDataset/cropped_images/334OnionsCucumber/cucumber_0.jpg
334OnionsCucumber.jpg,onions,2866556,0.8808203991130821,161.13993586729163,3.75,/home/aojwang/data/MergeDataset/cropped_images/334OnionsCucumber/onions_1.jpg
3UgaliBeefRoast.jpg,beef roast,1890504,0.9841269841269841,143.4478652253579,0.0,/home/aojwang/data/MergeDataset/cropped_images/3UgaliBeefRoast/beef roast_0.jpg
3UgaliBeefRoast.jpg,white ugali,1341774,0.6390614216701174,186.89822826596233,131.0,/home/aojwang/data/MergeDataset/cropped_images/3UgaliBeefRoast/white ugali_1.jpg
2Banana.jpg,ripe banana,1658228,2.0840807174887894,159.75230627714242,53.0,/home/aojwang/data/MergeDataset/cropped_images/2Banana/ripe banana_0.jpg
574WhiteRice1cup.jpg,white rice boiled,3025548,1.4039509536784742,170.99343215399878,3.84,/home/aojwang/data/MergeDataset/cropped_images/574WhiteRice1cup/white rice boiled_0.jpg
2RiceBean.jpg,white rice boiled,1491296,1.7316810344827587,190.90116359640652,85.0,/home/aojwang/data/MergeDataset/cropped_images/2RiceBean/white rice boiled_0.jpg
2RiceBean.jpg,beans,824128,2.0632911392405062,126.81180027050814,49.0,/home/aojwang/data/MergeDataset/cropped_images/2RiceBean/beans_2.jpg
778BrownRiceMonkeynuts.jpg,brown rice boiled,2675631,1.7485852869846403,147.92419968722643,16.0,/home/aojwang/data/MergeDataset/cropped_images/778BrownRiceMonkeynuts/brown rice boiled_0.jpg
778BrownRiceMonkeynuts.jpg,monkeynut beans,3281820,1.889226100151745,92.49640412941599,15.6,/home/aojwang/data/MergeDataset/cropped_images/778BrownRiceMonkeynuts/monkeynut beans_1.jpg
410BananaCarrots.jpg,carrot,5058936,1.4028436018957346,124.36961665456926,3.5,/home/aojwang/data/MergeDataset/cropped_images/410BananaCarrots/carrot_0.jpg
399BananaCabbage.jpg,ripe banana,3521270,0.7582366589327146,118.29294033118732,5.012,/home/aojwang/data/MergeDataset/cropped_images/399BananaCabbage/ripe banana_0.jpg
399BananaCabbage.jpg,green cabbage,5857182,1.06877402819308,173.87149639536554,4.95,/home/aojwang/data/MergeDataset/cropped_images/399BananaCabbage/green cabbage_1.jpg
735WhiteRiceButterBeans.jpg,butternut beans,2536590,1.5361867704280157,146.95004316819038,4.62,/home/aojwang/data/MergeDataset/cropped_images/735WhiteRiceButterBeans/butternut beans_0.jpg
735WhiteRiceButterBeans.jpg,white rice boiled,1532776,1.3044280442804428,151.88291787797652,2.4,/home/aojwang/data/MergeDataset/cropped_images/735WhiteRiceButterBeans/white rice boiled_1.jpg
1UgaliDenguCabbage.jpg,white ugali,547660,1.1338129496402878,208.80358494929945,48.0,/home/aojwang/data/MergeDataset/cropped_images/1UgaliDenguCabbage/white ugali_0.jpg
1UgaliDenguCabbage.jpg,green cabbage cooked,956970,1.1064516129032258,173.3771929457907,2.0,/home/aojwang/data/MergeDataset/cropped_images/1UgaliDenguCabbage/green cabbage cooked_1.jpg
1UgaliDenguCabbage.jpg,ndengu,1048252,0.9654510556621881,149.68490210369262,14.0,/home/aojwang/data/MergeDataset/cropped_images/1UgaliDenguCabbage/ndengu_2.jpg
1122Chickenwings.jpg,chicken wing,8450337,1.4158821121571838,109.71387220020534,160.73,/home/aojwang/data/MergeDataset/cropped_images/1122Chickenwings/chicken wing_0.jpg
1483FriedGitheriBeefstew.JPG,githeri,1398470,1.1770642201834862,87.42149944820649,3.45,/home/aojwang/data/MergeDataset/cropped_images/1483FriedGitheriBeefstew/githeri_0.jpg
1483FriedGitheriBeefstew.JPG,beef stew,984354,0.9479882237487733,67.08230270817207,8.85,/home/aojwang/data/MergeDataset/cropped_images/1483FriedGitheriBeefstew/beef stew_1.jpg
2Beetroot.jpg,beetroot,740480,1.0697115384615385,80.77992698429847,13.0,/home/aojwang/data/MergeDataset/cropped_images/2Beetroot/beetroot_0.jpg
477GrapesCucumber.jpg,red grapes,2029820,1.823696682464455,101.48023174468672,1.180098,/home/aojwang/data/MergeDataset/cropped_images/477GrapesCucumber/red grapes_0.jpg
477GrapesCucumber.jpg,cucumber,2136648,2.0698818897637796,141.91859429661164,0.6,/home/aojwang/data/MergeDataset/cropped_images/477GrapesCucumber/cucumber_1.jpg
782BrownRiceMonkeynuts.jpg,monkeynut beans,3443850,1.8896296296296295,85.65147911010449,23.4,/home/aojwang/data/MergeDataset/cropped_images/782BrownRiceMonkeynuts/monkeynut beans_0.jpg
782BrownRiceMonkeynuts.jpg,brown rice boiled,2762642,1.4740686632578524,139.21815156168142,24.0,/home/aojwang/data/MergeDataset/cropped_images/782BrownRiceMonkeynuts/brown rice boiled_1.jpg
1655WholeFishChips.JPG,potato chips,2815227,1.7648456057007127,165.29208112406803,4.8,/home/aojwang/data/MergeDataset/cropped_images/1655WholeFishChips/potato chips_0.jpg
1467MokimoChickenthighCabbage.JPG,green cabbage cooked,1827070,1.2397034596375618,128.21870663594353,2.2,/home/aojwang/data/MergeDataset/cropped_images/1467MokimoChickenthighCabbage/green cabbage cooked_0.jpg
1467MokimoChickenthighCabbage.JPG,chicken thigh,783838,0.9634146341463414,97.45248933240457,49.44,/home/aojwang/data/MergeDataset/cropped_images/1467MokimoChickenthighCabbage/chicken thigh_1.jpg
1467MokimoChickenthighCabbage.JPG,mukimo,1298511,1.4602332979851538,122.65389793899834,15.0,/home/aojwang/data/MergeDataset/cropped_images/1467MokimoChickenthighCabbage/mukimo_2.jpg
1467MokimoChickenthighCabbage.JPG,chicken thigh,806905,1.0834298957126303,101.62286266660884,49.44,/home/aojwang/data/MergeDataset/cropped_images/1467MokimoChickenthighCabbage/chicken thigh_3.jpg
1467MokimoChickenthighCabbage.JPG,chicken thigh,730870,1.3274932614555257,96.3488089537127,49.44,/home/aojwang/data/MergeDataset/cropped_images/1467MokimoChickenthighCabbage/chicken thigh_4.jpg
602ButterBeans1cup.jpg,butternut beans,4471454,1.98202396804261,117.48970327474389,10.395,/home/aojwang/data/MergeDataset/cropped_images/602ButterBeans1cup/butternut beans_0.jpg
3BeefFry.jpg,beef fry,2875754,1.3454172366621067,115.56895072851619,9.0,/home/aojwang/data/MergeDataset/cropped_images/3BeefFry/beef fry_0.jpg
3SpaghettiMincedCarrot.jpg,spaghetti,1225338,1.4414316702819956,186.49225955069812,74.0,/home/aojwang/data/MergeDataset/cropped_images/3SpaghettiMincedCarrot/spaghetti_0.jpg
3SpaghettiMincedCarrot.jpg,carrot,407650,0.6787096774193548,144.44718508524468,4.0,/home/aojwang/data/MergeDataset/cropped_images/3SpaghettiMincedCarrot/carrot_2.jpg
108PawpawPineapple.jpg,pineapple,3352608,1.212266987372219,152.53818211573397,0.72025,/home/aojwang/data/MergeDataset/cropped_images/108PawpawPineapple/pineapple_0.jpg
108PawpawPineapple.jpg,pawpaw,3692542,1.0930359085963004,114.19312305723265,0.706347,/home/aojwang/data/MergeDataset/cropped_images/108PawpawPineapple/pawpaw_1.jpg
3GitheriVegies.jpg,githeri,2047606,1.5700525394045535,119.06391512820338,78.0,/home/aojwang/data/MergeDataset/cropped_images/3GitheriVegies/githeri_0.jpg
3GitheriVegies.jpg,sukumawiki,858000,2.3833333333333333,101.42113908313908,3.0,/home/aojwang/data/MergeDataset/cropped_images/3GitheriVegies/sukumawiki_1.jpg
2ButternutBeans.jpg,butternut beans,1935840,1.380912162162162,164.83245309529713,34.0,/home/aojwang/data/MergeDataset/cropped_images/2ButternutBeans/butternut beans_0.jpg
1622SpaghettiNjahi.JPG,spaghetti,5344770,1.1184812442817933,159.59440693113703,13.2,/home/aojwang/data/MergeDataset/cropped_images/1622SpaghettiNjahi/spaghetti_0.jpg
1622SpaghettiNjahi.JPG,black beans,3716160,1.0337552742616034,95.00857776127329,28.5,/home/aojwang/data/MergeDataset/cropped_images/1622SpaghettiNjahi/black beans_1.jpg
228Cucumber.jpg,cucumber,5691874,1.2931363203050523,178.88390654232097,2.1,/home/aojwang/data/MergeDataset/cropped_images/228Cucumber/cucumber_0.jpg
1182MincedMeatCabbageBrownRice.JPG,mincemeat,1398317,1.2707340324118208,117.77801361684558,27.7,/home/aojwang/data/MergeDataset/cropped_images/1182MincedMeatCabbageBrownRice/mincemeat_0.jpg
1182MincedMeatCabbageBrownRice.JPG,green cabbage cooked,1283958,1.1384180790960452,164.39292874065976,0.5,/home/aojwang/data/MergeDataset/cropped_images/1182MincedMeatCabbageBrownRice/green cabbage cooked_1.jpg
1182MincedMeatCabbageBrownRice.JPG,brown rice boiled,876945,1.0707182320441988,157.44523734859845,4.0,/home/aojwang/data/MergeDataset/cropped_images/1182MincedMeatCabbageBrownRice/brown rice boiled_2.jpg
3Guava.jpg,guava,1087810,1.3281767955801105,152.67140707782914,1.0,/home/aojwang/data/MergeDataset/cropped_images/3Guava/guava_0.jpg
569WhiteRice.jpg,white rice boiled,2718953,1.150943396226415,150.07711387434796,3.6,/home/aojwang/data/MergeDataset/cropped_images/569WhiteRice/white rice boiled_0.jpg
498PineappleCarrots.jpg,pineapple,1626570,1.5542521994134897,126.1983929372852,0.48017,/home/aojwang/data/MergeDataset/cropped_images/498PineappleCarrots/pineapple_0.jpg
498PineappleCarrots.jpg,carrot,1803936,1.8442871587462082,115.01553159313856,0.7,/home/aojwang/data/MergeDataset/cropped_images/498PineappleCarrots/carrot_1.jpg
1Lemon.jpg,lemon,402162,1.1872852233676976,192.85310065761226,2.0,/home/aojwang/data/MergeDataset/cropped_images/1Lemon/lemon_0.jpg
1189MincedMeatCabbageBrownRice.JPG,green cabbage cooked,3074979,1.5984138428262438,155.2023209480997,2.4,/home/aojwang/data/MergeDataset/cropped_images/1189MincedMeatCabbageBrownRice/green cabbage cooked_0.jpg
1189MincedMeatCabbageBrownRice.JPG,brown rice boiled,2479750,1.0648754914809961,171.3211373458346,24.0,/home/aojwang/data/MergeDataset/cropped_images/1189MincedMeatCabbageBrownRice/brown rice boiled_1.jpg
1189MincedMeatCabbageBrownRice.JPG,mincemeat,2802234,1.138304652644997,129.12283949163418,83.1,/home/aojwang/data/MergeDataset/cropped_images/1189MincedMeatCabbageBrownRice/mincemeat_2.jpg
1127MincedMeatBrownRiceKales.JPG,brown rice boiled,1849644,1.5975836431226766,147.68394044115155,16.0,/home/aojwang/data/MergeDataset/cropped_images/1127MincedMeatBrownRiceKales/brown rice boiled_0.jpg
1127MincedMeatBrownRiceKales.JPG,mincemeat,2438262,0.9942528735632183,107.47881414439192,55.4,/home/aojwang/data/MergeDataset/cropped_images/1127MincedMeatBrownRiceKales/mincemeat_1.jpg
1127MincedMeatBrownRiceKales.JPG,sukumawiki,1964844,0.9358178053830227,80.84968933920453,3.0,/home/aojwang/data/MergeDataset/cropped_images/1127MincedMeatBrownRiceKales/sukumawiki_2.jpg
1SpaghettiMinced.jpg,spaghetti,806820,1.7551622418879056,173.32053411335036,25.0,/home/aojwang/data/MergeDataset/cropped_images/1SpaghettiMinced/spaghetti_0.jpg
1SpaghettiMinced.jpg,mincemeat,1446867,1.155495978552279,124.95318574547626,0.0,/home/aojwang/data/MergeDataset/cropped_images/1SpaghettiMinced/mincemeat_1.jpg
811BrownRice1cupEggyolkBeans1cup.jpg,brown rice boiled,2014535,1.2470495672698663,126.41393042728636,16.0,/home/aojwang/data/MergeDataset/cropped_images/811BrownRice1cupEggyolkBeans1cup/brown rice boiled_0.jpg
1632WholeFishWhiteUgali1CupKachumbarithirdCup.JPG,white ugali,1209030,1.086255924170616,189.38780096440948,9.14,/home/aojwang/data/MergeDataset/cropped_images/1632WholeFishWhiteUgali1CupKachumbarithirdCup/white ugali_0.jpg
1632WholeFishWhiteUgali1CupKachumbarithirdCup.JPG,kachumbari,2120808,1.5652920962199313,118.20469824079628,0.92,/home/aojwang/data/MergeDataset/cropped_images/1632WholeFishWhiteUgali1CupKachumbarithirdCup/kachumbari_1.jpg
421BananaTomato.jpg,tomato,3095400,1.197139303482587,96.90853255368181,1.5,/home/aojwang/data/MergeDataset/cropped_images/421BananaTomato/tomato_0.jpg
260Carrots1cup.jpg,carrot,3558390,1.4290240811153359,130.19559810288735,1.4,/home/aojwang/data/MergeDataset/cropped_images/260Carrots1cup/carrot_0.jpg
1509FriedGitheriWhiteRice.JPG,githeri,3379617,1.053601340033501,119.72705141835105,10.35,/home/aojwang/data/MergeDataset/cropped_images/1509FriedGitheriWhiteRice/githeri_0.jpg
1509FriedGitheriWhiteRice.JPG,white rice boiled,3835824,1.64505566470203,149.53977876287686,2.4,/home/aojwang/data/MergeDataset/cropped_images/1509FriedGitheriWhiteRice/white rice boiled_1.jpg
3UgaliBChickenCabbage.jpg,chicken,1439020,1.2928909952606635,151.0943051521174,0.0,/home/aojwang/data/MergeDataset/cropped_images/3UgaliBChickenCabbage/chicken_0.jpg
3UgaliBChickenCabbage.jpg,green cabbage cooked,641216,1.3546511627906976,176.9399526316665,1.0,/home/aojwang/data/MergeDataset/cropped_images/3UgaliBChickenCabbage/green cabbage cooked_1.jpg
3UgaliBChickenCabbage.jpg,brown ugali,1105074,0.6400304414003044,148.94919374931754,111.0,/home/aojwang/data/MergeDataset/cropped_images/3UgaliBChickenCabbage/brown ugali_2.jpg
767BrownRicehalfcupCowpeashalfcup.jpg,cowpeas,1406524,1.270912547528517,108.31000940379735,4.75,/home/aojwang/data/MergeDataset/cropped_images/767BrownRicehalfcupCowpeashalfcup/cowpeas_0.jpg
767BrownRicehalfcupCowpeashalfcup.jpg,brown rice boiled,1450124,1.3748782862706914,144.15515132958745,8.0,/home/aojwang/data/MergeDataset/cropped_images/767BrownRicehalfcupCowpeashalfcup/brown rice boiled_1.jpg
1684BeefSausageChips.JPG,potato chips,1479152,1.6116910229645094,147.19439674444095,2.4,/home/aojwang/data/MergeDataset/cropped_images/1684BeefSausageChips/potato chips_0.jpg
1700BeefSausageChipsKachumbarihalfCup.JPG,kachumbari,1273635,1.217008797653959,99.07569908176204,1.43,/home/aojwang/data/MergeDataset/cropped_images/1700BeefSausageChipsKachumbarihalfCup/kachumbari_0.jpg
1700BeefSausageChipsKachumbarihalfCup.JPG,potato chips,1714176,1.2916666666666667,150.67427420910494,7.2,/home/aojwang/data/MergeDataset/cropped_images/1700BeefSausageChipsKachumbarihalfCup/potato chips_1.jpg
185Avocado.jpg,avocado,2344561,1.1513665031534688,133.5617935866601,6.08,/home/aojwang/data/MergeDataset/cropped_images/185Avocado/avocado_0.jpg
478GrapesCucumber.jpg,red grapes,2972580,1.6579536967886483,89.9855368064106,1.770147,/home/aojwang/data/MergeDataset/cropped_images/478GrapesCucumber/red grapes_0.jpg
478GrapesCucumber.jpg,cucumber,2054052,2.104251012145749,128.2889105696123,0.6,/home/aojwang/data/MergeDataset/cropped_images/478GrapesCucumber/cucumber_1.jpg
1Sunflower.jpg,sunflower seeds,1171725,1.3873775843307943,147.60375372492123,7.0,/home/aojwang/data/MergeDataset/cropped_images/1Sunflower/sunflower seeds_0.jpg
208AvocadoApple.jpg,apple,1366746,1.16528162511542,179.8527224517211,0.15,/home/aojwang/data/MergeDataset/cropped_images/208AvocadoApple/apple_0.jpg
208AvocadoApple.jpg,avocado,1289304,0.9868766404199475,156.00768218098034,0.8,/home/aojwang/data/MergeDataset/cropped_images/208AvocadoApple/avocado_1.jpg
1OnionTomatoCarrot.jpg,onion tomato carrot,2776990,1.4795620437956205,163.81409115625192,14.0,/home/aojwang/data/MergeDataset/cropped_images/1OnionTomatoCarrot/onion tomato carrot_0.jpg
464GrapesLettuce.jpg,lettuce,5213320,1.7622093023255814,171.93401089261098,1.8,/home/aojwang/data/MergeDataset/cropped_images/464GrapesLettuce/lettuce_0.jpg
464GrapesLettuce.jpg,red grapes,3518034,1.8526850507982584,85.84836834057506,2.360196,/home/aojwang/data/MergeDataset/cropped_images/464GrapesLettuce/red grapes_1.jpg
880WhiteChapati3GreenBeans.jpg,white chapati,4572906,0.7038054138877992,131.23947514629282,33.54,/home/aojwang/data/MergeDataset/cropped_images/880WhiteChapati3GreenBeans/white chapati_0.jpg
880WhiteChapati3GreenBeans.jpg,green beans,3106880,0.7436399217221135,98.84099900865176,5.4,/home/aojwang/data/MergeDataset/cropped_images/880WhiteChapati3GreenBeans/green beans_1.jpg
1237MincedMeatButterBeansSpinach.JPG,butternut beans,1813284,1.1531100478468899,152.63456560950556,6.93,/home/aojwang/data/MergeDataset/cropped_images/1237MincedMeatButterBeansSpinach/butternut beans_0.jpg
1237MincedMeatButterBeansSpinach.JPG,spinach cooked,1919922,1.1377983063895305,80.57778163210102,3.29,/home/aojwang/data/MergeDataset/cropped_images/1237MincedMeatButterBeansSpinach/spinach cooked_1.jpg
843WhiteChapatiquoterMonkeynutBeans.jpg,white chapati,1761704,1.0360429447852761,160.01834000868857,3.12,/home/aojwang/data/MergeDataset/cropped_images/843WhiteChapatiquoterMonkeynutBeans/white chapati_0.jpg
775BrownRiceMonkeynuts.jpg,brown rice boiled,2509740,1.4535768645357687,151.91845118086601,8.0,/home/aojwang/data/MergeDataset/cropped_images/775BrownRiceMonkeynuts/brown rice boiled_0.jpg
775BrownRiceMonkeynuts.jpg,monkeynut beans,2631255,1.5738592420726991,92.99018136465932,7.8,/home/aojwang/data/MergeDataset/cropped_images/775BrownRiceMonkeynuts/monkeynut beans_1.jpg
2DalmakhnilcuminRice.jpg,dalmakhi,670912,1.3536931818181819,161.48005053817292,28.0,/home/aojwang/data/MergeDataset/cropped_images/2DalmakhnilcuminRice/dalmakhi_0.jpg
2DalmakhnilcuminRice.jpg,white rice boiled,850332,2.102201257861635,200.34228160295038,85.0,/home/aojwang/data/MergeDataset/cropped_images/2DalmakhnilcuminRice/white rice boiled_1.jpg
1016Cabbage.jpg,green cabbage cooked,3240237,1.0665519219736088,150.7848209868599,1.1,/home/aojwang/data/MergeDataset/cropped_images/1016Cabbage/green cabbage cooked_0.jpg
290Lettuceshreded.jpg,lettuce,4922734,1.3795659078877713,148.6782850072067,4.2,/home/aojwang/data/MergeDataset/cropped_images/290Lettuceshreded/lettuce_0.jpg
254Tomatoslices.jpg,tomato,4806263,1.4622173193601764,136.60470751045736,5.0,/home/aojwang/data/MergeDataset/cropped_images/254Tomatoslices/tomato_0.jpg
1346ChickenWetfryWhiteChapatiSpinach.JPG,spinach cooked,1738285,1.3982062780269058,95.30509170437145,2.91,/home/aojwang/data/MergeDataset/cropped_images/1346ChickenWetfryWhiteChapatiSpinach/spinach cooked_0.jpg
1346ChickenWetfryWhiteChapatiSpinach.JPG,chicken wing,2585632,1.0516581632653061,106.994001466566,137.21,/home/aojwang/data/MergeDataset/cropped_images/1346ChickenWetfryWhiteChapatiSpinach/chicken wing_1.jpg
402BananaCarrots.jpg,carrot,1999531,1.3500410846343467,101.11554209462119,0.7,/home/aojwang/data/MergeDataset/cropped_images/402BananaCarrots/carrot_0.jpg
1546NjahiWhiteRice.JPG,black beans,4260390,1.4552893045002921,114.60063765680293,23.75,/home/aojwang/data/MergeDataset/cropped_images/1546NjahiWhiteRice/black beans_0.jpg
1546NjahiWhiteRice.JPG,white rice boiled,6041993,1.4005777563793933,155.66224345730512,6.0,/home/aojwang/data/MergeDataset/cropped_images/1546NjahiWhiteRice/white rice boiled_1.jpg
541Lentils.jpg,kamande,5594633,1.428499242041435,155.48430177040507,32.1,/home/aojwang/data/MergeDataset/cropped_images/541Lentils/kamande_0.jpg
523Greengrams.jpg,ndengu,4231820,1.2664113785557987,154.00645734774477,5.55,/home/aojwang/data/MergeDataset/cropped_images/523Greengrams/ndengu_0.jpg
950BananaCookedthirdcup.jpg,boiled banana,1699893,1.3289124668435013,126.50205356062607,0.97,/home/aojwang/data/MergeDataset/cropped_images/950BananaCookedthirdcup/boiled banana_0.jpg
567WhiteRice.jpg,white rice boiled,5585562,1.338228095937347,159.2502719213095,10.8,/home/aojwang/data/MergeDataset/cropped_images/567WhiteRice/white rice boiled_0.jpg
1345ChickenWetfryWhiteChapatiSpinach.JPG,chicken wing,2615988,1.0559085133418042,89.32584209101877,137.21,/home/aojwang/data/MergeDataset/cropped_images/1345ChickenWetfryWhiteChapatiSpinach/chicken wing_0.jpg
1345ChickenWetfryWhiteChapatiSpinach.JPG,spinach cooked,1665045,1.292511013215859,84.9306549272442,2.91,/home/aojwang/data/MergeDataset/cropped_images/1345ChickenWetfryWhiteChapatiSpinach/spinach cooked_1.jpg
745WhiteRicethirdcupButterBeansquotercup.jpg,white rice boiled,812360,1.0419026047565119,142.0389527631428,1.92,/home/aojwang/data/MergeDataset/cropped_images/745WhiteRicethirdcupButterBeansquotercup/white rice boiled_0.jpg
745WhiteRicethirdcupButterBeansquotercup.jpg,butternut beans,2237130,1.8059299191374663,131.9602976432602,2.31,/home/aojwang/data/MergeDataset/cropped_images/745WhiteRicethirdcupButterBeansquotercup/butternut beans_1.jpg
2Coconut.jpg,coconut,618488,1.5782747603833867,209.76985217713735,20.0,/home/aojwang/data/MergeDataset/cropped_images/2Coconut/coconut_0.jpg
25Pawpaw.jpg,pawpaw,4307292,1.3473154362416107,92.86444019428758,0.470898,/home/aojwang/data/MergeDataset/cropped_images/25Pawpaw/pawpaw_0.jpg
1229MincedMeatPegionpeasSpinach.JPG,mbaazi,3650850,1.7978947368421052,90.06743771998302,14.5,/home/aojwang/data/MergeDataset/cropped_images/1229MincedMeatPegionpeasSpinach/mbaazi_0.jpg
1229MincedMeatPegionpeasSpinach.JPG,mincemeat,1804374,1.0893550893550894,108.33900787752428,69.25,/home/aojwang/data/MergeDataset/cropped_images/1229MincedMeatPegionpeasSpinach/mincemeat_1.jpg
1264MincedMeatGreenBeansCabbage.JPG,green beans,2986420,1.6265682656826568,95.79864899556436,4.5,/home/aojwang/data/MergeDataset/cropped_images/1264MincedMeatGreenBeansCabbage/green beans_0.jpg
1264MincedMeatGreenBeansCabbage.JPG,green cabbage cooked,2543274,1.3471615720524017,166.03753298569742,3.0,/home/aojwang/data/MergeDataset/cropped_images/1264MincedMeatGreenBeansCabbage/green cabbage cooked_1.jpg
1113PlantainsFriedEggs.jpg,egg fry,4591067,0.7446637132501007,145.8112259452251,15.3,/home/aojwang/data/MergeDataset/cropped_images/1113PlantainsFriedEggs/egg fry_0.jpg
1113PlantainsFriedEggs.jpg,plantain,2709882,0.82808181315644,95.68093297051311,1.95,/home/aojwang/data/MergeDataset/cropped_images/1113PlantainsFriedEggs/plantain_1.jpg
1Sukumawiki.jpg,sukumawiki,1240470,1.2656565656565657,128.89259232387724,2.0,/home/aojwang/data/MergeDataset/cropped_images/1Sukumawiki/sukumawiki_0.jpg
1Broccoli.jpg,broccoli,1131300,1.6109785202863962,144.78580571024486,2.0,/home/aojwang/data/MergeDataset/cropped_images/1Broccoli/broccoli_0.jpg
828WhiteChapatiquoterEggyolkBeans.jpg,white chapati,2391450,1.0771812080536913,139.6116303219107,3.12,/home/aojwang/data/MergeDataset/cropped_images/828WhiteChapatiquoterEggyolkBeans/white chapati_0.jpg
2Dalmakhni.jpg,dalmakhi,823020,1.0873563218390805,148.2474034652864,28.0,/home/aojwang/data/MergeDataset/cropped_images/2Dalmakhni/dalmakhi_0.jpg
3PumpkinLeaves.jpg,pumpkin leaves,3352968,1.3992248062015504,111.57721268639207,8.0,/home/aojwang/data/MergeDataset/cropped_images/3PumpkinLeaves/pumpkin leaves_0.jpg
1154MincedMeatKalesPasta.JPG,pasta,2788632,1.2246520874751492,138.51016376488545,4.4,/home/aojwang/data/MergeDataset/cropped_images/1154MincedMeatKalesPasta/pasta_0.jpg
1154MincedMeatKalesPasta.JPG,sukumawiki,1494528,0.8273809523809523,70.57265192310437,2.0,/home/aojwang/data/MergeDataset/cropped_images/1154MincedMeatKalesPasta/sukumawiki_1.jpg
1154MincedMeatKalesPasta.JPG,mincemeat,1631508,1.8154008438818565,98.4358209296757,41.55,/home/aojwang/data/MergeDataset/cropped_images/1154MincedMeatKalesPasta/mincemeat_2.jpg
1581BrownUgaliDrumstickCabbage.JPG,brown ugali,2023700,1.0750728862973762,124.3224012123009,2.9,/home/aojwang/data/MergeDataset/cropped_images/1581BrownUgaliDrumstickCabbage/brown ugali_0.jpg
1581BrownUgaliDrumstickCabbage.JPG,green cabbage cooked,2811424,1.1434948979591837,172.40107705798437,1.1,/home/aojwang/data/MergeDataset/cropped_images/1581BrownUgaliDrumstickCabbage/green cabbage cooked_1.jpg
1581BrownUgaliDrumstickCabbage.JPG,chicken drumstick,4242150,1.4439906651108518,121.90911723222108,52.39,/home/aojwang/data/MergeDataset/cropped_images/1581BrownUgaliDrumstickCabbage/chicken drumstick_2.jpg
1096WhiteChapatiFriedEggs.jpg,egg fry,1190190,1.2649484536082474,170.90147091360762,14.7,/home/aojwang/data/MergeDataset/cropped_images/1096WhiteChapatiFriedEggs/egg fry_0.jpg
1096WhiteChapatiFriedEggs.jpg,white chapati,5891944,0.9767915309446255,168.9598487358332,23.8,/home/aojwang/data/MergeDataset/cropped_images/1096WhiteChapatiFriedEggs/white chapati_1.jpg
1096WhiteChapatiFriedEggs.jpg,egg fry,3151800,1.0279840091376355,176.5449263912685,14.7,/home/aojwang/data/MergeDataset/cropped_images/1096WhiteChapatiFriedEggs/egg fry_2.jpg
187Avocado.jpg,avocado,1107516,2.0669398907103824,150.91904285506183,1.2,/home/aojwang/data/MergeDataset/cropped_images/187Avocado/avocado_0.jpg
802BrownRiceEggyolkBeans.jpg,brown rice boiled,3143364,1.187461585740627,123.10098618337976,24.0,/home/aojwang/data/MergeDataset/cropped_images/802BrownRiceEggyolkBeans/brown rice boiled_0.jpg
1560UgaliBrownthirdCup.JPG,brown ugali,1249824,0.9822695035460993,102.91455516936784,1.07,/home/aojwang/data/MergeDataset/cropped_images/1560UgaliBrownthirdCup/brown ugali_0.jpg
2StrawberryBananaWMelon.jpg,strawberry banana watermelon,2015840,1.4675767918088738,162.72007467523878,20.0,/home/aojwang/data/MergeDataset/cropped_images/2StrawberryBananaWMelon/strawberry banana watermelon_0.jpg
1742WhiteRiceWhiteChapatihalfBeefstew.JPG,white rice boiled,993026,1.093389296956978,202.6623159917263,1.2,/home/aojwang/data/MergeDataset/cropped_images/1742WhiteRiceWhiteChapatihalfBeefstew/white rice boiled_0.jpg
1742WhiteRiceWhiteChapatihalfBeefstew.JPG,beef stew,703482,1.2374005305039788,88.36737163613758,8.85,/home/aojwang/data/MergeDataset/cropped_images/1742WhiteRiceWhiteChapatihalfBeefstew/beef stew_1.jpg
59Mango.jpg,mango,2127366,1.2321156773211568,123.89827780770524,0.41,/home/aojwang/data/MergeDataset/cropped_images/59Mango/mango_0.jpg
1635WholeFishKachumbarihalfCupWhiteUgalihalfCup.JPG,white ugali,1148860,1.0341555977229602,158.38891887030042,5.83,/home/aojwang/data/MergeDataset/cropped_images/1635WholeFishKachumbarihalfCupWhiteUgalihalfCup/white ugali_0.jpg
1635WholeFishKachumbarihalfCupWhiteUgalihalfCup.JPG,kachumbari,1953080,1.2620578778135048,94.48820171216745,1.43,/home/aojwang/data/MergeDataset/cropped_images/1635WholeFishKachumbarihalfCupWhiteUgalihalfCup/kachumbari_1.jpg
1227MincedMeatPegionpeasSpinach.JPG,mbaazi,2502240,1.7290108063175396,99.2159551708336,11.4,/home/aojwang/data/MergeDataset/cropped_images/1227MincedMeatPegionpeasSpinach/mbaazi_0.jpg
1227MincedMeatPegionpeasSpinach.JPG,spinach cooked,1703556,1.1869782971619365,75.45591848267193,3.29,/home/aojwang/data/MergeDataset/cropped_images/1227MincedMeatPegionpeasSpinach/spinach cooked_1.jpg
1227MincedMeatPegionpeasSpinach.JPG,mincemeat,1400008,1.1321942446043165,113.09319256270916,55.4,/home/aojwang/data/MergeDataset/cropped_images/1227MincedMeatPegionpeasSpinach/mincemeat_2.jpg
1232MincedMeatButterBeansSpinach.JPG,butternut beans,960096,1.2511415525114156,155.41304480663044,2.31,/home/aojwang/data/MergeDataset/cropped_images/1232MincedMeatButterBeansSpinach/butternut beans_0.jpg
1232MincedMeatButterBeansSpinach.JPG,spinach cooked,1200590,1.0786729857819906,85.95106461545296,1.1,/home/aojwang/data/MergeDataset/cropped_images/1232MincedMeatButterBeansSpinach/spinach cooked_1.jpg
1232MincedMeatButterBeansSpinach.JPG,mincemeat,1280804,1.177372962607862,125.29473231917868,13.85,/home/aojwang/data/MergeDataset/cropped_images/1232MincedMeatButterBeansSpinach/mincemeat_2.jpg
346OnionsCarrots.jpg,carrot,1363910,0.9362054681027341,123.86828114269514,0.7,/home/aojwang/data/MergeDataset/cropped_images/346OnionsCarrots/carrot_0.jpg
346OnionsCarrots.jpg,onions,2260440,1.011371237458194,143.57390640760207,0.7,/home/aojwang/data/MergeDataset/cropped_images/346OnionsCarrots/onions_1.jpg
1228MincedMeatPegionpeasSpinach.JPG,mbaazi,3301200,1.6842857142857144,81.35365452966597,11.4,/home/aojwang/data/MergeDataset/cropped_images/1228MincedMeatPegionpeasSpinach/mbaazi_0.jpg
1228MincedMeatPegionpeasSpinach.JPG,mincemeat,1552705,1.0800667222685572,101.62526558489861,55.4,/home/aojwang/data/MergeDataset/cropped_images/1228MincedMeatPegionpeasSpinach/mincemeat_1.jpg
221Cucumberquotercup.jpg,cucumber,1626363,1.2276281494352737,195.00907587461512,0.3,/home/aojwang/data/MergeDataset/cropped_images/221Cucumberquotercup/cucumber_0.jpg
3Passion.jpg,passion,911325,1.7337931034482759,111.90281183990344,7.0,/home/aojwang/data/MergeDataset/cropped_images/3Passion/passion_0.jpg
3Kitojo.jpg,kitojo,3217284,1.426098535286285,126.37712803718914,4.0,/home/aojwang/data/MergeDataset/cropped_images/3Kitojo/kitojo_0.jpg
124Mangoquotercup.jpg,mango,1521542,1.3364573570759137,127.94932640702656,0.574,/home/aojwang/data/MergeDataset/cropped_images/124Mangoquotercup/mango_0.jpg
885WhiteChapatiquoterGreengrams.jpg,white chapati,2372156,1.6095551894563427,145.0243438177478,3.12,/home/aojwang/data/MergeDataset/cropped_images/885WhiteChapatiquoterGreengrams/white chapati_0.jpg
20Pawpaw.jpg,pawpaw,6251168,1.753707627118644,118.02679909845115,1.9777,/home/aojwang/data/MergeDataset/cropped_images/20Pawpaw/pawpaw_0.jpg
729WhiteRice1cupRoscocoBeansquoterup.jpg,rosecoco,1514040,1.1508282476024412,106.53436501017146,4.335,/home/aojwang/data/MergeDataset/cropped_images/729WhiteRice1cupRoscocoBeansquoterup/rosecoco_0.jpg
729WhiteRice1cupRoscocoBeansquoterup.jpg,white rice boiled,1643656,1.1452420701168615,162.86380645747448,4.8,/home/aojwang/data/MergeDataset/cropped_images/729WhiteRice1cupRoscocoBeansquoterup/white rice boiled_1.jpg
969MashedIrishpotatoquotercup.jpg,irish potato mashed,841995,0.9428571428571428,158.38261945340133,4.57,/home/aojwang/data/MergeDataset/cropped_images/969MashedIrishpotatoquotercup/irish potato mashed_0.jpg
135ApplePawpaw.jpg,apple,2008119,1.1369450714823175,150.06250442993334,0.3,/home/aojwang/data/MergeDataset/cropped_images/135ApplePawpaw/apple_0.jpg
135ApplePawpaw.jpg,pawpaw,1415250,1.1486486486486487,117.00200105988341,0.470898,/home/aojwang/data/MergeDataset/cropped_images/135ApplePawpaw/pawpaw_1.jpg
461GrapesLettuce.jpg,lettuce,3824184,1.839112343966713,193.90894684983778,1.2,/home/aojwang/data/MergeDataset/cropped_images/461GrapesLettuce/lettuce_0.jpg
461GrapesLettuce.jpg,red grapes,1530880,1.4599609375,115.61799117718785,1.180098,/home/aojwang/data/MergeDataset/cropped_images/461GrapesLettuce/red grapes_1.jpg
940Frenchfries.jpg,potato chips,7461552,1.5058400718778078,105.83808118382521,40.42,/home/aojwang/data/MergeDataset/cropped_images/940Frenchfries/potato chips_0.jpg
316CabbageTomato.jpg,tomato,1893030,1.0621722846441948,112.63147933911947,1.5,/home/aojwang/data/MergeDataset/cropped_images/316CabbageTomato/tomato_0.jpg
316CabbageTomato.jpg,green cabbage,2455361,1.1074546675621222,192.8095659524879,1.65,/home/aojwang/data/MergeDataset/cropped_images/316CabbageTomato/green cabbage_1.jpg
1Dates.jpg,dates,339096,1.051056338028169,139.0203049677181,11.0,/home/aojwang/data/MergeDataset/cropped_images/1Dates/dates_0.jpg
84Grapes.jpg,red grapes,3631584,1.299043062200957,108.78758644529036,1.5341277,/home/aojwang/data/MergeDataset/cropped_images/84Grapes/red grapes_0.jpg
3DalmakhnilcuminRice.jpg,dalmakhi,834108,1.3674775928297056,145.44235518661853,48.0,/home/aojwang/data/MergeDataset/cropped_images/3DalmakhnilcuminRice/dalmakhi_0.jpg
3DalmakhnilcuminRice.jpg,white rice boiled,1016024,2.0042134831460676,190.99239519276446,127.0,/home/aojwang/data/MergeDataset/cropped_images/3DalmakhnilcuminRice/white rice boiled_1.jpg
643BrownRicehalfcup.jpg,brown rice boiled,2015490,1.2496062992125985,134.66102535859767,8.0,/home/aojwang/data/MergeDataset/cropped_images/643BrownRicehalfcup/brown rice boiled_0.jpg
115Pawpawquotercup.jpg,pawpaw,1468584,1.6762820512820513,125.62905810404217,0.329629,/home/aojwang/data/MergeDataset/cropped_images/115Pawpawquotercup/pawpaw_0.jpg
902IrishPotato.jpg,irish potato,5842200,1.1570983533600356,120.81748975842434,35.13,/home/aojwang/data/MergeDataset/cropped_images/902IrishPotato/irish potato_0.jpg
1214MincedMeatRoscocoBeansSpinach.JPG,mincemeat,1852598,1.3372982158028888,118.63258731791787,55.4,/home/aojwang/data/MergeDataset/cropped_images/1214MincedMeatRoscocoBeansSpinach/mincemeat_0.jpg
1214MincedMeatRoscocoBeansSpinach.JPG,rosecoco,2961733,1.504632929436921,83.40267100376705,12.9,/home/aojwang/data/MergeDataset/cropped_images/1214MincedMeatRoscocoBeansSpinach/rosecoco_1.jpg
1214MincedMeatRoscocoBeansSpinach.JPG,spinach cooked,2723350,1.1335483870967742,82.21142832663203,3.29,/home/aojwang/data/MergeDataset/cropped_images/1214MincedMeatRoscocoBeansSpinach/spinach cooked_2.jpg
2Mango.jpg,mango,769032,1.226010101010101,127.5364973975942,25.0,/home/aojwang/data/MergeDataset/cropped_images/2Mango/mango_0.jpg
1354YellowMaizeboiled.JPG,boiled yellow maize,4109490,1.2984822934232716,139.8380048781398,6.325,/home/aojwang/data/MergeDataset/cropped_images/1354YellowMaizeboiled/boiled yellow maize_0.jpg
702WhiteRicePigeonpea(2).jpg,white rice boiled,2522052,1.5686119873817035,163.99100375408597,7.2,/home/aojwang/data/MergeDataset/cropped_images/702WhiteRicePigeonpea(2)/white rice boiled_0.jpg
702WhiteRicePigeonpea(2).jpg,mbaazi,4133689,2.0471498944405346,101.5870077953776,17.1,/home/aojwang/data/MergeDataset/cropped_images/702WhiteRicePigeonpea(2)/mbaazi_1.jpg
2Bacon.jpg,bacon,2272284,1.3912363067292646,176.74702854044654,0.0,/home/aojwang/data/MergeDataset/cropped_images/2Bacon/bacon_0.jpg
2PotatoPorkCarrot.jpg,carrot,1053745,1.518607442977191,131.9965244595862,7.0,/home/aojwang/data/MergeDataset/cropped_images/2PotatoPorkCarrot/carrot_2.jpg
552Pigeonpea.jpg,mbaazi,7160050,1.4462921348314606,135.17847636073304,17.1,/home/aojwang/data/MergeDataset/cropped_images/552Pigeonpea/mbaazi_0.jpg
1153MincedMeatKalesPasta(2).JPG,pasta,2074448,1.2902208201892744,144.27682432467176,2.2,/home/aojwang/data/MergeDataset/cropped_images/1153MincedMeatKalesPasta(2)/pasta_0.jpg
1153MincedMeatKalesPasta(2).JPG,sukumawiki,1149000,0.8703220191470844,74.09688540760081,1.0,/home/aojwang/data/MergeDataset/cropped_images/1153MincedMeatKalesPasta(2)/sukumawiki_1.jpg
1153MincedMeatKalesPasta(2).JPG,mincemeat,1578577,1.8937568455640745,99.77150243542127,13.85,/home/aojwang/data/MergeDataset/cropped_images/1153MincedMeatKalesPasta(2)/mincemeat_2.jpg
533Greengramsthirdcup.jpg,ndengu,2701482,1.2450780719619823,165.8666812018983,2.59,/home/aojwang/data/MergeDataset/cropped_images/533Greengramsthirdcup/ndengu_0.jpg
644BrownRice1cup.jpg,brown rice boiled,3006616,1.4723582925122463,129.46861377264895,14.16,/home/aojwang/data/MergeDataset/cropped_images/644BrownRice1cup/brown rice boiled_0.jpg
777BrownRiceMonkeynuts.jpg,monkeynut beans,2033108,1.5426829268292683,98.73735597584258,7.8,/home/aojwang/data/MergeDataset/cropped_images/777BrownRiceMonkeynuts/monkeynut beans_0.jpg
777BrownRiceMonkeynuts.jpg,brown rice boiled,2714472,1.6619718309859155,148.65069548209252,16.0,/home/aojwang/data/MergeDataset/cropped_images/777BrownRiceMonkeynuts/brown rice boiled_1.jpg
1356YellowMaizeboiled.JPG,boiled yellow maize,5144839,1.3970818134445024,148.40845852189608,9.4875,/home/aojwang/data/MergeDataset/cropped_images/1356YellowMaizeboiled/boiled yellow maize_0.jpg
265Carrots.jpg,carrot,5224097,1.406850025947068,132.82019099824015,3.15,/home/aojwang/data/MergeDataset/cropped_images/265Carrots/carrot_0.jpg
1220MincedMeatPegionpeasSpinach.jpg,mincemeat,764832,1.2866407263294424,108.86607080596349,13.85,/home/aojwang/data/MergeDataset/cropped_images/1220MincedMeatPegionpeasSpinach/mincemeat_0.jpg
1220MincedMeatPegionpeasSpinach.jpg,spinach cooked,1052627,1.013738959764475,83.7539270795828,1.1,/home/aojwang/data/MergeDataset/cropped_images/1220MincedMeatPegionpeasSpinach/spinach cooked_1.jpg
1706BeefSausageChipsKachumbari1Cup.JPG,kachumbari,1452864,1.1418439716312057,98.84744752433814,1.99,/home/aojwang/data/MergeDataset/cropped_images/1706BeefSausageChipsKachumbari1Cup/kachumbari_0.jpg
1706BeefSausageChipsKachumbari1Cup.JPG,potato chips,2126976,1.0977011494252873,145.28911076884114,7.2,/home/aojwang/data/MergeDataset/cropped_images/1706BeefSausageChipsKachumbari1Cup/potato chips_1.jpg
1706BeefSausageChipsKachumbari1Cup.JPG,sausage,1822480,1.2677231025854878,92.01660923576665,10.4,/home/aojwang/data/MergeDataset/cropped_images/1706BeefSausageChipsKachumbari1Cup/sausage_2.jpg
792BrownRice1cupMonkeynuts1cup.jpg,brown rice boiled,2052152,1.4889267461669506,138.3690426765009,14.0,/home/aojwang/data/MergeDataset/cropped_images/792BrownRice1cupMonkeynuts1cup/brown rice boiled_0.jpg
792BrownRice1cupMonkeynuts1cup.jpg,monkeynut beans,3572154,1.6004016064257027,87.53820029408959,18.72,/home/aojwang/data/MergeDataset/cropped_images/792BrownRice1cupMonkeynuts1cup/monkeynut beans_1.jpg
603GreenBeans.jpg,green beans,1562844,1.6339468302658486,109.16984420709936,0.9,/home/aojwang/data/MergeDataset/cropped_images/603GreenBeans/green beans_0.jpg
3Sukumawiki.jpg,sukumawiki,3082950,1.3169934640522876,130.91439400574126,5.0,/home/aojwang/data/MergeDataset/cropped_images/3Sukumawiki/sukumawiki_0.jpg
664SweetPotatosliced.jpg,sweet potato,1078796,1.1878279118572928,184.82677911301118,0.9,/home/aojwang/data/MergeDataset/cropped_images/664SweetPotatosliced/sweet potato_0.jpg
1156BoiledEggs.jpg,boiled egg,1493874,1.8691275167785235,123.8579010010215,10.54,/home/aojwang/data/MergeDataset/cropped_images/1156BoiledEggs/boiled egg_0.jpg
1136FriedEggs.jpg,egg fry,2234970,1.3083397092578424,140.4317331627121,5.0,/home/aojwang/data/MergeDataset/cropped_images/1136FriedEggs/egg fry_0.jpg
220Cucumber.jpg,cucumber,2425068,1.5011801730920535,156.9185712180717,1.44,/home/aojwang/data/MergeDataset/cropped_images/220Cucumber/cucumber_0.jpg
1733GitheriChips.JPG,githeri,1569557,1.3786316776007497,105.16302030870281,6.7,/home/aojwang/data/MergeDataset/cropped_images/1733GitheriChips/githeri_0.jpg
1733GitheriChips.JPG,potato chips,1412222,1.2981783317353788,139.06348317285338,2.4,/home/aojwang/data/MergeDataset/cropped_images/1733GitheriChips/potato chips_1.jpg
365CabbageCarrotsgratedOnions.jpg,green cabbage,1069059,1.7891332470892627,184.56330473809209,0.55,/home/aojwang/data/MergeDataset/cropped_images/365CabbageCarrotsgratedOnions/green cabbage_0.jpg
365CabbageCarrotsgratedOnions.jpg,carrot,1266449,1.4241781548250265,124.53193404024428,0.35,/home/aojwang/data/MergeDataset/cropped_images/365CabbageCarrotsgratedOnions/carrot_1.jpg
365CabbageCarrotsgratedOnions.jpg,onions,1130272,1.1578947368421053,124.8130273067014,0.75,/home/aojwang/data/MergeDataset/cropped_images/365CabbageCarrotsgratedOnions/onions_2.jpg
822WhiteChapati1EggyolkBeans.jpg,white chapati,2871581,1.0458660229330115,148.96591796180107,11.31,/home/aojwang/data/MergeDataset/cropped_images/822WhiteChapati1EggyolkBeans/white chapati_0.jpg
1302BeefSamosa.JPG,samosa,6760169,1.2209944751381216,146.80631445752317,39.816,/home/aojwang/data/MergeDataset/cropped_images/1302BeefSamosa/samosa_0.jpg
1302BeefSamosa.JPG,samosa,1361864,0.9914675767918089,126.36349518013546,39.816,/home/aojwang/data/MergeDataset/cropped_images/1302BeefSamosa/samosa_1.jpg
540Lentils.jpg,kamande,5557776,1.4676258992805755,172.77342075919097,26.75,/home/aojwang/data/MergeDataset/cropped_images/540Lentils/kamande_0.jpg
13Watermelon.jpg,water melon,8122947,1.5262245340268747,106.21894389642905,2.7,/home/aojwang/data/MergeDataset/cropped_images/13Watermelon/water melon_0.jpg
1481FriedGitherithirdCup.JPG,githeri,2546379,1.1123595505617978,117.53354665585917,6.417,/home/aojwang/data/MergeDataset/cropped_images/1481FriedGitherithirdCup/githeri_0.jpg
1256MincedMeatGreenBeansCabbage.JPG,green cabbage cooked,1356498,1.2961876832844574,148.34239662228276,0.5,/home/aojwang/data/MergeDataset/cropped_images/1256MincedMeatGreenBeansCabbage/green cabbage cooked_0.jpg
1256MincedMeatGreenBeansCabbage.JPG,mincemeat,1310616,1.361875637104995,109.69207660113005,13.85,/home/aojwang/data/MergeDataset/cropped_images/1256MincedMeatGreenBeansCabbage/mincemeat_1.jpg
1WineWhite.jpg,white wine,206460,1.4919354838709677,206.29913461848946,1.4,/home/aojwang/data/MergeDataset/cropped_images/1WineWhite/white wine_0.jpg
1WaterFlvrd.jpg,flavored water,922755,0.7162995594713656,219.65779071006568,5.0,/home/aojwang/data/MergeDataset/cropped_images/1WaterFlvrd/flavored water_0.jpg
3ChipsChicken.jpg,potato chips,1640500,1.761658031088083,174.92252280808697,133.0,/home/aojwang/data/MergeDataset/cropped_images/3ChipsChicken/potato chips_0.jpg
3ChipsChicken.jpg,chicken,1431808,1.5798319327731092,151.1554093379373,0.0,/home/aojwang/data/MergeDataset/cropped_images/3ChipsChicken/chicken_1.jpg
229Cucumber.jpg,cucumber,5371065,1.3124073158675236,181.4470104780585,2.4,/home/aojwang/data/MergeDataset/cropped_images/229Cucumber/cucumber_0.jpg
599ButterBeansquotercup.jpg,butternut beans,2027522,1.3689400164338537,111.68424707598734,2.4024,/home/aojwang/data/MergeDataset/cropped_images/599ButterBeansquotercup/butternut beans_0.jpg
1315BeefstewPastaSpinach.JPG,spinach cooked,2015672,1.4186241610738255,65.37408169583146,2.91,/home/aojwang/data/MergeDataset/cropped_images/1315BeefstewPastaSpinach/spinach cooked_0.jpg
1315BeefstewPastaSpinach.JPG,pasta,2506560,1.3876488095238095,148.70759114749563,4.4,/home/aojwang/data/MergeDataset/cropped_images/1315BeefstewPastaSpinach/pasta_2.jpg
1127Grilledchickenbreast.jpg,chicken breast grilled,6155190,1.1686274509803922,110.92988995194841,138.26,/home/aojwang/data/MergeDataset/cropped_images/1127Grilledchickenbreast/chicken breast grilled_0.jpg
1683BeefSausage.JPG,sausage,6369627,1.1967923710446466,133.73730125798576,17.7,/home/aojwang/data/MergeDataset/cropped_images/1683BeefSausage/sausage_0.jpg
900IrishPotato.jpg,irish potato,867000,1.2,119.63349442522107,15.92,/home/aojwang/data/MergeDataset/cropped_images/900IrishPotato/irish potato_0.jpg
900IrishPotato.jpg,irish potato,1069632,1.4328703703703705,116.85673515127944,15.92,/home/aojwang/data/MergeDataset/cropped_images/900IrishPotato/irish potato_1.jpg
213MangoAvocado.jpg,avocado,1270065,1.0142984807864164,144.1324606745849,0.8,/home/aojwang/data/MergeDataset/cropped_images/213MangoAvocado/avocado_0.jpg
929Plantain.jpg,plantain,3879900,1.478395061728395,163.08599611673841,1.599,/home/aojwang/data/MergeDataset/cropped_images/929Plantain/plantain_0.jpg
424MangoLettuce.jpg,mango,1085952,1.3526785714285714,122.201867731416,0.984,/home/aojwang/data/MergeDataset/cropped_images/424MangoLettuce/mango_0.jpg
424MangoLettuce.jpg,lettuce,4702302,0.9912764003673095,172.76220115169124,1.2,/home/aojwang/data/MergeDataset/cropped_images/424MangoLettuce/lettuce_1.jpg
837WhiteChapati1ButterBeans.jpg,white chapati,2208840,1.1301859799713876,118.40223661891913,11.31,/home/aojwang/data/MergeDataset/cropped_images/837WhiteChapati1ButterBeans/white chapati_0.jpg
3TadhikadalNan.jpg,tadhikaldal,734037,1.1555834378920953,168.4135431865151,34.0,/home/aojwang/data/MergeDataset/cropped_images/3TadhikadalNan/tadhikaldal_0.jpg
2RiceWMeatballsVegies.jpg,saget,634508,1.1874145006839945,100.24626849989808,3.0,/home/aojwang/data/MergeDataset/cropped_images/2RiceWMeatballsVegies/saget_0.jpg
2RiceWMeatballsVegies.jpg,meatballs,912824,0.9741735537190083,121.87803526930347,48.0,/home/aojwang/data/MergeDataset/cropped_images/2RiceWMeatballsVegies/meatballs_1.jpg
2RiceWMeatballsVegies.jpg,white rice boiled,1391642,1.61248654467169,201.57265613809682,28.0,/home/aojwang/data/MergeDataset/cropped_images/2RiceWMeatballsVegies/white rice boiled_2.jpg
2Avocado.jpg,avocado,1057300,1.1237113402061856,95.47625429553264,0.0,/home/aojwang/data/MergeDataset/cropped_images/2Avocado/avocado_0.jpg
1760BrownUgali1CupWhiteRiceSpinach.JPG,brown ugali,1226508,1.0633147113594041,103.14254751429804,2.94,/home/aojwang/data/MergeDataset/cropped_images/1760BrownUgali1CupWhiteRiceSpinach/brown ugali_0.jpg
1760BrownUgali1CupWhiteRiceSpinach.JPG,white rice boiled,1884541,1.1202775636083269,175.47540364824468,2.4,/home/aojwang/data/MergeDataset/cropped_images/1760BrownUgali1CupWhiteRiceSpinach/white rice boiled_1.jpg
987MashedBananathirdcup.jpg,boiled mashed banana,1452336,1.1000870322019147,122.61210858460669,1.55,/home/aojwang/data/MergeDataset/cropped_images/987MashedBananathirdcup/boiled mashed banana_0.jpg
1MeatMinced.jpg,mincemeat,1327664,1.3767820773930755,162.1517776083909,0.0,/home/aojwang/data/MergeDataset/cropped_images/1MeatMinced/mincemeat_0.jpg
1269MincedMeatGreenGramsCabbage.JPG,ndengu,2244858,1.1148696264975335,118.78980422518187,6.0,/home/aojwang/data/MergeDataset/cropped_images/1269MincedMeatGreenGramsCabbage/ndengu_0.jpg
1269MincedMeatGreenGramsCabbage.JPG,green cabbage cooked,2292115,0.9881812212738017,167.52415214768894,1.8,/home/aojwang/data/MergeDataset/cropped_images/1269MincedMeatGreenGramsCabbage/green cabbage cooked_1.jpg
1269MincedMeatGreenGramsCabbage.JPG,mincemeat,1747270,1.4706422018348624,125.98670134934306,41.55,/home/aojwang/data/MergeDataset/cropped_images/1269MincedMeatGreenGramsCabbage/mincemeat_2.jpg
868WhiteChapati1GreenBeans.jpg,white chapati,3024564,0.8914223669923995,117.14664824417667,11.31,/home/aojwang/data/MergeDataset/cropped_images/868WhiteChapati1GreenBeans/white chapati_0.jpg
868WhiteChapati1GreenBeans.jpg,green beans,1805852,1.033282904689864,82.80683042316498,1.8,/home/aojwang/data/MergeDataset/cropped_images/868WhiteChapati1GreenBeans/green beans_1.jpg
1355YellowMaizeboiled.JPG,boiled yellow maize,4062720,1.2,142.13900637996218,7.90625,/home/aojwang/data/MergeDataset/cropped_images/1355YellowMaizeboiled/boiled yellow maize_0.jpg
1457MokimoChickenthigh.JPG,chicken thigh,1381808,1.2024253731343284,135.00735823404312,50.4,/home/aojwang/data/MergeDataset/cropped_images/1457MokimoChickenthigh/chicken thigh_0.jpg
1457MokimoChickenthigh.JPG,chicken thigh,2757486,0.8225013653741126,137.49363659507247,50.4,/home/aojwang/data/MergeDataset/cropped_images/1457MokimoChickenthigh/chicken thigh_1.jpg
1457MokimoChickenthigh.JPG,mukimo,1990640,1.1152694610778444,132.3997056223124,15.0,/home/aojwang/data/MergeDataset/cropped_images/1457MokimoChickenthigh/mukimo_2.jpg
1069Beefstew.jpg,beef stew,4677141,1.1918223119636546,124.11601211081727,61.95,/home/aojwang/data/MergeDataset/cropped_images/1069Beefstew/beef stew_0.jpg
770BrownRice1CupCowpeasthirdcup.jpg,brown rice boiled,1986468,1.3523102310231023,133.21805452357316,13.6,/home/aojwang/data/MergeDataset/cropped_images/770BrownRice1CupCowpeasthirdcup/brown rice boiled_0.jpg
770BrownRice1CupCowpeasthirdcup.jpg,cowpeas,1976320,1.884765625,95.5842800423683,7.6,/home/aojwang/data/MergeDataset/cropped_images/770BrownRice1CupCowpeasthirdcup/cowpeas_1.jpg
1247MincedMeatRoscocoBeansCabbage.JPG,green cabbage cooked,1852215,1.142969363707777,153.37059682596242,1.2,/home/aojwang/data/MergeDataset/cropped_images/1247MincedMeatRoscocoBeansCabbage/green cabbage cooked_0.jpg
1247MincedMeatRoscocoBeansCabbage.JPG,rosecoco,1599334,1.4617590822179731,92.2427076937442,8.67,/home/aojwang/data/MergeDataset/cropped_images/1247MincedMeatRoscocoBeansCabbage/rosecoco_1.jpg
1604BrownUgali1CupCabbage.JPG,brown ugali,1597500,1.0224,107.6560544600939,2.9,/home/aojwang/data/MergeDataset/cropped_images/1604BrownUgali1CupCabbage/brown ugali_0.jpg
1604BrownUgali1CupCabbage.JPG,green cabbage cooked,2078475,1.2393822393822393,170.38885096043975,1.2,/home/aojwang/data/MergeDataset/cropped_images/1604BrownUgali1CupCabbage/green cabbage cooked_1.jpg
1007Kales.jpg,sukumawiki,3748057,1.11796832332059,83.76749659890444,3.1,/home/aojwang/data/MergeDataset/cropped_images/1007Kales/sukumawiki_0.jpg
16Pawpaw.jpg,pawpaw,6261318,1.6415770609318996,128.28828499047646,2.23206,/home/aojwang/data/MergeDataset/cropped_images/16Pawpaw/pawpaw_0.jpg
1RiceNdengu.jpg,white rice boiled,539864,1.053072625698324,193.31152104974586,14.0,/home/aojwang/data/MergeDataset/cropped_images/1RiceNdengu/white rice boiled_0.jpg
1RiceNdengu.jpg,ndengu,1508415,1.1709251101321585,125.36204050830398,18.0,/home/aojwang/data/MergeDataset/cropped_images/1RiceNdengu/ndengu_1.jpg
1Ndengu.jpg,ndengu,1125432,1.3181818181818181,151.69290755312923,9.0,/home/aojwang/data/MergeDataset/cropped_images/1Ndengu/ndengu_0.jpg
105PineapplePawpaw.jpg,pawpaw,1462650,1.0259631490787269,118.52735673834023,0.235449,/home/aojwang/data/MergeDataset/cropped_images/105PineapplePawpaw/pawpaw_0.jpg
105PineapplePawpaw.jpg,pineapple,1600152,1.3394327538883806,142.48180547847954,0.2400861,/home/aojwang/data/MergeDataset/cropped_images/105PineapplePawpaw/pineapple_1.jpg
1598WhiteUgalihalfCupSpinach.JPG,white ugali,1491006,1.0546677880571909,186.5848854174072,5.03,/home/aojwang/data/MergeDataset/cropped_images/1598WhiteUgalihalfCupSpinach/white ugali_0.jpg
1598WhiteUgalihalfCupSpinach.JPG,spinach cooked,7067130,1.3301518438177875,119.79391742711209,3.29,/home/aojwang/data/MergeDataset/cropped_images/1598WhiteUgalihalfCupSpinach/spinach cooked_1.jpg
56Mango.jpg,mango,2372748,1.3700607902735562,115.77026735807314,1.107,/home/aojwang/data/MergeDataset/cropped_images/56Mango/mango_0.jpg
1693BeefSausageChipsKachumbarithirdCup.JPG,kachumbari,910690,0.9599589322381931,101.55553078801056,0.92,/home/aojwang/data/MergeDataset/cropped_images/1693BeefSausageChipsKachumbarithirdCup/kachumbari_0.jpg
1693BeefSausageChipsKachumbarithirdCup.JPG,potato chips,1510814,1.2623400365630713,156.7712800296176,4.8,/home/aojwang/data/MergeDataset/cropped_images/1693BeefSausageChipsKachumbarithirdCup/potato chips_1.jpg
1SpaghettiCarrotZuccini.jpg,zucchini,686176,1.5945121951219512,164.11767389124657,3.0,/home/aojwang/data/MergeDataset/cropped_images/1SpaghettiCarrotZuccini/zucchini_0.jpg
1SpaghettiCarrotZuccini.jpg,carrot,715776,1.4649499284692418,157.72064817298522,4.0,/home/aojwang/data/MergeDataset/cropped_images/1SpaghettiCarrotZuccini/carrot_2.jpg
967MashedIrishpotato.jpg,irish potato mashed,2020833,1.0941869021339221,144.47838770777528,11.43,/home/aojwang/data/MergeDataset/cropped_images/967MashedIrishpotato/irish potato mashed_0.jpg
1157BoiledEggs.jpg,boiled egg,3197688,1.1576413959085439,130.65313689140405,16.0,/home/aojwang/data/MergeDataset/cropped_images/1157BoiledEggs/boiled egg_0.jpg
1685BeefSausageChips.JPG,sausage,1181472,1.8740554156171285,105.49838788674919,7.5,/home/aojwang/data/MergeDataset/cropped_images/1685BeefSausageChips/sausage_0.jpg
1685BeefSausageChips.JPG,potato chips,1906940,1.6971698113207547,163.02607388451307,4.8,/home/aojwang/data/MergeDataset/cropped_images/1685BeefSausageChips/potato chips_1.jpg
1Orange.jpg,orange,567508,1.2492581602373887,176.275005814896,8.0,/home/aojwang/data/MergeDataset/cropped_images/1Orange/orange_0.jpg
1Honey.jpg,honey,368480,1.175,166.88627424374005,4.0,/home/aojwang/data/MergeDataset/cropped_images/1Honey/honey_0.jpg
493PineappleRedCabbage.jpg,red cabbage,670284,0.8937644341801386,80.39784926986174,1.3,/home/aojwang/data/MergeDataset/cropped_images/493PineappleRedCabbage/red cabbage_0.jpg
493PineappleRedCabbage.jpg,pineapple,1145472,1.3771929824561404,120.94855221253772,0.2400861,/home/aojwang/data/MergeDataset/cropped_images/493PineappleRedCabbage/pineapple_1.jpg
493PineappleRedCabbage.jpg,red cabbage,2657200,0.7978082191780822,79.47513247026946,1.3,/home/aojwang/data/MergeDataset/cropped_images/493PineappleRedCabbage/red cabbage_2.jpg
793BrownRiceEggyolkBeans.jpg,brown rice boiled,1071488,1.850197109067017,120.26244593188787,4.0,/home/aojwang/data/MergeDataset/cropped_images/793BrownRiceEggyolkBeans/brown rice boiled_0.jpg
1UgaliWChickenCabbage.jpg,white ugali,472194,1.0645645645645645,187.74401976023978,48.0,/home/aojwang/data/MergeDataset/cropped_images/1UgaliWChickenCabbage/white ugali_0.jpg
1UgaliWChickenCabbage.jpg,green cabbage cooked,835660,1.0573678290213724,177.23279842679239,2.0,/home/aojwang/data/MergeDataset/cropped_images/1UgaliWChickenCabbage/green cabbage cooked_1.jpg
1UgaliWChickenCabbage.jpg,chicken,592016,1.392638036809816,132.40857961046098,0.0,/home/aojwang/data/MergeDataset/cropped_images/1UgaliWChickenCabbage/chicken_2.jpg
1200MincedMeatCabbagePasta.JPG,pasta,1639242,1.3021390374331552,143.84960203150806,2.2,/home/aojwang/data/MergeDataset/cropped_images/1200MincedMeatCabbagePasta/pasta_0.jpg
1200MincedMeatCabbagePasta.JPG,mincemeat,1442070,1.614814814814815,100.52541185009511,27.7,/home/aojwang/data/MergeDataset/cropped_images/1200MincedMeatCabbagePasta/mincemeat_1.jpg
1200MincedMeatCabbagePasta.JPG,green cabbage cooked,1135872,0.9595588235294118,150.00999877920518,0.5,/home/aojwang/data/MergeDataset/cropped_images/1200MincedMeatCabbagePasta/green cabbage cooked_2.jpg
55Mango.jpg,mango,3108400,1.1613691931540342,119.67815575001072,2.87,/home/aojwang/data/MergeDataset/cropped_images/55Mango/mango_0.jpg
1724GitheriWhiteChapatihalf.JPG,githeri,2169320,0.9099740932642487,112.64138408963792,13.4,/home/aojwang/data/MergeDataset/cropped_images/1724GitheriWhiteChapatihalf/githeri_0.jpg
149PineappleAppleBanana.jpg,ripe banana,602112,1.3333333333333333,144.18445959112813,0.7,/home/aojwang/data/MergeDataset/cropped_images/149PineappleAppleBanana/ripe banana_0.jpg
149PineappleAppleBanana.jpg,apple,871992,1.6185286103542234,137.06693486484585,0.15,/home/aojwang/data/MergeDataset/cropped_images/149PineappleAppleBanana/apple_2.jpg
2Fish.jpg,fish fry,2605284,1.9328165374677002,166.80492542591645,0.0,/home/aojwang/data/MergeDataset/cropped_images/2Fish/fish fry_0.jpg
48Apple.jpg,apple,5722574,1.3524550315994166,106.74275591135505,0.9,/home/aojwang/data/MergeDataset/cropped_images/48Apple/apple_0.jpg
862WhiteChapatihalfGreenBeans.jpg,green beans,1354076,1.337972166998012,96.0956903452982,0.9,/home/aojwang/data/MergeDataset/cropped_images/862WhiteChapatihalfGreenBeans/green beans_0.jpg
1MangoGrapeApple.jpg,mango grape apple,1572740,1.4211026615969582,153.9962693558164,39.0,/home/aojwang/data/MergeDataset/cropped_images/1MangoGrapeApple/mango grape apple_0.jpg
741WhiteRiceButterBeans.jpg,white rice boiled,2170322,1.2666157372039726,166.29497527709407,7.2,/home/aojwang/data/MergeDataset/cropped_images/741WhiteRiceButterBeans/white rice boiled_0.jpg
741WhiteRiceButterBeans.jpg,butternut beans,4458026,2.016139878950908,125.93346016076772,13.86,/home/aojwang/data/MergeDataset/cropped_images/741WhiteRiceButterBeans/butternut beans_1.jpg
776BrownRiceMonkeynuts.jpg,brown rice boiled,2718205,1.6208494208494209,141.80915248604626,16.0,/home/aojwang/data/MergeDataset/cropped_images/776BrownRiceMonkeynuts/brown rice boiled_0.jpg
776BrownRiceMonkeynuts.jpg,monkeynut beans,1203000,1.8703241895261846,97.7785170407315,3.9,/home/aojwang/data/MergeDataset/cropped_images/776BrownRiceMonkeynuts/monkeynut beans_1.jpg
990MashedBanana1cup.jpg,boiled mashed banana,2059483,1.2167563412759417,121.00832943672432,3.65,/home/aojwang/data/MergeDataset/cropped_images/990MashedBanana1cup/boiled mashed banana_0.jpg
1ColaSugarless.jpg,cola sugarless,414733,0.3994111874386654,143.58002618552177,0.0,/home/aojwang/data/MergeDataset/cropped_images/1ColaSugarless/cola sugarless_0.jpg
1372BeefstewSpinachNjahi.JPG,beef stew,2508426,1.1238286479250335,123.52041399666564,35.4,/home/aojwang/data/MergeDataset/cropped_images/1372BeefstewSpinachNjahi/beef stew_0.jpg
1372BeefstewSpinachNjahi.JPG,spinach cooked,3705988,1.497774952320407,107.01175422046698,4.38,/home/aojwang/data/MergeDataset/cropped_images/1372BeefstewSpinachNjahi/spinach cooked_1.jpg
1372BeefstewSpinachNjahi.JPG,black beans,2816499,1.266934942991281,111.7194228248143,14.25,/home/aojwang/data/MergeDataset/cropped_images/1372BeefstewSpinachNjahi/black beans_2.jpg
454MangoCucumber.jpg,cucumber,4396429,1.1938509640437729,141.08743960154933,0.9,/home/aojwang/data/MergeDataset/cropped_images/454MangoCucumber/cucumber_0.jpg
454MangoCucumber.jpg,mango,3317287,0.6773610483506552,142.999691514984,0.82,/home/aojwang/data/MergeDataset/cropped_images/454MangoCucumber/mango_1.jpg
1259MincedMeatGreenBeansCabbage.JPG,green cabbage cooked,1621362,1.2541776605101143,166.93477150691825,1.2,/home/aojwang/data/MergeDataset/cropped_images/1259MincedMeatGreenBeansCabbage/green cabbage cooked_0.jpg
1259MincedMeatGreenBeansCabbage.JPG,mincemeat,1905778,1.0021754894851342,119.04636741530231,41.55,/home/aojwang/data/MergeDataset/cropped_images/1259MincedMeatGreenBeansCabbage/mincemeat_1.jpg
1163MincedMeatWhiteChapatihalfCabbage.JPG,mincemeat,1718705,0.993916349809886,96.2495537822566,27.7,/home/aojwang/data/MergeDataset/cropped_images/1163MincedMeatWhiteChapatihalfCabbage/mincemeat_0.jpg
1163MincedMeatWhiteChapatihalfCabbage.JPG,green cabbage cooked,1480565,1.295603367633302,140.73974732618967,1.2,/home/aojwang/data/MergeDataset/cropped_images/1163MincedMeatWhiteChapatihalfCabbage/green cabbage cooked_1.jpg
29Pawpaw.jpg,pawpaw,7951930,1.3611915597848572,96.01161491612729,1.412694,/home/aojwang/data/MergeDataset/cropped_images/29Pawpaw/pawpaw_0.jpg
1270MincedMeatGreenGramsCabbage.JPG,ndengu,3071152,1.180409175449473,122.6737704071089,9.0,/home/aojwang/data/MergeDataset/cropped_images/1270MincedMeatGreenGramsCabbage/ndengu_0.jpg
1270MincedMeatGreenGramsCabbage.JPG,green cabbage cooked,2461736,0.9936467598475223,175.01610137453136,1.8,/home/aojwang/data/MergeDataset/cropped_images/1270MincedMeatGreenGramsCabbage/green cabbage cooked_1.jpg
1270MincedMeatGreenGramsCabbage.JPG,mincemeat,1757349,1.5435801312089972,131.93522155625698,41.55,/home/aojwang/data/MergeDataset/cropped_images/1270MincedMeatGreenGramsCabbage/mincemeat_2.jpg
1129MincedMeatBrownRiceKales.JPG,brown rice boiled,1608758,1.8091198303287381,157.18156718826987,20.0,/home/aojwang/data/MergeDataset/cropped_images/1129MincedMeatBrownRiceKales/brown rice boiled_0.jpg
1129MincedMeatBrownRiceKales.JPG,mincemeat,2393173,1.0077871512005192,111.35878517766999,69.25,/home/aojwang/data/MergeDataset/cropped_images/1129MincedMeatBrownRiceKales/mincemeat_1.jpg
1129MincedMeatBrownRiceKales.JPG,sukumawiki,1663636,0.8598130841121495,82.22599995832422,3.0,/home/aojwang/data/MergeDataset/cropped_images/1129MincedMeatBrownRiceKales/sukumawiki_2.jpg
1536NjahihalfCup.JPG,black beans,2963044,1.3204272363150868,121.08156488170049,10.355,/home/aojwang/data/MergeDataset/cropped_images/1536NjahihalfCup/black beans_0.jpg
2RiceWLentilKitojo.jpg,kamande,977799,1.3501762632197414,116.90493376791481,90.0,/home/aojwang/data/MergeDataset/cropped_images/2RiceWLentilKitojo/kamande_0.jpg
2RiceWLentilKitojo.jpg,kitojo,1104495,1.7923566878980892,92.53886225529918,1.0,/home/aojwang/data/MergeDataset/cropped_images/2RiceWLentilKitojo/kitojo_1.jpg
2RiceWLentilKitojo.jpg,white rice boiled,910687,1.1268075639599555,203.40406601463144,71.0,/home/aojwang/data/MergeDataset/cropped_images/2RiceWLentilKitojo/white rice boiled_2.jpg
2Lettuce.jpg,lettuce,2077995,1.0526690391459075,198.8835621195752,2.0,/home/aojwang/data/MergeDataset/cropped_images/2Lettuce/lettuce_0.jpg
109BananaPineapple.jpg,ripe banana,4790604,1.6155632984901278,151.49800783645097,2.1,/home/aojwang/data/MergeDataset/cropped_images/109BananaPineapple/ripe banana_0.jpg
109BananaPineapple.jpg,pineapple,922374,1.1412680756395996,158.21423197097923,0.72025,/home/aojwang/data/MergeDataset/cropped_images/109BananaPineapple/pineapple_1.jpg
109BananaPineapple.jpg,pineapple,2883135,2.404566210045662,149.49896888861142,0.72025,/home/aojwang/data/MergeDataset/cropped_images/109BananaPineapple/pineapple_2.jpg
460GrapesLettuce.jpg,lettuce,3058573,1.9481245011971269,166.2514024241588,0.6,/home/aojwang/data/MergeDataset/cropped_images/460GrapesLettuce/lettuce_0.jpg
460GrapesLettuce.jpg,red grapes,1768364,1.4694621695533272,93.16280547066856,1.180098,/home/aojwang/data/MergeDataset/cropped_images/460GrapesLettuce/red grapes_1.jpg
1439Githeri.JPG,githeri,1232280,1.2883435582822085,87.24469222362883,3.35,/home/aojwang/data/MergeDataset/cropped_images/1439Githeri/githeri_0.jpg
1178MincedMeatCabbageWhiteRice.JPG,mincemeat,1928394,1.6969981238273921,117.08472300439294,27.7,/home/aojwang/data/MergeDataset/cropped_images/1178MincedMeatCabbageWhiteRice/mincemeat_0.jpg
1178MincedMeatCabbageWhiteRice.JPG,green cabbage cooked,1506250,1.037344398340249,168.53722423236513,1.2,/home/aojwang/data/MergeDataset/cropped_images/1178MincedMeatCabbageWhiteRice/green cabbage cooked_1.jpg
1178MincedMeatCabbageWhiteRice.JPG,white rice boiled,1291842,1.2465618860510805,202.76482805172768,2.6,/home/aojwang/data/MergeDataset/cropped_images/1178MincedMeatCabbageWhiteRice/white rice boiled_2.jpg
1169PlantainsChickendrumstick.jpg,chicken drumstick,1216584,2.2704918032786887,78.01522076020508,55.19,/home/aojwang/data/MergeDataset/cropped_images/1169PlantainsChickendrumstick/chicken drumstick_0.jpg
1169PlantainsChickendrumstick.jpg,plantain,1954442,1.8822374877330716,101.44414330705814,1.95,/home/aojwang/data/MergeDataset/cropped_images/1169PlantainsChickendrumstick/plantain_1.jpg
1169PlantainsChickendrumstick.jpg,chicken drumstick,1022448,0.5014005602240896,86.41342836017088,55.19,/home/aojwang/data/MergeDataset/cropped_images/1169PlantainsChickendrumstick/chicken drumstick_2.jpg
1PastaChickenBroccoli.jpg,chicken,714038,1.2559681697612732,144.52486749071244,0.0,/home/aojwang/data/MergeDataset/cropped_images/1PastaChickenBroccoli/chicken_0.jpg
1PastaChickenBroccoli.jpg,broccoli,1440040,1.3416988416988418,130.74972222993804,8.0,/home/aojwang/data/MergeDataset/cropped_images/1PastaChickenBroccoli/broccoli_1.jpg
1PastaChickenBroccoli.jpg,pasta,750175,0.8767567567567568,152.0620250830362,23.0,/home/aojwang/data/MergeDataset/cropped_images/1PastaChickenBroccoli/pasta_2.jpg
377CucumberCarrotsgrated.jpg,cucumber,1497410,1.2534309240622141,130.09166983881056,0.6,/home/aojwang/data/MergeDataset/cropped_images/377CucumberCarrotsgrated/cucumber_0.jpg
377CucumberCarrotsgrated.jpg,carrot,1847286,1.1507498026835044,119.60423237116505,0.7,/home/aojwang/data/MergeDataset/cropped_images/377CucumberCarrotsgrated/carrot_1.jpg
3Strawberry.jpg,strawberry,1972542,1.2543859649122806,144.2176396413021,10.0,/home/aojwang/data/MergeDataset/cropped_images/3Strawberry/strawberry_0.jpg
1501FriedGitheriBeefstewCabbage.JPG,githeri,3252928,1.1308962264150944,106.95840844515054,13.8,/home/aojwang/data/MergeDataset/cropped_images/1501FriedGitheriBeefstewCabbage/githeri_0.jpg
1501FriedGitheriBeefstewCabbage.JPG,green cabbage cooked,2919160,1.6354790419161678,138.47038600145248,1.65,/home/aojwang/data/MergeDataset/cropped_images/1501FriedGitheriBeefstewCabbage/green cabbage cooked_1.jpg
1501FriedGitheriBeefstewCabbage.JPG,beef stew,3751869,1.0103788271925271,98.60859889653219,35.4,/home/aojwang/data/MergeDataset/cropped_images/1501FriedGitheriBeefstewCabbage/beef stew_2.jpg
1608BrownUgali1CupCabbage.JPG,green cabbage cooked,4599000,1.3808219178082193,151.4076652170762,2.4,/home/aojwang/data/MergeDataset/cropped_images/1608BrownUgali1CupCabbage/green cabbage cooked_0.jpg
1608BrownUgali1CupCabbage.JPG,brown ugali,1110907,0.9943235572374646,101.77113295712422,2.9,/home/aojwang/data/MergeDataset/cropped_images/1608BrownUgali1CupCabbage/brown ugali_1.jpg
2RiceBChicken.jpg,chicken,994568,1.4648058252427185,154.5633571560718,0.0,/home/aojwang/data/MergeDataset/cropped_images/2RiceBChicken/chicken_0.jpg
2RiceBChicken.jpg,brown rice boiled,1620822,1.4899328859060403,176.58030842786357,49.0,/home/aojwang/data/MergeDataset/cropped_images/2RiceBChicken/brown rice boiled_1.jpg
2Ndengu.jpg,ndengu,1679150,1.4530232558139535,151.45107544491756,18.0,/home/aojwang/data/MergeDataset/cropped_images/2Ndengu/ndengu_0.jpg
409BananaCarrots.jpg,carrot,6236626,1.3281033687125057,120.6681498938689,3.15,/home/aojwang/data/MergeDataset/cropped_images/409BananaCarrots/carrot_0.jpg
592ButterBeans.jpg,butternut beans,4732522,1.1119728550654386,124.25017626260727,13.86,/home/aojwang/data/MergeDataset/cropped_images/592ButterBeans/butternut beans_0.jpg
266Carrots.jpg,carrot,4688695,1.4584495259341885,130.7222950806852,3.5,/home/aojwang/data/MergeDataset/cropped_images/266Carrots/carrot_0.jpg
3RiceWChickenMakhni.jpg,white rice boiled,1592000,1.6080402010050252,196.0874386515913,127.0,/home/aojwang/data/MergeDataset/cropped_images/3RiceWChickenMakhni/white rice boiled_0.jpg
3RiceWChickenMakhni.jpg,chicken makhni,791824,1.1833740831295843,156.46051184775067,58.0,/home/aojwang/data/MergeDataset/cropped_images/3RiceWChickenMakhni/chicken makhni_1.jpg
1PotatoAvocadoLettuce.jpg,potato chips,688800,1.8211382113821137,153.2283275261324,8.0,/home/aojwang/data/MergeDataset/cropped_images/1PotatoAvocadoLettuce/potato chips_0.jpg
1PotatoAvocadoLettuce.jpg,avocado,614208,0.7352297592997812,142.94125280035428,0.0,/home/aojwang/data/MergeDataset/cropped_images/1PotatoAvocadoLettuce/avocado_1.jpg
1PotatoAvocadoLettuce.jpg,lettuce,1842360,1.3209144792548688,154.40299163391882,2.0,/home/aojwang/data/MergeDataset/cropped_images/1PotatoAvocadoLettuce/lettuce_2.jpg
785BrownRicethirdcupMonkeynutsquotercup.jpg,brown rice boiled,1497485,1.3712918660287081,144.1026314120008,5.6,/home/aojwang/data/MergeDataset/cropped_images/785BrownRicethirdcupMonkeynutsquotercup/brown rice boiled_0.jpg
785BrownRicethirdcupMonkeynutsquotercup.jpg,monkeynut beans,1663074,1.1903553299492386,110.87566778948703,4.29,/home/aojwang/data/MergeDataset/cropped_images/785BrownRicethirdcupMonkeynutsquotercup/monkeynut beans_1.jpg
1RiceWBeanTerere.jpg,terere,737520,1.0452380952380953,91.44958780778826,1.0,/home/aojwang/data/MergeDataset/cropped_images/1RiceWBeanTerere/terere_0.jpg
1RiceWBeanTerere.jpg,white rice boiled,795728,1.8490853658536586,176.35262761479635,28.0,/home/aojwang/data/MergeDataset/cropped_images/1RiceWBeanTerere/white rice boiled_1.jpg
1RiceWBeanTerere.jpg,rosecoco,943418,1.2966002344665886,115.35984650140941,49.0,/home/aojwang/data/MergeDataset/cropped_images/1RiceWBeanTerere/rosecoco_2.jpg
1079BeefChops.jpg,beef roast,5516910,1.2690647482014388,89.51197421503463,118.83,/home/aojwang/data/MergeDataset/cropped_images/1079BeefChops/beef roast_0.jpg
1Coconut.jpg,coconut,1004950,1.015075376884422,197.7837759755875,10.0,/home/aojwang/data/MergeDataset/cropped_images/1Coconut/coconut_0.jpg
1Coconut.jpg,coconut,695544,0.906392694063927,193.11609617795568,10.0,/home/aojwang/data/MergeDataset/cropped_images/1Coconut/coconut_1.jpg
349OnionsCarrots.jpg,onions,3133548,1.0385722510074842,164.89637805665228,3.75,/home/aojwang/data/MergeDataset/cropped_images/349OnionsCarrots/onions_0.jpg
821WhiteChapati2EggyolkBeans.jpg,white chapati,4109336,0.8840445269016698,151.83204099153733,24.57,/home/aojwang/data/MergeDataset/cropped_images/821WhiteChapati2EggyolkBeans/white chapati_1.jpg
1531Njahi.JPG,black beans,4564014,1.2265422498703993,116.36069776882076,33.25,/home/aojwang/data/MergeDataset/cropped_images/1531Njahi/black beans_0.jpg
1WaterTonic.jpg,water tonic,329868,1.0481283422459893,211.43136951750398,0.0,/home/aojwang/data/MergeDataset/cropped_images/1WaterTonic/water tonic_0.jpg
657SweetPotatowhole.jpg,sweet potato,2034272,1.3940397350993377,151.92224622207192,3.87,/home/aojwang/data/MergeDataset/cropped_images/657SweetPotatowhole/sweet potato_0.jpg
1274MincedMeatGreenGramsCabbage.JPG,ndengu,2805593,1.215931533903884,116.47942282908937,15.0,/home/aojwang/data/MergeDataset/cropped_images/1274MincedMeatGreenGramsCabbage/ndengu_0.jpg
1274MincedMeatGreenGramsCabbage.JPG,green cabbage cooked,2250675,0.9073015873015873,171.51023241175795,3.0,/home/aojwang/data/MergeDataset/cropped_images/1274MincedMeatGreenGramsCabbage/green cabbage cooked_1.jpg
1274MincedMeatGreenGramsCabbage.JPG,mincemeat,1601600,1.5984015984015985,126.31831564269065,69.25,/home/aojwang/data/MergeDataset/cropped_images/1274MincedMeatGreenGramsCabbage/mincemeat_2.jpg
147ApplePineapple.jpg,apple,2260440,1.213186813186813,136.5201121610542,0.6,/home/aojwang/data/MergeDataset/cropped_images/147ApplePineapple/apple_0.jpg
147ApplePineapple.jpg,pineapple,1580013,0.9904988123515439,153.0477027720658,0.960343,/home/aojwang/data/MergeDataset/cropped_images/147ApplePineapple/pineapple_1.jpg
147ApplePineapple.jpg,apple,192402,1.3465608465608465,127.91702615703926,0.6,/home/aojwang/data/MergeDataset/cropped_images/147ApplePineapple/apple_2.jpg
851WhiteChapati3MonkeynutBeans.jpg,monkeynut beans,777116,1.6228323699421965,76.34252544021741,3.9,/home/aojwang/data/MergeDataset/cropped_images/851WhiteChapati3MonkeynutBeans/monkeynut beans_0.jpg
548Pigeonpea.jpg,mbaazi,5716150,1.3086124401913874,158.6663588837475,8.55,/home/aojwang/data/MergeDataset/cropped_images/548Pigeonpea/mbaazi_0.jpg
3Bacon.jpg,bacon,2975940,1.3494949494949495,171.50256255166434,0.0,/home/aojwang/data/MergeDataset/cropped_images/3Bacon/bacon_0.jpg
199AvocadoPineapple.jpg,avocado,1715604,1.0670347003154574,141.97346318458884,1.6,/home/aojwang/data/MergeDataset/cropped_images/199AvocadoPineapple/avocado_0.jpg
199AvocadoPineapple.jpg,pineapple,1589454,0.8568281938325991,175.4792056475578,0.48017,/home/aojwang/data/MergeDataset/cropped_images/199AvocadoPineapple/pineapple_1.jpg
3Butter.jpg,butter,1018710,1.1407407407407408,190.9355501892917,0.0,/home/aojwang/data/MergeDataset/cropped_images/3Butter/butter_0.jpg
1PotatoBacon.jpg,bacon,807070,2.2049586776859504,153.80222946378052,0.0,/home/aojwang/data/MergeDataset/cropped_images/1PotatoBacon/bacon_0.jpg
1PotatoBacon.jpg,potato chips,248522,2.536741214057508,157.90709876791593,8.0,/home/aojwang/data/MergeDataset/cropped_images/1PotatoBacon/potato chips_1.jpg
1071Beefstew.jpg,beef stew,6094936,1.2789738891433806,119.53492473095697,79.65,/home/aojwang/data/MergeDataset/cropped_images/1071Beefstew/beef stew_0.jpg
1305BeefSamosa.JPG,samosa,8718643,1.418717224687374,161.74183023665495,61.596,/home/aojwang/data/MergeDataset/cropped_images/1305BeefSamosa/samosa_0.jpg
1174MincedMeatCabbageWhiteRice.JPG,green cabbage cooked,1616602,0.983619344773791,158.09421242829094,1.8,/home/aojwang/data/MergeDataset/cropped_images/1174MincedMeatCabbageWhiteRice/green cabbage cooked_0.jpg
1174MincedMeatCabbageWhiteRice.JPG,white rice boiled,3327370,1.5760495526496903,190.03034789237947,5.2,/home/aojwang/data/MergeDataset/cropped_images/1174MincedMeatCabbageWhiteRice/white rice boiled_1.jpg
1174MincedMeatCabbageWhiteRice.JPG,mincemeat,2129243,1.4235486508585447,119.70600349513889,55.4,/home/aojwang/data/MergeDataset/cropped_images/1174MincedMeatCabbageWhiteRice/mincemeat_2.jpg
1242MincedMeatButterBeansSpinach.JPG,mincemeat,2995776,1.3566621803499328,101.93773955952203,83.1,/home/aojwang/data/MergeDataset/cropped_images/1242MincedMeatButterBeansSpinach/mincemeat_0.jpg
852WhiteChapati1MonkeynutBeans.jpg,white chapati,2837175,1.3971929824561404,120.94955298844802,11.31,/home/aojwang/data/MergeDataset/cropped_images/852WhiteChapati1MonkeynutBeans/white chapati_0.jpg
1RiceWButternutSpinach.jpg,butternut beans,1332687,1.5711183496199783,137.93764427306138,43.0,/home/aojwang/data/MergeDataset/cropped_images/1RiceWButternutSpinach/butternut beans_0.jpg
1RiceWButternutSpinach.jpg,white rice boiled,389181,1.1294718909710393,176.6113547852199,14.0,/home/aojwang/data/MergeDataset/cropped_images/1RiceWButternutSpinach/white rice boiled_1.jpg
1RiceWButternutSpinach.jpg,spinach cooked,445776,1.7689243027888446,89.43975972984937,1.0,/home/aojwang/data/MergeDataset/cropped_images/1RiceWButternutSpinach/spinach cooked_2.jpg
2SconesSausage.jpg,hotdog,1690740,1.150990099009901,140.19279427942794,51.0,/home/aojwang/data/MergeDataset/cropped_images/2SconesSausage/hotdog_0.jpg
291Lettuceshreded.jpg,lettuce,4618202,1.4875141884222474,158.50762656115953,4.8,/home/aojwang/data/MergeDataset/cropped_images/291Lettuceshreded/lettuce_0.jpg
1086Chickendrumstick.jpg,chicken drumstick,9589113,1.3582988332706059,141.65251780847717,121.83,/home/aojwang/data/MergeDataset/cropped_images/1086Chickendrumstick/chicken drumstick_0.jpg
2TreeTomato.jpg,tree tomato,798171,1.469470827679783,114.54308245559744,7.0,/home/aojwang/data/MergeDataset/cropped_images/2TreeTomato/tree tomato_0.jpg
1158MincedMeatKalesPasta.JPG,sukumawiki,1739304,0.8529411764705882,80.28502224644647,3.0,/home/aojwang/data/MergeDataset/cropped_images/1158MincedMeatKalesPasta/sukumawiki_0.jpg
1726GitheriWhiteChapati.JPG,githeri,2658292,0.8760045924225028,101.50302437304354,16.75,/home/aojwang/data/MergeDataset/cropped_images/1726GitheriWhiteChapati/githeri_0.jpg
1726GitheriWhiteChapati.JPG,white chapati,2798070,1.196860693263571,145.93397782519142,12.75,/home/aojwang/data/MergeDataset/cropped_images/1726GitheriWhiteChapati/white chapati_1.jpg
398BananaCabbage.jpg,ripe banana,3753960,0.789908256880734,127.81540533196944,5.012,/home/aojwang/data/MergeDataset/cropped_images/398BananaCabbage/ripe banana_0.jpg
398BananaCabbage.jpg,green cabbage,5705424,1.1210106382978724,175.0713502332751,4.4,/home/aojwang/data/MergeDataset/cropped_images/398BananaCabbage/green cabbage_1.jpg
1149Boiledcorn.jpg,boiled yellow maize,2345427,1.5278450363196125,149.00973141919715,6.0,/home/aojwang/data/MergeDataset/cropped_images/1149Boiledcorn/boiled yellow maize_0.jpg
492PineappleRedCabbageShreddedCarrots.jpg,pineapple,951230,1.2035995500562429,121.47978617158836,0.2400861,/home/aojwang/data/MergeDataset/cropped_images/492PineappleRedCabbageShreddedCarrots/pineapple_0.jpg
492PineappleRedCabbageShreddedCarrots.jpg,red cabbage,1851500,1.4,84.52366747682059,0.65,/home/aojwang/data/MergeDataset/cropped_images/492PineappleRedCabbageShreddedCarrots/red cabbage_1.jpg
562WhiteRice.jpg,white rice boiled,1222610,1.1524271844660194,156.91984961135057,1.2,/home/aojwang/data/MergeDataset/cropped_images/562WhiteRice/white rice boiled_0.jpg
1558UgaliBrown1Cup.JPG,brown ugali,2065350,0.95578231292517,85.20239394452918,2.9,/home/aojwang/data/MergeDataset/cropped_images/1558UgaliBrown1Cup/brown ugali_0.jpg
634BrownRice.jpg,brown rice boiled,4006688,1.3294930875576036,124.83723971852396,16.0,/home/aojwang/data/MergeDataset/cropped_images/634BrownRice/brown rice boiled_0.jpg
774BrownRiceMonkeynuts.jpg,brown rice boiled,2164964,1.4356677524429968,159.49116844437137,8.0,/home/aojwang/data/MergeDataset/cropped_images/774BrownRiceMonkeynuts/brown rice boiled_0.jpg
774BrownRiceMonkeynuts.jpg,monkeynut beans,1425720,1.875,118.25858934433128,3.9,/home/aojwang/data/MergeDataset/cropped_images/774BrownRiceMonkeynuts/monkeynut beans_1.jpg
1511FriedGitheriWhiteRice.JPG,githeri,3538500,1.1554285714285715,115.74582921200133,13.8,/home/aojwang/data/MergeDataset/cropped_images/1511FriedGitheriWhiteRice/githeri_0.jpg
1511FriedGitheriWhiteRice.JPG,white rice boiled,4236894,1.51194743130227,151.32908045374748,3.6,/home/aojwang/data/MergeDataset/cropped_images/1511FriedGitheriWhiteRice/white rice boiled_1.jpg
1449Githeri1Cup.JPG,githeri,4992800,1.28,86.3771247930353,13.266,/home/aojwang/data/MergeDataset/cropped_images/1449Githeri1Cup/githeri_0.jpg
1551NjahiWhiteRiceSpinach.JPG,white rice boiled,4446437,1.036697247706422,160.8256124323063,3.6,/home/aojwang/data/MergeDataset/cropped_images/1551NjahiWhiteRiceSpinach/white rice boiled_0.jpg
1551NjahiWhiteRiceSpinach.JPG,black beans,2734200,1.7222222222222223,108.52869078097189,9.5,/home/aojwang/data/MergeDataset/cropped_images/1551NjahiWhiteRiceSpinach/black beans_1.jpg
1551NjahiWhiteRiceSpinach.JPG,spinach cooked,2429744,1.158839779005525,89.43645366205932,2.91,/home/aojwang/data/MergeDataset/cropped_images/1551NjahiWhiteRiceSpinach/spinach cooked_2.jpg
1185MincedMeatCabbageBrownRice.JPG,mincemeat,2004402,0.9377564979480164,106.05854680514854,41.55,/home/aojwang/data/MergeDataset/cropped_images/1185MincedMeatCabbageBrownRice/mincemeat_0.jpg
1185MincedMeatCabbageBrownRice.JPG,green cabbage cooked,1737015,1.531455399061033,153.22976907702773,1.2,/home/aojwang/data/MergeDataset/cropped_images/1185MincedMeatCabbageBrownRice/green cabbage cooked_1.jpg
1185MincedMeatCabbageBrownRice.JPG,brown rice boiled,1838382,1.1326530612244898,149.8788951371369,12.0,/home/aojwang/data/MergeDataset/cropped_images/1185MincedMeatCabbageBrownRice/brown rice boiled_2.jpg
3Kamande.jpg,kamande,2798250,1.3588850174216027,145.00445397421007,60.0,/home/aojwang/data/MergeDataset/cropped_images/3Kamande/kamande_0.jpg
1288BeefstewSpaghettiSpinach.JPG,spinach cooked,1537070,1.2842778793418648,74.38834709327921,1.1,/home/aojwang/data/MergeDataset/cropped_images/1288BeefstewSpaghettiSpinach/spinach cooked_1.jpg
1288BeefstewSpaghettiSpinach.JPG,spaghetti,1460256,1.10801393728223,167.34529424977538,2.2,/home/aojwang/data/MergeDataset/cropped_images/1288BeefstewSpaghettiSpinach/spaghetti_2.jpg
1751WhiteRiceWhiteChapatihalfBeefstew.JPG,white rice boiled,2620926,1.5971896955503513,182.5790767588758,4.8,/home/aojwang/data/MergeDataset/cropped_images/1751WhiteRiceWhiteChapatihalfBeefstew/white rice boiled_0.jpg
1751WhiteRiceWhiteChapatihalfBeefstew.JPG,beef stew,1961353,0.887020847343645,94.30125445716979,35.4,/home/aojwang/data/MergeDataset/cropped_images/1751WhiteRiceWhiteChapatihalfBeefstew/beef stew_1.jpg
858WhiteChapati1MonkeynutBeans.jpg,white chapati,2847516,1.2228047182175623,129.62913418806662,11.31,/home/aojwang/data/MergeDataset/cropped_images/858WhiteChapati1MonkeynutBeans/white chapati_0.jpg
858WhiteChapati1MonkeynutBeans.jpg,monkeynut beans,2679376,1.547112462006079,81.35982693980489,23.4,/home/aojwang/data/MergeDataset/cropped_images/858WhiteChapati1MonkeynutBeans/monkeynut beans_1.jpg
834WhiteChapati1ButterBeans(2).jpg,white chapati,2654456,1.1829105473965287,121.33254535015837,11.31,/home/aojwang/data/MergeDataset/cropped_images/834WhiteChapati1ButterBeans(2)/white chapati_0.jpg
834WhiteChapati1ButterBeans(2).jpg,butternut beans,2107890,1.3151658767772512,122.44653848160956,4.62,/home/aojwang/data/MergeDataset/cropped_images/834WhiteChapati1ButterBeans(2)/butternut beans_1.jpg
259Carrotshalfcupcut.jpg,carrot,2169720,1.4341463414634146,120.61619486999858,0.7,/home/aojwang/data/MergeDataset/cropped_images/259Carrotshalfcupcut/carrot_0.jpg
3SoyaBeans.jpg,soya beans,2205768,1.391580619539317,148.7567859962305,14.0,/home/aojwang/data/MergeDataset/cropped_images/3SoyaBeans/soya beans_0.jpg
700WhiteRicePigeonpea.jpg,white rice boiled,3022908,1.3726415094339623,174.98582567955535,7.2,/home/aojwang/data/MergeDataset/cropped_images/700WhiteRicePigeonpea/white rice boiled_0.jpg
700WhiteRicePigeonpea.jpg,mbaazi,1984905,1.7901234567901234,120.98806643139092,5.7,/home/aojwang/data/MergeDataset/cropped_images/700WhiteRicePigeonpea/mbaazi_1.jpg
435MangoCarrots.jpg,carrot,4269674,1.2638737758433078,111.75546111170705,1.4,/home/aojwang/data/MergeDataset/cropped_images/435MangoCarrots/carrot_0.jpg
435MangoCarrots.jpg,mango,790400,1.235,113.84785931174089,0.82,/home/aojwang/data/MergeDataset/cropped_images/435MangoCarrots/mango_1.jpg
435MangoCarrots.jpg,mango,604800,0.945,111.91890432098765,0.82,/home/aojwang/data/MergeDataset/cropped_images/435MangoCarrots/mango_2.jpg
1CabbageRed.jpg,red cabbage cooked,1629634,1.2495621716287215,142.44788216249785,4.0,/home/aojwang/data/MergeDataset/cropped_images/1CabbageRed/red cabbage cooked_0.jpg
640BrownRice.jpg,brown rice boiled,5546750,1.3634110064452156,136.9709224320548,40.0,/home/aojwang/data/MergeDataset/cropped_images/640BrownRice/brown rice boiled_0.jpg
1615SpaghettiNjahi.JPG,black beans,3030120,0.9650112866817155,104.53669590643275,9.5,/home/aojwang/data/MergeDataset/cropped_images/1615SpaghettiNjahi/black beans_0.jpg
1615SpaghettiNjahi.JPG,spaghetti,3320040,1.08162100456621,159.4267006823211,6.6,/home/aojwang/data/MergeDataset/cropped_images/1615SpaghettiNjahi/spaghetti_1.jpg
1PotatoPorkCarrot.jpg,carrot,697500,1.24,143.19930704898448,4.0,/home/aojwang/data/MergeDataset/cropped_images/1PotatoPorkCarrot/carrot_1.jpg
5Watermelon.jpg,water melon,1996192,1.4409515717926933,105.03259622988837,0.3,/home/aojwang/data/MergeDataset/cropped_images/5Watermelon/water melon_0.jpg
1RiceBLiverVeg.jpg,liver fry,932168,1.2259174311926606,106.32338627085818,1.0,/home/aojwang/data/MergeDataset/cropped_images/1RiceBLiverVeg/liver fry_0.jpg
1RiceBLiverVeg.jpg,brown rice boiled,884317,0.6583261432269197,189.65421562629692,49.0,/home/aojwang/data/MergeDataset/cropped_images/1RiceBLiverVeg/brown rice boiled_1.jpg
1RiceBLiverVeg.jpg,terere,769966,1.4291553133514987,98.2587477888634,3.0,/home/aojwang/data/MergeDataset/cropped_images/1RiceBLiverVeg/terere_2.jpg
314CabbageTomato.jpg,green cabbage,1019096,1.1150627615062763,199.4071935650158,0.55,/home/aojwang/data/MergeDataset/cropped_images/314CabbageTomato/green cabbage_0.jpg
314CabbageTomato.jpg,tomato,831068,1.0586907449209932,116.87334770841055,0.5,/home/aojwang/data/MergeDataset/cropped_images/314CabbageTomato/tomato_1.jpg
651Arrowroots.jpg,arrowroots,1446250,1.08038029386344,181.63352324978393,3.2,/home/aojwang/data/MergeDataset/cropped_images/651Arrowroots/arrowroots_0.jpg
1484FriedGitheriBeefstew.JPG,githeri,1850012,1.1506309148264984,84.9719823438983,6.9,/home/aojwang/data/MergeDataset/cropped_images/1484FriedGitheriBeefstew/githeri_0.jpg
1484FriedGitheriBeefstew.JPG,beef stew,1099352,0.9990467111534795,70.60451156681391,8.85,/home/aojwang/data/MergeDataset/cropped_images/1484FriedGitheriBeefstew/beef stew_1.jpg
177WatermelonBanana.jpg,water melon,2137443,1.001368925393566,102.30526412478211,1.2,/home/aojwang/data/MergeDataset/cropped_images/177WatermelonBanana/water melon_0.jpg
177WatermelonBanana.jpg,ripe banana,2894532,1.2762284196547145,161.5274325291043,2.8,/home/aojwang/data/MergeDataset/cropped_images/177WatermelonBanana/ripe banana_1.jpg
1146MincedMeatBrownChapati1andhalfKales.jpg,sukumawiki,1144600,1.2164948453608246,63.79375036402819,2.0,/home/aojwang/data/MergeDataset/cropped_images/1146MincedMeatBrownChapati1andhalfKales/sukumawiki_0.jpg
1146MincedMeatBrownChapati1andhalfKales.jpg,mincemeat,1285070,1.122429906542056,100.56904500662739,41.55,/home/aojwang/data/MergeDataset/cropped_images/1146MincedMeatBrownChapati1andhalfKales/mincemeat_1.jpg
106PineapplePawpaw.jpg,pineapple,2393764,0.9601013299556681,126.51762997521894,0.48017,/home/aojwang/data/MergeDataset/cropped_images/106PineapplePawpaw/pineapple_0.jpg
106PineapplePawpaw.jpg,pawpaw,2481320,0.9225609756097561,107.07968325998527,0.470898,/home/aojwang/data/MergeDataset/cropped_images/106PineapplePawpaw/pawpaw_1.jpg
1265MincedMeatGreenBeansCabbage.JPG,green beans,2898805,1.5111913357400721,104.93034175576948,5.4,/home/aojwang/data/MergeDataset/cropped_images/1265MincedMeatGreenBeansCabbage/green beans_0.jpg
1265MincedMeatGreenBeansCabbage.JPG,green cabbage cooked,2044800,1.2519561815336464,173.8260610654669,3.0,/home/aojwang/data/MergeDataset/cropped_images/1265MincedMeatGreenBeansCabbage/green cabbage cooked_1.jpg
1265MincedMeatGreenBeansCabbage.JPG,mincemeat,2255940,0.9894039735099338,118.75100593691913,83.1,/home/aojwang/data/MergeDataset/cropped_images/1265MincedMeatGreenBeansCabbage/mincemeat_2.jpg
537Lentils(2).jpg,kamande,4502289,1.5095541401273886,167.73653601534687,21.4,/home/aojwang/data/MergeDataset/cropped_images/537Lentils(2)/kamande_0.jpg
740WhiteRiceButterBeans.jpg,white rice boiled,2592910,1.414327917282127,160.00278284501454,7.2,/home/aojwang/data/MergeDataset/cropped_images/740WhiteRiceButterBeans/white rice boiled_0.jpg
740WhiteRiceButterBeans.jpg,butternut beans,3599410,1.9289897510980967,118.10121973693838,9.24,/home/aojwang/data/MergeDataset/cropped_images/740WhiteRiceButterBeans/butternut beans_1.jpg
3UgaliWOmena.jpg,omena,1104987,1.157625383828045,142.7582535661807,0.0,/home/aojwang/data/MergeDataset/cropped_images/3UgaliWOmena/omena_0.jpg
3UgaliWOmena.jpg,white ugali,1276803,0.6217725052337753,185.3692657885881,131.0,/home/aojwang/data/MergeDataset/cropped_images/3UgaliWOmena/white ugali_1.jpg
268Carrotsgratedhalfcup.jpg,carrot,2289293,1.311884935654807,139.4511033173415,0.84,/home/aojwang/data/MergeDataset/cropped_images/268Carrotsgratedhalfcup/carrot_0.jpg
2RiceWMeatballs.jpg,meatballs,670565,1.0347826086956522,166.49861037582735,24.0,/home/aojwang/data/MergeDataset/cropped_images/2RiceWMeatballs/meatballs_0.jpg
2RiceWMeatballs.jpg,white rice boiled,938540,2.1032934131736525,208.61002905221585,42.0,/home/aojwang/data/MergeDataset/cropped_images/2RiceWMeatballs/white rice boiled_1.jpg
1AvocadoCabbage.jpg,avocado green cabbage,2191488,1.4070512820512822,193.64945918024648,1.0,/home/aojwang/data/MergeDataset/cropped_images/1AvocadoCabbage/avocado green cabbage_0.jpg
1671WholeFishKachumbarihalfCupChips.JPG,kachumbari,2135703,1.2091798344620015,112.12447095874286,1.43,/home/aojwang/data/MergeDataset/cropped_images/1671WholeFishKachumbarihalfCupChips/kachumbari_0.jpg
1671WholeFishKachumbarihalfCupChips.JPG,potato chips,2637675,1.2989473684210526,175.4221338868511,7.2,/home/aojwang/data/MergeDataset/cropped_images/1671WholeFishKachumbarihalfCupChips/potato chips_1.jpg
833WhiteChapatihalfButterBeans.jpg,butternut beans,2217706,1.306216423637759,117.64182583263967,4.62,/home/aojwang/data/MergeDataset/cropped_images/833WhiteChapatihalfButterBeans/butternut beans_0.jpg
2RedGreenYellowCapsicum.jpg,red green yellow bell pepper,2973749,1.456263121063681,161.1731896897373,6.0,/home/aojwang/data/MergeDataset/cropped_images/2RedGreenYellowCapsicum/red green yellow bell pepper_0.jpg
1316BeefstewPastaSpinach.JPG,spinach cooked,2505696,1.3234011627906976,76.16353393760988,2.91,/home/aojwang/data/MergeDataset/cropped_images/1316BeefstewPastaSpinach/spinach cooked_0.jpg
529Greengrams.jpg,ndengu,6028555,1.34261444077395,147.3005426120632,16.65,/home/aojwang/data/MergeDataset/cropped_images/529Greengrams/ndengu_0.jpg
751WhiteRice1cupButterBeanshalfcup.jpg,white rice boiled,1568320,1.1655172413793105,148.57042036489153,4.8,/home/aojwang/data/MergeDataset/cropped_images/751WhiteRice1cupButterBeanshalfcup/white rice boiled_0.jpg
751WhiteRice1cupButterBeanshalfcup.jpg,butternut beans,3015190,1.476557032890133,124.92709480994564,6.006,/home/aojwang/data/MergeDataset/cropped_images/751WhiteRice1cupButterBeanshalfcup/butternut beans_1.jpg
248Tomatohalfcup.jpg,tomato,2646795,1.6804780876494023,146.58926701916846,1.2,/home/aojwang/data/MergeDataset/cropped_images/248Tomatohalfcup/tomato_0.jpg
1495FriedGitheriBeefstewCabbage.JPG,green cabbage cooked,2503420,1.5818759936406994,115.6346198400588,0.55,/home/aojwang/data/MergeDataset/cropped_images/1495FriedGitheriBeefstewCabbage/green cabbage cooked_0.jpg
1495FriedGitheriBeefstewCabbage.JPG,githeri,1345776,1.1041666666666667,113.95700795179386,6.9,/home/aojwang/data/MergeDataset/cropped_images/1495FriedGitheriBeefstewCabbage/githeri_1.jpg
1495FriedGitheriBeefstewCabbage.JPG,beef stew,1701001,1.2929380993897124,100.06264095866689,17.7,/home/aojwang/data/MergeDataset/cropped_images/1495FriedGitheriBeefstewCabbage/beef stew_2.jpg
2BlackBeans.jpg,black beans,1564799,1.272317403065825,134.6021203575241,48.0,/home/aojwang/data/MergeDataset/cropped_images/2BlackBeans/black beans_0.jpg
1631WholeFishWhiteUgali1CupKachumbarithirdCup.JPG,kachumbari,2270856,1.6420068027210883,113.73604417599942,0.92,/home/aojwang/data/MergeDataset/cropped_images/1631WholeFishWhiteUgali1CupKachumbarithirdCup/kachumbari_0.jpg
1631WholeFishWhiteUgali1CupKachumbarithirdCup.JPG,white ugali,1632260,1.0513643659711076,178.695528081719,9.14,/home/aojwang/data/MergeDataset/cropped_images/1631WholeFishWhiteUgali1CupKachumbarithirdCup/white ugali_1.jpg
3RiceWLamb.jpg,lamb stew,802602,1.250936329588015,149.03427643256973,9.0,/home/aojwang/data/MergeDataset/cropped_images/3RiceWLamb/lamb stew_0.jpg
3RiceWLamb.jpg,white rice boiled,1586268,1.0135891286970424,211.13126785637735,127.0,/home/aojwang/data/MergeDataset/cropped_images/3RiceWLamb/white rice boiled_1.jpg
809BrownRicehalfcupEggyolkBeanshalfcup.jpg,brown rice boiled,1705680,1.3994565217391304,128.1629316948861,9.6,/home/aojwang/data/MergeDataset/cropped_images/809BrownRicehalfcupEggyolkBeanshalfcup/brown rice boiled_0.jpg
1112PlantainsFriedEggs.jpg,egg fry,2965078,0.7457372116349047,152.42055520967745,10.1,/home/aojwang/data/MergeDataset/cropped_images/1112PlantainsFriedEggs/egg fry_0.jpg
1112PlantainsFriedEggs.jpg,plantain,2702447,0.979530403371463,108.14547790699811,1.95,/home/aojwang/data/MergeDataset/cropped_images/1112PlantainsFriedEggs/plantain_1.jpg
2Cabbagesprout.jpg,cabbage sprout,1624348,1.337568058076225,158.05220946086266,18.0,/home/aojwang/data/MergeDataset/cropped_images/2Cabbagesprout/cabbage sprout_0.jpg
272Carrotsgrated.jpg,carrot,4210426,1.411696583671106,120.84628420022106,2.45,/home/aojwang/data/MergeDataset/cropped_images/272Carrotsgrated/carrot_0.jpg
2TadhikadalNan.jpg,tadhikaldal,796056,1.2163164400494437,153.6548463089699,17.0,/home/aojwang/data/MergeDataset/cropped_images/2TadhikadalNan/tadhikaldal_0.jpg
1485FriedGitheriBeefstew.JPG,githeri,2124493,1.1884816753926701,101.1301413246988,10.35,/home/aojwang/data/MergeDataset/cropped_images/1485FriedGitheriBeefstew/githeri_0.jpg
1485FriedGitheriBeefstew.JPG,beef stew,1813733,1.0393641180923543,81.6265696218793,17.7,/home/aojwang/data/MergeDataset/cropped_images/1485FriedGitheriBeefstew/beef stew_1.jpg
1171PlantainsChickendrumstick.jpg,plantain,2144610,2.0857988165680474,93.4949695593449,2.6,/home/aojwang/data/MergeDataset/cropped_images/1171PlantainsChickendrumstick/plantain_0.jpg
1171PlantainsChickendrumstick.jpg,plantain,315224,1.6812933025404158,72.75410395993536,2.6,/home/aojwang/data/MergeDataset/cropped_images/1171PlantainsChickendrumstick/plantain_1.jpg
1171PlantainsChickendrumstick.jpg,chicken drumstick,1505571,1.8546059933407326,68.09153470676574,82.54,/home/aojwang/data/MergeDataset/cropped_images/1171PlantainsChickendrumstick/chicken drumstick_2.jpg
1171PlantainsChickendrumstick.jpg,plantain,502216,2.6059225512528474,77.5212365462935,2.6,/home/aojwang/data/MergeDataset/cropped_images/1171PlantainsChickendrumstick/plantain_3.jpg
1171PlantainsChickendrumstick.jpg,plantain,339549,2.1328320802005014,77.93546537711298,2.6,/home/aojwang/data/MergeDataset/cropped_images/1171PlantainsChickendrumstick/plantain_4.jpg
1171PlantainsChickendrumstick.jpg,chicken drumstick,1098273,0.5245335176226675,75.62839992120963,82.54,/home/aojwang/data/MergeDataset/cropped_images/1171PlantainsChickendrumstick/chicken drumstick_5.jpg
23Pawpaw.jpg,pawpaw,4990656,1.8737745098039216,139.32043215694824,0.423809,/home/aojwang/data/MergeDataset/cropped_images/23Pawpaw/pawpaw_0.jpg
1353YellowMaizeboiled.JPG,boiled yellow maize,2949198,1.3266264252179745,142.7774745314941,4.74375,/home/aojwang/data/MergeDataset/cropped_images/1353YellowMaizeboiled/boiled yellow maize_0.jpg
903IrishPotato.jpg,irish potato,6533760,1.0796747967479674,115.26709597536487,43.26,/home/aojwang/data/MergeDataset/cropped_images/903IrishPotato/irish potato_0.jpg
717WhiteRiceRoscocoBeans.jpg,white rice boiled,1884672,1.2518337408312958,174.46592970377162,4.8,/home/aojwang/data/MergeDataset/cropped_images/717WhiteRiceRoscocoBeans/white rice boiled_0.jpg
717WhiteRiceRoscocoBeans.jpg,rosecoco,2191761,1.5767599660729432,99.92616485100338,8.67,/home/aojwang/data/MergeDataset/cropped_images/717WhiteRiceRoscocoBeans/rosecoco_1.jpg
422MangoLettuce.jpg,mango,1144320,1.4317673378076063,115.58599313711782,1.312,/home/aojwang/data/MergeDataset/cropped_images/422MangoLettuce/mango_0.jpg
422MangoLettuce.jpg,lettuce,3348644,1.017640573318633,145.12721179080248,0.6,/home/aojwang/data/MergeDataset/cropped_images/422MangoLettuce/lettuce_1.jpg
2Mozzarella.jpg,mozzarella,512644,1.1385991058122205,196.45626594673888,2.0,/home/aojwang/data/MergeDataset/cropped_images/2Mozzarella/mozzarella_0.jpg
1268MincedMeatGreenGramsCabbage.JPG,green cabbage cooked,1846575,1.0842911877394636,173.29095505643332,1.2,/home/aojwang/data/MergeDataset/cropped_images/1268MincedMeatGreenGramsCabbage/green cabbage cooked_0.jpg
1268MincedMeatGreenGramsCabbage.JPG,ndengu,2048888,1.1635267520723436,118.07327617061873,6.0,/home/aojwang/data/MergeDataset/cropped_images/1268MincedMeatGreenGramsCabbage/ndengu_1.jpg
1268MincedMeatGreenGramsCabbage.JPG,mincemeat,1580012,1.512720156555773,123.48045521173258,41.55,/home/aojwang/data/MergeDataset/cropped_images/1268MincedMeatGreenGramsCabbage/mincemeat_2.jpg
1Zucchini.jpg,zucchini,1311744,1.3770491803278688,172.5218708833431,3.0,/home/aojwang/data/MergeDataset/cropped_images/1Zucchini/zucchini_0.jpg
3ButternutSpinach.jpg,butternut spinach,3028870,1.3551839464882942,142.51192050720786,56.0,/home/aojwang/data/MergeDataset/cropped_images/3ButternutSpinach/butternut spinach_0.jpg
2Kitojo.jpg,kitojo,1892488,1.373083475298126,127.73532672333985,2.0,/home/aojwang/data/MergeDataset/cropped_images/2Kitojo/kitojo_0.jpg
3Poppy.jpg,poppy seeds,2336916,1.3680183626625861,105.35493616373032,27.0,/home/aojwang/data/MergeDataset/cropped_images/3Poppy/poppy seeds_0.jpg
206AvocadoBanana.jpg,ripe banana,3545735,1.0669226549643445,181.97143911394016,2.8,/home/aojwang/data/MergeDataset/cropped_images/206AvocadoBanana/ripe banana_0.jpg
206AvocadoBanana.jpg,avocado,3047088,0.831765935214211,145.68895012768476,3.2,/home/aojwang/data/MergeDataset/cropped_images/206AvocadoBanana/avocado_1.jpg
1BreadSausageSpinach.jpg,brown bread,675598,1.2042723631508678,180.49458899128376,13.0,/home/aojwang/data/MergeDataset/cropped_images/1BreadSausageSpinach/brown bread_0.jpg
1BreadSausageSpinach.jpg,spinach cooked,1496480,1.5115577889447236,108.25592991553512,5.0,/home/aojwang/data/MergeDataset/cropped_images/1BreadSausageSpinach/spinach cooked_1.jpg
1BreadSausageSpinach.jpg,sausage,222742,0.5128983308042488,112.28536453235881,6.0,/home/aojwang/data/MergeDataset/cropped_images/1BreadSausageSpinach/sausage_2.jpg
1BreadSausageSpinach.jpg,sausage,284726,1.3111587982832618,120.24498172512052,6.0,/home/aojwang/data/MergeDataset/cropped_images/1BreadSausageSpinach/sausage_3.jpg
982MashedBanana.jpg,boiled mashed banana,1762605,1.6454106280193237,140.6586073832008,1.47,/home/aojwang/data/MergeDataset/cropped_images/982MashedBanana/boiled mashed banana_0.jpg
1517FriedGitheriWhiteRiceCabbage.JPG,green cabbage cooked,2862696,1.3653314917127073,109.11993286514996,0.55,/home/aojwang/data/MergeDataset/cropped_images/1517FriedGitheriWhiteRiceCabbage/green cabbage cooked_0.jpg
1517FriedGitheriWhiteRiceCabbage.JPG,githeri,1574245,1.2220264317180616,106.53969638355741,3.45,/home/aojwang/data/MergeDataset/cropped_images/1517FriedGitheriWhiteRiceCabbage/githeri_1.jpg
1517FriedGitheriWhiteRiceCabbage.JPG,white rice boiled,3162816,1.1875,145.21879637217805,1.2,/home/aojwang/data/MergeDataset/cropped_images/1517FriedGitheriWhiteRiceCabbage/white rice boiled_2.jpg
3Ndengu.jpg,ndengu,3214290,1.3641693811074918,150.51413106264008,27.0,/home/aojwang/data/MergeDataset/cropped_images/3Ndengu/ndengu_0.jpg
113Pawpaw1cup.jpg,pawpaw,2109336,1.8286778398510242,128.44435152420795,0.753439,/home/aojwang/data/MergeDataset/cropped_images/113Pawpaw1cup/pawpaw_0.jpg
337CabbageOnions.jpg,onions,2211076,1.095003518648839,129.8047763472023,2.25,/home/aojwang/data/MergeDataset/cropped_images/337CabbageOnions/onions_0.jpg
337CabbageOnions.jpg,green cabbage,2406222,1.0401051939513477,175.33874014949578,1.65,/home/aojwang/data/MergeDataset/cropped_images/337CabbageOnions/green cabbage_1.jpg
1447Githeri.JPG,githeri,6481490,1.3563586459286368,124.51855884989408,30.15,/home/aojwang/data/MergeDataset/cropped_images/1447Githeri/githeri_0.jpg
324TomatoLettuce.jpg,tomato,1932096,1.0028818443804035,113.71767465660781,2.5,/home/aojwang/data/MergeDataset/cropped_images/324TomatoLettuce/tomato_0.jpg
1Dalmakhni.jpg,dalmakhi,585516,1.1680790960451977,153.89938162805686,14.0,/home/aojwang/data/MergeDataset/cropped_images/1Dalmakhni/dalmakhi_0.jpg
1553NjahiWhiteRiceSpinach.JPG,spinach cooked,3033380,1.1209726443768997,91.98328992740771,3.29,/home/aojwang/data/MergeDataset/cropped_images/1553NjahiWhiteRiceSpinach/spinach cooked_0.jpg
1553NjahiWhiteRiceSpinach.JPG,black beans,2719458,1.5213163799551235,111.9295498098028,19.0,/home/aojwang/data/MergeDataset/cropped_images/1553NjahiWhiteRiceSpinach/black beans_1.jpg
1553NjahiWhiteRiceSpinach.JPG,white rice boiled,4372108,0.9388322520852641,155.1710351162414,3.6,/home/aojwang/data/MergeDataset/cropped_images/1553NjahiWhiteRiceSpinach/white rice boiled_2.jpg
1179BrownChapatiChickendrumstick.jpg,chicken drumstick,713928,1.9569536423841059,110.86567039440018,85.88,/home/aojwang/data/MergeDataset/cropped_images/1179BrownChapatiChickendrumstick/chicken drumstick_0.jpg
393BananaCabbage.jpg,green cabbage,4316160,1.1708333333333334,176.13782150491795,1.65,/home/aojwang/data/MergeDataset/cropped_images/393BananaCabbage/green cabbage_0.jpg
3Peanut.jpg,peanut,2651207,1.320395201129146,158.9257761967788,30.0,/home/aojwang/data/MergeDataset/cropped_images/3Peanut/peanut_0.jpg
593ButterBeans.jpg,butternut beans,6287176,1.326596233348645,117.07722237562089,18.48,/home/aojwang/data/MergeDataset/cropped_images/593ButterBeans/butternut beans_0.jpg
3Kiwi.jpg,kiwi,885020,1.8861313868613139,130.16960595994064,22.0,/home/aojwang/data/MergeDataset/cropped_images/3Kiwi/kiwi_0.jpg
271Carrotsgrated.jpg,carrot,4336392,1.5255041518386714,138.35087425983014,2.1,/home/aojwang/data/MergeDataset/cropped_images/271Carrotsgrated/carrot_0.jpg
887WhiteChapati1Greengrams.jpg,white chapati,2958672,1.828616352201258,140.6844464904074,11.31,/home/aojwang/data/MergeDataset/cropped_images/887WhiteChapati1Greengrams/white chapati_0.jpg
1080BeefChops.jpg,beef roast,6574678,1.4000922934933087,102.94613165846297,185.83,/home/aojwang/data/MergeDataset/cropped_images/1080BeefChops/beef roast_0.jpg
369LettuceCarrotsGrapes.jpg,red grapes,1398558,1.4154929577464788,84.23746029839306,1.180098,/home/aojwang/data/MergeDataset/cropped_images/369LettuceCarrotsGrapes/red grapes_0.jpg
369LettuceCarrotsGrapes.jpg,carrot,1456350,1.3209523809523809,116.75339398725123,0.7,/home/aojwang/data/MergeDataset/cropped_images/369LettuceCarrotsGrapes/carrot_1.jpg
369LettuceCarrotsGrapes.jpg,lettuce,2624175,0.981651376146789,174.4514297509376,1.2,/home/aojwang/data/MergeDataset/cropped_images/369LettuceCarrotsGrapes/lettuce_2.jpg
406BananaCarrots.jpg,carrot,4409465,1.2049137480397283,121.7493881910844,2.1,/home/aojwang/data/MergeDataset/cropped_images/406BananaCarrots/carrot_0.jpg
406BananaCarrots.jpg,ripe banana,3169582,0.9301191765980499,135.39206147687614,4.97,/home/aojwang/data/MergeDataset/cropped_images/406BananaCarrots/ripe banana_1.jpg
238Zucchini.jpg,zucchini,5012865,1.4167995746943116,154.23698922671966,2.7,/home/aojwang/data/MergeDataset/cropped_images/238Zucchini/zucchini_0.jpg
164PineappleMango.jpg,mango,779805,1.8744186046511628,130.16172162698794,0.41,/home/aojwang/data/MergeDataset/cropped_images/164PineappleMango/mango_0.jpg
164PineappleMango.jpg,pineapple,484188,1.8326848249027237,161.22030423444338,0.2400861,/home/aojwang/data/MergeDataset/cropped_images/164PineappleMango/pineapple_1.jpg
1Pawpaw.jpg,pawpaw,1211364,4.280075187969925,155.85941109911363,10.0,/home/aojwang/data/MergeDataset/cropped_images/1Pawpaw/pawpaw_0.jpg
1272MincedMeatGreenGramsCabbage.JPG,ndengu,3161235,1.2090290661719234,114.61162457077693,12.0,/home/aojwang/data/MergeDataset/cropped_images/1272MincedMeatGreenGramsCabbage/ndengu_0.jpg
1272MincedMeatGreenGramsCabbage.JPG,green cabbage cooked,2075372,0.9323056300268097,169.26495041210282,1.8,/home/aojwang/data/MergeDataset/cropped_images/1272MincedMeatGreenGramsCabbage/green cabbage cooked_1.jpg
1272MincedMeatGreenGramsCabbage.JPG,mincemeat,1759232,1.677734375,125.06195752843665,55.4,/home/aojwang/data/MergeDataset/cropped_images/1272MincedMeatGreenGramsCabbage/mincemeat_2.jpg
2ChickenMakhni.jpg,chicken makhni,944423,0.9616548940464178,159.225656300196,32.0,/home/aojwang/data/MergeDataset/cropped_images/2ChickenMakhni/chicken makhni_0.jpg
1140FriedEggs.jpg,egg fry,8944876,1.2651372696502445,158.742263540974,26.3,/home/aojwang/data/MergeDataset/cropped_images/1140FriedEggs/egg fry_0.jpg
1650WholeFishKachumbarithirdCupBrownUgali1Cup.JPG,brown ugali,1674432,1.0030959752321982,109.78045848781358,2.93,/home/aojwang/data/MergeDataset/cropped_images/1650WholeFishKachumbarithirdCupBrownUgali1Cup/brown ugali_0.jpg
1650WholeFishKachumbarithirdCupBrownUgali1Cup.JPG,kachumbari,2103348,1.3227597145122918,102.15421651576439,0.92,/home/aojwang/data/MergeDataset/cropped_images/1650WholeFishKachumbarithirdCupBrownUgali1Cup/kachumbari_1.jpg
1529Njahi.JPG,black beans,5231478,1.2782995551161642,125.22175141836908,23.75,/home/aojwang/data/MergeDataset/cropped_images/1529Njahi/black beans_0.jpg
766BrownRicethirdcupCowpeashalfcup.jpg,cowpeas,2433042,1.2032348804500703,97.62944029189248,114.0,/home/aojwang/data/MergeDataset/cropped_images/766BrownRicethirdcupCowpeashalfcup/cowpeas_0.jpg
766BrownRicethirdcupCowpeashalfcup.jpg,brown rice boiled,1371110,1.3849246231155778,138.80165267556944,5.6,/home/aojwang/data/MergeDataset/cropped_images/766BrownRicethirdcupCowpeashalfcup/brown rice boiled_1.jpg
835WhiteChapati3ButterBeans.jpg,white chapati,2572235,1.2526168876482904,129.88050158714114,33.54,/home/aojwang/data/MergeDataset/cropped_images/835WhiteChapati3ButterBeans/white chapati_0.jpg
835WhiteChapati3ButterBeans.jpg,white chapati,2716350,1.9053601340033501,114.34070118602781,33.54,/home/aojwang/data/MergeDataset/cropped_images/835WhiteChapati3ButterBeans/white chapati_1.jpg
1StrawberryBananaWMelon.jpg,strawberry banana watermelon,1253375,1.4648648648648648,164.75926997107808,17.0,/home/aojwang/data/MergeDataset/cropped_images/1StrawberryBananaWMelon/strawberry banana watermelon_0.jpg
1339WhiteChapatihalfChickenWetfrySpinach.JPG,spinach cooked,1453914,1.321258341277407,70.7507362883912,1.1,/home/aojwang/data/MergeDataset/cropped_images/1339WhiteChapatihalfChickenWetfrySpinach/spinach cooked_0.jpg
1339WhiteChapatihalfChickenWetfrySpinach.JPG,chicken wing,1271174,1.4571734475374731,105.30991193967152,28.06,/home/aojwang/data/MergeDataset/cropped_images/1339WhiteChapatihalfChickenWetfrySpinach/chicken wing_1.jpg
1339WhiteChapatihalfChickenWetfrySpinach.JPG,white chapati,2895816,0.8479437229437229,152.66488616680064,6.08,/home/aojwang/data/MergeDataset/cropped_images/1339WhiteChapatihalfChickenWetfrySpinach/white chapati_2.jpg
373CarrotsgratedTomato.jpg,tomato,1866378,1.3358714043993232,115.33631700902318,1.5,/home/aojwang/data/MergeDataset/cropped_images/373CarrotsgratedTomato/tomato_0.jpg
1ArrowrootEggBroccoli.jpg,scrambled eggs,904540,0.9154929577464789,186.38286384976527,1.0,/home/aojwang/data/MergeDataset/cropped_images/1ArrowrootEggBroccoli/scrambled eggs_0.jpg
1ArrowrootEggBroccoli.jpg,arrowroots,572084,1.1159217877094971,178.67943110918443,22.0,/home/aojwang/data/MergeDataset/cropped_images/1ArrowrootEggBroccoli/arrowroots_1.jpg
1ArrowrootEggBroccoli.jpg,broccoli,1419715,1.7031763417305585,161.705845891605,4.0,/home/aojwang/data/MergeDataset/cropped_images/1ArrowrootEggBroccoli/broccoli_2.jpg
1464MokimoChickenthighCabbage.JPG,green cabbage cooked,2208408,1.2372754491017963,124.36293625694769,1.65,/home/aojwang/data/MergeDataset/cropped_images/1464MokimoChickenthighCabbage/green cabbage cooked_0.jpg
1464MokimoChickenthighCabbage.JPG,mukimo,1410096,1.3741362290227048,120.30789274867338,10.0,/home/aojwang/data/MergeDataset/cropped_images/1464MokimoChickenthighCabbage/mukimo_1.jpg
1464MokimoChickenthighCabbage.JPG,chicken thigh,927732,0.9504048582995951,104.91693793753656,35.04,/home/aojwang/data/MergeDataset/cropped_images/1464MokimoChickenthighCabbage/chicken thigh_2.jpg
1464MokimoChickenthighCabbage.JPG,chicken thigh,1324050,1.392820512820513,100.65474617021009,35.04,/home/aojwang/data/MergeDataset/cropped_images/1464MokimoChickenthighCabbage/chicken thigh_3.jpg
1748WhiteRiceWhiteChapatihalfBeefstew.JPG,beef stew,2029784,1.0415472779369628,104.61824460139601,26.55,/home/aojwang/data/MergeDataset/cropped_images/1748WhiteRiceWhiteChapatihalfBeefstew/beef stew_0.jpg
1748WhiteRiceWhiteChapatihalfBeefstew.JPG,white rice boiled,2475346,1.6795716639209226,195.05016537755395,3.6,/home/aojwang/data/MergeDataset/cropped_images/1748WhiteRiceWhiteChapatihalfBeefstew/white rice boiled_1.jpg
190Avocadosliced.jpg,avocado,3758260,1.5582743077913714,160.0546762774972,2.4,/home/aojwang/data/MergeDataset/cropped_images/190Avocadosliced/avocado_0.jpg
1363YellowMaizeboiledthirdCup.JPG,boiled yellow maize,1852550,1.5144665461121158,127.51253641377201,2.245375,/home/aojwang/data/MergeDataset/cropped_images/1363YellowMaizeboiledthirdCup/boiled yellow maize_0.jpg
1ChapatiSukuma.jpg,sukumawiki,1107795,1.5514792899408285,116.79186371726418,4.0,/home/aojwang/data/MergeDataset/cropped_images/1ChapatiSukuma/sukumawiki_0.jpg
1ChapatiSukuma.jpg,brown chapati,2156964,2.001926782273603,159.2374643248566,134.0,/home/aojwang/data/MergeDataset/cropped_images/1ChapatiSukuma/brown chapati_1.jpg
1205MincedMeatCabbagePasta.jpg,green cabbage cooked,845184,0.8588709677419355,147.4838985751426,1.8,/home/aojwang/data/MergeDataset/cropped_images/1205MincedMeatCabbagePasta/green cabbage cooked_0.jpg
1205MincedMeatCabbagePasta.jpg,pasta,1935018,1.4430051813471503,141.1847615887811,8.8,/home/aojwang/data/MergeDataset/cropped_images/1205MincedMeatCabbagePasta/pasta_1.jpg
1205MincedMeatCabbagePasta.jpg,mincemeat,1116101,1.783817951959545,108.2360957177412,55.4,/home/aojwang/data/MergeDataset/cropped_images/1205MincedMeatCabbagePasta/mincemeat_2.jpg
1091WhiteChapatiFriedEggs.jpg,egg fry,2282910,1.0564625850340137,157.76712835810434,4.6,/home/aojwang/data/MergeDataset/cropped_images/1091WhiteChapatiFriedEggs/egg fry_0.jpg
1091WhiteChapatiFriedEggs.jpg,white chapati,2750022,0.9708853238265003,141.05553701024937,3.3,/home/aojwang/data/MergeDataset/cropped_images/1091WhiteChapatiFriedEggs/white chapati_1.jpg
1722GitheriWhiteChapati.JPG,githeri,1749812,0.8702397743300423,104.90424495126715,10.05,/home/aojwang/data/MergeDataset/cropped_images/1722GitheriWhiteChapati/githeri_0.jpg
1564BrownUgaliDrumstickSpinach.JPG,brown ugali,1134984,1.0333969465648856,103.45644784419868,1.07,/home/aojwang/data/MergeDataset/cropped_images/1564BrownUgaliDrumstickSpinach/brown ugali_0.jpg
1564BrownUgaliDrumstickSpinach.JPG,chicken drumstick,2448032,1.3353028064992614,85.90502888306472,25.08,/home/aojwang/data/MergeDataset/cropped_images/1564BrownUgaliDrumstickSpinach/chicken drumstick_1.jpg
1564BrownUgaliDrumstickSpinach.JPG,spinach cooked,2151486,1.1928518242740134,84.84390478642824,1.1,/home/aojwang/data/MergeDataset/cropped_images/1564BrownUgaliDrumstickSpinach/spinach cooked_2.jpg
1753WhiteRiceWhiteChapatiBeefstew.JPG,beef stew,2040931,0.9156061620897522,101.06240338355387,44.25,/home/aojwang/data/MergeDataset/cropped_images/1753WhiteRiceWhiteChapatiBeefstew/beef stew_0.jpg
1753WhiteRiceWhiteChapatiBeefstew.JPG,white rice boiled,2833155,1.66360153256705,185.89008967034985,6.0,/home/aojwang/data/MergeDataset/cropped_images/1753WhiteRiceWhiteChapatiBeefstew/white rice boiled_1.jpg
1753WhiteRiceWhiteChapatiBeefstew.JPG,white chapati,3646275,1.5678688524590163,155.3980455853348,12.75,/home/aojwang/data/MergeDataset/cropped_images/1753WhiteRiceWhiteChapatiBeefstew/white chapati_2.jpg
720WhiteRiceRoscocoBeans.jpg,rosecoco,2719778,1.5633055344958302,112.31659434458744,8.67,/home/aojwang/data/MergeDataset/cropped_images/720WhiteRiceRoscocoBeans/rosecoco_0.jpg
720WhiteRiceRoscocoBeans.jpg,white rice boiled,2543245,1.2810503903477644,179.3437865142105,7.2,/home/aojwang/data/MergeDataset/cropped_images/720WhiteRiceRoscocoBeans/white rice boiled_1.jpg
1Cashewnut.jpg,cashewnut,1178177,1.1758241758241759,151.3840656652891,11.0,/home/aojwang/data/MergeDataset/cropped_images/1Cashewnut/cashewnut_0.jpg
1BlackBeans.jpg,black beans,939988,1.3777239709443099,135.8910670490829,24.0,/home/aojwang/data/MergeDataset/cropped_images/1BlackBeans/black beans_0.jpg
462GrapesLettuce.jpg,red grapes,2437029,1.845953002610966,90.2311124187142,1.770147,/home/aojwang/data/MergeDataset/cropped_images/462GrapesLettuce/red grapes_0.jpg
462GrapesLettuce.jpg,lettuce,4364604,1.8427550357374918,180.75527126859618,1.2,/home/aojwang/data/MergeDataset/cropped_images/462GrapesLettuce/lettuce_1.jpg
1494FriedGitheriBeefstewCabbage.JPG,githeri,1588419,1.1086048454469508,94.97065656689661,6.9,/home/aojwang/data/MergeDataset/cropped_images/1494FriedGitheriBeefstewCabbage/githeri_0.jpg
1494FriedGitheriBeefstewCabbage.JPG,beef stew,1061748,1.0265486725663717,82.72012348190594,8.85,/home/aojwang/data/MergeDataset/cropped_images/1494FriedGitheriBeefstewCabbage/beef stew_1.jpg
107PineappleBanana.jpg,ripe banana,3549549,1.967982129560685,144.11168348429618,1.4,/home/aojwang/data/MergeDataset/cropped_images/107PineappleBanana/ripe banana_0.jpg
107PineappleBanana.jpg,pineapple,527800,1.5689655172413792,144.56639573070606,0.48017,/home/aojwang/data/MergeDataset/cropped_images/107PineappleBanana/pineapple_1.jpg
107PineappleBanana.jpg,pineapple,1597966,2.990424076607387,160.49714407774215,0.48017,/home/aojwang/data/MergeDataset/cropped_images/107PineappleBanana/pineapple_2.jpg
1RiceWLamb.jpg,lamb stew,896760,0.9853249475890985,160.9155437352246,3.0,/home/aojwang/data/MergeDataset/cropped_images/1RiceWLamb/lamb stew_0.jpg
1RiceWLamb.jpg,white rice boiled,1109652,1.0279114533205005,212.26740065053428,42.0,/home/aojwang/data/MergeDataset/cropped_images/1RiceWLamb/white rice boiled_1.jpg
2PlumTomato.jpg,plum tomato,1531494,1.3203342618384402,164.70736309338028,5.0,/home/aojwang/data/MergeDataset/cropped_images/2PlumTomato/plum tomato_0.jpg
970MashedIrishpotatothirdcup.jpg,irish potato mashed,1127700,1.022857142857143,147.65299045254352,7.36,/home/aojwang/data/MergeDataset/cropped_images/970MashedIrishpotatothirdcup/irish potato mashed_0.jpg
1141BoiledButternut.jpg,butternut boiled,1726536,1.621124031007752,114.39956846155152,1.23,/home/aojwang/data/MergeDataset/cropped_images/1141BoiledButternut/butternut boiled_0.jpg
1203MincedMeatCabbagePasta.JPG,pasta,2911820,1.621641791044776,134.8748668072431,6.6,/home/aojwang/data/MergeDataset/cropped_images/1203MincedMeatCabbagePasta/pasta_0.jpg
1203MincedMeatCabbagePasta.JPG,green cabbage cooked,1430550,0.88,153.7045066582783,1.2,/home/aojwang/data/MergeDataset/cropped_images/1203MincedMeatCabbagePasta/green cabbage cooked_1.jpg
1203MincedMeatCabbagePasta.JPG,mincemeat,1863489,1.7328833172613307,103.20067607947601,41.55,/home/aojwang/data/MergeDataset/cropped_images/1203MincedMeatCabbagePasta/mincemeat_2.jpg
85Grapes.jpg,red grapes,4579506,1.4165739710789766,112.53117031982634,2.360196,/home/aojwang/data/MergeDataset/cropped_images/85Grapes/red grapes_0.jpg
437MangoTomato.jpg,tomato,2499456,1.153532608695652,100.41190029617111,1.0,/home/aojwang/data/MergeDataset/cropped_images/437MangoTomato/tomato_0.jpg
1790FishwetfryBrownUgali1CupSpinach.JPG,brown ugali,1322400,1.0175438596491229,127.80318410969953,2.93,/home/aojwang/data/MergeDataset/cropped_images/1790FishwetfryBrownUgali1CupSpinach/brown ugali_0.jpg
1790FishwetfryBrownUgali1CupSpinach.JPG,fish fry,3108000,1.014857142857143,120.1589498069498,98.36,/home/aojwang/data/MergeDataset/cropped_images/1790FishwetfryBrownUgali1CupSpinach/fish fry_1.jpg
1790FishwetfryBrownUgali1CupSpinach.JPG,spinach cooked,3185940,0.9503003823047516,94.1279016553984,3.29,/home/aojwang/data/MergeDataset/cropped_images/1790FishwetfryBrownUgali1CupSpinach/spinach cooked_2.jpg
1461MokimoChickenthighCabbage.JPG,green cabbage cooked,1684312,1.487781954887218,132.20393707737443,1.1,/home/aojwang/data/MergeDataset/cropped_images/1461MokimoChickenthighCabbage/green cabbage cooked_0.jpg
1461MokimoChickenthighCabbage.JPG,mukimo,976044,1.0204498977505112,122.77460510660039,5.0,/home/aojwang/data/MergeDataset/cropped_images/1461MokimoChickenthighCabbage/mukimo_1.jpg
1461MokimoChickenthighCabbage.JPG,chicken thigh,1198548,1.165680473372781,113.99056246947696,19.44,/home/aojwang/data/MergeDataset/cropped_images/1461MokimoChickenthighCabbage/chicken thigh_2.jpg
1461MokimoChickenthighCabbage.JPG,chicken thigh,100100,1.0551948051948052,67.5064602064602,19.44,/home/aojwang/data/MergeDataset/cropped_images/1461MokimoChickenthighCabbage/chicken thigh_3.jpg
1620SpaghettiNjahi.JPG,spaghetti,6148298,1.148228176318064,163.3886605149371,11.0,/home/aojwang/data/MergeDataset/cropped_images/1620SpaghettiNjahi/spaghetti_0.jpg
1620SpaghettiNjahi.JPG,black beans,3889566,1.0356037151702786,102.69247802968249,23.75,/home/aojwang/data/MergeDataset/cropped_images/1620SpaghettiNjahi/black beans_1.jpg
1344ChickenWetfryWhiteChapatiSpinach.JPG,chicken wing,2266348,1.0180965147453083,99.83503886722897,63.72,/home/aojwang/data/MergeDataset/cropped_images/1344ChickenWetfryWhiteChapatiSpinach/chicken wing_0.jpg
1344ChickenWetfryWhiteChapatiSpinach.JPG,spinach cooked,1887226,1.3127606338615514,90.21706109036933,2.91,/home/aojwang/data/MergeDataset/cropped_images/1344ChickenWetfryWhiteChapatiSpinach/spinach cooked_1.jpg
1LambStew.jpg,lamb stew,767868,1.4330601092896176,157.15355416990073,3.0,/home/aojwang/data/MergeDataset/cropped_images/1LambStew/lamb stew_0.jpg
765BrownRicethirdcupCowpeasquotercup.jpg,cowpeas,1388786,1.8180778032036613,99.30685313168,4.75,/home/aojwang/data/MergeDataset/cropped_images/765BrownRicethirdcupCowpeasquotercup/cowpeas_0.jpg
765BrownRicethirdcupCowpeasquotercup.jpg,brown rice boiled,1221060,1.3819148936170214,140.49320699501527,5.6,/home/aojwang/data/MergeDataset/cropped_images/765BrownRicethirdcupCowpeasquotercup/brown rice boiled_1.jpg
1PumpkinLeaves.jpg,pumpkin leaves,1360993,1.3055827619980411,116.03821352007934,3.0,/home/aojwang/data/MergeDataset/cropped_images/1PumpkinLeaves/pumpkin leaves_0.jpg
1448Githeri.JPG,githeri,6938800,1.4336363636363636,91.58922738802099,33.5,/home/aojwang/data/MergeDataset/cropped_images/1448Githeri/githeri_0.jpg
2MeatMinced.jpg,mincemeat,2112675,1.2996078431372549,153.43198015154564,0.0,/home/aojwang/data/MergeDataset/cropped_images/2MeatMinced/mincemeat_0.jpg
979MashedArrowRoot.jpg,arrowroots,629590,1.1074270557029178,135.73392578238747,5.5,/home/aojwang/data/MergeDataset/cropped_images/979MashedArrowRoot/arrowroots_0.jpg
2ChickenDrumsticks.jpg,chicken drumstick,1209030,1.3256544502617802,170.90381407684947,0.0,/home/aojwang/data/MergeDataset/cropped_images/2ChickenDrumsticks/chicken drumstick_0.jpg
1681BeefSausage.JPG,sausage,2831850,1.6628352490421456,142.41908293165244,10.6,/home/aojwang/data/MergeDataset/cropped_images/1681BeefSausage/sausage_0.jpg
1443Githeri.JPG,githeri,4716096,1.380952380952381,104.18181577870058,16.75,/home/aojwang/data/MergeDataset/cropped_images/1443Githeri/githeri_0.jpg
1071Beefstew(2).jpg,beef stew,6092460,1.2914364640883977,117.58229335933268,88.5,/home/aojwang/data/MergeDataset/cropped_images/1071Beefstew(2)/beef stew_0.jpg
1099Mincedbeefquotercup.jpg,mincemeat,981757,1.0369989722507709,102.53472736464659,13.59,/home/aojwang/data/MergeDataset/cropped_images/1099Mincedbeefquotercup/mincemeat_0.jpg
1118Chickenwings.jpg,chicken wing,5204125,1.3341772151898734,102.66295678908558,99.73,/home/aojwang/data/MergeDataset/cropped_images/1118Chickenwings/chicken wing_0.jpg
996Spinach.jpg,spinach cooked,6402354,1.1369574378423937,96.2149612991305,7.7,/home/aojwang/data/MergeDataset/cropped_images/996Spinach/spinach cooked_0.jpg
2GitheriVegies.jpg,sukumawiki,1433664,0.9695723684210527,112.58150515043971,1.0,/home/aojwang/data/MergeDataset/cropped_images/2GitheriVegies/sukumawiki_0.jpg
2GitheriVegies.jpg,githeri,1578792,1.000796178343949,131.03380707106024,49.0,/home/aojwang/data/MergeDataset/cropped_images/2GitheriVegies/githeri_1.jpg
3Cauliflower.jpg,cauliflower,2888955,1.2960482250502345,195.87357100866345,4.0,/home/aojwang/data/MergeDataset/cropped_images/3Cauliflower/cauliflower_0.jpg
1BeefFry.jpg,beef fry,1165545,1.488135593220339,129.23798022956356,3.0,/home/aojwang/data/MergeDataset/cropped_images/1BeefFry/beef fry_0.jpg
1526Njahi.JPG,black beans,3400632,1.1078767123287672,144.10931752293888,9.5,/home/aojwang/data/MergeDataset/cropped_images/1526Njahi/black beans_0.jpg
336CabbageOnions.jpg,onions,1751330,1.0858267716535432,138.62699224779644,1.5,/home/aojwang/data/MergeDataset/cropped_images/336CabbageOnions/onions_0.jpg
336CabbageOnions.jpg,green cabbage,1807718,1.0795981452859351,174.3426059816852,1.1,/home/aojwang/data/MergeDataset/cropped_images/336CabbageOnions/green cabbage_1.jpg
7Watermelon.jpg,water melon,3199500,1.5822784810126582,110.51817429806741,0.9,/home/aojwang/data/MergeDataset/cropped_images/7Watermelon/water melon_0.jpg
1102Mincedbeefonecup.jpg,mincemeat,4456374,1.3119913185024417,101.38583850158597,72.88,/home/aojwang/data/MergeDataset/cropped_images/1102Mincedbeefonecup/mincemeat_0.jpg
514RoscocoBeans.jpg,rosecoco,6758180,1.383710407239819,131.2954082312102,30.345,/home/aojwang/data/MergeDataset/cropped_images/514RoscocoBeans/rosecoco_0.jpg
91Grapes.jpg,red grapes,9878920,1.5618290258449303,99.6867405883774,4.130343,/home/aojwang/data/MergeDataset/cropped_images/91Grapes/red grapes_0.jpg
1579BrownUgaliDrumstickCabbage.JPG,brown ugali,894291,1.0542888165038002,121.21371939707917,1.07,/home/aojwang/data/MergeDataset/cropped_images/1579BrownUgaliDrumstickCabbage/brown ugali_0.jpg
1579BrownUgaliDrumstickCabbage.JPG,chicken drumstick,2023104,1.1753048780487805,124.26834705482268,25.08,/home/aojwang/data/MergeDataset/cropped_images/1579BrownUgaliDrumstickCabbage/chicken drumstick_1.jpg
1579BrownUgaliDrumstickCabbage.JPG,green cabbage cooked,2237872,0.9840848806366048,179.38392916723268,1.1,/home/aojwang/data/MergeDataset/cropped_images/1579BrownUgaliDrumstickCabbage/green cabbage cooked_2.jpg
1100PlantainsFriedEggs.jpg,egg fry,2793185,0.7475426797723745,143.43600871406656,10.1,/home/aojwang/data/MergeDataset/cropped_images/1100PlantainsFriedEggs/egg fry_0.jpg
1100PlantainsFriedEggs.jpg,plantain,2129210,0.9590604026845637,109.13400165632636,1.3,/home/aojwang/data/MergeDataset/cropped_images/1100PlantainsFriedEggs/plantain_1.jpg
1647WholeFishKachumbarihalfCupBrownUgalithirdCup.JPG,fish fry,5591144,2.6483138334480385,107.04174965504973,126.43,/home/aojwang/data/MergeDataset/cropped_images/1647WholeFishKachumbarihalfCupBrownUgalithirdCup/fish fry_0.jpg
1647WholeFishKachumbarihalfCupBrownUgalithirdCup.JPG,kachumbari,2719656,1.3895639742673338,93.19806046549024,1.43,/home/aojwang/data/MergeDataset/cropped_images/1647WholeFishKachumbarihalfCupBrownUgalithirdCup/kachumbari_1.jpg
1647WholeFishKachumbarihalfCupBrownUgalithirdCup.JPG,brown ugali,996846,1.0253549695740365,94.18624140539261,1.43,/home/aojwang/data/MergeDataset/cropped_images/1647WholeFishKachumbarihalfCupBrownUgalithirdCup/brown ugali_2.jpg
209AvocadoApple.jpg,apple,2172576,1.0136612021857923,170.57965045488243,0.3,/home/aojwang/data/MergeDataset/cropped_images/209AvocadoApple/apple_0.jpg
209AvocadoApple.jpg,avocado,2028928,0.9770992366412213,142.27743320610688,1.6,/home/aojwang/data/MergeDataset/cropped_images/209AvocadoApple/avocado_1.jpg
40Pineapple.jpg,pineapple,3518268,1.601889338731444,182.48304411905707,0.48017,/home/aojwang/data/MergeDataset/cropped_images/40Pineapple/pineapple_0.jpg
3StrawberryBananaWMelon.jpg,strawberry banana watermelon,2660200,1.3286219081272084,152.43299225622133,26.0,/home/aojwang/data/MergeDataset/cropped_images/3StrawberryBananaWMelon/strawberry banana watermelon_0.jpg
666SweetPotatosliced.jpg,sweet potato,1912540,1.081203007518797,161.66351169997316,1.8,/home/aojwang/data/MergeDataset/cropped_images/666SweetPotatosliced/sweet potato_0.jpg
1716ChipsBeefstew(2).JPG,beef stew,2711904,0.9428066037735849,87.95254859070724,44.25,/home/aojwang/data/MergeDataset/cropped_images/1716ChipsBeefstew(2)/beef stew_0.jpg
1716ChipsBeefstew(2).JPG,potato chips,3412277,0.8801422041645506,142.21985114338608,12.0,/home/aojwang/data/MergeDataset/cropped_images/1716ChipsBeefstew(2)/potato chips_1.jpg
1178BrownChapatiChickendrumstick.jpg,chicken drumstick,1179834,1.8116480793060719,109.719336505531,62.34,/home/aojwang/data/MergeDataset/cropped_images/1178BrownChapatiChickendrumstick/chicken drumstick_0.jpg
714WhiteRiceRoscocoBeans.jpg,rosecoco,1913655,1.5013286093888396,114.87158866148809,4.335,/home/aojwang/data/MergeDataset/cropped_images/714WhiteRiceRoscocoBeans/rosecoco_0.jpg
714WhiteRiceRoscocoBeans.jpg,white rice boiled,1631296,1.2640845070422535,174.73520378888932,2.4,/home/aojwang/data/MergeDataset/cropped_images/714WhiteRiceRoscocoBeans/white rice boiled_1.jpg
1012Kalesthirdcup.jpg,sukumawiki,2552824,1.2175414364640884,85.62529914583483,1.1,/home/aojwang/data/MergeDataset/cropped_images/1012Kalesthirdcup/sukumawiki_0.jpg
1266MincedMeatGreenGramsCabbage.JPG,ndengu,1375467,1.0945584299732383,111.94088795538775,3.0,/home/aojwang/data/MergeDataset/cropped_images/1266MincedMeatGreenGramsCabbage/ndengu_0.jpg
1266MincedMeatGreenGramsCabbage.JPG,mincemeat,1190422,1.6020881670533642,102.02427374494087,27.7,/home/aojwang/data/MergeDataset/cropped_images/1266MincedMeatGreenGramsCabbage/mincemeat_1.jpg
1266MincedMeatGreenGramsCabbage.JPG,green cabbage cooked,1147650,0.9606587374199451,154.15806909772144,0.5,/home/aojwang/data/MergeDataset/cropped_images/1266MincedMeatGreenGramsCabbage/green cabbage cooked_2.jpg
1523FriedGitheriWhiteRiceCabbage.JPG,githeri,3287110,1.1098198721673445,142.2185334026952,17.25,/home/aojwang/data/MergeDataset/cropped_images/1523FriedGitheriWhiteRiceCabbage/githeri_0.jpg
1523FriedGitheriWhiteRiceCabbage.JPG,white rice boiled,4820972,1.035217794253939,175.31282827059218,6.0,/home/aojwang/data/MergeDataset/cropped_images/1523FriedGitheriWhiteRiceCabbage/white rice boiled_1.jpg
1523FriedGitheriWhiteRiceCabbage.JPG,green cabbage cooked,4137504,1.6743002544529262,124.78049938642557,2.2,/home/aojwang/data/MergeDataset/cropped_images/1523FriedGitheriWhiteRiceCabbage/green cabbage cooked_2.jpg
1210MincedMeatRoscocoBeansSpinach.JPG,mincemeat,1318034,1.3259779338014042,129.8851683643973,27.7,/home/aojwang/data/MergeDataset/cropped_images/1210MincedMeatRoscocoBeansSpinach/mincemeat_0.jpg
1210MincedMeatRoscocoBeansSpinach.JPG,rosecoco,1951792,1.298531810766721,107.46449519211063,8.67,/home/aojwang/data/MergeDataset/cropped_images/1210MincedMeatRoscocoBeansSpinach/rosecoco_1.jpg
1210MincedMeatRoscocoBeansSpinach.JPG,spinach cooked,1881204,1.2870140612076095,94.38047459676534,2.91,/home/aojwang/data/MergeDataset/cropped_images/1210MincedMeatRoscocoBeansSpinach/spinach cooked_2.jpg
1DalmakhiNan.jpg,dalmakhi,851851,1.1762632197414806,145.11814116161943,14.0,/home/aojwang/data/MergeDataset/cropped_images/1DalmakhiNan/dalmakhi_0.jpg
1DalmakhiNan.jpg,naan,1040393,2.012517385257302,189.90138950697798,13.0,/home/aojwang/data/MergeDataset/cropped_images/1DalmakhiNan/naan_1.jpg
1RiceBBroccoliCarrot.jpg,broccoli,370188,1.6901709401709402,134.7433178096895,4.0,/home/aojwang/data/MergeDataset/cropped_images/1RiceBBroccoliCarrot/broccoli_0.jpg
1RiceBBroccoliCarrot.jpg,brown rice boiled,2201024,1.6470588235294117,179.19653019079604,25.0,/home/aojwang/data/MergeDataset/cropped_images/1RiceBBroccoliCarrot/brown rice boiled_1.jpg
1RiceBBroccoliCarrot.jpg,carrot,262108,2.762987012987013,129.48109939414286,7.0,/home/aojwang/data/MergeDataset/cropped_images/1RiceBBroccoliCarrot/carrot_2.jpg
9Watermelon.jpg,water melon,6053983,1.348277489381784,109.11897423563958,1.5,/home/aojwang/data/MergeDataset/cropped_images/9Watermelon/water melon_0.jpg
1365BeefstewSpinachNjahi.JPG,spinach cooked,1947358,1.1848673946957877,125.06284001195466,1.1,/home/aojwang/data/MergeDataset/cropped_images/1365BeefstewSpinachNjahi/spinach cooked_0.jpg
1365BeefstewSpinachNjahi.JPG,black beans,2046331,1.3907666941467436,133.6950014440479,4.75,/home/aojwang/data/MergeDataset/cropped_images/1365BeefstewSpinachNjahi/black beans_1.jpg
1365BeefstewSpinachNjahi.JPG,beef stew,1652805,1.238961038961039,131.85524285482356,8.85,/home/aojwang/data/MergeDataset/cropped_images/1365BeefstewSpinachNjahi/beef stew_2.jpg
1313BeefstewPastaSpinach.JPG,pasta,1870092,1.4189895470383276,160.7925768714409,2.2,/home/aojwang/data/MergeDataset/cropped_images/1313BeefstewPastaSpinach/pasta_0.jpg
1313BeefstewPastaSpinach.JPG,spinach cooked,1724065,1.4645161290322581,91.1669444017482,1.1,/home/aojwang/data/MergeDataset/cropped_images/1313BeefstewPastaSpinach/spinach cooked_2.jpg
1160MincedMeatWhiteChapatiquoterCabbage.JPG,green cabbage cooked,952680,1.0920770877944326,162.6964605113994,0.5,/home/aojwang/data/MergeDataset/cropped_images/1160MincedMeatWhiteChapatiquoterCabbage/green cabbage cooked_0.jpg
1160MincedMeatWhiteChapatiquoterCabbage.JPG,mincemeat,1061874,1.0146627565982405,99.9699000697509,13.85,/home/aojwang/data/MergeDataset/cropped_images/1160MincedMeatWhiteChapatiquoterCabbage/mincemeat_1.jpg
1160MincedMeatWhiteChapatiquoterCabbage.JPG,white chapati,1968780,1.8028708133971292,164.6581382040316,2.96,/home/aojwang/data/MergeDataset/cropped_images/1160MincedMeatWhiteChapatiquoterCabbage/white chapati_2.jpg
810BrownRice1cupEggyolkBeansquotercup.jpg,brown rice boiled,2308436,1.287528005974608,112.20138035737905,16.0,/home/aojwang/data/MergeDataset/cropped_images/810BrownRice1cupEggyolkBeansquotercup/brown rice boiled_0.jpg
288Lettuceshreded.jpg,lettuce,4070238,1.47352587244284,132.31161322753115,3.0,/home/aojwang/data/MergeDataset/cropped_images/288Lettuceshreded/lettuce_0.jpg
1125Grilledchickenbreast.jpg,chicken breast grilled,4818807,1.1963129048330843,106.38763522451373,84.74,/home/aojwang/data/MergeDataset/cropped_images/1125Grilledchickenbreast/chicken breast grilled_0.jpg
1193MincedMeatSpaghettiCabbage.JPG,spaghetti,1451480,1.1823104693140793,166.45568592057762,4.4,/home/aojwang/data/MergeDataset/cropped_images/1193MincedMeatSpaghettiCabbage/spaghetti_0.jpg
1193MincedMeatSpaghettiCabbage.JPG,green cabbage cooked,1587696,1.39456419868791,158.684362749544,1.2,/home/aojwang/data/MergeDataset/cropped_images/1193MincedMeatSpaghettiCabbage/green cabbage cooked_1.jpg
1193MincedMeatSpaghettiCabbage.JPG,mincemeat,1952076,1.0446232626188734,122.5353533025012,41.55,/home/aojwang/data/MergeDataset/cropped_images/1193MincedMeatSpaghettiCabbage/mincemeat_2.jpg
1638WholeFishKachumbari1CupWhiteUgaliquoterCup.JPG,white ugali,629552,1.024234693877551,153.1059907150905,2.38,/home/aojwang/data/MergeDataset/cropped_images/1638WholeFishKachumbari1CupWhiteUgaliquoterCup/white ugali_0.jpg
1638WholeFishKachumbari1CupWhiteUgaliquoterCup.JPG,kachumbari,2822878,1.506208911614317,91.15325411394565,1.99,/home/aojwang/data/MergeDataset/cropped_images/1638WholeFishKachumbari1CupWhiteUgaliquoterCup/kachumbari_1.jpg
2Pear.jpg,pear,638064,0.8957345971563981,145.49149510602908,15.0,/home/aojwang/data/MergeDataset/cropped_images/2Pear/pear_0.jpg
1720GitheriWhiteChapatihalf.JPG,githeri,1571748,0.8472834067547724,109.7498776309349,10.05,/home/aojwang/data/MergeDataset/cropped_images/1720GitheriWhiteChapatihalf/githeri_0.jpg
1720GitheriWhiteChapatihalf.JPG,white chapati,3581628,0.759208103130755,145.8790670983512,6.16,/home/aojwang/data/MergeDataset/cropped_images/1720GitheriWhiteChapatihalf/white chapati_1.jpg
784BrownRicequotercupMonkeynutshalfcup.jpg,brown rice boiled,1010441,1.5438813349814586,153.25717054896492,4.0,/home/aojwang/data/MergeDataset/cropped_images/784BrownRicequotercupMonkeynutshalfcup/brown rice boiled_0.jpg
784BrownRicequotercupMonkeynutshalfcup.jpg,monkeynut beans,2600040,1.3593637020968907,96.14355471454286,10.14,/home/aojwang/data/MergeDataset/cropped_images/784BrownRicequotercupMonkeynutshalfcup/monkeynut beans_1.jpg
513RoscocoBeans.jpg,rosecoco,6305993,1.2141290039491004,145.38220541422527,2.601,/home/aojwang/data/MergeDataset/cropped_images/513RoscocoBeans/rosecoco_0.jpg
1591WhiteUgalihalfCupSpinach.JPG,spinach cooked,3026511,1.038664323374341,119.29111640433489,2.91,/home/aojwang/data/MergeDataset/cropped_images/1591WhiteUgalihalfCupSpinach/spinach cooked_0.jpg
1591WhiteUgalihalfCupSpinach.JPG,white ugali,1372340,1.0146173688736027,200.44373284560191,5.03,/home/aojwang/data/MergeDataset/cropped_images/1591WhiteUgalihalfCupSpinach/white ugali_1.jpg
757BrownRiceCowpeas.jpg,brown rice boiled,2226510,1.3442113442113441,155.78842792831233,16.0,/home/aojwang/data/MergeDataset/cropped_images/757BrownRiceCowpeas/brown rice boiled_0.jpg
757BrownRiceCowpeas.jpg,cowpeas,1672410,1.4607476635514018,100.77975177538204,9.5,/home/aojwang/data/MergeDataset/cropped_images/757BrownRiceCowpeas/cowpeas_1.jpg
171WatermelonPawpaw.jpg,water melon,1930944,1.0501474926253687,108.75233305574889,0.9,/home/aojwang/data/MergeDataset/cropped_images/171WatermelonPawpaw/water melon_0.jpg
171WatermelonPawpaw.jpg,pawpaw,1854289,1.1924619085805934,108.58445276509397,0.706347,/home/aojwang/data/MergeDataset/cropped_images/171WatermelonPawpaw/pawpaw_1.jpg
1532Njahi.JPG,black beans,5750022,1.20659642693541,119.61411701265375,38.0,/home/aojwang/data/MergeDataset/cropped_images/1532Njahi/black beans_0.jpg
310CabbageCucumber.jpg,cucumber,1523574,1.154046997389034,150.97375359954074,0.6,/home/aojwang/data/MergeDataset/cropped_images/310CabbageCucumber/cucumber_0.jpg
310CabbageCucumber.jpg,green cabbage,1840640,1.1234375,203.27025835216736,1.1,/home/aojwang/data/MergeDataset/cropped_images/310CabbageCucumber/green cabbage_1.jpg
362LettuceOnionsCarrots.jpg,onions,1117178,1.177618069815195,119.74989482428046,0.75,/home/aojwang/data/MergeDataset/cropped_images/362LettuceOnionsCarrots/onions_0.jpg
362LettuceOnionsCarrots.jpg,carrot,884442,1.4462915601023019,108.5790720778374,0.35,/home/aojwang/data/MergeDataset/cropped_images/362LettuceOnionsCarrots/carrot_1.jpg
362LettuceOnionsCarrots.jpg,lettuce,2048166,1.2718676122931443,149.1632245628528,0.6,/home/aojwang/data/MergeDataset/cropped_images/362LettuceOnionsCarrots/lettuce_2.jpg
1332ChickenWetfryBrownRiceCabbage.JPG,green cabbage cooked,1266165,1.224188790560472,167.0851776822136,0.5,/home/aojwang/data/MergeDataset/cropped_images/1332ChickenWetfryBrownRiceCabbage/green cabbage cooked_0.jpg
3DalmakhiNan.jpg,naan,1220600,1.6894117647058824,206.57123136162542,121.0,/home/aojwang/data/MergeDataset/cropped_images/3DalmakhiNan/naan_0.jpg
3DalmakhiNan.jpg,dalmakhi,723978,1.329268292682927,153.3068283842879,48.0,/home/aojwang/data/MergeDataset/cropped_images/3DalmakhiNan/dalmakhi_1.jpg
788BrownRicehalfcupMonkeynutshalfcup.jpg,brown rice boiled,1999944,1.571808510638298,134.18721607538345,8.4,/home/aojwang/data/MergeDataset/cropped_images/788BrownRicehalfcupMonkeynutshalfcup/brown rice boiled_0.jpg
788BrownRicehalfcupMonkeynutshalfcup.jpg,monkeynut beans,2768778,2.064766839378238,81.19755225349715,10.14,/home/aojwang/data/MergeDataset/cropped_images/788BrownRicehalfcupMonkeynutshalfcup/monkeynut beans_1.jpg
1771BrownChapatiWhiteRiceSpinach.JPG,brown chapati,4354242,1.5263469508584961,141.93017177272188,28.66,/home/aojwang/data/MergeDataset/cropped_images/1771BrownChapatiWhiteRiceSpinach/brown chapati_0.jpg
1771BrownChapatiWhiteRiceSpinach.JPG,white rice boiled,1631772,1.5028790786948176,178.98837133292315,2.4,/home/aojwang/data/MergeDataset/cropped_images/1771BrownChapatiWhiteRiceSpinach/white rice boiled_1.jpg
1771BrownChapatiWhiteRiceSpinach.JPG,spinach cooked,2938320,0.8603896103896104,80.56794528846416,3.29,/home/aojwang/data/MergeDataset/cropped_images/1771BrownChapatiWhiteRiceSpinach/spinach cooked_2.jpg
425MangoLettuce.jpg,mango,3390240,0.8325074331020813,134.2271660216779,2.296,/home/aojwang/data/MergeDataset/cropped_images/425MangoLettuce/mango_0.jpg
425MangoLettuce.jpg,lettuce,5548122,0.9419035846724351,170.49927470953233,1.2,/home/aojwang/data/MergeDataset/cropped_images/425MangoLettuce/lettuce_1.jpg
305LettuceCucumber.jpg,lettuce,2604672,1.2773109243697478,168.39320689898767,1.2,/home/aojwang/data/MergeDataset/cropped_images/305LettuceCucumber/lettuce_0.jpg
305LettuceCucumber.jpg,cucumber,1086650,1.0242718446601942,129.8628546450099,0.6,/home/aojwang/data/MergeDataset/cropped_images/305LettuceCucumber/cucumber_1.jpg
1Banana.jpg,ripe banana,1164225,2.798449612403101,156.69344699979243,25.0,/home/aojwang/data/MergeDataset/cropped_images/1Banana/ripe banana_0.jpg
1469FriedGitheri.JPG,githeri,1167364,1.3044397463002113,93.89260362092143,3.45,/home/aojwang/data/MergeDataset/cropped_images/1469FriedGitheri/githeri_0.jpg
1708BeefSausageChipsKachumbari1Cup.JPG,kachumbari,1113153,1.1289023162134946,103.7897006670841,1.99,/home/aojwang/data/MergeDataset/cropped_images/1708BeefSausageChipsKachumbari1Cup/kachumbari_0.jpg
1708BeefSausageChipsKachumbari1Cup.JPG,potato chips,1760436,1.148626817447496,152.61325641299467,7.2,/home/aojwang/data/MergeDataset/cropped_images/1708BeefSausageChipsKachumbari1Cup/potato chips_1.jpg
1190MincedMeatSpaghettiCabbage.JPG,mincemeat,1320319,1.3176823176823176,98.91111920679775,13.85,/home/aojwang/data/MergeDataset/cropped_images/1190MincedMeatSpaghettiCabbage/mincemeat_0.jpg
1190MincedMeatSpaghettiCabbage.JPG,spaghetti,1373548,1.3545183714001987,155.17045393875327,2.2,/home/aojwang/data/MergeDataset/cropped_images/1190MincedMeatSpaghettiCabbage/spaghetti_1.jpg
1190MincedMeatSpaghettiCabbage.JPG,green cabbage cooked,1703242,1.1556836902800658,157.22744800797537,0.5,/home/aojwang/data/MergeDataset/cropped_images/1190MincedMeatSpaghettiCabbage/green cabbage cooked_2.jpg
237Zucchini.jpg,zucchini,4943628,1.3579664570230607,165.33735979595014,2.25,/home/aojwang/data/MergeDataset/cropped_images/237Zucchini/zucchini_0.jpg
1475FriedGitheri.JPG,githeri,5194797,1.3960601347848627,113.61020395343007,24.15,/home/aojwang/data/MergeDataset/cropped_images/1475FriedGitheri/githeri_0.jpg
882WhiteChapatihalfGreengrams.jpg,ndengu,1363750,1.1457378551787352,84.42853919951115,1.85,/home/aojwang/data/MergeDataset/cropped_images/882WhiteChapatihalfGreengrams/ndengu_0.jpg
3SpinachCooked.jpg,spinach cooked,3222205,1.4225913621262458,110.26535565965956,5.0,/home/aojwang/data/MergeDataset/cropped_images/3SpinachCooked/spinach cooked_0.jpg
1BreadSausage.jpg,brown bread,738750,1.3133333333333332,172.33460169204739,13.0,/home/aojwang/data/MergeDataset/cropped_images/1BreadSausage/brown bread_0.jpg
1BreadSausage.jpg,sausage,554484,1.6829268292682926,132.94959217338402,6.0,/home/aojwang/data/MergeDataset/cropped_images/1BreadSausage/sausage_1.jpg
1502FriedGitheriBeefstewCabbage.JPG,githeri,3150840,1.0455069124423964,110.34384100747737,13.8,/home/aojwang/data/MergeDataset/cropped_images/1502FriedGitheriBeefstewCabbage/githeri_0.jpg
1502FriedGitheriBeefstewCabbage.JPG,green cabbage cooked,2405700,1.7045454545454546,141.39919676878526,2.2,/home/aojwang/data/MergeDataset/cropped_images/1502FriedGitheriBeefstewCabbage/green cabbage cooked_1.jpg
1502FriedGitheriBeefstewCabbage.JPG,beef stew,3341463,0.988036976617727,100.1842291834445,35.4,/home/aojwang/data/MergeDataset/cropped_images/1502FriedGitheriBeefstewCabbage/beef stew_2.jpg
1618SpaghettiNjahi.JPG,black beans,3789846,1.0884244372990353,124.97962098371983,19.0,/home/aojwang/data/MergeDataset/cropped_images/1618SpaghettiNjahi/black beans_0.jpg
1618SpaghettiNjahi.JPG,spaghetti,5692932,1.1719600725952812,183.03645924455097,8.8,/home/aojwang/data/MergeDataset/cropped_images/1618SpaghettiNjahi/spaghetti_1.jpg
3Butternut.jpg,butternut,2068758,1.2036613272311212,167.43551219298408,28.0,/home/aojwang/data/MergeDataset/cropped_images/3Butternut/butternut_0.jpg
1072Beefstewquotercup.jpg,beef stew,903176,1.0764192139737991,112.01899740471403,9.2,/home/aojwang/data/MergeDataset/cropped_images/1072Beefstewquotercup/beef stew_0.jpg
943BananaCooked.jpg,boiled banana,1200234,2.4705882352941178,103.27213471150904,1.05,/home/aojwang/data/MergeDataset/cropped_images/943BananaCooked/boiled banana_0.jpg
417BananaTomato.jpg,tomato,1300830,1.3192346424974823,80.25006905847292,0.5,/home/aojwang/data/MergeDataset/cropped_images/417BananaTomato/tomato_0.jpg
417BananaTomato.jpg,ripe banana,1149450,1.8417721518987342,93.85891803326228,1.4,/home/aojwang/data/MergeDataset/cropped_images/417BananaTomato/ripe banana_1.jpg
145ApplePineapple.jpg,apple,2397472,2.0630797773654916,156.22433963775177,0.3,/home/aojwang/data/MergeDataset/cropped_images/145ApplePineapple/apple_0.jpg
145ApplePineapple.jpg,pineapple,1212530,2.1271523178807947,169.52513064968838,0.48017,/home/aojwang/data/MergeDataset/cropped_images/145ApplePineapple/pineapple_1.jpg
1784FishwetfryWhiteUgali1CupSpinach.JPG,white ugali,1118688,1.050387596899225,191.9575913927744,9.14,/home/aojwang/data/MergeDataset/cropped_images/1784FishwetfryWhiteUgali1CupSpinach/white ugali_0.jpg
1784FishwetfryWhiteUgali1CupSpinach.JPG,spinach cooked,1427712,0.9166666666666666,86.83229460843644,1.1,/home/aojwang/data/MergeDataset/cropped_images/1784FishwetfryWhiteUgali1CupSpinach/spinach cooked_1.jpg
1Rosecoco.jpg,rosecoco,1450204,1.2980132450331126,164.15258313083308,25.0,/home/aojwang/data/MergeDataset/cropped_images/1Rosecoco/rosecoco_0.jpg
2Kiwi.jpg,kiwi,404721,1.2072538860103628,116.36079752059649,11.0,/home/aojwang/data/MergeDataset/cropped_images/2Kiwi/kiwi_0.jpg
1161MincedMeatWhiteChapatihalfCabbage.JPG,green cabbage cooked,909588,1.084061135371179,161.21141183334285,0.5,/home/aojwang/data/MergeDataset/cropped_images/1161MincedMeatWhiteChapatihalfCabbage/green cabbage cooked_0.jpg
1161MincedMeatWhiteChapatihalfCabbage.JPG,mincemeat,1060803,1.283828382838284,100.09962767199313,13.85,/home/aojwang/data/MergeDataset/cropped_images/1161MincedMeatWhiteChapatihalfCabbage/mincemeat_1.jpg
641BrownRicequotercup.jpg,brown rice boiled,1536596,1.5274177467597208,119.1041952471567,3.36,/home/aojwang/data/MergeDataset/cropped_images/641BrownRicequotercup/brown rice boiled_0.jpg
1539NjahiWhiteRice.JPG,black beans,1772700,1.1454983922829582,86.17213459694251,4.75,/home/aojwang/data/MergeDataset/cropped_images/1539NjahiWhiteRice/black beans_0.jpg
1539NjahiWhiteRice.JPG,white rice boiled,2402128,1.345808383233533,129.10661879799912,1.2,/home/aojwang/data/MergeDataset/cropped_images/1539NjahiWhiteRice/white rice boiled_1.jpg
255Carrots.jpg,carrot,3722804,1.4308741475511468,141.79023141338268,3.01,/home/aojwang/data/MergeDataset/cropped_images/255Carrots/carrot_0.jpg
566WhiteRice.jpg,white rice boiled,4934473,1.267612772427775,176.78982976837986,9.6,/home/aojwang/data/MergeDataset/cropped_images/566WhiteRice/white rice boiled_0.jpg
3Macadamia.jpg,macadamia,2455568,1.375748502994012,167.1656173507175,3.0,/home/aojwang/data/MergeDataset/cropped_images/3Macadamia/macadamia_0.jpg
544Lentilshalfcup.jpg,kamande,2832579,1.305498981670061,158.06579845904858,0.91,/home/aojwang/data/MergeDataset/cropped_images/544Lentilshalfcup/kamande_0.jpg
899IrishPotato.jpg,irish potato,961584,1.1950947603121516,116.49336407427744,7.43,/home/aojwang/data/MergeDataset/cropped_images/899IrishPotato/irish potato_0.jpg
347OnionsCarrots.jpg,carrot,1868077,1.120836560805577,139.12795921510016,1.05,/home/aojwang/data/MergeDataset/cropped_images/347OnionsCarrots/carrot_0.jpg
347OnionsCarrots.jpg,onions,2743342,1.0312691600245247,153.1059784015263,2.25,/home/aojwang/data/MergeDataset/cropped_images/347OnionsCarrots/onions_1.jpg
128Apple1cup.jpg,apple,2492472,1.7541946308724832,158.39532975027737,0.39,/home/aojwang/data/MergeDataset/cropped_images/128Apple1cup/apple_0.jpg
68Mango.jpg,mango,11557644,1.6139760837070254,123.7920755014315,4.1,/home/aojwang/data/MergeDataset/cropped_images/68Mango/mango_0.jpg
738WhiteRiceButterBeans.jpg,white rice boiled,2472672,1.3059593023255813,154.006556065665,7.2,/home/aojwang/data/MergeDataset/cropped_images/738WhiteRiceButterBeans/white rice boiled_0.jpg
738WhiteRiceButterBeans.jpg,butternut beans,1354088,1.7605473204104902,133.80205200843668,2.31,/home/aojwang/data/MergeDataset/cropped_images/738WhiteRiceButterBeans/butternut beans_1.jpg
357TomatoOnionsCarrots.jpg,onions,1793376,1.9540709812108559,111.89966539829535,1.5,/home/aojwang/data/MergeDataset/cropped_images/357TomatoOnionsCarrots/onions_0.jpg
357TomatoOnionsCarrots.jpg,carrot,1721452,1.1680395387149918,114.7805656697563,0.7,/home/aojwang/data/MergeDataset/cropped_images/357TomatoOnionsCarrots/carrot_1.jpg
357TomatoOnionsCarrots.jpg,tomato,1645392,1.0718321226795804,87.6691337586018,1.0,/home/aojwang/data/MergeDataset/cropped_images/357TomatoOnionsCarrots/tomato_2.jpg
351TomatoCucumberCarrots.jpg,carrot,1534804,1.4523346303501945,122.28811930817659,0.7,/home/aojwang/data/MergeDataset/cropped_images/351TomatoCucumberCarrots/carrot_0.jpg
351TomatoCucumberCarrots.jpg,cucumber,1284894,1.7093425605536332,125.98937240477943,0.6,/home/aojwang/data/MergeDataset/cropped_images/351TomatoCucumberCarrots/cucumber_1.jpg
351TomatoCucumberCarrots.jpg,tomato,1561752,1.0954773869346734,92.53730852700471,1.0,/home/aojwang/data/MergeDataset/cropped_images/351TomatoCucumberCarrots/tomato_2.jpg
2Ham.jpg,ham,1111232,1.8453608247422681,145.258272499952,4.0,/home/aojwang/data/MergeDataset/cropped_images/2Ham/ham_0.jpg
3PotatoPork.jpg,mashed potato,879208,0.7722586691658857,185.8479442103954,48.0,/home/aojwang/data/MergeDataset/cropped_images/3PotatoPork/mashed potato_0.jpg
3PotatoPork.jpg,pork fry,950576,1.0144628099173554,141.40374643023458,0.0,/home/aojwang/data/MergeDataset/cropped_images/3PotatoPork/pork fry_1.jpg
1171MincedMeatCabbageWhiteRice.JPG,mincemeat,869130,1.417624521072797,104.26631382340194,13.85,/home/aojwang/data/MergeDataset/cropped_images/1171MincedMeatCabbageWhiteRice/mincemeat_0.jpg
1171MincedMeatCabbageWhiteRice.JPG,green cabbage cooked,1017804,1.1206715634837356,162.74439807009338,0.5,/home/aojwang/data/MergeDataset/cropped_images/1171MincedMeatCabbageWhiteRice/green cabbage cooked_1.jpg
1171MincedMeatCabbageWhiteRice.JPG,white rice boiled,1970507,1.6314831665150136,198.6503532677969,2.6,/home/aojwang/data/MergeDataset/cropped_images/1171MincedMeatCabbageWhiteRice/white rice boiled_2.jpg
1265MincedMeatGreenGramsCabbage.JPG,ndengu,1532564,1.1751313485113835,114.06101430891847,3.0,/home/aojwang/data/MergeDataset/cropped_images/1265MincedMeatGreenGramsCabbage/ndengu_0.jpg
1265MincedMeatGreenGramsCabbage.JPG,mincemeat,876304,1.4934725848563968,105.85769626370148,13.85,/home/aojwang/data/MergeDataset/cropped_images/1265MincedMeatGreenGramsCabbage/mincemeat_1.jpg
1265MincedMeatGreenGramsCabbage.JPG,green cabbage cooked,1238369,1.0365965233302836,157.84562624979577,0.5,/home/aojwang/data/MergeDataset/cropped_images/1265MincedMeatGreenGramsCabbage/green cabbage cooked_2.jpg
535Lentils.jpg,kamande,1704452,1.4241316270566728,154.8109155709088,5.35,/home/aojwang/data/MergeDataset/cropped_images/535Lentils/kamande_0.jpg
1MaizeEggCarrot.jpg,boiled yellow maize,533845,1.7084078711985689,162.6116232239695,18.0,/home/aojwang/data/MergeDataset/cropped_images/1MaizeEggCarrot/boiled yellow maize_1.jpg
1MaizeEggCarrot.jpg,carrot,1263360,0.9929078014184397,163.35264506290105,4.0,/home/aojwang/data/MergeDataset/cropped_images/1MaizeEggCarrot/carrot_2.jpg
600ButterBeansthirdcup.jpg,butternut beans,2615739,1.5645784996133023,104.30731965230476,3.696,/home/aojwang/data/MergeDataset/cropped_images/600ButterBeansthirdcup/butternut beans_0.jpg
178WatermelonBanana.jpg,ripe banana,3385043,1.1015402167712494,179.30600064263092,3.5,/home/aojwang/data/MergeDataset/cropped_images/178WatermelonBanana/ripe banana_0.jpg
178WatermelonBanana.jpg,water melon,2351316,0.9774339136041263,117.31777381971061,1.5,/home/aojwang/data/MergeDataset/cropped_images/178WatermelonBanana/water melon_1.jpg
1138MincedMeatKalesSpaghetti.JPG,spaghetti,3113629,1.2680280791320995,165.61068868513237,11.0,/home/aojwang/data/MergeDataset/cropped_images/1138MincedMeatKalesSpaghetti/spaghetti_0.jpg
1138MincedMeatKalesSpaghetti.JPG,sukumawiki,1448808,0.8954402515723271,98.50883530921051,4.0,/home/aojwang/data/MergeDataset/cropped_images/1138MincedMeatKalesSpaghetti/sukumawiki_1.jpg
1Kamande.jpg,kamande,1080192,1.2543103448275863,146.2101953479875,20.0,/home/aojwang/data/MergeDataset/cropped_images/1Kamande/kamande_0.jpg
501PineappleCarrots.jpg,pineapple,3233944,1.5129958960328318,111.47389286889322,0.960343,/home/aojwang/data/MergeDataset/cropped_images/501PineappleCarrots/pineapple_0.jpg
501PineappleCarrots.jpg,carrot,1871244,1.6591337099811676,95.06172328853604,1.4,/home/aojwang/data/MergeDataset/cropped_images/501PineappleCarrots/carrot_1.jpg
2Butter.jpg,butter,880038,1.5316622691292876,187.8980714469148,0.0,/home/aojwang/data/MergeDataset/cropped_images/2Butter/butter_0.jpg
1026Beefstew.jpg,beef stew,4733344,1.305672268907563,146.76686777888952,35.4,/home/aojwang/data/MergeDataset/cropped_images/1026Beefstew/beef stew_0.jpg
45Apple.jpg,apple,5510868,1.6527929901423877,130.95799379214552,0.45,/home/aojwang/data/MergeDataset/cropped_images/45Apple/apple_0.jpg
526Greengrams.jpg,ndengu,6402642,1.4643711142993783,175.58255847091456,11.1,/home/aojwang/data/MergeDataset/cropped_images/526Greengrams/ndengu_0.jpg
1454MokimoChickenthigh.JPG,mukimo,1502496,1.0717905405405406,140.4226116630815,10.0,/home/aojwang/data/MergeDataset/cropped_images/1454MokimoChickenthigh/mukimo_0.jpg
1454MokimoChickenthigh.JPG,chicken thigh,1495245,1.0366361365528727,145.03862577704658,19.2,/home/aojwang/data/MergeDataset/cropped_images/1454MokimoChickenthigh/chicken thigh_1.jpg
1ChipsChicken.jpg,chicken,673218,0.9963503649635036,127.16849074148344,0.0,/home/aojwang/data/MergeDataset/cropped_images/1ChipsChicken/chicken_0.jpg
1ChipsChicken.jpg,potato chips,1318812,0.9733676975945017,165.63205394956472,45.0,/home/aojwang/data/MergeDataset/cropped_images/1ChipsChicken/potato chips_1.jpg
803BrownRiceEggyolkBeans.jpg,brown rice boiled,2721276,1.4669603524229076,118.44475410309967,24.0,/home/aojwang/data/MergeDataset/cropped_images/803BrownRiceEggyolkBeans/brown rice boiled_0.jpg
1507FriedGitheriWhiteRice.JPG,githeri,1847050,1.052075471698113,100.91732275791126,6.9,/home/aojwang/data/MergeDataset/cropped_images/1507FriedGitheriWhiteRice/githeri_0.jpg
1507FriedGitheriWhiteRice.JPG,white rice boiled,1736064,1.4452554744525548,158.84682745950994,1.2,/home/aojwang/data/MergeDataset/cropped_images/1507FriedGitheriWhiteRice/white rice boiled_1.jpg
1159BoiledEggs.jpg,boiled egg,3662197,1.3084279736999402,122.18479663072922,27.43,/home/aojwang/data/MergeDataset/cropped_images/1159BoiledEggs/boiled egg_0.jpg
2Butternut.jpg,butternut,1695036,1.2030328559393428,168.99816070769785,22.0,/home/aojwang/data/MergeDataset/cropped_images/2Butternut/butternut_0.jpg
904SweetPotatoroundcut.jpg,sweet potato,3795922,1.2268334280841386,121.77398560876647,1.65,/home/aojwang/data/MergeDataset/cropped_images/904SweetPotatoroundcut/sweet potato_0.jpg
330OnionsCucumber.jpg,cucumber,1134972,1.0973451327433628,152.3675159680885,0.3,/home/aojwang/data/MergeDataset/cropped_images/330OnionsCucumber/cucumber_0.jpg
330OnionsCucumber.jpg,onions,1377600,0.9566666666666667,154.7608316395664,0.75,/home/aojwang/data/MergeDataset/cropped_images/330OnionsCucumber/onions_1.jpg
3Kunde.jpg,kunde,3269288,1.3929503916449086,121.95002255333067,2.0,/home/aojwang/data/MergeDataset/cropped_images/3Kunde/kunde_0.jpg
2RiceLentil.jpg,kamande,1506659,0.8792971734148205,123.3489258905521,50.0,/home/aojwang/data/MergeDataset/cropped_images/2RiceLentil/kamande_0.jpg
2RiceLentil.jpg,white rice boiled,1370929,0.8149575944487278,203.19853350051923,70.0,/home/aojwang/data/MergeDataset/cropped_images/2RiceLentil/white rice boiled_1.jpg
1541NjahiWhiteRice.JPG,black beans,2566187,1.2780522230063514,103.20120942082553,9.5,/home/aojwang/data/MergeDataset/cropped_images/1541NjahiWhiteRice/black beans_0.jpg
1541NjahiWhiteRice.JPG,white rice boiled,3598560,1.3511029411764706,140.61284393386984,2.4,/home/aojwang/data/MergeDataset/cropped_images/1541NjahiWhiteRice/white rice boiled_1.jpg
1312BeefstewPastaSpinach.JPG,pasta,1859130,1.4431718061674008,150.01115163185648,2.2,/home/aojwang/data/MergeDataset/cropped_images/1312BeefstewPastaSpinach/pasta_0.jpg
1312BeefstewPastaSpinach.JPG,spinach cooked,1680525,1.4761012183692597,83.01006530697252,1.1,/home/aojwang/data/MergeDataset/cropped_images/1312BeefstewPastaSpinach/spinach cooked_2.jpg
243Tomato.jpg,tomato,2610648,1.266016713091922,135.82239888334237,3.4,/home/aojwang/data/MergeDataset/cropped_images/243Tomato/tomato_0.jpg
69Bananapeeled.jpg,ripe banana,2810274,2.5882917466410746,176.65291213596967,1.26,/home/aojwang/data/MergeDataset/cropped_images/69Bananapeeled/ripe banana_0.jpg
1547NjahiWhiteRice.JPG,black beans,4657744,1.3938730853391685,108.91715867882247,28.5,/home/aojwang/data/MergeDataset/cropped_images/1547NjahiWhiteRice/black beans_0.jpg
1547NjahiWhiteRice.JPG,white rice boiled,6298196,1.430886558627264,150.7166933198014,6.0,/home/aojwang/data/MergeDataset/cropped_images/1547NjahiWhiteRice/white rice boiled_1.jpg
1669WholeFishKachumbarihalfCupChips.JPG,fish fry,4687358,2.7864302235929066,129.01725015812033,126.43,/home/aojwang/data/MergeDataset/cropped_images/1669WholeFishKachumbarihalfCupChips/fish fry_0.jpg
1669WholeFishKachumbarihalfCupChips.JPG,kachumbari,2426532,1.2362598144182726,102.36885000211551,1.43,/home/aojwang/data/MergeDataset/cropped_images/1669WholeFishKachumbarihalfCupChips/kachumbari_1.jpg
1669WholeFishKachumbarihalfCupChips.JPG,potato chips,1950720,1.2094488188976378,143.30587885498687,2.4,/home/aojwang/data/MergeDataset/cropped_images/1669WholeFishKachumbarihalfCupChips/potato chips_2.jpg
1554NjahiWhiteRiceSpinach.JPG,spinach cooked,2989272,1.1560945273631842,93.18409342921397,3.29,/home/aojwang/data/MergeDataset/cropped_images/1554NjahiWhiteRiceSpinach/spinach cooked_0.jpg
1554NjahiWhiteRiceSpinach.JPG,black beans,2715240,1.5326821938392186,111.0197497581552,19.0,/home/aojwang/data/MergeDataset/cropped_images/1554NjahiWhiteRiceSpinach/black beans_1.jpg
1554NjahiWhiteRiceSpinach.JPG,white rice boiled,4108295,0.9360381861575179,157.42994721654603,4.8,/home/aojwang/data/MergeDataset/cropped_images/1554NjahiWhiteRiceSpinach/white rice boiled_2.jpg
910SweetPotatoroundcut.jpg,sweet potato,3214330,1.1878419452887539,146.03717166563482,1.68,/home/aojwang/data/MergeDataset/cropped_images/910SweetPotatoroundcut/sweet potato_0.jpg
936Frenchfries(2).jpg,potato chips,1830966,1.2651704073150458,104.91303315663244,4.5,/home/aojwang/data/MergeDataset/cropped_images/936Frenchfries(2)/potato chips_0.jpg
646Arrowroots.jpg,arrowroots,3002796,1.4602510460251046,131.0809593236881,8.32,/home/aojwang/data/MergeDataset/cropped_images/646Arrowroots/arrowroots_0.jpg
180MangoWatermelon.jpg,mango,1786360,1.2261806130903066,141.29666491263427,0.82,/home/aojwang/data/MergeDataset/cropped_images/180MangoWatermelon/mango_0.jpg
180MangoWatermelon.jpg,water melon,1611493,1.3391066545123063,112.10407677849051,0.6,/home/aojwang/data/MergeDataset/cropped_images/180MangoWatermelon/water melon_1.jpg
2PorkFried.jpg,pork fry,953556,1.1364628820960698,159.40307963035207,0.0,/home/aojwang/data/MergeDataset/cropped_images/2PorkFried/pork fry_0.jpg
1Murenda.jpg,murenda,1404112,1.360236220472441,139.01536629556617,1.0,/home/aojwang/data/MergeDataset/cropped_images/1Murenda/murenda_0.jpg
241Zucchini.jpg,zucchini,6297646,1.2618621307072515,154.22756317730995,4.05,/home/aojwang/data/MergeDataset/cropped_images/241Zucchini/zucchini_0.jpg
801BrownRiceEggyolkBeans.jpg,brown rice boiled,3289150,1.3343949044585988,125.1515445226477,24.0,/home/aojwang/data/MergeDataset/cropped_images/801BrownRiceEggyolkBeans/brown rice boiled_0.jpg
1773BrownChapatiWhiteRiceSpinach.JPG,brown chapati,5990985,1.6932482721956406,126.01124951350515,43.8,/home/aojwang/data/MergeDataset/cropped_images/1773BrownChapatiWhiteRiceSpinach/brown chapati_0.jpg
1773BrownChapatiWhiteRiceSpinach.JPG,white rice boiled,2415338,1.5759289176090467,190.07340242511262,4.8,/home/aojwang/data/MergeDataset/cropped_images/1773BrownChapatiWhiteRiceSpinach/white rice boiled_1.jpg
637BrownRice.jpg,brown rice boiled,5210400,1.3702564102564103,137.28428988177492,28.0,/home/aojwang/data/MergeDataset/cropped_images/637BrownRice/brown rice boiled_0.jpg
1PastaCarrot.jpg,pasta,734046,0.9204927211646137,170.30502311844216,23.0,/home/aojwang/data/MergeDataset/cropped_images/1PastaCarrot/pasta_0.jpg
1PastaCarrot.jpg,carrot,1334840,1.0932126696832578,149.49780622896128,7.0,/home/aojwang/data/MergeDataset/cropped_images/1PastaCarrot/carrot_1.jpg
1565BrownUgaliDrumstickSpinach.JPG,brown ugali,1005109,1.0616649537512848,107.64468762426098,1.07,/home/aojwang/data/MergeDataset/cropped_images/1565BrownUgaliDrumstickSpinach/brown ugali_1.jpg
1565BrownUgaliDrumstickSpinach.JPG,chicken drumstick,2335830,1.0809523809523809,87.67293110657312,25.08,/home/aojwang/data/MergeDataset/cropped_images/1565BrownUgaliDrumstickSpinach/chicken drumstick_2.jpg
1HamburgerSalad2.jpg,onion tomato carrot,1449240,1.6792249730893434,146.98068872880498,14.0,/home/aojwang/data/MergeDataset/cropped_images/1HamburgerSalad2/onion tomato carrot_0.jpg
1HamburgerSalad2.jpg,hamburger,456460,1.356896551724138,139.55748075771518,62.0,/home/aojwang/data/MergeDataset/cropped_images/1HamburgerSalad2/hamburger_1.jpg
2ChipsFish.jpg,fish fry,775523,0.8947368421052632,139.85432669308324,0.0,/home/aojwang/data/MergeDataset/cropped_images/2ChipsFish/fish fry_0.jpg
2ChipsFish.jpg,potato chips,1658418,1.1383595691797845,165.2611068701216,89.0,/home/aojwang/data/MergeDataset/cropped_images/2ChipsFish/potato chips_1.jpg
1216MincedMeatRoscocoBeansSpinach.JPG,mincemeat,1487400,1.2072072072072073,112.76640132669984,55.4,/home/aojwang/data/MergeDataset/cropped_images/1216MincedMeatRoscocoBeansSpinach/mincemeat_0.jpg
1216MincedMeatRoscocoBeansSpinach.JPG,spinach cooked,2368896,1.0698924731182795,71.93835271789052,4.38,/home/aojwang/data/MergeDataset/cropped_images/1216MincedMeatRoscocoBeansSpinach/spinach cooked_1.jpg
1216MincedMeatRoscocoBeansSpinach.JPG,rosecoco,2470132,1.4262917933130699,77.25843139826806,17.34,/home/aojwang/data/MergeDataset/cropped_images/1216MincedMeatRoscocoBeansSpinach/rosecoco_2.jpg
3Mbaazi.jpg,mbaazi,3035760,1.4320054945054945,141.6278166477807,51.0,/home/aojwang/data/MergeDataset/cropped_images/3Mbaazi/mbaazi_0.jpg
704WhiteRicequotercupPigeonpeahalfcup.jpg,mbaazi,3015108,1.5994173343044429,127.54643360481062,6.84,/home/aojwang/data/MergeDataset/cropped_images/704WhiteRicequotercupPigeonpeahalfcup/mbaazi_0.jpg
704WhiteRicequotercupPigeonpeahalfcup.jpg,white rice boiled,890619,1.2592152199762188,158.4426284789942,1.2,/home/aojwang/data/MergeDataset/cropped_images/704WhiteRicequotercupPigeonpeahalfcup/white rice boiled_1.jpg
2WMelonMangoKiwi.jpg,watermelon mango kiwi,1822798,1.6192271442035815,163.90136848222713,30.0,/home/aojwang/data/MergeDataset/cropped_images/2WMelonMangoKiwi/watermelon mango kiwi_0.jpg
1299BeefSamosa.JPG,samosa,2964248,1.9561332250203087,124.17962948219358,17.3,/home/aojwang/data/MergeDataset/cropped_images/1299BeefSamosa/samosa_0.jpg
3HotdogSalad.jpg,hotdog,1795596,2.256726457399103,176.59918118181002,51.0,/home/aojwang/data/MergeDataset/cropped_images/3HotdogSalad/hotdog_1.jpg
1Sausage.jpg,sausage,269968,0.4773936170212766,117.33198626009997,3.0,/home/aojwang/data/MergeDataset/cropped_images/1Sausage/sausage_0.jpg
1759BrownUgalihalfCupWhiteRiceSpinach.JPG,brown ugali,898485,1.1018826135105204,89.37728509657924,1.9,/home/aojwang/data/MergeDataset/cropped_images/1759BrownUgalihalfCupWhiteRiceSpinach/brown ugali_0.jpg
1759BrownUgalihalfCupWhiteRiceSpinach.JPG,white rice boiled,1939392,1.093093093093093,164.49894159269158,2.4,/home/aojwang/data/MergeDataset/cropped_images/1759BrownUgalihalfCupWhiteRiceSpinach/white rice boiled_1.jpg
1093Mincedbeef.jpg,mincemeat,4193613,1.2082662372517445,127.53917993863526,69.25,/home/aojwang/data/MergeDataset/cropped_images/1093Mincedbeef/mincemeat_0.jpg
1609BrownUgali1CupCabbage(2).JPG,brown ugali,1597596,1.0159489633173844,110.32136535144053,2.9,/home/aojwang/data/MergeDataset/cropped_images/1609BrownUgali1CupCabbage(2)/brown ugali_0.jpg
1609BrownUgali1CupCabbage(2).JPG,green cabbage cooked,4556538,1.3970099667774087,163.27478830053283,2.75,/home/aojwang/data/MergeDataset/cropped_images/1609BrownUgali1CupCabbage(2)/green cabbage cooked_1.jpg
1445Githeri.JPG,githeri,5707926,1.6340288924558588,120.55164613790251,23.45,/home/aojwang/data/MergeDataset/cropped_images/1445Githeri/githeri_0.jpg
1689BeefSausageChipsKachumbarithirdCup.JPG,potato chips,1323960,1.0516934046345812,161.09321454827437,2.4,/home/aojwang/data/MergeDataset/cropped_images/1689BeefSausageChipsKachumbarithirdCup/potato chips_0.jpg
1689BeefSausageChipsKachumbarithirdCup.JPG,kachumbari,888408,0.9403292181069959,99.45958088325784,0.92,/home/aojwang/data/MergeDataset/cropped_images/1689BeefSausageChipsKachumbarithirdCup/kachumbari_1.jpg
1226MincedMeatPegionpeasSpinach.jpg,mbaazi,1794408,1.9031925849639546,88.55312467027194,8.7,/home/aojwang/data/MergeDataset/cropped_images/1226MincedMeatPegionpeasSpinach/mbaazi_0.jpg
1226MincedMeatPegionpeasSpinach.jpg,mincemeat,1258524,1.0710332103321034,91.24103923855776,55.4,/home/aojwang/data/MergeDataset/cropped_images/1226MincedMeatPegionpeasSpinach/mincemeat_1.jpg
1226MincedMeatPegionpeasSpinach.jpg,spinach cooked,1293069,1.2650840751730958,60.86260825988404,3.29,/home/aojwang/data/MergeDataset/cropped_images/1226MincedMeatPegionpeasSpinach/spinach cooked_2.jpg
898WhiteChapati3Greengrams.jpg,ndengu,826448,1.461436170212766,86.8983928813428,1.85,/home/aojwang/data/MergeDataset/cropped_images/898WhiteChapati3Greengrams/ndengu_0.jpg
701WhiteRicePigeonpea.jpg,white rice boiled,2561692,1.4330590875093492,163.2330735571125,7.2,/home/aojwang/data/MergeDataset/cropped_images/701WhiteRicePigeonpea/white rice boiled_0.jpg
701WhiteRicePigeonpea.jpg,mbaazi,3641499,2.151421983089931,97.27335116664868,11.4,/home/aojwang/data/MergeDataset/cropped_images/701WhiteRicePigeonpea/mbaazi_1.jpg
58Mango.jpg,mango,4897684,1.621403912543153,117.95058820999205,1.517,/home/aojwang/data/MergeDataset/cropped_images/58Mango/mango_0.jpg
1144BoiledButternut.jpg,butternut boiled,6970808,1.0959555908009517,131.77146613898034,5.67,/home/aojwang/data/MergeDataset/cropped_images/1144BoiledButternut/butternut boiled_0.jpg
1197MincedMeatSpaghettiCabbage.JPG,green cabbage cooked,2024360,1.5441048034934497,139.42721205714398,1.8,/home/aojwang/data/MergeDataset/cropped_images/1197MincedMeatSpaghettiCabbage/green cabbage cooked_0.jpg
1197MincedMeatSpaghettiCabbage.JPG,spaghetti,2400894,1.009727626459144,163.41409824840247,11.0,/home/aojwang/data/MergeDataset/cropped_images/1197MincedMeatSpaghettiCabbage/spaghetti_1.jpg
1197MincedMeatSpaghettiCabbage.JPG,mincemeat,2581800,1.060897435897436,112.37728677666745,69.25,/home/aojwang/data/MergeDataset/cropped_images/1197MincedMeatSpaghettiCabbage/mincemeat_2.jpg
1712ChipsBeefstew.JPG,beef stew,1379730,1.0805309734513275,105.77713030810376,26.55,/home/aojwang/data/MergeDataset/cropped_images/1712ChipsBeefstew/beef stew_0.jpg
1712ChipsBeefstew.JPG,potato chips,2562177,0.9608083282302511,159.10905673833878,7.2,/home/aojwang/data/MergeDataset/cropped_images/1712ChipsBeefstew/potato chips_1.jpg
961MashedIrishpotato.jpg,irish potato mashed,1829984,1.571825764596849,150.82345856575796,7.64,/home/aojwang/data/MergeDataset/cropped_images/961MashedIrishpotato/irish potato mashed_0.jpg
1357YellowMaizeboiled.JPG,boiled yellow maize,6383853,1.3347050754458163,136.36444369881323,11.06875,/home/aojwang/data/MergeDataset/cropped_images/1357YellowMaizeboiled/boiled yellow maize_0.jpg
1314BeefstewPastaSpinach(2).JPG,pasta,2113440,1.3354531001589824,155.32857300577888,4.4,/home/aojwang/data/MergeDataset/cropped_images/1314BeefstewPastaSpinach(2)/pasta_0.jpg
1314BeefstewPastaSpinach(2).JPG,spinach cooked,1971304,1.4351535836177474,68.16145708627386,2.91,/home/aojwang/data/MergeDataset/cropped_images/1314BeefstewPastaSpinach(2)/spinach cooked_1.jpg
1PotatoPork.jpg,pork fry,504570,1.3785123966942148,158.49527188166823,0.0,/home/aojwang/data/MergeDataset/cropped_images/1PotatoPork/pork fry_0.jpg
1PotatoPork.jpg,mashed potato,296460,0.9836065573770492,187.8503271942252,16.0,/home/aojwang/data/MergeDataset/cropped_images/1PotatoPork/mashed potato_1.jpg
202PineappleAvocado.jpg,pineapple,2816832,1.0575980392156863,165.98278680920032,1.20043,/home/aojwang/data/MergeDataset/cropped_images/202PineappleAvocado/pineapple_0.jpg
202PineappleAvocado.jpg,avocado,2626120,0.9530120481927711,133.13006958300966,4.0,/home/aojwang/data/MergeDataset/cropped_images/202PineappleAvocado/avocado_1.jpg
121Watermelonquotercup.jpg,water melon,1461915,1.637037037037037,110.81072360568159,0.48,/home/aojwang/data/MergeDataset/cropped_images/121Watermelonquotercup/water melon_0.jpg
1BeefRoast.jpg,beef roast,1720735,1.3693131132917038,92.31884495094634,0.0,/home/aojwang/data/MergeDataset/cropped_images/1BeefRoast/beef roast_0.jpg
384LettuceCarrotsgrated.jpg,carrot,2189439,1.0427881297446515,118.0815930473514,1.4,/home/aojwang/data/MergeDataset/cropped_images/384LettuceCarrotsgrated/carrot_0.jpg
384LettuceCarrotsgrated.jpg,lettuce,3286430,1.054957507082153,163.3679031654409,2.4,/home/aojwang/data/MergeDataset/cropped_images/384LettuceCarrotsgrated/lettuce_1.jpg
1488FriedGitheriBeefstew.JPG,githeri,3003189,0.9885255306942053,102.8900224616788,13.8,/home/aojwang/data/MergeDataset/cropped_images/1488FriedGitheriBeefstew/githeri_0.jpg
1488FriedGitheriBeefstew.JPG,beef stew,2705296,0.9677033492822966,85.38598795350552,35.4,/home/aojwang/data/MergeDataset/cropped_images/1488FriedGitheriBeefstew/beef stew_1.jpg
1240MincedMeatButterBeansSpinach.JPG,butternut beans,1954428,1.1268033409263478,164.55960806264886,9.24,/home/aojwang/data/MergeDataset/cropped_images/1240MincedMeatButterBeansSpinach/butternut beans_0.jpg
1240MincedMeatButterBeansSpinach.JPG,spinach cooked,2055690,1.1032967032967034,84.05436471452408,4.38,/home/aojwang/data/MergeDataset/cropped_images/1240MincedMeatButterBeansSpinach/spinach cooked_1.jpg
1240MincedMeatButterBeansSpinach.JPG,mincemeat,2643111,1.4697986577181208,112.04528085779724,55.4,/home/aojwang/data/MergeDataset/cropped_images/1240MincedMeatButterBeansSpinach/mincemeat_2.jpg
539Lentils.jpg,kamande,7937764,1.4037005887300251,159.36603527979247,47.08,/home/aojwang/data/MergeDataset/cropped_images/539Lentils/kamande_0.jpg
1492FriedGitheriBeefstew.JPG,githeri,3741916,0.8930141670737665,109.11909317757711,20.7,/home/aojwang/data/MergeDataset/cropped_images/1492FriedGitheriBeefstew/githeri_0.jpg
1492FriedGitheriBeefstew.JPG,beef stew,3408380,0.9150259067357513,87.14321896815105,53.1,/home/aojwang/data/MergeDataset/cropped_images/1492FriedGitheriBeefstew/beef stew_1.jpg
1490FriedGitheriBeefstew.JPG,githeri,3327620,1.0791571753986333,109.98269363689363,17.25,/home/aojwang/data/MergeDataset/cropped_images/1490FriedGitheriBeefstew/githeri_0.jpg
1490FriedGitheriBeefstew.JPG,beef stew,3360082,0.9567769477054429,89.06258101240783,44.25,/home/aojwang/data/MergeDataset/cropped_images/1490FriedGitheriBeefstew/beef stew_1.jpg
3ButternutChicken.jpg,butternut,1377008,0.6790730337078652,143.9685637265724,28.0,/home/aojwang/data/MergeDataset/cropped_images/3ButternutChicken/butternut_0.jpg
3ButternutChicken.jpg,chicken,1465660,0.8285714285714286,134.95186014036906,0.0,/home/aojwang/data/MergeDataset/cropped_images/3ButternutChicken/chicken_1.jpg
1208MincedMeatRoscocoBeansSpinach.JPG,spinach cooked,1069875,1.1829652996845426,80.38508548506445,1.1,/home/aojwang/data/MergeDataset/cropped_images/1208MincedMeatRoscocoBeansSpinach/spinach cooked_0.jpg
1208MincedMeatRoscocoBeansSpinach.JPG,mincemeat,865389,1.2235434007134365,119.21986374528295,13.85,/home/aojwang/data/MergeDataset/cropped_images/1208MincedMeatRoscocoBeansSpinach/mincemeat_1.jpg
1208MincedMeatRoscocoBeansSpinach.JPG,rosecoco,1087669,1.1348314606741574,105.94843069598073,4.335,/home/aojwang/data/MergeDataset/cropped_images/1208MincedMeatRoscocoBeansSpinach/rosecoco_2.jpg
995Spinach.jpg,spinach cooked,5732352,1.0798611111111112,84.22413871304484,6.57,/home/aojwang/data/MergeDataset/cropped_images/995Spinach/spinach cooked_0.jpg
198PineappleAvocado.jpg,avocado,1199363,1.155053974484789,159.55108142127668,0.8,/home/aojwang/data/MergeDataset/cropped_images/198PineappleAvocado/avocado_0.jpg
198PineappleAvocado.jpg,pineapple,853751,0.9892357373519914,167.12867061551515,0.2400861,/home/aojwang/data/MergeDataset/cropped_images/198PineappleAvocado/pineapple_1.jpg
2RiceNdengu.jpg,ndengu,929376,0.9146825396825397,135.32309635712565,23.0,/home/aojwang/data/MergeDataset/cropped_images/2RiceNdengu/ndengu_0.jpg
2RiceNdengu.jpg,white rice boiled,1089320,1.1721991701244814,189.06352097332893,71.0,/home/aojwang/data/MergeDataset/cropped_images/2RiceNdengu/white rice boiled_1.jpg
451MangoCucumber.jpg,mango,1125484,1.1165338645418326,117.68936327245287,0.82,/home/aojwang/data/MergeDataset/cropped_images/451MangoCucumber/mango_0.jpg
451MangoCucumber.jpg,cucumber,1396955,1.0222412318220702,134.634019945763,0.3,/home/aojwang/data/MergeDataset/cropped_images/451MangoCucumber/cucumber_1.jpg
1SoyaBeans.jpg,soya beans,957898,1.2425968109339407,161.8958403365146,4.0,/home/aojwang/data/MergeDataset/cropped_images/1SoyaBeans/soya beans_0.jpg
2BirianiLamb.jpg,biryani lamb,1927860,1.2047430830039525,129.45661597142254,48.0,/home/aojwang/data/MergeDataset/cropped_images/2BirianiLamb/biryani lamb_0.jpg
3RiceBean.jpg,white rice boiled,1172678,1.2671517671517671,190.15435837174968,127.0,/home/aojwang/data/MergeDataset/cropped_images/3RiceBean/white rice boiled_0.jpg
1117Chickenwings.jpg,chicken wing,3354659,1.5673274094326726,107.13523759046747,85.87942,/home/aojwang/data/MergeDataset/cropped_images/1117Chickenwings/chicken wing_0.jpg
1UgaliWMatumboPumpkin.jpg,matumbo fry,948270,1.2644341801385681,101.92430004112752,2.0,/home/aojwang/data/MergeDataset/cropped_images/1UgaliWMatumboPumpkin/matumbo fry_0.jpg
1UgaliWMatumboPumpkin.jpg,white ugali,381483,0.9342723004694836,183.2698608675441,48.0,/home/aojwang/data/MergeDataset/cropped_images/1UgaliWMatumboPumpkin/white ugali_1.jpg
1UgaliWMatumboPumpkin.jpg,pumpkin leaves,327426,1.6097560975609757,90.29725597030576,3.0,/home/aojwang/data/MergeDataset/cropped_images/1UgaliWMatumboPumpkin/pumpkin leaves_2.jpg
44Pineapple.jpg,pineapple,8506503,1.8351137947050626,146.36943990575995,1.008362,/home/aojwang/data/MergeDataset/cropped_images/44Pineapple/pineapple_0.jpg
1084Chickendrumstick.jpg,chicken drumstick,5891248,1.3923189110354885,136.73236627168527,85.73,/home/aojwang/data/MergeDataset/cropped_images/1084Chickendrumstick/chicken drumstick_0.jpg
883WhiteChapatihalfGreengrams.jpg,ndengu,1479006,1.226775956284153,93.6103304065929,3.7,/home/aojwang/data/MergeDataset/cropped_images/883WhiteChapatihalfGreengrams/ndengu_0.jpg
3CabbageGreen.jpg,green cabbage cooked,2539136,1.4397590361445782,150.60538716056695,6.0,/home/aojwang/data/MergeDataset/cropped_images/3CabbageGreen/green cabbage cooked_0.jpg
1664WholeFishKachumbari1CupChips.JPG,kachumbari,1998992,1.3063864187550525,87.51852133475272,1.99,/home/aojwang/data/MergeDataset/cropped_images/1664WholeFishKachumbari1CupChips/kachumbari_0.jpg
1664WholeFishKachumbari1CupChips.JPG,potato chips,1008573,0.8630897317298798,133.11484278612787,2.4,/home/aojwang/data/MergeDataset/cropped_images/1664WholeFishKachumbari1CupChips/potato chips_1.jpg
1257MincedMeatGreenBeansCabbage.JPG,green cabbage cooked,1017396,1.1085594989561587,171.47491242348113,0.5,/home/aojwang/data/MergeDataset/cropped_images/1257MincedMeatGreenBeansCabbage/green cabbage cooked_0.jpg
1257MincedMeatGreenBeansCabbage.JPG,mincemeat,1462875,1.0595744680851065,127.94366048591529,27.7,/home/aojwang/data/MergeDataset/cropped_images/1257MincedMeatGreenBeansCabbage/mincemeat_1.jpg
1257MincedMeatGreenBeansCabbage.JPG,green beans,1168310,1.3054968287526427,151.65077162739342,0.9,/home/aojwang/data/MergeDataset/cropped_images/1257MincedMeatGreenBeansCabbage/green beans_2.jpg
1018Cabbage.jpg,green cabbage cooked,6006627,1.2489740082079344,134.65108781794953,3.85,/home/aojwang/data/MergeDataset/cropped_images/1018Cabbage/green cabbage cooked_0.jpg
3Watermelon.jpg,water melon,9564576,2.4249748237663646,163.74718617950236,6.444,/home/aojwang/data/MergeDataset/cropped_images/3Watermelon/water melon_0.jpg
783BrownRicequotercupMonkeynutsquotercup.jpg,brown rice boiled,869456,1.4145408163265305,150.6385084466609,4.0,/home/aojwang/data/MergeDataset/cropped_images/783BrownRicequotercupMonkeynutsquotercup/brown rice boiled_0.jpg
783BrownRicequotercupMonkeynutsquotercup.jpg,monkeynut beans,1075264,1.4952830188679245,97.3503744196774,3.9,/home/aojwang/data/MergeDataset/cropped_images/783BrownRicequotercupMonkeynutsquotercup/monkeynut beans_1.jpg
873WhiteChapati1GreenBeans.jpg,green beans,2488250,1.3754646840148699,83.13880799758867,3.6,/home/aojwang/data/MergeDataset/cropped_images/873WhiteChapati1GreenBeans/green beans_0.jpg
63Mango.jpg,mango,9244634,1.4720670391061452,105.05559347545109,2.05,/home/aojwang/data/MergeDataset/cropped_images/63Mango/mango_0.jpg
1SamosaVege.jpg,samosa,462256,1.035928143712575,184.7328269761056,10.0,/home/aojwang/data/MergeDataset/cropped_images/1SamosaVege/samosa_0.jpg
1741WhiteRiceWhiteChapatiBeefstew.JPG,beef stew,803700,1.0994152046783625,84.75801376964871,8.85,/home/aojwang/data/MergeDataset/cropped_images/1741WhiteRiceWhiteChapatiBeefstew/beef stew_0.jpg
1741WhiteRiceWhiteChapatiBeefstew.JPG,white rice boiled,942006,1.0914962325080733,187.16156832688256,1.2,/home/aojwang/data/MergeDataset/cropped_images/1741WhiteRiceWhiteChapatiBeefstew/white rice boiled_1.jpg
1741WhiteRiceWhiteChapatiBeefstew.JPG,white chapati,3458511,1.0361247947454844,144.61133052152599,12.75,/home/aojwang/data/MergeDataset/cropped_images/1741WhiteRiceWhiteChapatiBeefstew/white chapati_2.jpg
37Pineapple.jpg,pineapple,5012184,1.0812819321876452,161.9258740301633,1.20043,/home/aojwang/data/MergeDataset/cropped_images/37Pineapple/pineapple_0.jpg
1Cauliflower.jpg,cauliflower,1152736,1.4751131221719458,193.09507178284244,1.0,/home/aojwang/data/MergeDataset/cropped_images/1Cauliflower/cauliflower_0.jpg
3Plum.jpg,plum,1732812,1.2402707275803722,128.71919169534837,26.0,/home/aojwang/data/MergeDataset/cropped_images/3Plum/plum_0.jpg
3FishFillet.jpg,fish fillet,1938758,0.7601753287413902,164.52571336907442,0.0,/home/aojwang/data/MergeDataset/cropped_images/3FishFillet/fish fillet_0.jpg
280Cabbagesliced.jpg,green cabbage,4188966,1.4528857479387516,204.55926084543697,3.3,/home/aojwang/data/MergeDataset/cropped_images/280Cabbagesliced/green cabbage_0.jpg
1578BrownUgaliDrumstickCabbage.JPG,brown ugali,939930,1.001031991744066,130.48698626493461,1.07,/home/aojwang/data/MergeDataset/cropped_images/1578BrownUgaliDrumstickCabbage/brown ugali_0.jpg
1578BrownUgaliDrumstickCabbage.JPG,chicken drumstick,2012675,1.3412244897959185,134.78300917932603,25.08,/home/aojwang/data/MergeDataset/cropped_images/1578BrownUgaliDrumstickCabbage/chicken drumstick_1.jpg
1578BrownUgaliDrumstickCabbage.JPG,green cabbage cooked,1467082,1.0430016863406408,189.43361925236627,0.55,/home/aojwang/data/MergeDataset/cropped_images/1578BrownUgaliDrumstickCabbage/green cabbage cooked_2.jpg
2PastaChickenBroccoli.jpg,chicken,686665,0.943728018757327,136.32820856361303,0.0,/home/aojwang/data/MergeDataset/cropped_images/2PastaChickenBroccoli/chicken_0.jpg
2PastaChickenBroccoli.jpg,pasta,1285227,2.4183813443072704,175.9512918729532,45.0,/home/aojwang/data/MergeDataset/cropped_images/2PastaChickenBroccoli/pasta_1.jpg
2PastaChickenBroccoli.jpg,broccoli,711936,1.20703125,139.81325428128372,4.0,/home/aojwang/data/MergeDataset/cropped_images/2PastaChickenBroccoli/broccoli_2.jpg
2Cauliflower.jpg,cauliflower,2224810,1.3266409266409267,193.05654834944707,2.0,/home/aojwang/data/MergeDataset/cropped_images/2Cauliflower/cauliflower_0.jpg
1095Mincedbeef.jpg,mincemeat,4607676,1.441275167785235,107.77543849292644,96.95,/home/aojwang/data/MergeDataset/cropped_images/1095Mincedbeef/mincemeat_0.jpg
1168PlantainsChickendrumstick.jpg,chicken drumstick,1322603,2.2134540750323417,75.79154792985247,55.19,/home/aojwang/data/MergeDataset/cropped_images/1168PlantainsChickendrumstick/chicken drumstick_0.jpg
1168PlantainsChickendrumstick.jpg,plantain,2008669,1.8678881388621023,98.87471869846816,1.3,/home/aojwang/data/MergeDataset/cropped_images/1168PlantainsChickendrumstick/plantain_1.jpg
1168PlantainsChickendrumstick.jpg,chicken drumstick,1158948,0.4931506849315068,85.75006787764995,55.19,/home/aojwang/data/MergeDataset/cropped_images/1168PlantainsChickendrumstick/chicken drumstick_2.jpg
2Rosecoco.jpg,rosecoco,1938440,1.3372093023255813,158.06778440395368,49.0,/home/aojwang/data/MergeDataset/cropped_images/2Rosecoco/rosecoco_0.jpg
1731GitheriWhiteChapatiquoter.JPG,githeri,2335210,0.9190715181932246,93.471642807285,20.1,/home/aojwang/data/MergeDataset/cropped_images/1731GitheriWhiteChapatiquoter/githeri_0.jpg
1731GitheriWhiteChapatiquoter.JPG,white chapati,1994545,1.4746345657781599,125.44922242081945,2.89,/home/aojwang/data/MergeDataset/cropped_images/1731GitheriWhiteChapatiquoter/white chapati_1.jpg
952BananaCooked1cup.jpg,boiled banana,3268930,1.5874564459930314,135.16969609831554,2.95,/home/aojwang/data/MergeDataset/cropped_images/952BananaCooked1cup/boiled banana_0.jpg
805BrownRicequotercupEggyolkBeanshalfcup.jpg,brown rice boiled,1042125,1.3611428571428572,117.06632313781935,4.0,/home/aojwang/data/MergeDataset/cropped_images/805BrownRicequotercupEggyolkBeanshalfcup/brown rice boiled_0.jpg
391BananaCabbage.jpg,green cabbage,2903902,1.4023627519110493,180.7230558515175,0.55,/home/aojwang/data/MergeDataset/cropped_images/391BananaCabbage/green cabbage_0.jpg
391BananaCabbage.jpg,ripe banana,3058578,3.5669546436285096,136.19292876188433,2.492,/home/aojwang/data/MergeDataset/cropped_images/391BananaCabbage/ripe banana_1.jpg
2MaizeEggCarrot.jpg,carrot,1159872,1.5573580533024334,162.51682455765234,7.0,/home/aojwang/data/MergeDataset/cropped_images/2MaizeEggCarrot/carrot_1.jpg
2MaizeEggCarrot.jpg,boiled yellow maize,874745,0.5364134690681285,187.1555135115567,36.0,/home/aojwang/data/MergeDataset/cropped_images/2MaizeEggCarrot/boiled yellow maize_2.jpg
1134MincedMeatKalesSpaghetti(2).JPG,spaghetti,2344275,1.2693156732891833,142.15548915265202,4.4,/home/aojwang/data/MergeDataset/cropped_images/1134MincedMeatKalesSpaghetti(2)/spaghetti_0.jpg
1134MincedMeatKalesSpaghetti(2).JPG,sukumawiki,1405507,1.05724197745013,73.60730208624598,1.0,/home/aojwang/data/MergeDataset/cropped_images/1134MincedMeatKalesSpaghetti(2)/sukumawiki_1.jpg
418BananaTomato.jpg,tomato,2320524,1.3439878234398783,96.05946085165822,1.0,/home/aojwang/data/MergeDataset/cropped_images/418BananaTomato/tomato_0.jpg
418BananaTomato.jpg,ripe banana,1514304,1.3579545454545454,107.37682283962357,1.4,/home/aojwang/data/MergeDataset/cropped_images/418BananaTomato/ripe banana_1.jpg
1081Chickendrumstick.jpg,chicken drumstick,2021508,2.175311203319502,143.6573411202594,21.06,/home/aojwang/data/MergeDataset/cropped_images/1081Chickendrumstick/chicken drumstick_0.jpg
1108ScrambledEggs.jpg,scrambled eggs,6917328,1.45821854912764,148.7899277967832,32.7,/home/aojwang/data/MergeDataset/cropped_images/1108ScrambledEggs/scrambled eggs_0.jpg
130Applecquoterup.jpg,apple,663348,1.8674496644295302,161.99142431021625,0.09,/home/aojwang/data/MergeDataset/cropped_images/130Applecquoterup/apple_0.jpg
1166MincedMeatWhiteChapatiCabbage.JPG,mincemeat,2101415,1.1212563915266618,109.30641718397683,55.4,/home/aojwang/data/MergeDataset/cropped_images/1166MincedMeatWhiteChapatiCabbage/mincemeat_0.jpg
1166MincedMeatWhiteChapatiCabbage.JPG,green cabbage cooked,1295556,1.2725470763131814,168.08421532273917,1.8,/home/aojwang/data/MergeDataset/cropped_images/1166MincedMeatWhiteChapatiCabbage/green cabbage cooked_1.jpg
1166MincedMeatWhiteChapatiCabbage.JPG,white chapati,3825230,0.8376228357510529,165.33728150551295,17.86,/home/aojwang/data/MergeDataset/cropped_images/1166MincedMeatWhiteChapatiCabbage/white chapati_2.jpg
1705BeefSausageChipsKachumbari1Cup.JPG,kachumbari,1168310,1.0698564593301436,98.56600645376655,1.99,/home/aojwang/data/MergeDataset/cropped_images/1705BeefSausageChipsKachumbari1Cup/kachumbari_0.jpg
1705BeefSausageChipsKachumbari1Cup.JPG,potato chips,1816015,1.050190114068441,154.7077386475332,7.2,/home/aojwang/data/MergeDataset/cropped_images/1705BeefSausageChipsKachumbari1Cup/potato chips_1.jpg
1705BeefSausageChipsKachumbari1Cup.JPG,sausage,1125712,1.4736842105263157,103.55870714119894,7.5,/home/aojwang/data/MergeDataset/cropped_images/1705BeefSausageChipsKachumbari1Cup/sausage_2.jpg
2Lemon.jpg,lemon,475338,0.9756446991404012,153.04301220044124,7.0,/home/aojwang/data/MergeDataset/cropped_images/2Lemon/lemon_0.jpg
1MatumboFried.jpg,matumbo fry,1061049,1.4050632911392404,144.55718444671265,2.0,/home/aojwang/data/MergeDataset/cropped_images/1MatumboFried/matumbo fry_0.jpg
1215MincedMeatRoscocoBeansSpinach.JPG,mincemeat,1606257,1.3107497741644083,118.92507280383317,55.4,/home/aojwang/data/MergeDataset/cropped_images/1215MincedMeatRoscocoBeansSpinach/mincemeat_0.jpg
1215MincedMeatRoscocoBeansSpinach.JPG,spinach cooked,2227524,1.1093860268172195,79.92606274949226,3.29,/home/aojwang/data/MergeDataset/cropped_images/1215MincedMeatRoscocoBeansSpinach/spinach cooked_1.jpg
1215MincedMeatRoscocoBeansSpinach.JPG,rosecoco,2522565,1.4812260536398467,85.35450226257797,17.34,/home/aojwang/data/MergeDataset/cropped_images/1215MincedMeatRoscocoBeansSpinach/rosecoco_2.jpg
1282BeefstewBrownRiceSpinach.JPG,brown rice boiled,2217600,0.8838383838383839,150.2527153980279,12.0,/home/aojwang/data/MergeDataset/cropped_images/1282BeefstewBrownRiceSpinach/brown rice boiled_0.jpg
1282BeefstewBrownRiceSpinach.JPG,spinach cooked,1854792,1.5108303249097472,81.0627552846896,3.29,/home/aojwang/data/MergeDataset/cropped_images/1282BeefstewBrownRiceSpinach/spinach cooked_2.jpg
1195MincedMeatSpaghettiCabbage.JPG,green cabbage cooked,2091888,1.533390410958904,142.61300652807415,1.8,/home/aojwang/data/MergeDataset/cropped_images/1195MincedMeatSpaghettiCabbage/green cabbage cooked_0.jpg
1195MincedMeatSpaghettiCabbage.JPG,spaghetti,1855140,1.1648177496038035,163.25731175724383,6.6,/home/aojwang/data/MergeDataset/cropped_images/1195MincedMeatSpaghettiCabbage/spaghetti_1.jpg
1195MincedMeatSpaghettiCabbage.JPG,mincemeat,2089392,1.0783045977011494,110.68928106039141,41.55,/home/aojwang/data/MergeDataset/cropped_images/1195MincedMeatSpaghettiCabbage/mincemeat_2.jpg
292Lettuceshreded.jpg,lettuce,6095898,1.4734513274336283,174.83063359437227,5.4,/home/aojwang/data/MergeDataset/cropped_images/292Lettuceshreded/lettuce_0.jpg
1617SpaghettiNjahi.JPG,black beans,3390755,1.052367688022284,113.99899058862505,19.0,/home/aojwang/data/MergeDataset/cropped_images/1617SpaghettiNjahi/black beans_0.jpg
1617SpaghettiNjahi.JPG,spaghetti,4402960,1.245744680851064,171.14517513975446,6.6,/home/aojwang/data/MergeDataset/cropped_images/1617SpaghettiNjahi/spaghetti_1.jpg
353LettuceTomatoCarrots.jpg,carrot,1053415,1.3150837988826816,123.01806948511903,0.35,/home/aojwang/data/MergeDataset/cropped_images/353LettuceTomatoCarrots/carrot_0.jpg
353LettuceTomatoCarrots.jpg,tomato,1074305,1.3292547274749722,95.13524185403587,0.5,/home/aojwang/data/MergeDataset/cropped_images/353LettuceTomatoCarrots/tomato_1.jpg
353LettuceTomatoCarrots.jpg,lettuce,2306785,1.0321070234113712,152.66214059827857,0.6,/home/aojwang/data/MergeDataset/cropped_images/353LettuceTomatoCarrots/lettuce_2.jpg
1078BeefChops.jpg,beef roast,3119160,1.393716577540107,91.32287047367454,94.8,/home/aojwang/data/MergeDataset/cropped_images/1078BeefChops/beef roast_0.jpg
671BrownChapati.jpg,brown chapati,6517080,0.9790697674418605,133.11475318189537,21.17,/home/aojwang/data/MergeDataset/cropped_images/671BrownChapati/brown chapati_0.jpg
1RiceWFrenchB.jpg,white rice boiled,471306,1.4058721934369602,192.57149353781477,42.0,/home/aojwang/data/MergeDataset/cropped_images/1RiceWFrenchB/white rice boiled_0.jpg
1RiceWFrenchB.jpg,french beans,1601538,1.929747530186608,112.67825948140683,7.0,/home/aojwang/data/MergeDataset/cropped_images/1RiceWFrenchB/french beans_1.jpg
2UgaliBChickenCabbage.jpg,chicken,1250190,1.6517241379310346,129.6626939371882,0.0,/home/aojwang/data/MergeDataset/cropped_images/2UgaliBChickenCabbage/chicken_0.jpg
2UgaliBChickenCabbage.jpg,green cabbage cooked,387234,1.0544554455445545,177.26046955243254,2.0,/home/aojwang/data/MergeDataset/cropped_images/2UgaliBChickenCabbage/green cabbage cooked_1.jpg
2UgaliBChickenCabbage.jpg,brown ugali,1279616,2.163849154746424,153.04314549573206,86.0,/home/aojwang/data/MergeDataset/cropped_images/2UgaliBChickenCabbage/brown ugali_2.jpg
1RiceBChicken.jpg,chicken,759506,0.994279176201373,190.54453903809406,0.0,/home/aojwang/data/MergeDataset/cropped_images/1RiceBChicken/chicken_0.jpg
1RiceBChicken.jpg,brown rice boiled,763232,1.408967391304348,195.88289100387126,25.0,/home/aojwang/data/MergeDataset/cropped_images/1RiceBChicken/brown rice boiled_1.jpg
372CarrotsgratedTomato.jpg,tomato,1453568,1.2279411764705883,114.20054124288188,1.0,/home/aojwang/data/MergeDataset/cropped_images/372CarrotsgratedTomato/tomato_0.jpg
372CarrotsgratedTomato.jpg,carrot,1820546,1.1216640502354789,134.92261570613064,0.7,/home/aojwang/data/MergeDataset/cropped_images/372CarrotsgratedTomato/carrot_1.jpg
172WatermelonPawpaw.jpg,water melon,1915508,1.054154302670623,99.97418683016028,1.2,/home/aojwang/data/MergeDataset/cropped_images/172WatermelonPawpaw/water melon_0.jpg
172WatermelonPawpaw.jpg,pawpaw,2126600,1.129737609329446,100.84981206307408,0.941798,/home/aojwang/data/MergeDataset/cropped_images/172WatermelonPawpaw/pawpaw_1.jpg
144ApplePineapple.jpg,apple,952656,1.8792134831460674,155.9721714868746,0.15,/home/aojwang/data/MergeDataset/cropped_images/144ApplePineapple/apple_0.jpg
144ApplePineapple.jpg,pineapple,863484,2.7145390070921986,171.45271056942957,0.2400861,/home/aojwang/data/MergeDataset/cropped_images/144ApplePineapple/pineapple_1.jpg
308LettuceCucumber.jpg,lettuce,3807279,1.0579862941486557,173.05288133598825,3.0,/home/aojwang/data/MergeDataset/cropped_images/308LettuceCucumber/lettuce_0.jpg
308LettuceCucumber.jpg,cucumber,2052765,0.8296249205340115,127.39496776299283,1.5,/home/aojwang/data/MergeDataset/cropped_images/308LettuceCucumber/cucumber_1.jpg
269Carrotsgrated1cup.jpg,carrot,2837142,1.1054931335830211,127.82599108539509,1.4,/home/aojwang/data/MergeDataset/cropped_images/269Carrotsgrated1cup/carrot_0.jpg
3PotatoChicken.jpg,chicken,844864,1.7848837209302326,148.0379891517057,0.0,/home/aojwang/data/MergeDataset/cropped_images/3PotatoChicken/chicken_0.jpg
3PotatoChicken.jpg,potato chips,1425252,1.8573059360730593,154.62879780791982,26.0,/home/aojwang/data/MergeDataset/cropped_images/3PotatoChicken/potato chips_1.jpg
999Spinach.jpg,spinach cooked,6286574,1.1373883453849425,90.77654999368495,11.0,/home/aojwang/data/MergeDataset/cropped_images/999Spinach/spinach cooked_0.jpg
1627WholeFishWhiteUgaliquoterCup.JPG,white ugali,871080,1.0404371584699454,174.5986813304557,2.38,/home/aojwang/data/MergeDataset/cropped_images/1627WholeFishWhiteUgaliquoterCup/white ugali_0.jpg
812BrownRice1cupEggyolkBeanshalfcup.jpg,brown rice boiled,1818096,1.314625850340136,125.55319081060627,16.0,/home/aojwang/data/MergeDataset/cropped_images/812BrownRice1cupEggyolkBeanshalfcup/brown rice boiled_0.jpg
1BananaWMelonPawpaw.jpg,banana watermelon pawpaw,1658160,1.702127659574468,171.30401629919106,38.0,/home/aojwang/data/MergeDataset/cropped_images/1BananaWMelonPawpaw/banana watermelon pawpaw_0.jpg
1141MincedMeatBrownChapatiquoterKales.JPG,sukumawiki,999750,1.1559139784946237,73.58649795782279,1.0,/home/aojwang/data/MergeDataset/cropped_images/1141MincedMeatBrownChapatiquoterKales/sukumawiki_0.jpg
1141MincedMeatBrownChapatiquoterKales.JPG,mincemeat,925200,1.556420233463035,110.70700136907335,13.85,/home/aojwang/data/MergeDataset/cropped_images/1141MincedMeatBrownChapatiquoterKales/mincemeat_1.jpg
1785FishwetfryWhiteUgali1CupSpinach.JPG,white ugali,1186968,1.0120036934441368,185.8327977951666,9.14,/home/aojwang/data/MergeDataset/cropped_images/1785FishwetfryWhiteUgali1CupSpinach/white ugali_0.jpg
1785FishwetfryWhiteUgali1CupSpinach.JPG,spinach cooked,2221248,0.975480450629556,81.10953316934143,2.91,/home/aojwang/data/MergeDataset/cropped_images/1785FishwetfryWhiteUgali1CupSpinach/spinach cooked_1.jpg
275Carrotsgrated.jpg,carrot,3321162,1.335447051363348,127.73317842771094,3.5,/home/aojwang/data/MergeDataset/cropped_images/275Carrotsgrated/carrot_0.jpg
662SweetPotato.jpg,sweet potato,2531705,1.7435684647302905,175.32399246094366,2.16,/home/aojwang/data/MergeDataset/cropped_images/662SweetPotato/sweet potato_0.jpg
1306BeefSamosa.JPG,samosa,9613296,1.4025974025974026,165.4039095436154,68.87,/home/aojwang/data/MergeDataset/cropped_images/1306BeefSamosa/samosa_0.jpg
317CabbageTomato.jpg,tomato,2138894,0.995225102319236,106.69592025909964,2.0,/home/aojwang/data/MergeDataset/cropped_images/317CabbageTomato/tomato_0.jpg
789BrownRice1cupMonkeynutsquotercup.jpg,brown rice boiled,1852655,1.222583265637693,128.88538556827905,14.0,/home/aojwang/data/MergeDataset/cropped_images/789BrownRice1cupMonkeynutsquotercup/brown rice boiled_0.jpg
789BrownRice1cupMonkeynutsquotercup.jpg,monkeynut beans,1380447,1.558979808714134,102.90921587959069,4.29,/home/aojwang/data/MergeDataset/cropped_images/789BrownRice1cupMonkeynutsquotercup/monkeynut beans_1.jpg
1PotatoSausage.jpg,potato chips,811695,1.2842767295597484,159.6726044470727,15.0,/home/aojwang/data/MergeDataset/cropped_images/1PotatoSausage/potato chips_0.jpg
1PotatoSausage.jpg,sausage,318304,2.0714285714285716,145.120907476291,3.0,/home/aojwang/data/MergeDataset/cropped_images/1PotatoSausage/sausage_1.jpg
1246MincedMeatRoscocoBeansCabbage.JPG,green cabbage cooked,1860775,1.24,146.62137729351122,1.2,/home/aojwang/data/MergeDataset/cropped_images/1246MincedMeatRoscocoBeansCabbage/green cabbage cooked_0.jpg
1246MincedMeatRoscocoBeansCabbage.JPG,rosecoco,2110440,1.4017929910350448,97.86584219404484,8.67,/home/aojwang/data/MergeDataset/cropped_images/1246MincedMeatRoscocoBeansCabbage/rosecoco_1.jpg
1246MincedMeatRoscocoBeansCabbage.JPG,mincemeat,1472532,1.1994584837545126,116.98114200574248,27.7,/home/aojwang/data/MergeDataset/cropped_images/1246MincedMeatRoscocoBeansCabbage/mincemeat_2.jpg
76Bananapeeled.jpg,ripe banana,7002678,1.4926131117266852,144.14484477700293,4.2,/home/aojwang/data/MergeDataset/cropped_images/76Bananapeeled/ripe banana_0.jpg
430MangoCarrots.jpg,mango,573710,1.8491921005385996,128.51349985184152,0.82,/home/aojwang/data/MergeDataset/cropped_images/430MangoCarrots/mango_0.jpg
430MangoCarrots.jpg,carrot,2585088,1.1550802139037433,135.95365418894832,0.7,/home/aojwang/data/MergeDataset/cropped_images/430MangoCarrots/carrot_1.jpg
430MangoCarrots.jpg,mango,874575,0.92,126.99609943877502,0.82,/home/aojwang/data/MergeDataset/cropped_images/430MangoCarrots/mango_2.jpg
1277BeefstewBrownRiceSpinach.JPG,spinach cooked,1155735,1.294179894179894,93.72356379273795,1.1,/home/aojwang/data/MergeDataset/cropped_images/1277BeefstewBrownRiceSpinach/spinach cooked_0.jpg
1277BeefstewBrownRiceSpinach.JPG,brown rice boiled,1295382,0.8237639553429027,184.75186238499532,4.0,/home/aojwang/data/MergeDataset/cropped_images/1277BeefstewBrownRiceSpinach/brown rice boiled_2.jpg
1UgaliWOmena.jpg,white ugali,484980,0.9675141242937854,187.097035616589,48.0,/home/aojwang/data/MergeDataset/cropped_images/1UgaliWOmena/white ugali_0.jpg
1UgaliWOmena.jpg,omena,915120,1.6802168021680217,153.43212656992162,0.0,/home/aojwang/data/MergeDataset/cropped_images/1UgaliWOmena/omena_1.jpg
1364YellowMaizeboiledquoterCup.JPG,boiled yellow maize,1720872,1.381720430107527,152.88925730676075,1.45475,/home/aojwang/data/MergeDataset/cropped_images/1364YellowMaizeboiledquoterCup/boiled yellow maize_0.jpg
1239MincedMeatButterBeansSpinach.JPG,butternut beans,1980004,1.1485148514851484,162.30563793473817,9.24,/home/aojwang/data/MergeDataset/cropped_images/1239MincedMeatButterBeansSpinach/butternut beans_0.jpg
1239MincedMeatButterBeansSpinach.JPG,spinach cooked,1804608,1.1586538461538463,88.73085013476611,3.29,/home/aojwang/data/MergeDataset/cropped_images/1239MincedMeatButterBeansSpinach/spinach cooked_1.jpg
1239MincedMeatButterBeansSpinach.JPG,mincemeat,2656080,1.566820276497696,114.37678885174141,55.4,/home/aojwang/data/MergeDataset/cropped_images/1239MincedMeatButterBeansSpinach/mincemeat_2.jpg
27Pawpaw.jpg,pawpaw,6905834,1.7921548650025472,91.99568741443828,0.941798,/home/aojwang/data/MergeDataset/cropped_images/27Pawpaw/pawpaw_0.jpg
1334ChickenWetfryBrownRiceCabbage.JPG,green cabbage cooked,1800420,1.4612612612612612,160.25531320469668,1.2,/home/aojwang/data/MergeDataset/cropped_images/1334ChickenWetfryBrownRiceCabbage/green cabbage cooked_0.jpg
138ApplePawpaw.jpg,apple,3301074,2.567019400352734,171.1777146871998,0.75,/home/aojwang/data/MergeDataset/cropped_images/138ApplePawpaw/apple_0.jpg
138ApplePawpaw.jpg,pawpaw,3289046,2.594138543516874,128.4318637278611,1.177245,/home/aojwang/data/MergeDataset/cropped_images/138ApplePawpaw/pawpaw_1.jpg
155BananaMango.jpg,mango,1808382,1.4891107078039927,120.08650495304643,0.82,/home/aojwang/data/MergeDataset/cropped_images/155BananaMango/mango_0.jpg
155BananaMango.jpg,ripe banana,1735445,1.2031640299750208,153.69693632853054,1.4,/home/aojwang/data/MergeDataset/cropped_images/155BananaMango/ripe banana_1.jpg
2Omena.jpg,omena,2019550,1.4142259414225942,130.2160562171441,0.0,/home/aojwang/data/MergeDataset/cropped_images/2Omena/omena_0.jpg
695WhiteRicePigeonpea.jpg,white rice boiled,1477616,0.9248417721518988,165.8681114263336,2.4,/home/aojwang/data/MergeDataset/cropped_images/695WhiteRicePigeonpea/white rice boiled_0.jpg
695WhiteRicePigeonpea.jpg,mbaazi,1351316,1.0164787510841284,94.58196380417311,2.85,/home/aojwang/data/MergeDataset/cropped_images/695WhiteRicePigeonpea/mbaazi_1.jpg
755BrownRiceCowpeas.jpg,brown rice boiled,2366304,1.5,158.95601114649682,8.0,/home/aojwang/data/MergeDataset/cropped_images/755BrownRiceCowpeas/brown rice boiled_0.jpg
755BrownRiceCowpeas.jpg,cowpeas,2649894,1.6123244929797191,102.57408610809841,9.5,/home/aojwang/data/MergeDataset/cropped_images/755BrownRiceCowpeas/cowpeas_1.jpg
1180MincedMeatCabbageWhiteRice.JPG,mincemeat,3349169,1.644709180098108,92.35189674413762,69.25,/home/aojwang/data/MergeDataset/cropped_images/1180MincedMeatCabbageWhiteRice/mincemeat_0.jpg
1180MincedMeatCabbageWhiteRice.JPG,green cabbage cooked,2270268,0.8682745825602969,151.18009958882973,3.0,/home/aojwang/data/MergeDataset/cropped_images/1180MincedMeatCabbageWhiteRice/green cabbage cooked_1.jpg
1180MincedMeatCabbageWhiteRice.JPG,white rice boiled,2368278,1.3408577878103838,183.58207144600422,6.5,/home/aojwang/data/MergeDataset/cropped_images/1180MincedMeatCabbageWhiteRice/white rice boiled_2.jpg
2PastaSukumaMushrooms.jpg,sukumawiki,1003265,1.5104294478527607,112.05231651989587,4.0,/home/aojwang/data/MergeDataset/cropped_images/2PastaSukumaMushrooms/sukumawiki_0.jpg
2PastaSukumaMushrooms.jpg,pasta,1504956,1.5170682730923695,155.19083503659465,135.0,/home/aojwang/data/MergeDataset/cropped_images/2PastaSukumaMushrooms/pasta_1.jpg
2DalmakhiNan.jpg,naan,849981,2.368948247078464,186.8992146098952,61.0,/home/aojwang/data/MergeDataset/cropped_images/2DalmakhiNan/naan_0.jpg
2DalmakhiNan.jpg,dalmakhi,856106,1.1821386603995299,142.71074298431893,28.0,/home/aojwang/data/MergeDataset/cropped_images/2DalmakhiNan/dalmakhi_1.jpg
1192MincedMeatSpaghettiCabbage.JPG,green cabbage cooked,1800792,1.400352733686067,148.61966382939656,1.2,/home/aojwang/data/MergeDataset/cropped_images/1192MincedMeatSpaghettiCabbage/green cabbage cooked_0.jpg
1192MincedMeatSpaghettiCabbage.JPG,spaghetti,1536132,1.2289803220035778,156.85895244245503,4.4,/home/aojwang/data/MergeDataset/cropped_images/1192MincedMeatSpaghettiCabbage/spaghetti_1.jpg
1192MincedMeatSpaghettiCabbage.JPG,mincemeat,1776432,1.1479099678456592,109.48785261693102,27.7,/home/aojwang/data/MergeDataset/cropped_images/1192MincedMeatSpaghettiCabbage/mincemeat_2.jpg
1566BrownUgaliDrumstickSpinach.JPG,brown ugali,1400120,1.0405172413793105,114.98933758058833,1.43,/home/aojwang/data/MergeDataset/cropped_images/1566BrownUgaliDrumstickSpinach/brown ugali_1.jpg
1566BrownUgaliDrumstickSpinach.JPG,chicken drumstick,2532150,1.0816993464052287,80.28728182243022,25.08,/home/aojwang/data/MergeDataset/cropped_images/1566BrownUgaliDrumstickSpinach/chicken drumstick_2.jpg
1566BrownUgaliDrumstickSpinach.JPG,spinach cooked,2538140,1.0856769130150425,79.88205615135493,2.91,/home/aojwang/data/MergeDataset/cropped_images/1566BrownUgaliDrumstickSpinach/spinach cooked_3.jpg
1566BrownUgaliDrumstickSpinach.JPG,spinach cooked,3921828,1.024016351558508,87.82211416036944,2.91,/home/aojwang/data/MergeDataset/cropped_images/1566BrownUgaliDrumstickSpinach/spinach cooked_4.jpg
791BrownRice1cupMonkeynutshalfcup.jpg,brown rice boiled,2302428,1.468849840255591,143.53460347077086,14.0,/home/aojwang/data/MergeDataset/cropped_images/791BrownRice1cupMonkeynutshalfcup/brown rice boiled_0.jpg
791BrownRice1cupMonkeynutshalfcup.jpg,monkeynut beans,3378297,1.8842419716206125,98.63402280300795,10.92,/home/aojwang/data/MergeDataset/cropped_images/791BrownRice1cupMonkeynutshalfcup/monkeynut beans_1.jpg
1003Spinachthirdcup.jpg,spinach cooked,4766502,1.115626511852927,101.2490157352289,1.43,/home/aojwang/data/MergeDataset/cropped_images/1003Spinachthirdcup/spinach cooked_0.jpg
3Tomato.jpg,tomato,1469004,1.1363236587510994,137.99742705488435,12.0,/home/aojwang/data/MergeDataset/cropped_images/3Tomato/tomato_0.jpg
249Tomato1cup.jpg,tomato,4227674,1.360181508791832,137.56281113444413,2.1,/home/aojwang/data/MergeDataset/cropped_images/249Tomato1cup/tomato_0.jpg
1167MincedMeatWhiteChapati2andhalfCabbage.JPG,green cabbage cooked,1368081,1.2107243650047037,161.85628701809324,1.8,/home/aojwang/data/MergeDataset/cropped_images/1167MincedMeatWhiteChapati2andhalfCabbage/green cabbage cooked_0.jpg
1167MincedMeatWhiteChapati2andhalfCabbage.JPG,mincemeat,2217278,1.0502408809359944,103.5618806783212,55.4,/home/aojwang/data/MergeDataset/cropped_images/1167MincedMeatWhiteChapati2andhalfCabbage/mincemeat_1.jpg
1167MincedMeatWhiteChapati2andhalfCabbage.JPG,white chapati,4206384,0.8331108144192256,164.17306265904398,30.58,/home/aojwang/data/MergeDataset/cropped_images/1167MincedMeatWhiteChapati2andhalfCabbage/white chapati_2.jpg
506CarrotsPineappleRedCabbage.jpg,pineapple,3348465,0.9324538258575198,125.71634564892669,0.960343,/home/aojwang/data/MergeDataset/cropped_images/506CarrotsPineappleRedCabbage/pineapple_0.jpg
506CarrotsPineappleRedCabbage.jpg,carrot,1622124,1.343039126478617,115.27751125479104,0.7,/home/aojwang/data/MergeDataset/cropped_images/506CarrotsPineappleRedCabbage/carrot_1.jpg
169WatermelonPawpaw.jpg,water melon,1011681,1.1722282023681379,114.37904635947497,0.3,/home/aojwang/data/MergeDataset/cropped_images/169WatermelonPawpaw/water melon_0.jpg
169WatermelonPawpaw.jpg,pawpaw,838935,0.9762675296655879,119.64000270183824,0.235449,/home/aojwang/data/MergeDataset/cropped_images/169WatermelonPawpaw/pawpaw_1.jpg
1Kunde.jpg,kunde,1446578,1.3958742632612966,134.1307517926214,1.0,/home/aojwang/data/MergeDataset/cropped_images/1Kunde/kunde_0.jpg
329TomatoOnions.jpg,tomato,2347208,0.8932757557063541,112.3699734606676,2.5,/home/aojwang/data/MergeDataset/cropped_images/329TomatoOnions/tomato_0.jpg
329TomatoOnions.jpg,onions,3516127,0.9410243145369891,159.17164340195902,3.75,/home/aojwang/data/MergeDataset/cropped_images/329TomatoOnions/onions_1.jpg
1725GitheriWhiteChapatiquoter.JPG,githeri,2466008,1.02775984506133,105.87600310569417,13.4,/home/aojwang/data/MergeDataset/cropped_images/1725GitheriWhiteChapatiquoter/githeri_0.jpg
356TomatoOnionsCarrots.jpg,onions,1014324,1.9350828729281768,120.98564002560654,0.75,/home/aojwang/data/MergeDataset/cropped_images/356TomatoOnionsCarrots/onions_0.jpg
356TomatoOnionsCarrots.jpg,carrot,763490,1.0846245530393326,131.97386431605742,0.35,/home/aojwang/data/MergeDataset/cropped_images/356TomatoOnionsCarrots/carrot_1.jpg
356TomatoOnionsCarrots.jpg,tomato,795160,1.171116504854369,101.33441739188758,0.5,/home/aojwang/data/MergeDataset/cropped_images/356TomatoOnionsCarrots/tomato_2.jpg
136ApplePawpaw.jpg,apple,2701686,1.230094466936572,153.95363537188754,0.45,/home/aojwang/data/MergeDataset/cropped_images/136ApplePawpaw/apple_0.jpg
136ApplePawpaw.jpg,pawpaw,1549290,1.074104912572856,113.09498522979344,0.706347,/home/aojwang/data/MergeDataset/cropped_images/136ApplePawpaw/pawpaw_1.jpg
1476FriedGitheri.JPG,githeri,5193951,1.4868913857677903,107.19149134573404,27.6,/home/aojwang/data/MergeDataset/cropped_images/1476FriedGitheri/githeri_0.jpg
1530Njahi.JPG,black beans,5223318,1.1946437111429937,128.35090511433538,28.5,/home/aojwang/data/MergeDataset/cropped_images/1530Njahi/black beans_0.jpg
1ThornMelon.jpg,thorn melon,396865,0.6124223602484472,149.01142621966326,5.0,/home/aojwang/data/MergeDataset/cropped_images/1ThornMelon/thorn melon_0.jpg
1187MincedMeatCabbageBrownRice.JPG,brown rice boiled,2408940,1.089441829186281,155.47171715913777,16.0,/home/aojwang/data/MergeDataset/cropped_images/1187MincedMeatCabbageBrownRice/brown rice boiled_0.jpg
1187MincedMeatCabbageBrownRice.JPG,green cabbage cooked,2876692,1.772370486656201,149.90497325863643,1.8,/home/aojwang/data/MergeDataset/cropped_images/1187MincedMeatCabbageBrownRice/green cabbage cooked_1.jpg
1187MincedMeatCabbageBrownRice.JPG,mincemeat,2640088,0.944377990430622,111.58734784598089,55.4,/home/aojwang/data/MergeDataset/cropped_images/1187MincedMeatCabbageBrownRice/mincemeat_2.jpg
3Sausage.jpg,sausage,1010100,1.673101673101673,121.87540903540904,15.0,/home/aojwang/data/MergeDataset/cropped_images/3Sausage/sausage_0.jpg
77Bananapeeled.jpg,ripe banana,7384173,1.3157450401013087,145.83638763609682,4.9,/home/aojwang/data/MergeDataset/cropped_images/77Bananapeeled/ripe banana_0.jpg
1687BeefSausageChips.JPG,potato chips,2791905,1.2458249832999333,153.30483093085186,9.6,/home/aojwang/data/MergeDataset/cropped_images/1687BeefSausageChips/potato chips_0.jpg
2UgaliWOmenaVegies.jpg,omena,1053600,1.366742596810934,114.26743988863579,0.0,/home/aojwang/data/MergeDataset/cropped_images/2UgaliWOmenaVegies/omena_0.jpg
2UgaliWOmenaVegies.jpg,white ugali,901180,0.6837979094076655,187.81239153110366,90.0,/home/aojwang/data/MergeDataset/cropped_images/2UgaliWOmenaVegies/white ugali_1.jpg
2UgaliWOmenaVegies.jpg,sukumawiki,553850,1.8309090909090908,87.38783786223706,2.0,/home/aojwang/data/MergeDataset/cropped_images/2UgaliWOmenaVegies/sukumawiki_2.jpg
1ChickenRoast.jpg,chicken,655664,1.385174418604651,158.5351882468256,0.0,/home/aojwang/data/MergeDataset/cropped_images/1ChickenRoast/chicken_0.jpg
1739GitheriChips.JPG,githeri,2601397,1.2220699108978752,125.2748990894764,16.75,/home/aojwang/data/MergeDataset/cropped_images/1739GitheriChips/githeri_0.jpg
1779BrownChapatiWhiteUgali1CupSpinach.JPG,white ugali,1135731,1.048030739673391,185.30558762007317,9.14,/home/aojwang/data/MergeDataset/cropped_images/1779BrownChapatiWhiteUgali1CupSpinach/white ugali_0.jpg
1779BrownChapatiWhiteUgali1CupSpinach.JPG,brown chapati,3349878,0.8596757852077,123.8128696030124,28.66,/home/aojwang/data/MergeDataset/cropped_images/1779BrownChapatiWhiteUgali1CupSpinach/brown chapati_1.jpg
1779BrownChapatiWhiteUgali1CupSpinach.JPG,spinach cooked,2298255,0.998681608437706,76.63413836439676,2.91,/home/aojwang/data/MergeDataset/cropped_images/1779BrownChapatiWhiteUgali1CupSpinach/spinach cooked_2.jpg
1586BrownUgaliDrumstickCabbage.JPG,brown ugali,1292184,1.0757299270072993,125.78798401259677,1.43,/home/aojwang/data/MergeDataset/cropped_images/1586BrownUgaliDrumstickCabbage/brown ugali_0.jpg
1586BrownUgaliDrumstickCabbage.JPG,chicken drumstick,3562225,1.3897564022485946,127.36914353622619,52.39,/home/aojwang/data/MergeDataset/cropped_images/1586BrownUgaliDrumstickCabbage/chicken drumstick_1.jpg
1586BrownUgaliDrumstickCabbage.JPG,green cabbage cooked,4234560,1.0533665835411472,163.55001188631957,2.4,/home/aojwang/data/MergeDataset/cropped_images/1586BrownUgaliDrumstickCabbage/green cabbage cooked_2.jpg
1508FriedGitheriWhiteRice.JPG,githeri,2273535,1.0309764309764309,102.30357746856767,6.9,/home/aojwang/data/MergeDataset/cropped_images/1508FriedGitheriWhiteRice/githeri_0.jpg
1508FriedGitheriWhiteRice.JPG,white rice boiled,3377220,1.6561624649859943,144.88902746440365,2.4,/home/aojwang/data/MergeDataset/cropped_images/1508FriedGitheriWhiteRice/white rice boiled_1.jpg
1675WholeFishKachumbarithirdCupChips.JPG,kachumbari,1885512,1.2028753993610224,107.4170736295146,0.92,/home/aojwang/data/MergeDataset/cropped_images/1675WholeFishKachumbarithirdCupChips/kachumbari_0.jpg
1675WholeFishKachumbarithirdCupChips.JPG,fish fry,5069407,2.7048940832724617,129.45070912633372,126.43,/home/aojwang/data/MergeDataset/cropped_images/1675WholeFishKachumbarithirdCupChips/fish fry_1.jpg
1675WholeFishKachumbarithirdCupChips.JPG,potato chips,2382798,1.2676878191101386,165.6578497212101,4.8,/home/aojwang/data/MergeDataset/cropped_images/1675WholeFishKachumbarithirdCupChips/potato chips_2.jpg
3UgaliBMatumbo.jpg,matumbo fry,1989552,1.6869244935543277,114.77036337828818,6.0,/home/aojwang/data/MergeDataset/cropped_images/3UgaliBMatumbo/matumbo fry_0.jpg
3UgaliBMatumbo.jpg,brown ugali,1331214,2.2926509186351707,158.77662895171875,130.0,/home/aojwang/data/MergeDataset/cropped_images/3UgaliBMatumbo/brown ugali_1.jpg
1009Kales.jpg,sukumawiki,5706834,1.347424684159378,92.95506007942991,5.16,/home/aojwang/data/MergeDataset/cropped_images/1009Kales/sukumawiki_0.jpg
947BananaCooked.jpg,boiled banana,655776,1.7004830917874396,95.96381742139593,0.5,/home/aojwang/data/MergeDataset/cropped_images/947BananaCooked/boiled banana_0.jpg
2Mushrooms.jpg,mushroom,1846206,1.405759162303665,184.99104541963356,10.0,/home/aojwang/data/MergeDataset/cropped_images/2Mushrooms/mushroom_0.jpg
1549NjahiWhiteRiceSpinach.JPG,spinach cooked,1661586,1.1812816188870152,82.05994172635863,1.1,/home/aojwang/data/MergeDataset/cropped_images/1549NjahiWhiteRiceSpinach/spinach cooked_0.jpg
1549NjahiWhiteRiceSpinach.JPG,black beans,1307390,1.353001017293998,88.69190754097859,4.75,/home/aojwang/data/MergeDataset/cropped_images/1549NjahiWhiteRiceSpinach/black beans_1.jpg
1549NjahiWhiteRiceSpinach.JPG,white rice boiled,3270432,1.1698564593301435,159.44433090185026,2.4,/home/aojwang/data/MergeDataset/cropped_images/1549NjahiWhiteRiceSpinach/white rice boiled_2.jpg
364LettuceOnionsCarrots.jpg,onions,1856280,1.207258064516129,121.82920177272106,2.25,/home/aojwang/data/MergeDataset/cropped_images/364LettuceOnionsCarrots/onions_0.jpg
364LettuceOnionsCarrots.jpg,carrot,2021640,1.9431372549019608,121.05144239330444,1.05,/home/aojwang/data/MergeDataset/cropped_images/364LettuceOnionsCarrots/carrot_1.jpg
364LettuceOnionsCarrots.jpg,lettuce,2679844,1.2798894263994471,177.74677767312824,1.8,/home/aojwang/data/MergeDataset/cropped_images/364LettuceOnionsCarrots/lettuce_2.jpg
163MangoPawpaw.jpg,mango,2577564,1.1185770750988142,140.07332996063985,2.05,/home/aojwang/data/MergeDataset/cropped_images/163MangoPawpaw/mango_0.jpg
163MangoPawpaw.jpg,pawpaw,2302536,1.0787132101300478,130.12649197812036,1.177245,/home/aojwang/data/MergeDataset/cropped_images/163MangoPawpaw/pawpaw_1.jpg
182MangoWatermelon.jpg,mango,3039628,1.155363748458693,140.0328436023531,1.64,/home/aojwang/data/MergeDataset/cropped_images/182MangoWatermelon/mango_0.jpg
182MangoWatermelon.jpg,water melon,2111690,1.1450662739322532,122.92589742496926,1.2,/home/aojwang/data/MergeDataset/cropped_images/182MangoWatermelon/water melon_1.jpg
832WhiteChapatiquoterButterBeans(2).jpg,white chapati,2082543,1.1790820165537998,154.17845393828603,3.12,/home/aojwang/data/MergeDataset/cropped_images/832WhiteChapatiquoterButterBeans(2)/white chapati_0.jpg
832WhiteChapatiquoterButterBeans(2).jpg,butternut beans,1839120,1.309704641350211,131.49178320791103,4.62,/home/aojwang/data/MergeDataset/cropped_images/832WhiteChapatiquoterButterBeans(2)/butternut beans_1.jpg
1545NjahiWhiteRice.JPG,black beans,4231692,1.4781323877068557,110.37048269738598,23.75,/home/aojwang/data/MergeDataset/cropped_images/1545NjahiWhiteRice/black beans_0.jpg
1545NjahiWhiteRice.JPG,white rice boiled,5604552,1.5171696149843912,147.789618153244,4.8,/home/aojwang/data/MergeDataset/cropped_images/1545NjahiWhiteRice/white rice boiled_1.jpg
1Almond.jpg,almond,1085266,1.2334754797441365,159.67516811546662,4.0,/home/aojwang/data/MergeDataset/cropped_images/1Almond/almond_0.jpg
2EggBoiled.jpg,boiled egg,540360,1.6631578947368422,196.42423939595824,1.0,/home/aojwang/data/MergeDataset/cropped_images/2EggBoiled/boiled egg_0.jpg
1777BrownChapatiWhiteUgalihalfCupSpinach.JPG,white ugali,904932,1.0440386680988185,198.1347534032023,5.54,/home/aojwang/data/MergeDataset/cropped_images/1777BrownChapatiWhiteUgalihalfCupSpinach/white ugali_0.jpg
1145BoiledButternut.jpg,butternut boiled,8173720,1.2669291338582678,148.56988160429606,14.53,/home/aojwang/data/MergeDataset/cropped_images/1145BoiledButternut/butternut boiled_0.jpg
342LettuceOnions.jpg,onions,2347415,0.8674772036474164,124.91589301423055,2.25,/home/aojwang/data/MergeDataset/cropped_images/342LettuceOnions/onions_0.jpg
342LettuceOnions.jpg,lettuce,3411072,1.1423611111111112,161.5564553704329,1.8,/home/aojwang/data/MergeDataset/cropped_images/342LettuceOnions/lettuce_1.jpg
3Rosecoco.jpg,rosecoco,2212178,1.4226142742582197,144.60898339404272,74.0,/home/aojwang/data/MergeDataset/cropped_images/3Rosecoco/rosecoco_0.jpg
3RedGrape.jpg,red grapes,2698993,1.299791811242193,125.26182382342847,48.0,/home/aojwang/data/MergeDataset/cropped_images/3RedGrape/red grapes_0.jpg
1Mbaazi.jpg,mbaazi,1165500,1.4388888888888889,151.83754211354213,17.0,/home/aojwang/data/MergeDataset/cropped_images/1Mbaazi/mbaazi_0.jpg
2RiceWButternutSpinach.jpg,white rice boiled,1480700,2.0494117647058823,191.50651268544158,85.0,/home/aojwang/data/MergeDataset/cropped_images/2RiceWButternutSpinach/white rice boiled_0.jpg
2RiceWButternutSpinach.jpg,spinach cooked,694144,1.4005681818181819,103.71850989612146,2.0,/home/aojwang/data/MergeDataset/cropped_images/2RiceWButternutSpinach/spinach cooked_1.jpg
2RiceWButternutSpinach.jpg,butternut beans,685053,1.2543978349120433,140.50410795466433,26.0,/home/aojwang/data/MergeDataset/cropped_images/2RiceWButternutSpinach/butternut beans_2.jpg
1630WholeFishKachumbarithirdCup(2).jpg,kachumbari,1173897,1.2658359293873314,115.2536716026477,0.92,/home/aojwang/data/MergeDataset/cropped_images/1630WholeFishKachumbarithirdCup(2)/kachumbari_0.jpg
3Dalmakhni.jpg,dalmakhi,1088520,1.2319148936170212,140.48301179583288,48.0,/home/aojwang/data/MergeDataset/cropped_images/3Dalmakhni/dalmakhi_0.jpg
1138FriedEggs.jpg,egg fry,6528720,1.0675293166194906,145.2704542391158,16.3,/home/aojwang/data/MergeDataset/cropped_images/1138FriedEggs/egg fry_0.jpg
723WhiteRicequotercupRoscocoBeansquotercup.jpg,white rice boiled,705448,1.0778739184177997,170.72511557667374,1.2,/home/aojwang/data/MergeDataset/cropped_images/723WhiteRicequotercupRoscocoBeansquotercup/white rice boiled_0.jpg
723WhiteRicequotercupRoscocoBeansquotercup.jpg,rosecoco,1639371,1.5363020329138433,123.30638417620742,4.335,/home/aojwang/data/MergeDataset/cropped_images/723WhiteRicequotercupRoscocoBeansquotercup/rosecoco_1.jpg
1FishFillet.jpg,fish fillet,624216,1.1276881720430108,157.26088405295602,0.0,/home/aojwang/data/MergeDataset/cropped_images/1FishFillet/fish fillet_0.jpg
284Cabbagesliced.jpg,green cabbage,5194860,1.4855614973262032,205.87783417968274,5.5,/home/aojwang/data/MergeDataset/cropped_images/284Cabbagesliced/green cabbage_0.jpg
1289BeefstewSpaghettiSpinach.JPG,spaghetti,1106448,1.0308880308880308,188.83800232817086,2.2,/home/aojwang/data/MergeDataset/cropped_images/1289BeefstewSpaghettiSpinach/spaghetti_1.jpg
1289BeefstewSpaghettiSpinach.JPG,spinach cooked,1164732,1.2611862643080125,95.86829187601383,1.1,/home/aojwang/data/MergeDataset/cropped_images/1289BeefstewSpaghettiSpinach/spinach cooked_2.jpg
2Hazelnut.jpg,hazelnut,1609166,1.4623450905624404,159.46078796925445,17.0,/home/aojwang/data/MergeDataset/cropped_images/2Hazelnut/hazelnut_0.jpg
1323ChickenWetfryWhiteUgali1CupSpinach(2).JPG,white ugali,1368819,0.9847328244274809,180.24449835953476,9.66,/home/aojwang/data/MergeDataset/cropped_images/1323ChickenWetfryWhiteUgali1CupSpinach(2)/white ugali_0.jpg
1323ChickenWetfryWhiteUgali1CupSpinach(2).JPG,chicken wing,2532614,1.7529118136439268,134.40113074212388,64.67,/home/aojwang/data/MergeDataset/cropped_images/1323ChickenWetfryWhiteUgali1CupSpinach(2)/chicken wing_1.jpg
1323ChickenWetfryWhiteUgali1CupSpinach(2).JPG,spinach cooked,1654652,1.2776801405975395,93.12671868969024,1.1,/home/aojwang/data/MergeDataset/cropped_images/1323ChickenWetfryWhiteUgali1CupSpinach(2)/spinach cooked_2.jpg
748WhiteRicehalfcupButterBeanshalfcup.jpg,white rice boiled,1134496,1.2107438016528926,145.56657934448424,2.88,/home/aojwang/data/MergeDataset/cropped_images/748WhiteRicehalfcupButterBeanshalfcup/white rice boiled_0.jpg
748WhiteRicehalfcupButterBeanshalfcup.jpg,butternut beans,4000032,1.669250645994832,117.98712193635784,6.006,/home/aojwang/data/MergeDataset/cropped_images/748WhiteRicehalfcupButterBeanshalfcup/butternut beans_1.jpg
2Kunde.jpg,kunde,1951149,1.3801513877207738,126.58566533531439,2.0,/home/aojwang/data/MergeDataset/cropped_images/2Kunde/kunde_0.jpg
771BrownRice1cupCowpeashalfcup.jpg,brown rice boiled,1843380,1.418421052631579,148.7500786598531,13.6,/home/aojwang/data/MergeDataset/cropped_images/771BrownRice1cupCowpeashalfcup/brown rice boiled_0.jpg
771BrownRice1cupCowpeashalfcup.jpg,cowpeas,2520800,1.906086956521739,94.98414458373003,12.35,/home/aojwang/data/MergeDataset/cropped_images/771BrownRice1cupCowpeashalfcup/cowpeas_1.jpg
703WhiteRicequotercupPigeonpeapeaquotercup.jpg,mbaazi,1383800,1.5828877005347595,112.27853182059064,2.622,/home/aojwang/data/MergeDataset/cropped_images/703WhiteRicequotercupPigeonpeapeaquotercup/mbaazi_0.jpg
703WhiteRicequotercupPigeonpeapeaquotercup.jpg,white rice boiled,962172,1.1721854304635762,152.8185580817844,1.056,/home/aojwang/data/MergeDataset/cropped_images/703WhiteRicequotercupPigeonpeapeaquotercup/white rice boiled_1.jpg
273Carrotsgrated.jpg,carrot,3771516,1.381961259079903,141.83896723050714,2.8,/home/aojwang/data/MergeDataset/cropped_images/273Carrotsgrated/carrot_0.jpg
1749WhiteRiceWhiteChapatiquoertBeefstew.JPG,white chapati,2544203,1.2050929112181694,147.26758857947524,2.89,/home/aojwang/data/MergeDataset/cropped_images/1749WhiteRiceWhiteChapatiquoertBeefstew/white chapati_0.jpg
1749WhiteRiceWhiteChapatiquoertBeefstew.JPG,beef stew,2103860,1.0131852879944483,101.67796494697049,26.55,/home/aojwang/data/MergeDataset/cropped_images/1749WhiteRiceWhiteChapatiquoertBeefstew/beef stew_1.jpg
1749WhiteRiceWhiteChapatiquoertBeefstew.JPG,white rice boiled,2469252,1.7554806070826308,191.19376812627198,3.6,/home/aojwang/data/MergeDataset/cropped_images/1749WhiteRiceWhiteChapatiquoertBeefstew/white rice boiled_2.jpg
8Watermelon.jpg,water melon,2985066,3.279874213836478,109.36743922356602,1.2,/home/aojwang/data/MergeDataset/cropped_images/8Watermelon/water melon_0.jpg
3Banana.jpg,ripe banana,2187220,1.5445378151260505,154.92265356632316,84.0,/home/aojwang/data/MergeDataset/cropped_images/3Banana/ripe banana_0.jpg
116Pineapple1cup.jpg,pineapple,2460661,2.037306642402184,160.18555583235562,0.8116293,/home/aojwang/data/MergeDataset/cropped_images/116Pineapple1cup/pineapple_0.jpg
78Bananapeeled.jpg,ripe banana,8990000,1.6702586206896552,153.34182799406747,5.6,/home/aojwang/data/MergeDataset/cropped_images/78Bananapeeled/ripe banana_0.jpg
1516FriedGitheriWhiteRice.JPG,githeri,4448130,1.100995024875622,115.40529743210443,20.7,/home/aojwang/data/MergeDataset/cropped_images/1516FriedGitheriWhiteRice/githeri_0.jpg
1516FriedGitheriWhiteRice.JPG,white rice boiled,6398205,1.2297238053485313,144.23467811154327,7.2,/home/aojwang/data/MergeDataset/cropped_images/1516FriedGitheriWhiteRice/white rice boiled_1.jpg
1592WhiteUgalithirdCupSpinach.JPG,spinach cooked,3123816,1.0176940639269407,121.48985578322582,2.91,/home/aojwang/data/MergeDataset/cropped_images/1592WhiteUgalithirdCupSpinach/spinach cooked_0.jpg
1592WhiteUgalithirdCupSpinach.JPG,white ugali,1100400,0.9980952380952381,206.40032079243912,3.38,/home/aojwang/data/MergeDataset/cropped_images/1592WhiteUgalithirdCupSpinach/white ugali_1.jpg
2RiceNjahiSpinach.jpg,black beans,1406583,0.8902147971360382,98.27674157870527,132.0,/home/aojwang/data/MergeDataset/cropped_images/2RiceNjahiSpinach/black beans_0.jpg
2RiceNjahiSpinach.jpg,white rice boiled,1061115,1.3548022598870058,189.3591982647184,57.0,/home/aojwang/data/MergeDataset/cropped_images/2RiceNjahiSpinach/white rice boiled_1.jpg
683Cowpeas.jpg,cowpeas,1460592,1.1499556344276842,111.44462496485443,4.75,/home/aojwang/data/MergeDataset/cropped_images/683Cowpeas/cowpeas_0.jpg
103PawpawBanana.jpg,ripe banana,4506135,1.3266413456321215,157.94176169451944,2.8,/home/aojwang/data/MergeDataset/cropped_images/103PawpawBanana/ripe banana_0.jpg
103PawpawBanana.jpg,pawpaw,3871686,1.0601779173207744,114.55854297068512,0.941798,/home/aojwang/data/MergeDataset/cropped_images/103PawpawBanana/pawpaw_1.jpg
3Thabai.jpg,thabai,2490477,1.2908567314614832,109.50863870656103,29.0,/home/aojwang/data/MergeDataset/cropped_images/3Thabai/thabai_0.jpg
1458MokimoChickenthigh.JPG,chicken thigh,1631595,1.2620932277924362,90.22496350707948,50.4,/home/aojwang/data/MergeDataset/cropped_images/1458MokimoChickenthigh/chicken thigh_0.jpg
1458MokimoChickenthigh.JPG,chicken thigh,1167540,1.394535519125683,87.12112190303259,50.4,/home/aojwang/data/MergeDataset/cropped_images/1458MokimoChickenthigh/chicken thigh_1.jpg
1458MokimoChickenthigh.JPG,chicken thigh,1946160,1.6685185185185185,97.58785300283635,50.4,/home/aojwang/data/MergeDataset/cropped_images/1458MokimoChickenthigh/chicken thigh_2.jpg
1458MokimoChickenthigh.JPG,mukimo,2507103,1.1649625085207906,95.97862991668073,20.0,/home/aojwang/data/MergeDataset/cropped_images/1458MokimoChickenthigh/mukimo_3.jpg
1458MokimoChickenthigh.JPG,chicken thigh,2854752,1.1552162849872774,95.0058386858123,50.4,/home/aojwang/data/MergeDataset/cropped_images/1458MokimoChickenthigh/chicken thigh_4.jpg
1458MokimoChickenthigh.JPG,chicken thigh,112680,1.1501597444089458,48.42336114069341,50.4,/home/aojwang/data/MergeDataset/cropped_images/1458MokimoChickenthigh/chicken thigh_5.jpg
2Terere.jpg,terere,1712584,1.2175379426644182,130.77324849467237,3.0,/home/aojwang/data/MergeDataset/cropped_images/2Terere/terere_0.jpg
1143BoiledButternut.jpg,butternut boiled,6313314,1.132570944515036,128.78618017943245,4.2,/home/aojwang/data/MergeDataset/cropped_images/1143BoiledButternut/butternut boiled_0.jpg
1ChickenDrumsticks.jpg,chicken drumstick,714814,1.0178997613365155,166.43289583024395,0.0,/home/aojwang/data/MergeDataset/cropped_images/1ChickenDrumsticks/chicken drumstick_0.jpg
1561UgaliBrownquoterCup.JPG,brown ugali,746658,0.9405162738496072,105.95048246095713,0.6,/home/aojwang/data/MergeDataset/cropped_images/1561UgaliBrownquoterCup/brown ugali_0.jpg
212AvocadoApple.jpg,apple,3551340,0.9994694960212201,180.5627458930995,0.75,/home/aojwang/data/MergeDataset/cropped_images/212AvocadoApple/apple_0.jpg
212AvocadoApple.jpg,avocado,3086608,1.0241935483870968,145.98229253601363,4.0,/home/aojwang/data/MergeDataset/cropped_images/212AvocadoApple/avocado_1.jpg
1472FriedGitheri.JPG,githeri,2901940,1.198586118251928,99.08879691976172,13.8,/home/aojwang/data/MergeDataset/cropped_images/1472FriedGitheri/githeri_0.jpg
1233MincedMeatButterBeansSpinach.JPG,butternut beans,903561,1.2132097334878331,164.2192019502096,2.31,/home/aojwang/data/MergeDataset/cropped_images/1233MincedMeatButterBeansSpinach/butternut beans_0.jpg
1233MincedMeatButterBeansSpinach.JPG,spinach cooked,1140360,1.070736434108527,87.61436300817286,1.1,/home/aojwang/data/MergeDataset/cropped_images/1233MincedMeatButterBeansSpinach/spinach cooked_1.jpg
247Tomato.jpg,tomato,495720,1.7,142.55735428602168,0.3,/home/aojwang/data/MergeDataset/cropped_images/247Tomato/tomato_0.jpg
72Bananapeeled.jpg,ripe banana,6357512,1.411875589066918,152.3247714934186,5.04,/home/aojwang/data/MergeDataset/cropped_images/72Bananapeeled/ripe banana_0.jpg
331OnionsCucumber.jpg,cucumber,1175520,1.3591397849462366,113.78920364321039,0.6,/home/aojwang/data/MergeDataset/cropped_images/331OnionsCucumber/cucumber_0.jpg
331OnionsCucumber.jpg,onions,1551072,0.940809968847352,128.84319855343057,1.5,/home/aojwang/data/MergeDataset/cropped_images/331OnionsCucumber/onions_1.jpg
39Pineapple.jpg,pineapple,2384830,1.0335747202106649,172.82913135667252,0.288103,/home/aojwang/data/MergeDataset/cropped_images/39Pineapple/pineapple_0.jpg
184Avocado.jpg,avocado,3575898,1.5038910505836576,116.90111845099236,12.48,/home/aojwang/data/MergeDataset/cropped_images/184Avocado/avocado_0.jpg
1244MincedMeatRoscocoBeansCabbage.JPG,green cabbage cooked,1296332,1.524945770065076,147.52730756215743,0.5,/home/aojwang/data/MergeDataset/cropped_images/1244MincedMeatRoscocoBeansCabbage/green cabbage cooked_0.jpg
1244MincedMeatRoscocoBeansCabbage.JPG,rosecoco,1235261,1.262891809908999,93.67016552237408,4.335,/home/aojwang/data/MergeDataset/cropped_images/1244MincedMeatRoscocoBeansCabbage/rosecoco_1.jpg
1244MincedMeatRoscocoBeansCabbage.JPG,mincemeat,1094820,0.9652582159624413,109.94181083039526,13.85,/home/aojwang/data/MergeDataset/cropped_images/1244MincedMeatRoscocoBeansCabbage/mincemeat_2.jpg
203AvocadoBanana.jpg,ripe banana,1135731,0.9541704857928506,194.13388763125542,0.7,/home/aojwang/data/MergeDataset/cropped_images/203AvocadoBanana/ripe banana_0.jpg
203AvocadoBanana.jpg,avocado,1129910,1.0650485436893204,156.1472152649326,0.8,/home/aojwang/data/MergeDataset/cropped_images/203AvocadoBanana/avocado_1.jpg
1504FriedGitheriBeefstewCabbage.JPG,githeri,3471006,1.2095631641086186,109.3266960644839,17.25,/home/aojwang/data/MergeDataset/cropped_images/1504FriedGitheriBeefstewCabbage/githeri_0.jpg
1504FriedGitheriBeefstewCabbage.JPG,green cabbage cooked,3114540,1.8803418803418803,145.11739111821757,2.2,/home/aojwang/data/MergeDataset/cropped_images/1504FriedGitheriBeefstewCabbage/green cabbage cooked_1.jpg
1504FriedGitheriBeefstewCabbage.JPG,beef stew,3680160,1.0524064171122995,99.01546363926207,44.25,/home/aojwang/data/MergeDataset/cropped_images/1504FriedGitheriBeefstewCabbage/beef stew_2.jpg
1142BoiledButternut.jpg,butternut boiled,4464224,1.1716188524590163,123.5876875801931,2.93,/home/aojwang/data/MergeDataset/cropped_images/1142BoiledButternut/butternut boiled_0.jpg
3RiceWBroccoliCarrot.jpg,carrot,1008765,1.6882276843467012,156.75451567015114,10.0,/home/aojwang/data/MergeDataset/cropped_images/3RiceWBroccoliCarrot/carrot_0.jpg
3RiceWBroccoliCarrot.jpg,broccoli,866962,1.3478802992518704,137.72742865315897,4.0,/home/aojwang/data/MergeDataset/cropped_images/3RiceWBroccoliCarrot/broccoli_1.jpg
3RiceWBroccoliCarrot.jpg,white rice boiled,2135232,1.9147727272727273,188.24991460724954,127.0,/home/aojwang/data/MergeDataset/cropped_images/3RiceWBroccoliCarrot/white rice boiled_2.jpg
1GreenGrape.jpg,green grapes,713144,1.184278350515464,146.22843212591005,16.0,/home/aojwang/data/MergeDataset/cropped_images/1GreenGrape/green grapes_0.jpg
480GrapesCucumber.jpg,red grapes,3484611,1.5062458908612755,87.10765304936477,2.360196,/home/aojwang/data/MergeDataset/cropped_images/480GrapesCucumber/red grapes_0.jpg
480GrapesCucumber.jpg,cucumber,2720159,2.336422613531047,134.93731616423892,0.9,/home/aojwang/data/MergeDataset/cropped_images/480GrapesCucumber/cucumber_1.jpg
371CarrotsgratedTomato.jpg,tomato,764280,1.282383419689119,101.21588728389247,0.5,/home/aojwang/data/MergeDataset/cropped_images/371CarrotsgratedTomato/tomato_0.jpg
371CarrotsgratedTomato.jpg,carrot,1363275,1.1369863013698631,124.21935535139033,0.35,/home/aojwang/data/MergeDataset/cropped_images/371CarrotsgratedTomato/carrot_1.jpg
560Pigeonpea1cup.jpg,mbaazi,4909856,1.3515215110178385,125.75944678078814,11.4,/home/aojwang/data/MergeDataset/cropped_images/560Pigeonpea1cup/mbaazi_0.jpg
835WhiteChapati2ButterBeans.jpg,white chapati,1843622,1.7243713733075434,115.65742634155302,24.57,/home/aojwang/data/MergeDataset/cropped_images/835WhiteChapati2ButterBeans/white chapati_0.jpg
835WhiteChapati2ButterBeans.jpg,white chapati,2480036,1.4926299456943366,129.38235318627096,24.57,/home/aojwang/data/MergeDataset/cropped_images/835WhiteChapati2ButterBeans/white chapati_1.jpg
1331ChickenWetfryBrownRiceCabbage.JPG,green cabbage cooked,1256640,1.2078431372549019,170.60919091121298,0.5,/home/aojwang/data/MergeDataset/cropped_images/1331ChickenWetfryBrownRiceCabbage/green cabbage cooked_0.jpg
1331ChickenWetfryBrownRiceCabbage.JPG,chicken wing,1344816,1.0494699646643109,121.25707804388605,68.0,/home/aojwang/data/MergeDataset/cropped_images/1331ChickenWetfryBrownRiceCabbage/chicken wing_1.jpg
1Omena.jpg,omena,1491420,1.4766169154228856,136.11626905901758,0.0,/home/aojwang/data/MergeDataset/cropped_images/1Omena/omena_0.jpg
205AvocadoBanana.jpg,avocado,2530220,1.148921832884097,144.01381421378377,2.4,/home/aojwang/data/MergeDataset/cropped_images/205AvocadoBanana/avocado_0.jpg
205AvocadoBanana.jpg,ripe banana,2977078,0.9810562571756601,185.08827794681002,2.1,/home/aojwang/data/MergeDataset/cropped_images/205AvocadoBanana/ripe banana_1.jpg
527Greengrams.jpg,ndengu,6285750,1.392,154.25177398613266,12.95,/home/aojwang/data/MergeDataset/cropped_images/527Greengrams/ndengu_0.jpg
2Pineapple.jpg,pineapple,1960563,1.106686701728024,194.79850787758414,12.0,/home/aojwang/data/MergeDataset/cropped_images/2Pineapple/pineapple_0.jpg
730WhiteRice1cupRoscocoBeansthirdcup.jpg,rosecoco,2019950,1.5597539543057997,108.60908009274156,6.936,/home/aojwang/data/MergeDataset/cropped_images/730WhiteRice1cupRoscocoBeansthirdcup/rosecoco_0.jpg
730WhiteRice1cupRoscocoBeansthirdcup.jpg,white rice boiled,1346696,1.0621669626998225,154.84164206324218,4.8,/home/aojwang/data/MergeDataset/cropped_images/730WhiteRice1cupRoscocoBeansthirdcup/white rice boiled_1.jpg
383LettuceCarrotsgrated.jpg,lettuce,3287930,1.1803475134811263,163.2526794467441,1.8,/home/aojwang/data/MergeDataset/cropped_images/383LettuceCarrotsgrated/lettuce_0.jpg
383LettuceCarrotsgrated.jpg,carrot,1975025,0.9077966101694915,113.37548098547276,1.05,/home/aojwang/data/MergeDataset/cropped_images/383LettuceCarrotsgrated/carrot_1.jpg
1134MincedMeatKalesSpaghetti.JPG,spaghetti,2521848,1.2366946778711485,158.17464983350834,6.6,/home/aojwang/data/MergeDataset/cropped_images/1134MincedMeatKalesSpaghetti/spaghetti_0.jpg
1134MincedMeatKalesSpaghetti.JPG,sukumawiki,1205145,1.1651917404129795,72.41701233738125,2.0,/home/aojwang/data/MergeDataset/cropped_images/1134MincedMeatKalesSpaghetti/sukumawiki_1.jpg
1134MincedMeatKalesSpaghetti.JPG,mincemeat,1508156,0.9484536082474226,114.47322690756128,41.55,/home/aojwang/data/MergeDataset/cropped_images/1134MincedMeatKalesSpaghetti/mincemeat_2.jpg
267Carrotsgratedquotercup.jpg,carrot,1762290,1.4617486338797814,138.5509015731425,0.315,/home/aojwang/data/MergeDataset/cropped_images/267Carrotsgratedquotercup/carrot_0.jpg
1087Chickendrumstick.jpg,chicken drumstick,7906399,1.326915198689062,145.4915726278592,141.73,/home/aojwang/data/MergeDataset/cropped_images/1087Chickendrumstick/chicken drumstick_0.jpg
1Chickpeas.jpg,chick peas,1058076,1.388316151202749,171.67156959109428,34.0,/home/aojwang/data/MergeDataset/cropped_images/1Chickpeas/chick peas_0.jpg
597ButterBeans.jpg,butternut beans,4520824,1.3891352549889135,108.76798263620378,20.76,/home/aojwang/data/MergeDataset/cropped_images/597ButterBeans/butternut beans_0.jpg
938Frenchfries.jpg,potato chips,3188592,1.4877049180327868,117.86138667683626,10.71,/home/aojwang/data/MergeDataset/cropped_images/938Frenchfries/potato chips_0.jpg
2RiceBBroccoliCarrot.jpg,carrot,592410,0.9119106699751861,143.2572790240993,4.0,/home/aojwang/data/MergeDataset/cropped_images/2RiceBBroccoliCarrot/carrot_0.jpg
2RiceBBroccoliCarrot.jpg,brown rice boiled,1444456,0.8653250773993808,182.14829227520025,49.0,/home/aojwang/data/MergeDataset/cropped_images/2RiceBBroccoliCarrot/brown rice boiled_1.jpg
2RiceBBroccoliCarrot.jpg,broccoli,780242,1.4482288828337875,145.21997918594488,2.0,/home/aojwang/data/MergeDataset/cropped_images/2RiceBBroccoliCarrot/broccoli_2.jpg
1Mango.jpg,mango,1376904,2.0279126213592233,165.46366945940554,17.0,/home/aojwang/data/MergeDataset/cropped_images/1Mango/mango_0.jpg
1694BeefSausageChipsKachumbarithirdCup.JPG,kachumbari,976892,0.9691235059760956,94.88233124371305,0.92,/home/aojwang/data/MergeDataset/cropped_images/1694BeefSausageChipsKachumbarithirdCup/kachumbari_0.jpg
1694BeefSausageChipsKachumbarithirdCup.JPG,potato chips,1864800,1.1746031746031746,151.07148344773344,7.2,/home/aojwang/data/MergeDataset/cropped_images/1694BeefSausageChipsKachumbarithirdCup/potato chips_1.jpg
510RoscocoBeans.jpg,rosecoco,4276752,1.156526261050442,155.18286564196382,13.005,/home/aojwang/data/MergeDataset/cropped_images/510RoscocoBeans/rosecoco_0.jpg
1460MokimoChickenthighCabbage.JPG,green cabbage cooked,1338328,1.4312306101344363,113.96967559522031,0.55,/home/aojwang/data/MergeDataset/cropped_images/1460MokimoChickenthighCabbage/green cabbage cooked_0.jpg
1460MokimoChickenthighCabbage.JPG,mukimo,1059318,1.0467196819085487,101.59797970644006,5.0,/home/aojwang/data/MergeDataset/cropped_images/1460MokimoChickenthighCabbage/mukimo_1.jpg
1460MokimoChickenthighCabbage.JPG,chicken thigh,1335418,1.2020872865275143,91.95758207043288,19.44,/home/aojwang/data/MergeDataset/cropped_images/1460MokimoChickenthighCabbage/chicken thigh_2.jpg
412BananaCucumber.jpg,cucumber,2486400,1.0296010296010296,141.17514746889748,0.6,/home/aojwang/data/MergeDataset/cropped_images/412BananaCucumber/cucumber_0.jpg
465GrapesLettuce.jpg,red grapes,3739424,1.8441011235955056,95.22366822626515,2.950245,/home/aojwang/data/MergeDataset/cropped_images/465GrapesLettuce/red grapes_0.jpg
465GrapesLettuce.jpg,lettuce,5143242,1.7838633686690224,176.91006055454258,1.8,/home/aojwang/data/MergeDataset/cropped_images/465GrapesLettuce/lettuce_1.jpg
1Butternut.jpg,butternut,876480,1.272289156626506,166.8832028873068,11.0,/home/aojwang/data/MergeDataset/cropped_images/1Butternut/butternut_0.jpg
3ThornMelon.jpg,thorn melon,1158549,1.4208194905869325,141.25175024966575,25.0,/home/aojwang/data/MergeDataset/cropped_images/3ThornMelon/thorn melon_0.jpg
1571BrownUgaliDrumstickSpinach.JPG,brown ugali,2048688,1.063400576368876,111.0558334569897,2.9,/home/aojwang/data/MergeDataset/cropped_images/1571BrownUgaliDrumstickSpinach/brown ugali_0.jpg
1571BrownUgaliDrumstickSpinach.JPG,chicken drumstick,3835296,1.6088082901554404,76.80355718741569,52.39,/home/aojwang/data/MergeDataset/cropped_images/1571BrownUgaliDrumstickSpinach/chicken drumstick_1.jpg
1571BrownUgaliDrumstickSpinach.JPG,spinach cooked,3626907,1.084199015855659,93.21259510284291,3.29,/home/aojwang/data/MergeDataset/cropped_images/1571BrownUgaliDrumstickSpinach/spinach cooked_2.jpg
51Apple.jpg,apple,3878007,1.6807109940750493,108.07337454522387,0.45,/home/aojwang/data/MergeDataset/cropped_images/51Apple/apple_0.jpg
1754WhiteRiceWhiteChapatihalfBeefstew.JPG,beef stew,2275061,0.8286059143029572,102.7348594169563,44.25,/home/aojwang/data/MergeDataset/cropped_images/1754WhiteRiceWhiteChapatihalfBeefstew/beef stew_0.jpg
1754WhiteRiceWhiteChapatihalfBeefstew.JPG,white rice boiled,3246936,1.4316069057104914,190.18479185710262,6.0,/home/aojwang/data/MergeDataset/cropped_images/1754WhiteRiceWhiteChapatihalfBeefstew/white rice boiled_1.jpg
595ButterBeans.jpg,butternut beans,4951492,1.6973067915690867,136.71223111471585,11.55,/home/aojwang/data/MergeDataset/cropped_images/595ButterBeans/butternut beans_0.jpg
99Watermelon.jpg,water melon,1857240,1.16984126984127,125.57396764374376,1.68,/home/aojwang/data/MergeDataset/cropped_images/99Watermelon/water melon_0.jpg
99Watermelon.jpg,water melon,7108380,2.150715071507151,141.71126084049155,1.68,/home/aojwang/data/MergeDataset/cropped_images/99Watermelon/water melon_1.jpg
1UgaliWBeefFry.jpg,beef fry,1310160,1.1660377358490566,130.19552293867415,0.0,/home/aojwang/data/MergeDataset/cropped_images/1UgaliWBeefFry/beef fry_0.jpg
1UgaliWBeefFry.jpg,white ugali,626340,1.2251748251748251,205.29815542144308,48.0,/home/aojwang/data/MergeDataset/cropped_images/1UgaliWBeefFry/white ugali_1.jpg
1Apple.jpg,apple,590795,1.2664714494875549,148.4415609475368,6.0,/home/aojwang/data/MergeDataset/cropped_images/1Apple/apple_0.jpg
46Apple.jpg,apple,2186044,1.0933521923620932,103.79054904658827,0.3,/home/aojwang/data/MergeDataset/cropped_images/46Apple/apple_0.jpg
407BananaCarrots.jpg,carrot,5950884,1.3391840607210626,132.7890072018432,2.45,/home/aojwang/data/MergeDataset/cropped_images/407BananaCarrots/carrot_0.jpg
81Grapes.jpg,red grapes,6180333,1.498276710979813,108.38053785559235,3.42228,/home/aojwang/data/MergeDataset/cropped_images/81Grapes/red grapes_0.jpg
307LettuceCucumber.jpg,lettuce,3048515,0.9988551803091014,172.0379802406527,2.4,/home/aojwang/data/MergeDataset/cropped_images/307LettuceCucumber/lettuce_0.jpg
307LettuceCucumber.jpg,cucumber,1961520,0.8882907133243607,118.69755818616855,1.2,/home/aojwang/data/MergeDataset/cropped_images/307LettuceCucumber/cucumber_1.jpg
1744WhiteRiceWhiteChapatiBeefstew.JPG,white rice boiled,1580145,1.4525407478427612,192.08462029328533,2.4,/home/aojwang/data/MergeDataset/cropped_images/1744WhiteRiceWhiteChapatiBeefstew/white rice boiled_0.jpg
1744WhiteRiceWhiteChapatiBeefstew.JPG,beef stew,1511811,1.055137844611529,88.68470970687915,17.7,/home/aojwang/data/MergeDataset/cropped_images/1744WhiteRiceWhiteChapatiBeefstew/beef stew_1.jpg
1744WhiteRiceWhiteChapatiBeefstew.JPG,white chapati,3884075,1.4891640866873066,149.31248074938478,12.75,/home/aojwang/data/MergeDataset/cropped_images/1744WhiteRiceWhiteChapatiBeefstew/white chapati_2.jpg
408BananaCarrots.jpg,carrot,7034852,1.4248424842484249,115.43346161842969,2.8,/home/aojwang/data/MergeDataset/cropped_images/408BananaCarrots/carrot_0.jpg
1335ChickenWetfryBrownRiceCabbage.JPG,green cabbage cooked,1790528,1.4584837545126355,168.49385302361463,1.8,/home/aojwang/data/MergeDataset/cropped_images/1335ChickenWetfryBrownRiceCabbage/green cabbage cooked_0.jpg
1017Cabbage.jpg,green cabbage cooked,5496660,1.2393162393162394,130.3060169266427,2.75,/home/aojwang/data/MergeDataset/cropped_images/1017Cabbage/green cabbage cooked_0.jpg
141AppleMango.jpg,mango,2029329,1.0518358531317495,149.10538475197137,1.23,/home/aojwang/data/MergeDataset/cropped_images/141AppleMango/mango_0.jpg
141AppleMango.jpg,apple,2195550,1.0662020905923344,167.22797036429748,0.45,/home/aojwang/data/MergeDataset/cropped_images/141AppleMango/apple_1.jpg
1704BeefSausageChipsKachumbari1Cup.JPG,kachumbari,1237400,1.0687732342007434,99.36065244329508,1.99,/home/aojwang/data/MergeDataset/cropped_images/1704BeefSausageChipsKachumbari1Cup/kachumbari_0.jpg
1704BeefSausageChipsKachumbari1Cup.JPG,potato chips,1913832,1.0226608187134503,154.15121494467644,7.2,/home/aojwang/data/MergeDataset/cropped_images/1704BeefSausageChipsKachumbari1Cup/potato chips_1.jpg
1HotdogSalad.jpg,hotdog,842668,2.453924914675768,171.1790827862614,26.0,/home/aojwang/data/MergeDataset/cropped_images/1HotdogSalad/hotdog_0.jpg
1HotdogSalad.jpg,onion tomato avocado,1467546,1.8822197055492638,142.70209497124225,3.0,/home/aojwang/data/MergeDataset/cropped_images/1HotdogSalad/onion tomato avocado_1.jpg
183MangoWatermelon.jpg,mango,3415115,1.1747800586510264,131.32006428285237,2.05,/home/aojwang/data/MergeDataset/cropped_images/183MangoWatermelon/mango_0.jpg
183MangoWatermelon.jpg,water melon,2418390,1.0453648915187377,114.40633754963702,1.5,/home/aojwang/data/MergeDataset/cropped_images/183MangoWatermelon/water melon_1.jpg
276Cabbagehalfcup.jpg,green cabbage,2357922,1.390937019969278,176.5028536426,0.88,/home/aojwang/data/MergeDataset/cropped_images/276Cabbagehalfcup/green cabbage_0.jpg
1Fish.jpg,fish fry,1933580,1.8085106382978724,164.18200522691933,0.0,/home/aojwang/data/MergeDataset/cropped_images/1Fish/fish fry_0.jpg
823WhiteChapati1EggyolkBeans.jpg,white chapati,2439535,1.1092380310182064,118.77234554945922,11.31,/home/aojwang/data/MergeDataset/cropped_images/823WhiteChapati1EggyolkBeans/white chapati_0.jpg
1621SpaghettiNjahi.JPG,black beans,4042440,1.0416243654822335,102.75270447221645,28.5,/home/aojwang/data/MergeDataset/cropped_images/1621SpaghettiNjahi/black beans_0.jpg
1621SpaghettiNjahi.JPG,spaghetti,5843640,1.124122807017544,166.802651087336,11.0,/home/aojwang/data/MergeDataset/cropped_images/1621SpaghettiNjahi/spaghetti_1.jpg
1514FriedGitheriWhiteRice.JPG,githeri,4293180,1.1232736572890025,119.47064429319681,17.25,/home/aojwang/data/MergeDataset/cropped_images/1514FriedGitheriWhiteRice/githeri_0.jpg
1514FriedGitheriWhiteRice.JPG,white rice boiled,6361857,1.4062059238363893,147.16141293336207,6.0,/home/aojwang/data/MergeDataset/cropped_images/1514FriedGitheriWhiteRice/white rice boiled_1.jpg
3RiceWMeatballs.jpg,meatballs,800438,1.089848308051342,152.8141684094625,48.0,/home/aojwang/data/MergeDataset/cropped_images/3RiceWMeatballs/meatballs_0.jpg
3RiceWMeatballs.jpg,white rice boiled,1438437,0.6965901183020181,210.17366650978343,85.0,/home/aojwang/data/MergeDataset/cropped_images/3RiceWMeatballs/white rice boiled_1.jpg
1452GitheriquoterCup.JPG,githeri,1899432,1.525089605734767,80.09552346877031,3.417,/home/aojwang/data/MergeDataset/cropped_images/1452GitheriquoterCup/githeri_0.jpg
1Cola2.jpg,cola,427450,0.4029126213592233,145.8774889850665,52.0,/home/aojwang/data/MergeDataset/cropped_images/1Cola2/cola_0.jpg
322TomatoLettuce.jpg,tomato,1932381,1.074571215510813,99.18889304610909,1.5,/home/aojwang/data/MergeDataset/cropped_images/322TomatoLettuce/tomato_0.jpg
543Lentilsthirdcup.jpg,kamande,1947288,1.3278282411230389,166.27934662635076,16.478,/home/aojwang/data/MergeDataset/cropped_images/543Lentilsthirdcup/kamande_0.jpg
1070Beefstew.jpg,beef stew,5515008,1.3732534930139721,122.41333273375729,70.8,/home/aojwang/data/MergeDataset/cropped_images/1070Beefstew/beef stew_0.jpg
1ChipsFish.jpg,fish fry,696234,0.7570385818561001,128.0602441133297,0.0,/home/aojwang/data/MergeDataset/cropped_images/1ChipsFish/fish fry_0.jpg
1ChipsFish.jpg,potato chips,1314462,1.0008726003490402,161.20919737504775,45.0,/home/aojwang/data/MergeDataset/cropped_images/1ChipsFish/potato chips_1.jpg
3PotatoPorkCarrot.jpg,carrot,792488,2.3236301369863015,159.17795348320732,10.0,/home/aojwang/data/MergeDataset/cropped_images/3PotatoPorkCarrot/carrot_2.jpg
