image,label,food_plate_ratio,aspect_ratio,avg_r,avg_g,avg_b,carb,crop_path
341LettuceOnions.jpg,onions,821.78955954323,0.8884462151394422,160.37442209239774,127.30637886917701,140.7034279424405,1.5,/home/aojwang/data/MergeDataset/cropped_images/341LettuceOnions/onions_0.jpg
341LettuceOnions.jpg,lettuce,1253.7047308319738,1.183002481389578,186.6538757561602,190.24736994825125,143.13044048243313,1.2,/home/aojwang/data/MergeDataset/cropped_images/341LettuceOnions/lettuce_1.jpg
1651WholeFishKachumbarithirdCupBrownUgalihalfCup.JPG,brown ugali,2011.132743362832,1.0455341506129596,143.3991858005732,118.33671861936654,57.12999102341832,1.9,/home/aojwang/data/MergeDataset/cropped_images/1651WholeFishKachumbarithirdCupBrownUgalihalfCup/brown ugali_0.jpg
1651WholeFishKachumbarithirdCupBrownUgalihalfCup.JPG,kachumbari,2927.336283185841,1.2151799687010956,143.09660992354642,113.40626048629187,46.75766173200036,0.92,/home/aojwang/data/MergeDataset/cropped_images/1651WholeFishKachumbarithirdCupBrownUgalihalfCup/kachumbari_1.jpg
1651WholeFishKachumbarithirdCupBrownUgalihalfCup.JPG,fish fry,8016.1769911504425,2.665266106442577,135.28873123080027,122.29557561332467,70.90282831472052,126.43,/home/aojwang/data/MergeDataset/cropped_images/1651WholeFishKachumbarithirdCupBrownUgalihalfCup/fish fry_2.jpg
1561UgaliBrown2Cups.JPG,brown ugali,1011.0557354301573,1.6761609907120743,132.4514677575967,106.9160140948647,45.06725482952694,5.8,/home/aojwang/data/MergeDataset/cropped_images/1561UgaliBrown2Cups/brown ugali_0.jpg
1001Spinachhalfcup.jpg,spinach cooked,1046.141826923077,1.071578947368421,103.3170394880456,110.30181366973426,77.72564528544676,2.29,/home/aojwang/data/MergeDataset/cropped_images/1001Spinachhalfcup/spinach cooked_0.jpg
151PineappleAppleBanana(2).jpg,ripe banana,2366.5116279069766,1.2679245283018867,189.15007229896676,165.71804455862534,126.37822467430368,2.1,/home/aojwang/data/MergeDataset/cropped_images/151PineappleAppleBanana(2)/ripe banana_0.jpg
151PineappleAppleBanana(2).jpg,apple,3443.7076411960134,1.7707948243992606,173.94236297894182,142.19781613342647,103.29937504582483,0.45,/home/aojwang/data/MergeDataset/cropped_images/151PineappleAppleBanana(2)/apple_1.jpg
3Meatballs.jpg,meatballs,2198.9154228855723,1.3275563258232235,180.45201388291832,99.790369856691,72.50467892357608,72.0,/home/aojwang/data/MergeDataset/cropped_images/3Meatballs/meatballs_0.jpg
1112ScrambledEggsthirdcup.jpg,scrambled eggs,576.8349249658936,1.145679012345679,175.5444793292654,151.04813100137173,69.94460290430916,8.2,/home/aojwang/data/MergeDataset/cropped_images/1112ScrambledEggsthirdcup/scrambled eggs_0.jpg
1736GitheriChips.JPG,githeri,2481.4088729016785,1.3139442231075698,182.59138533796892,143.4672188142518,45.3443989958903,10.05,/home/aojwang/data/MergeDataset/cropped_images/1736GitheriChips/githeri_0.jpg
781BrownRiceMonkeynuts.jpg,brown rice boiled,1092.8877361985922,1.5179340028694404,200.98725872155308,157.59223467846266,110.32539231055048,24.0,/home/aojwang/data/MergeDataset/cropped_images/781BrownRiceMonkeynuts/brown rice boiled_0.jpg
781BrownRiceMonkeynuts.jpg,monkeynut beans,1176.3290107447203,2.0384615384615383,136.9474089360587,79.32795050697469,59.36011423308741,15.6,/home/aojwang/data/MergeDataset/cropped_images/781BrownRiceMonkeynuts/monkeynut beans_1.jpg
2RiceWBeanTerere.jpg,terere,155.45150501672242,1.4228571428571428,107.53993975903614,106.98436603557086,71.7696528973035,1.0,/home/aojwang/data/MergeDataset/cropped_images/2RiceWBeanTerere/terere_0.jpg
2RiceWBeanTerere.jpg,white rice boiled,284.32173913043476,1.901098901098901,205.73682757690466,192.70831872758654,166.94727423436478,85.0,/home/aojwang/data/MergeDataset/cropped_images/2RiceWBeanTerere/white rice boiled_1.jpg
2RiceWBeanTerere.jpg,rosecoco,161.99464882943144,1.0346062052505967,174.44320249509323,125.52532805906301,81.71390111568985,38.0,/home/aojwang/data/MergeDataset/cropped_images/2RiceWBeanTerere/rosecoco_2.jpg
675BrownChapati.jpg,brown chapati,2020.3975240715267,1.3016910069177556,193.47481281574187,163.33158897325694,99.97791018105806,26.28,/home/aojwang/data/MergeDataset/cropped_images/675BrownChapati/brown chapati_0.jpg
1104ScrambledEggs.jpg,scrambled eggs,689.0772863890081,1.4833446634942216,203.16566606079903,180.2263248966733,91.35896317500394,10.9,/home/aojwang/data/MergeDataset/cropped_images/1104ScrambledEggs/scrambled eggs_0.jpg
2StrawberryPearOrange.jpg,strawberry pear orange,889.9246636771301,1.4596912521440824,206.59705109315445,162.19232998006584,146.6715598438322,28.0,/home/aojwang/data/MergeDataset/cropped_images/2StrawberryPearOrange/strawberry pear orange_0.jpg
1688BeefSausageChips.JPG,potato chips,1892.9756980351603,1.2803075103489059,209.73733158700523,171.9130476111133,81.52611584492278,12.0,/home/aojwang/data/MergeDataset/cropped_images/1688BeefSausageChips/potato chips_0.jpg
556Pigeonpea.jpg,mbaazi,1638.5958163019957,1.4950819672131148,172.44242911142024,137.20178696154906,89.74855258755788,28.5,/home/aojwang/data/MergeDataset/cropped_images/556Pigeonpea/mbaazi_0.jpg
1RiceLentil.jpg,kamande,332.0989966555184,1.0206953642384107,160.4826978026995,120.78515291406842,63.9684557666382,40.0,/home/aojwang/data/MergeDataset/cropped_images/1RiceLentil/kamande_0.jpg
1RiceLentil.jpg,white rice boiled,138.2385730211817,1.032258064516129,213.24958387096774,202.64017903225806,156.86834032258065,14.0,/home/aojwang/data/MergeDataset/cropped_images/1RiceLentil/white rice boiled_1.jpg
949BananaCooked.jpg,boiled banana,921.3055555555555,1.167606355715018,203.85606219812985,148.28655865905196,37.6688452242361,5.88,/home/aojwang/data/MergeDataset/cropped_images/949BananaCooked/boiled banana_0.jpg
1343ChickenWetfryWhiteChapatiSpinach.JPG,spinach cooked,401.93490625658313,1.2673186634066829,86.36756421041046,80.124030325186,24.86833753934124,2.91,/home/aojwang/data/MergeDataset/cropped_images/1343ChickenWetfryWhiteChapatiSpinach/spinach cooked_0.jpg
1343ChickenWetfryWhiteChapatiSpinach.JPG,chicken wing,445.3507478407415,0.9917808219178083,140.5045632142587,101.23074576174979,21.211575247861955,57.29,/home/aojwang/data/MergeDataset/cropped_images/1343ChickenWetfryWhiteChapatiSpinach/chicken wing_1.jpg
2RiceSoyaBeans.jpg,soya beans,182.39241917502787,1.0212290502793295,221.49191472195398,165.22364949940712,127.58393701942471,10.0,/home/aojwang/data/MergeDataset/cropped_images/2RiceSoyaBeans/soya beans_0.jpg
2RiceSoyaBeans.jpg,white rice boiled,133.46711259754738,0.8902439024390244,214.1416755763448,205.60005178750419,169.7043785499499,85.0,/home/aojwang/data/MergeDataset/cropped_images/2RiceSoyaBeans/white rice boiled_1.jpg
3Lemon.jpg,lemon,425.7308160779537,1.7458064516129033,171.61395131487973,175.9078864172806,138.16237274396204,12.0,/home/aojwang/data/MergeDataset/cropped_images/3Lemon/lemon_0.jpg
1067Beefstew.jpg,beef stew,499.07571168988494,1.2547993019197208,157.85775764769278,138.53251983679095,118.13282154534002,44.25,/home/aojwang/data/MergeDataset/cropped_images/1067Beefstew/beef stew_0.jpg
3Liver.jpg,liver fry,710.2641853201458,1.3863150392017107,157.34647276218607,139.36968889654375,139.56777122838133,3.0,/home/aojwang/data/MergeDataset/cropped_images/3Liver/liver fry_0.jpg
3RiceLentil.jpg,white rice boiled,401.5866220735786,2.1372549019607843,218.37299596472408,208.598245754299,171.34372022679273,170.0,/home/aojwang/data/MergeDataset/cropped_images/3RiceLentil/white rice boiled_0.jpg
3RiceLentil.jpg,kamande,241.91438127090302,2.1462728551336148,159.85636496692123,119.4251409695609,72.97878866639753,30.0,/home/aojwang/data/MergeDataset/cropped_images/3RiceLentil/kamande_1.jpg
1702BeefSausageChipsKachumbarihalfCup.JPG,kachumbari,348.27901366925755,1.3839009287925697,183.70931616887108,82.63956245397017,62.29094548451666,1.43,/home/aojwang/data/MergeDataset/cropped_images/1702BeefSausageChipsKachumbarihalfCup/kachumbari_0.jpg
1702BeefSausageChipsKachumbarihalfCup.JPG,potato chips,530.0375234521576,1.1453576864535768,216.1448970200802,177.97895295741745,78.72353443873035,7.2,/home/aojwang/data/MergeDataset/cropped_images/1702BeefSausageChipsKachumbarihalfCup/potato chips_1.jpg
1702BeefSausageChipsKachumbarihalfCup.JPG,sausage,374.975073706781,1.0708661417322836,174.68861612886624,94.82075678040245,48.472806197427936,6.6,/home/aojwang/data/MergeDataset/cropped_images/1702BeefSausageChipsKachumbarihalfCup/sausage_2.jpg
1280BeefstewBrownRiceSpinach.JPG,brown rice boiled,391.729238160604,0.8720642768850433,204.63506187916065,160.9904870700719,85.33659819237687,12.0,/home/aojwang/data/MergeDataset/cropped_images/1280BeefstewBrownRiceSpinach/brown rice boiled_0.jpg
1280BeefstewBrownRiceSpinach.JPG,spinach cooked,259.8325326012354,1.3579545454545454,98.47936675859009,84.71644200900215,35.81387488905794,2.91,/home/aojwang/data/MergeDataset/cropped_images/1280BeefstewBrownRiceSpinach/spinach cooked_1.jpg
1154MincedMeatKalesPasta(2).JPG,sukumawiki,306.01805758906784,0.8509060955518946,111.1488498973735,98.65274842870608,35.713003025368764,2.0,/home/aojwang/data/MergeDataset/cropped_images/1154MincedMeatKalesPasta(2)/sukumawiki_0.jpg
1154MincedMeatKalesPasta(2).JPG,pasta,692.4370424597364,1.2628418945963975,209.09669838000823,148.61513380817004,71.41101850961039,4.4,/home/aojwang/data/MergeDataset/cropped_images/1154MincedMeatKalesPasta(2)/pasta_1.jpg
1154MincedMeatKalesPasta(2).JPG,mincemeat,423.13616398243045,1.7945066124109867,176.96998925036274,107.22884040018178,53.425809048610965,27.7,/home/aojwang/data/MergeDataset/cropped_images/1154MincedMeatKalesPasta(2)/mincemeat_2.jpg
1273MincedMeatGreenGramsCabbage.JPG,ndengu,599.375024777007,1.165114835505897,154.8010210172671,137.56963728654262,56.5895314809248,12.0,/home/aojwang/data/MergeDataset/cropped_images/1273MincedMeatGreenGramsCabbage/ndengu_0.jpg
1273MincedMeatGreenGramsCabbage.JPG,green cabbage cooked,453.4806739345887,0.8826086956521739,202.07472648515392,191.17056879723404,111.54562704070705,2.4,/home/aojwang/data/MergeDataset/cropped_images/1273MincedMeatGreenGramsCabbage/green cabbage cooked_1.jpg
1273MincedMeatGreenGramsCabbage.JPG,mincemeat,330.3990089197225,1.6116027531956736,175.85907300120047,140.12585677407202,68.1097066765535,55.4,/home/aojwang/data/MergeDataset/cropped_images/1273MincedMeatGreenGramsCabbage/mincemeat_2.jpg
694WhiteRicePigeonpea.jpg,white rice boiled,429.1041625567173,1.6649168853893264,210.30232781595942,195.65694448467195,115.23840838865189,2.4,/home/aojwang/data/MergeDataset/cropped_images/694WhiteRicePigeonpea/white rice boiled_0.jpg
694WhiteRicePigeonpea.jpg,mbaazi,506.6093904123101,1.8727583262169085,169.60984586077197,130.69042442707428,33.32409463696109,5.7,/home/aojwang/data/MergeDataset/cropped_images/694WhiteRicePigeonpea/mbaazi_1.jpg
3RiceNdengu.jpg,ndengu,151.08388520971303,1.1573472041612485,176.11756257214242,152.99419646118554,98.56429187183122,9.0,/home/aojwang/data/MergeDataset/cropped_images/3RiceNdengu/ndengu_0.jpg
3RiceNdengu.jpg,white rice boiled,438.994701986755,1.8421559191530317,213.06401139267624,203.58781754017556,167.6256628882164,183.0,/home/aojwang/data/MergeDataset/cropped_images/3RiceNdengu/white rice boiled_1.jpg
1Cabbagesprout.jpg,cabbage sprout,419.4782785221275,1.1818181818181819,158.21077842572652,183.93964623611683,151.56977181987563,9.0,/home/aojwang/data/MergeDataset/cropped_images/1Cabbagesprout/cabbage sprout_0.jpg
939Frenchfries.jpg,potato chips,1958.4067226890757,1.3958891867739052,176.32998627478577,159.97263753534287,40.92056310566298,26.85,/home/aojwang/data/MergeDataset/cropped_images/939Frenchfries/potato chips_0.jpg
1Ghee.jpg,ghee,443.42552159146044,1.8492176386913228,162.11011817485502,136.08408688040268,85.5999518546887,0.0,/home/aojwang/data/MergeDataset/cropped_images/1Ghee/ghee_0.jpg
3Pear.jpg,pear,207.03002867059,1.6640969162995596,174.40265585413283,162.3355940430966,100.11965556550058,30.0,/home/aojwang/data/MergeDataset/cropped_images/3Pear/pear_0.jpg
1585BrownUgaliDrumstickCabbage.JPG,brown ugali,392.277970011534,1.1577490774907748,135.6496332015113,111.51983946134283,107.47297746284235,1.43,/home/aojwang/data/MergeDataset/cropped_images/1585BrownUgaliDrumstickCabbage/brown ugali_0.jpg
1585BrownUgaliDrumstickCabbage.JPG,green cabbage cooked,1160.7750865051903,1.2099780701754386,179.5901596992027,174.15455856167378,149.76511612771168,2.4,/home/aojwang/data/MergeDataset/cropped_images/1585BrownUgaliDrumstickCabbage/green cabbage cooked_1.jpg
1585BrownUgaliDrumstickCabbage.JPG,chicken drumstick,1596.499134948097,1.5516146109052409,135.5841974374799,126.16579583463601,116.02654922399952,72.18,/home/aojwang/data/MergeDataset/cropped_images/1585BrownUgaliDrumstickCabbage/chicken drumstick_2.jpg
1787FishwetfryBrownUgalihalfCupSpinach.JPG,brown ugali,272.63759253299,1.076662908680947,185.48866878766594,131.0512156395167,96.974540925645,1.9,/home/aojwang/data/MergeDataset/cropped_images/1787FishwetfryBrownUgalihalfCupSpinach/brown ugali_0.jpg
1787FishwetfryBrownUgalihalfCupSpinach.JPG,spinach cooked,506.13582233665915,1.1727115716753023,125.4472530211807,116.21880317748594,48.745288586028934,1.1,/home/aojwang/data/MergeDataset/cropped_images/1787FishwetfryBrownUgalihalfCupSpinach/spinach cooked_1.jpg
1787FishwetfryBrownUgalihalfCupSpinach.JPG,fish fry,787.0830383006115,0.8993329290479078,178.89066832633603,115.86844394138215,76.20290439413004,55.34,/home/aojwang/data/MergeDataset/cropped_images/1787FishwetfryBrownUgalihalfCupSpinach/fish fry_2.jpg
2ThornMelon.jpg,thorn melon,368.65352112676055,0.9273809523809524,179.13601992786846,163.21863194571796,86.04852986123846,10.0,/home/aojwang/data/MergeDataset/cropped_images/2ThornMelon/thorn melon_0.jpg
1176MincedMeatCabbageWhiteRice.JPG,green cabbage cooked,490.40397923875435,0.9290465631929047,208.9239604849943,181.07165078810692,84.11297679043182,2.4,/home/aojwang/data/MergeDataset/cropped_images/1176MincedMeatCabbageWhiteRice/green cabbage cooked_0.jpg
1176MincedMeatCabbageWhiteRice.JPG,mincemeat,615.9861591695502,1.8314814814814815,170.7243455791484,118.81305049994383,62.4446635209527,83.1,/home/aojwang/data/MergeDataset/cropped_images/1176MincedMeatCabbageWhiteRice/mincemeat_1.jpg
1176MincedMeatCabbageWhiteRice.JPG,white rice boiled,797.7981545559401,1.4486251808972503,226.17975006180507,192.81479555177094,132.69739341700267,7.8,/home/aojwang/data/MergeDataset/cropped_images/1176MincedMeatCabbageWhiteRice/white rice boiled_2.jpg
528Greengrams.jpg,ndengu,1620.763280917977,1.306705298013245,171.53549559792492,162.73068008755902,118.73881899678419,14.8,/home/aojwang/data/MergeDataset/cropped_images/528Greengrams/ndengu_0.jpg
750WhiteRice1cupButterBeansthirdcup.jpg,white rice boiled,2139.889039242219,1.147359454855196,198.68325220156092,130.31554884410937,110.71361812292822,4.8,/home/aojwang/data/MergeDataset/cropped_images/750WhiteRice1cupButterBeansthirdcup/white rice boiled_0.jpg
750WhiteRice1cupButterBeansthirdcup.jpg,butternut beans,4061.48849797023,1.9270833333333333,201.01919745188977,93.13630490697798,56.28820799349646,3.927,/home/aojwang/data/MergeDataset/cropped_images/750WhiteRice1cupButterBeansthirdcup/butternut beans_1.jpg
1634WholeFishKachumbarihalfCupWhiteUgali1Cup.JPG,kachumbari,6985.1875,1.233682514101531,152.51895002607935,98.05962091000336,37.28554856889921,1.43,/home/aojwang/data/MergeDataset/cropped_images/1634WholeFishKachumbarihalfCupWhiteUgali1Cup/kachumbari_0.jpg
1634WholeFishKachumbarihalfCupWhiteUgali1Cup.JPG,white ugali,5204.779411764706,1.0341880341880343,179.8678787878788,176.45782863601045,132.41348943985307,9.14,/home/aojwang/data/MergeDataset/cropped_images/1634WholeFishKachumbarihalfCupWhiteUgali1Cup/white ugali_1.jpg
986MashedBananaquotercup.jpg,boiled mashed banana,1340.6039886039887,1.1670378619153674,179.53517570852955,157.06192620581785,68.64151358404597,0.88,/home/aojwang/data/MergeDataset/cropped_images/986MashedBananaquotercup/boiled mashed banana_0.jpg
825WhiteChapati3EggyolkBeans.jpg,white chapati,1014.1891891891892,1.4046941678520626,167.85485856275997,120.07264742423969,54.44002880962241,33.54,/home/aojwang/data/MergeDataset/cropped_images/825WhiteChapati3EggyolkBeans/white chapati_0.jpg
160MangoPawpaw.jpg,mango,1268.3023255813953,0.9685534591194969,191.48241560775253,147.88815266366288,85.16666666666667,0.82,/home/aojwang/data/MergeDataset/cropped_images/160MangoPawpaw/mango_0.jpg
160MangoPawpaw.jpg,pawpaw,1870.994714587738,1.0619674670797832,183.06468617105122,97.59496056692774,70.57800482609504,0.470898,/home/aojwang/data/MergeDataset/cropped_images/160MangoPawpaw/pawpaw_1.jpg
285Lettucehalfcup.jpg,lettuce,1746.5992779783394,1.4307824591573517,190.88413843921555,200.25073789602487,154.85808109828693,0.6,/home/aojwang/data/MergeDataset/cropped_images/285Lettucehalfcup/lettuce_0.jpg
744WhiteRicequotercupButterBeanshalfcup.jpg,white rice boiled,137.59384352287302,1.0471938775510203,186.93311883218573,107.19349536404087,90.98223451987373,1.2,/home/aojwang/data/MergeDataset/cropped_images/744WhiteRicequotercupButterBeanshalfcup/white rice boiled_0.jpg
744WhiteRicequotercupButterBeanshalfcup.jpg,butternut beans,797.0500213766567,1.7783149171270718,194.12024995977043,92.2582620822829,47.231422517835114,6.006,/home/aojwang/data/MergeDataset/cropped_images/744WhiteRicequotercupButterBeanshalfcup/butternut beans_1.jpg
572WhiteRicethirdcup.jpg,white rice boiled,940.7321016166281,1.5644171779141105,204.60196790372592,196.14254781667267,94.37874585416989,1.368,/home/aojwang/data/MergeDataset/cropped_images/572WhiteRicethirdcup/white rice boiled_0.jpg
484RedCabbage.jpg,red cabbage,842.85,1.4865079365079366,154.4681895609285,81.35372121797643,113.50144323256977,0.65,/home/aojwang/data/MergeDataset/cropped_images/484RedCabbage/red cabbage_0.jpg
1188MincedMeatCabbageBrownRice.JPG,brown rice boiled,970.340488527017,1.082904884318766,198.46660843828428,150.86012296613853,97.84562600596523,20.0,/home/aojwang/data/MergeDataset/cropped_images/1188MincedMeatCabbageBrownRice/brown rice boiled_0.jpg
1188MincedMeatCabbageBrownRice.JPG,green cabbage cooked,911.0584752035529,1.7982905982905983,189.47485132104904,163.28253509798188,86.894747895746,1.8,/home/aojwang/data/MergeDataset/cropped_images/1188MincedMeatCabbageBrownRice/green cabbage cooked_1.jpg
1188MincedMeatCabbageBrownRice.JPG,mincemeat,901.1857883049593,0.9841068022886205,166.2636788276323,106.39564739934718,52.721869040050855,69.25,/home/aojwang/data/MergeDataset/cropped_images/1188MincedMeatCabbageBrownRice/mincemeat_2.jpg
794BrownRiceEggyolkBeans.jpg,brown rice boiled,1070.177486599166,1.5782567947516402,178.16035368994696,155.15176299567906,70.33859389991696,8.0,/home/aojwang/data/MergeDataset/cropped_images/794BrownRiceEggyolkBeans/brown rice boiled_0.jpg
54Apple.jpg,apple,16975.122807017542,1.3266978922716628,172.69440083631156,150.52543143630203,110.46428209702124,0.3,/home/aojwang/data/MergeDataset/cropped_images/54Apple/apple_0.jpg
1EggScrambled.jpg,scrambled eggs,168.9588048890901,1.4793103448275862,215.1903375041306,197.62061106199036,160.0905750698854,1.0,/home/aojwang/data/MergeDataset/cropped_images/1EggScrambled/scrambled eggs_0.jpg
1732GitheriChips.JPG,potato chips,745.5265193370166,1.0511915269196823,190.41444994564262,188.1215381913335,38.8367529937313,2.4,/home/aojwang/data/MergeDataset/cropped_images/1732GitheriChips/potato chips_0.jpg
1732GitheriChips.JPG,githeri,531.2883977900552,1.3372641509433962,157.88614875544906,120.7240784416492,12.80684607001431,3.35,/home/aojwang/data/MergeDataset/cropped_images/1732GitheriChips/githeri_1.jpg
1776BrownChapatiWhiteUgalihalfCupSpinach.JPG,white ugali,433.8373812038015,1.0707762557077625,184.87507423742346,187.84850940989767,137.3341791531579,5.54,/home/aojwang/data/MergeDataset/cropped_images/1776BrownChapatiWhiteUgalihalfCupSpinach/white ugali_0.jpg
1776BrownChapatiWhiteUgalihalfCupSpinach.JPG,spinach cooked,823.4904963041183,1.0885547201336676,85.9883181989253,103.77879913393102,21.005591492160946,1.1,/home/aojwang/data/MergeDataset/cropped_images/1776BrownChapatiWhiteUgalihalfCupSpinach/spinach cooked_1.jpg
1535Njahi1Cup.JPG,black beans,2284.1888412017165,1.2123799359658485,109.52443462804575,117.57384807108392,125.8974901637681,19.19,/home/aojwang/data/MergeDataset/cropped_images/1535Njahi1Cup/black beans_0.jpg
230Cucumber.jpg,cucumber,5617.158469945355,1.2900801603206413,189.4713027997743,198.07617059361442,158.0343029748818,2.7,/home/aojwang/data/MergeDataset/cropped_images/230Cucumber/cucumber_0.jpg
1248MincedMeatRoscocoBeansCabbage.JPG,green cabbage cooked,394.4291287386216,1.206840390879479,194.91459566920307,153.63800898512883,109.2465761779794,1.8,/home/aojwang/data/MergeDataset/cropped_images/1248MincedMeatRoscocoBeansCabbage/green cabbage cooked_0.jpg
1248MincedMeatRoscocoBeansCabbage.JPG,rosecoco,425.22756827048113,1.5502222222222222,145.99605198776757,70.69397043832824,52.619281345565746,8.67,/home/aojwang/data/MergeDataset/cropped_images/1248MincedMeatRoscocoBeansCabbage/rosecoco_1.jpg
154BananaMango.jpg,ripe banana,1544.96,2.2985915492957747,192.36988055785696,182.69057149268158,152.98535539215686,0.7,/home/aojwang/data/MergeDataset/cropped_images/154BananaMango/ripe banana_0.jpg
154BananaMango.jpg,mango,1156.1333333333334,2.5775862068965516,187.71766462922386,144.98481144043362,97.08393034252104,0.41,/home/aojwang/data/MergeDataset/cropped_images/154BananaMango/mango_1.jpg
97Watermelonsliced.jpg,water melon,4712.9671052631575,1.4751025190392502,164.01728457275163,113.64464734986015,93.09916719130172,0.6,/home/aojwang/data/MergeDataset/cropped_images/97Watermelonsliced/water melon_0.jpg
1148MincedMeatBrownChapati2andhalfKales.JPG,sukumawiki,498.05901314158194,1.1669207317073171,93.079870182887,85.28085770100843,30.963215497602395,3.0,/home/aojwang/data/MergeDataset/cropped_images/1148MincedMeatBrownChapati2andhalfKales/sukumawiki_0.jpg
914SweetPotatoroundcut.jpg,sweet potato,3959.52861299709,1.271507498026835,194.49411982145244,174.33341698768874,86.69549741149173,8.64,/home/aojwang/data/MergeDataset/cropped_images/914SweetPotatoroundcut/sweet potato_0.jpg
711WhiteRice1cupPigeonpeahalfcup.jpg,white rice boiled,14553.625806451613,1.5106382978723405,200.89640670410478,183.84443694775982,106.10467760611256,4.32,/home/aojwang/data/MergeDataset/cropped_images/711WhiteRice1cupPigeonpeahalfcup/white rice boiled_0.jpg
711WhiteRice1cupPigeonpeahalfcup.jpg,mbaazi,17532.154838709677,1.8530140379851363,165.96526971271956,125.37653358768625,29.141716013783338,6.84,/home/aojwang/data/MergeDataset/cropped_images/711WhiteRice1cupPigeonpeahalfcup/mbaazi_1.jpg
2Sukumawiki.jpg,sukumawiki,415.7876905702993,1.4601626016260163,118.73283719919604,141.42976125808028,130.5400392923751,4.0,/home/aojwang/data/MergeDataset/cropped_images/2Sukumawiki/sukumawiki_0.jpg
1303BeefSamosa.JPG,samosa,3630.3927536231886,1.314512756168967,186.2773723395068,158.40105973282724,95.8800807141746,47.474,/home/aojwang/data/MergeDataset/cropped_images/1303BeefSamosa/samosa_0.jpg
1PastaChickenCarrot.jpg,carrot,77.32173913043478,0.7037037037037037,226.9736928613447,136.37863478551736,43.96540249374257,7.0,/home/aojwang/data/MergeDataset/cropped_images/1PastaChickenCarrot/carrot_0.jpg
1PastaChickenCarrot.jpg,chicken,159.02251950947604,1.1256281407035176,193.6745291748923,124.01715889716439,57.84603962894831,0.0,/home/aojwang/data/MergeDataset/cropped_images/1PastaChickenCarrot/chicken_1.jpg
1PastaChickenCarrot.jpg,carrot,196.55607580824972,0.6517626827171109,215.39816278980075,139.58209820385366,56.31360869555353,7.0,/home/aojwang/data/MergeDataset/cropped_images/1PastaChickenCarrot/carrot_2.jpg
1PastaChickenCarrot.jpg,pasta,151.53846153846155,0.700507614213198,215.13315530052233,185.8477054366218,101.09075406459208,23.0,/home/aojwang/data/MergeDataset/cropped_images/1PastaChickenCarrot/pasta_3.jpg
1515FriedGitheriWhiteRice.JPG,githeri,1392.3523421588595,1.1692471970101441,162.80616596820474,135.85280737809828,71.03073086177768,20.7,/home/aojwang/data/MergeDataset/cropped_images/1515FriedGitheriWhiteRice/githeri_0.jpg
1515FriedGitheriWhiteRice.JPG,white rice boiled,2085.124236252546,1.3577809120827458,185.2516694406568,172.78504164892226,104.13294298864227,6.0,/home/aojwang/data/MergeDataset/cropped_images/1515FriedGitheriWhiteRice/white rice boiled_1.jpg
3Hazelnut.jpg,hazelnut,4185.885298869144,1.3947175348495964,203.0677795175185,172.40311370275444,130.13056301602856,26.0,/home/aojwang/data/MergeDataset/cropped_images/3Hazelnut/hazelnut_0.jpg
1446Githeri.JPG,githeri,1070.1035372144436,1.4608826479438315,119.96959536350211,102.85011660453382,25.253192980933875,26.8,/home/aojwang/data/MergeDataset/cropped_images/1446Githeri/githeri_0.jpg
3SconesHam.jpg,hamburger,1435.6482683982683,1.3194640338504937,200.95375899238545,156.63249440838152,139.78323027065167,87.0,/home/aojwang/data/MergeDataset/cropped_images/3SconesHam/hamburger_0.jpg
148ApplePineapple.jpg,apple,8745.511450381679,2.2389023405972557,157.64885542158157,136.75026287567073,95.80526571827758,0.75,/home/aojwang/data/MergeDataset/cropped_images/148ApplePineapple/apple_0.jpg
148ApplePineapple.jpg,pineapple,4764.511450381679,3.2503293807641636,181.9937792831115,163.39395007511536,111.36265316138777,1.20043,/home/aojwang/data/MergeDataset/cropped_images/148ApplePineapple/pineapple_1.jpg
759BrownRiceCowpeas.jpg,cowpeas,3327.3410256410257,1.834720570749108,146.9977860199451,112.86755575214829,62.416443252215714,4.75,/home/aojwang/data/MergeDataset/cropped_images/759BrownRiceCowpeas/cowpeas_1.jpg
1231MincedMeatPegionpeasSpinach.JPG,mbaazi,836.6790937768856,1.8672,144.7307170522708,97.35629031705227,37.732079520137106,17.1,/home/aojwang/data/MergeDataset/cropped_images/1231MincedMeatPegionpeasSpinach/mbaazi_0.jpg
1231MincedMeatPegionpeasSpinach.JPG,mincemeat,439.3515916260396,1.0412201154163232,166.26029181100233,118.94433946315287,58.44965499775133,83.1,/home/aojwang/data/MergeDataset/cropped_images/1231MincedMeatPegionpeasSpinach/mincemeat_1.jpg
1601BrownUgalithirdCupCabbage.JPG,brown ugali,380.16876122082584,1.0790067720090293,150.1185314090879,89.50631038846964,60.567496954012675,1.07,/home/aojwang/data/MergeDataset/cropped_images/1601BrownUgalithirdCupCabbage/brown ugali_0.jpg
1601BrownUgalithirdCupCabbage.JPG,green cabbage cooked,718.1202872531418,1.1628303495311167,202.1211771205996,152.67803874067795,96.51042018235319,0.5,/home/aojwang/data/MergeDataset/cropped_images/1601BrownUgalithirdCupCabbage/green cabbage cooked_1.jpg
1500FriedGitheriBeefstewCabbage.JPG,green cabbage cooked,717.814791403287,1.7506584723441616,192.97853525457847,132.50846305377942,49.201803390857386,1.65,/home/aojwang/data/MergeDataset/cropped_images/1500FriedGitheriBeefstewCabbage/green cabbage cooked_0.jpg
1500FriedGitheriBeefstewCabbage.JPG,githeri,887.9867256637168,1.1340533672172808,161.07744119248716,98.54348997540566,40.506092347993835,13.8,/home/aojwang/data/MergeDataset/cropped_images/1500FriedGitheriBeefstewCabbage/githeri_1.jpg
1500FriedGitheriBeefstewCabbage.JPG,beef stew,1042.3046776232618,1.0022050716648292,146.04871777144638,94.23825932758656,41.70069154103944,26.55,/home/aojwang/data/MergeDataset/cropped_images/1500FriedGitheriBeefstewCabbage/beef stew_2.jpg
1RiceSoyaBeans.jpg,soya beans,129.86934225195094,1.575657894736842,218.9137920970223,165.89406727282716,125.17088266399297,4.0,/home/aojwang/data/MergeDataset/cropped_images/1RiceSoyaBeans/soya beans_0.jpg
1RiceSoyaBeans.jpg,white rice boiled,255.91438127090302,1.5737704918032787,215.8112445285491,209.25569100591056,164.7142412805286,42.0,/home/aojwang/data/MergeDataset/cropped_images/1RiceSoyaBeans/white rice boiled_1.jpg
47Apple.jpg,apple,3608.534381139489,1.7328296703296704,157.94483362950962,77.0489510242037,62.491165616983096,0.6,/home/aojwang/data/MergeDataset/cropped_images/47Apple/apple_0.jpg
3RiceSoyaBeans.jpg,soya beans,235.72903080728582,1.0337636544190665,215.4674406913374,158.14160244284247,105.07790423805695,14.0,/home/aojwang/data/MergeDataset/cropped_images/3RiceSoyaBeans/soya beans_0.jpg
3RiceSoyaBeans.jpg,white rice boiled,270.36631436923767,0.7147262914417888,221.44691134382805,216.17562394006916,187.12062106645575,127.0,/home/aojwang/data/MergeDataset/cropped_images/3RiceSoyaBeans/white rice boiled_1.jpg
1100Mincedbeefthirdcup.jpg,mincemeat,329.29534831960825,1.1545936395759717,127.56852001048986,102.91516393110217,67.66195614265129,28.54,/home/aojwang/data/MergeDataset/cropped_images/1100Mincedbeefthirdcup/mincemeat_0.jpg
2HotdogSalad.jpg,hotdog,313.7285456187895,2.1544209215442094,223.59444712386355,181.0482619368121,112.0292299829397,26.0,/home/aojwang/data/MergeDataset/cropped_images/2HotdogSalad/hotdog_0.jpg
981MashedArrowRoot.jpg,arrowroots,787.7342723004695,1.2154273801250868,181.76145884613504,158.63326725765265,139.67196225699902,9.5,/home/aojwang/data/MergeDataset/cropped_images/981MashedArrowRoot/arrowroots_0.jpg
114Pawpawhalfcup.jpg,pawpaw,6391.444029850746,1.3827493261455526,180.54441426183675,104.62970318878958,90.40604773055396,0.423809,/home/aojwang/data/MergeDataset/cropped_images/114Pawpawhalfcup/pawpaw_0.jpg
143AppleMango.jpg,mango,2298.4493433395874,0.9417234965902046,188.73986499585536,141.53091916525824,67.79524983603025,2.05,/home/aojwang/data/MergeDataset/cropped_images/143AppleMango/mango_0.jpg
143AppleMango.jpg,apple,2637.1857410881803,1.0401459854014599,182.11303801881022,165.1617193836172,123.59446970020348,0.75,/home/aojwang/data/MergeDataset/cropped_images/143AppleMango/apple_1.jpg
2Passion.jpg,passion,65.7309491474272,1.0030349013657056,115.96147374075699,106.22463779760743,99.80812398559226,3.0,/home/aojwang/data/MergeDataset/cropped_images/2Passion/passion_0.jpg
2MangoGrapeApple.jpg,mango grape apple,749.3518394648829,1.4045922406967537,187.25762152531374,164.06081733065187,131.83371850455376,63.0,/home/aojwang/data/MergeDataset/cropped_images/2MangoGrapeApple/mango grape apple_0.jpg
411BananaCucumber.jpg,cucumber,635.0895679662802,1.2449186991869918,178.71337730214037,137.53751534760246,86.97519827443172,0.3,/home/aojwang/data/MergeDataset/cropped_images/411BananaCucumber/cucumber_0.jpg
120Watermelonhalfcup.jpg,water melon,2332.903682719547,1.9043010752688172,160.60310376860167,93.91093665567719,107.39188417940171,0.66,/home/aojwang/data/MergeDataset/cropped_images/120Watermelonhalfcup/water melon_0.jpg
551Pigeonpea.jpg,mbaazi,1564.031152647975,1.325227963525836,180.39972549907836,154.97000977128812,116.98606638215924,14.25,/home/aojwang/data/MergeDataset/cropped_images/551Pigeonpea/mbaazi_0.jpg
1360YellowMaizeboiled.JPG,boiled yellow maize,3464.601817210048,1.2884529647793135,185.8302846070898,134.96713018741892,68.91298619156561,15.8125,/home/aojwang/data/MergeDataset/cropped_images/1360YellowMaizeboiled/boiled yellow maize_0.jpg
1622WholeFishWhiteUgalihalfCup.JPG,white ugali,720.3779527559055,1.0073452256033577,203.2700944386149,199.9864113326338,142.50247464148305,5.83,/home/aojwang/data/MergeDataset/cropped_images/1622WholeFishWhiteUgalihalfCup/white ugali_0.jpg
1699BeefSausageChipsKachumbarihalfCup.JPG,kachumbari,395.03173216885006,1.2569778633301252,181.28651356661413,75.36397569815482,54.43300705855996,1.43,/home/aojwang/data/MergeDataset/cropped_images/1699BeefSausageChipsKachumbarihalfCup/kachumbari_0.jpg
1699BeefSausageChipsKachumbarihalfCup.JPG,potato chips,557.155749636099,1.287940935192781,214.01698060956303,175.20986712508426,73.2287857333201,7.2,/home/aojwang/data/MergeDataset/cropped_images/1699BeefSausageChipsKachumbarihalfCup/potato chips_1.jpg
2ButternutChicken.jpg,butternut,256.7658862876254,1.7337423312883435,215.93038090648187,161.1210199766411,43.10297717513536,22.0,/home/aojwang/data/MergeDataset/cropped_images/2ButternutChicken/butternut_0.jpg
2ButternutChicken.jpg,chicken,111.0546265328874,1.5547703180212014,195.3700630420816,138.86197598779313,49.29101750722776,0.0,/home/aojwang/data/MergeDataset/cropped_images/2ButternutChicken/chicken_1.jpg
89Grapes.jpg,red grapes,9246.932955618508,1.544479745830024,155.8131235510598,113.13547416176172,89.91825878616109,2.950245,/home/aojwang/data/MergeDataset/cropped_images/89Grapes/red grapes_0.jpg
83Grapes.jpg,red grapes,3701.582208101668,1.9804432855280314,155.06126955135,118.92204866132852,121.34431726595673,2.006167,/home/aojwang/data/MergeDataset/cropped_images/83Grapes/red grapes_0.jpg
1147MincedMeatBrownChapatiKales.JPG,sukumawiki,736.8177339901478,1.1354933726067746,97.28298558381995,88.86517949070598,33.69263422405346,3.0,/home/aojwang/data/MergeDataset/cropped_images/1147MincedMeatBrownChapatiKales/sukumawiki_0.jpg
1778BrownChapatiWhiteUgali1CupSpinach.JPG,white ugali,330.4872433105165,1.0859453993933266,195.09348833443482,195.73961999122565,154.16719011547883,9.14,/home/aojwang/data/MergeDataset/cropped_images/1778BrownChapatiWhiteUgali1CupSpinach/white ugali_0.jpg
1778BrownChapatiWhiteUgali1CupSpinach.JPG,spinach cooked,637.6689483509646,1.0486409155937053,79.19226062568433,94.43312752382569,18.61972131304319,2.91,/home/aojwang/data/MergeDataset/cropped_images/1778BrownChapatiWhiteUgali1CupSpinach/spinach cooked_1.jpg
14Watermelon.jpg,water melon,47456.41203703704,1.6761019005256774,182.24605044492583,79.07536184520201,74.95638122116932,3.0,/home/aojwang/data/MergeDataset/cropped_images/14Watermelon/water melon_0.jpg
1Tomato.jpg,tomato,134.4678274034822,0.8474148802017655,187.22375472887768,99.03934163514081,96.67365114393803,3.0,/home/aojwang/data/MergeDataset/cropped_images/1Tomato/tomato_0.jpg
747WhiteRicehalfcupButterBeansquotercup.jpg,white rice boiled,1122.6471183013145,1.1237424547283703,194.8300825544133,122.92494717634365,103.26438127421648,2.88,/home/aojwang/data/MergeDataset/cropped_images/747WhiteRicehalfcupButterBeansquotercup/white rice boiled_0.jpg
747WhiteRicehalfcupButterBeansquotercup.jpg,butternut beans,2482.258847320526,1.4046898638426626,204.41173358034408,121.90162585531134,83.3114628624406,2.541,/home/aojwang/data/MergeDataset/cropped_images/747WhiteRicehalfcupButterBeansquotercup/butternut beans_1.jpg
1606BrownUgalihalfCupCabbage.JPG,brown ugali,477.0671184252985,1.0249791840133222,154.80872086691906,86.08598507471773,51.67906990586642,1.43,/home/aojwang/data/MergeDataset/cropped_images/1606BrownUgalihalfCupCabbage/brown ugali_0.jpg
1606BrownUgalihalfCupCabbage.JPG,green cabbage cooked,964.6176185866409,1.205079365079365,205.95067857561008,162.45302022178734,102.55609781390604,1.8,/home/aojwang/data/MergeDataset/cropped_images/1606BrownUgalihalfCupCabbage/green cabbage cooked_1.jpg
436MangoTomato.jpg,mango,264.0540322580645,1.1940463065049614,209.02330086808155,143.42348065370297,40.662976276645885,0.82,/home/aojwang/data/MergeDataset/cropped_images/436MangoTomato/mango_0.jpg
436MangoTomato.jpg,tomato,313.1986559139785,1.1489572989076464,172.52168270679144,60.50574243047157,52.98960345859022,0.5,/home/aojwang/data/MergeDataset/cropped_images/436MangoTomato/tomato_1.jpg
1PastaChickenZucchiniCarrot.jpg,carrot,69.28874024526199,1.487964989059081,207.07471360535462,141.48996009782468,47.586500836658516,4.0,/home/aojwang/data/MergeDataset/cropped_images/1PastaChickenZucchiniCarrot/carrot_0.jpg
1PastaChickenZucchiniCarrot.jpg,pasta,207.0122630992196,1.5458064516129033,208.7776143034089,183.20371156228123,113.20258387635306,45.0,/home/aojwang/data/MergeDataset/cropped_images/1PastaChickenZucchiniCarrot/pasta_1.jpg
1PastaChickenZucchiniCarrot.jpg,chicken,165.82408026755851,1.407152682255846,191.22486389385267,147.61082180011053,74.4341238179371,0.0,/home/aojwang/data/MergeDataset/cropped_images/1PastaChickenZucchiniCarrot/chicken_2.jpg
1PastaChickenZucchiniCarrot.jpg,zucchini,60.44503901895206,1.5970873786407767,116.27089665653496,116.91138194587894,56.251877563667485,3.0,/home/aojwang/data/MergeDataset/cropped_images/1PastaChickenZucchiniCarrot/zucchini_3.jpg
1520FriedGitheriWhiteRiceCabbage.JPG,githeri,2043.9611650485438,1.054263565891473,178.87914552933577,117.01325753977302,57.99425571262097,10.35,/home/aojwang/data/MergeDataset/cropped_images/1520FriedGitheriWhiteRiceCabbage/githeri_0.jpg
1520FriedGitheriWhiteRiceCabbage.JPG,green cabbage cooked,2658.7313915857603,1.5501373626373627,175.48122690335805,113.56925127929226,42.105987112134656,1.65,/home/aojwang/data/MergeDataset/cropped_images/1520FriedGitheriWhiteRiceCabbage/green cabbage cooked_1.jpg
1520FriedGitheriWhiteRiceCabbage.JPG,white rice boiled,3253.1553398058254,1.0574358974358975,198.76039841826457,156.73145390335497,108.18867243651918,3.6,/home/aojwang/data/MergeDataset/cropped_images/1520FriedGitheriWhiteRiceCabbage/white rice boiled_2.jpg
1690BeefSausageChipsKachumbarithirdCup.JPG,potato chips,716.0940423436731,1.011676396997498,210.6263332936832,157.89581727559445,76.54339113317157,2.4,/home/aojwang/data/MergeDataset/cropped_images/1690BeefSausageChipsKachumbarithirdCup/potato chips_0.jpg
1690BeefSausageChipsKachumbarithirdCup.JPG,kachumbari,479.2909896602659,0.9467455621301775,170.86658551117685,68.88886217948718,38.040484261998685,0.92,/home/aojwang/data/MergeDataset/cropped_images/1690BeefSausageChipsKachumbarithirdCup/kachumbari_1.jpg
380CucumberCarrotsgrated.jpg,cucumber,2408.8006902502157,0.975177304964539,158.40053298946916,146.8603825488932,103.41534816247582,1.5,/home/aojwang/data/MergeDataset/cropped_images/380CucumberCarrotsgrated/cucumber_0.jpg
380CucumberCarrotsgrated.jpg,carrot,2564.3615185504746,0.9896133871898442,199.28102634673522,126.6070488998501,60.94416564746416,1.75,/home/aojwang/data/MergeDataset/cropped_images/380CucumberCarrotsgrated/carrot_1.jpg
1Tadhikadal.jpg,tadhikaldal,174.77490528192556,1.2726114649681528,220.64347022181417,172.1146088763923,129.54254636802406,17.0,/home/aojwang/data/MergeDataset/cropped_images/1Tadhikadal/tadhikaldal_0.jpg
1199MincedMeatCabbagePasta.JPG,pasta,376.9142017269888,1.362673186634067,193.54735311550715,167.47016247275224,43.032791400038214,2.2,/home/aojwang/data/MergeDataset/cropped_images/1199MincedMeatCabbagePasta/pasta_0.jpg
1199MincedMeatCabbagePasta.JPG,mincemeat,267.3773654234797,1.5563598759048605,150.56103714952226,109.65808147265062,29.145453795861435,13.85,/home/aojwang/data/MergeDataset/cropped_images/1199MincedMeatCabbagePasta/mincemeat_1.jpg
1199MincedMeatCabbagePasta.JPG,green cabbage cooked,312.80690795517177,1.0656645569620253,182.62028429327245,177.19037323917192,68.10198471991204,0.5,/home/aojwang/data/MergeDataset/cropped_images/1199MincedMeatCabbagePasta/green cabbage cooked_2.jpg
1177MincedMeatCabbageWhiteRice.JPG,green cabbage cooked,519.9973238180196,0.906407487401008,199.55991333242983,171.9833572646992,81.82634634662111,3.0,/home/aojwang/data/MergeDataset/cropped_images/1177MincedMeatCabbageWhiteRice/green cabbage cooked_0.jpg
1177MincedMeatCabbageWhiteRice.JPG,white rice boiled,869.0151650312221,1.5480349344978166,215.16627008812324,181.84560023651,122.95749458169004,7.8,/home/aojwang/data/MergeDataset/cropped_images/1177MincedMeatCabbageWhiteRice/white rice boiled_1.jpg
1177MincedMeatCabbageWhiteRice.JPG,mincemeat,764.1219149568838,1.7522708505367466,166.973263463803,119.65622424352328,68.19409691712242,96.95,/home/aojwang/data/MergeDataset/cropped_images/1177MincedMeatCabbageWhiteRice/mincemeat_2.jpg
3SconesSausage.jpg,hotdog,497.6,1.4421221864951768,199.33424249104732,146.93142871737518,73.27690640828484,77.0,/home/aojwang/data/MergeDataset/cropped_images/3SconesSausage/hotdog_0.jpg
1639WholeFishKachumbari1CupWhiteUgalithirdCup.JPG,kachumbari,8066.168091168091,1.5650557620817844,152.41725860714,98.448235304506,38.88287719979867,1.99,/home/aojwang/data/MergeDataset/cropped_images/1639WholeFishKachumbari1CupWhiteUgalithirdCup/kachumbari_0.jpg
1639WholeFishKachumbari1CupWhiteUgalithirdCup.JPG,white ugali,2655.806267806268,0.9968976215098242,183.48782434444553,177.35213175882976,128.30230489987,3.74,/home/aojwang/data/MergeDataset/cropped_images/1639WholeFishKachumbari1CupWhiteUgalithirdCup/white ugali_1.jpg
1780BrownChapatiWhiteUgali1CupSpinach.JPG,brown chapati,4167.046391752578,1.0661040787623066,181.50537085073896,157.34798333842565,107.5149565750915,43.8,/home/aojwang/data/MergeDataset/cropped_images/1780BrownChapatiWhiteUgali1CupSpinach/brown chapati_0.jpg
1780BrownChapatiWhiteUgali1CupSpinach.JPG,white ugali,928.6726804123712,1.0492610837438423,209.22742709128335,209.50413839357986,163.84703068988645,9.14,/home/aojwang/data/MergeDataset/cropped_images/1780BrownChapatiWhiteUgali1CupSpinach/white ugali_1.jpg
1780BrownChapatiWhiteUgali1CupSpinach.JPG,spinach cooked,1829.5592783505156,0.8519924098671727,99.65886710552698,114.90985472906503,30.785837480812187,2.91,/home/aojwang/data/MergeDataset/cropped_images/1780BrownChapatiWhiteUgali1CupSpinach/spinach cooked_2.jpg
1570BrownUgaliDrumstickSpinach.JPG,brown ugali,5456.156133828997,1.0851246775580397,126.00077331563678,98.77509119673832,58.635078823688126,1.43,/home/aojwang/data/MergeDataset/cropped_images/1570BrownUgaliDrumstickSpinach/brown ugali_0.jpg
1570BrownUgaliDrumstickSpinach.JPG,spinach cooked,15709.869888475836,1.0989291177970424,107.69011312235932,103.56488959300324,54.72283874295869,3.29,/home/aojwang/data/MergeDataset/cropped_images/1570BrownUgaliDrumstickSpinach/spinach cooked_1.jpg
1570BrownUgaliDrumstickSpinach.JPG,chicken drumstick,15156.698884758363,1.5012135922330097,107.10816913374826,85.22795569063895,30.326582379072452,52.39,/home/aojwang/data/MergeDataset/cropped_images/1570BrownUgaliDrumstickSpinach/chicken drumstick_2.jpg
150ApplePineappleBanana.jpg,ripe banana,10248.695652173914,1.7108433734939759,171.1153919904972,147.12530714406924,119.32552010860343,1.4,/home/aojwang/data/MergeDataset/cropped_images/150ApplePineappleBanana/ripe banana_0.jpg
150ApplePineappleBanana.jpg,apple,18099.50434782609,1.5548833189282627,162.20998797468872,132.84229642608517,102.34863649881356,0.3,/home/aojwang/data/MergeDataset/cropped_images/150ApplePineappleBanana/apple_1.jpg
1451GitherithirdCup.JPG,githeri,1297.2323105823418,1.1746987951807228,169.55222283364225,149.6020765755329,33.44758408634538,5.36,/home/aojwang/data/MergeDataset/cropped_images/1451GitherithirdCup/githeri_0.jpg
328TomatoOnions.jpg,tomato,1725.9,0.911408540471638,178.63669568162877,96.10544821653808,66.78419910236354,2.0,/home/aojwang/data/MergeDataset/cropped_images/328TomatoOnions/tomato_0.jpg
328TomatoOnions.jpg,onions,2583.793846153846,1.0770101925254814,179.20758949570876,148.69972300719397,137.21413800577088,3.0,/home/aojwang/data/MergeDataset/cropped_images/328TomatoOnions/onions_1.jpg
335CabbageOnions.jpg,onions,202.0927131290681,1.1634799235181645,155.86023368751484,107.69499254506349,121.32269270107511,0.75,/home/aojwang/data/MergeDataset/cropped_images/335CabbageOnions/onions_0.jpg
335CabbageOnions.jpg,green cabbage,202.0596920146055,1.1370510396975426,194.2499603228853,167.95594818875935,147.61057815448777,0.55,/home/aojwang/data/MergeDataset/cropped_images/335CabbageOnions/green cabbage_1.jpg
131Banana1cup.jpg,ripe banana,11475.850515463917,1.640343347639485,184.4092439749092,186.2046466919551,170.38634110626754,2.24,/home/aojwang/data/MergeDataset/cropped_images/131Banana1cup/ripe banana_0.jpg
515RoscocoBeans.jpg,rosecoco,1576.740932642487,1.3671047053836372,150.03303081387133,111.67560765138296,100.87209243175568,34.68,/home/aojwang/data/MergeDataset/cropped_images/515RoscocoBeans/rosecoco_0.jpg
937Frenchfries.jpg,potato chips,854.3316256157635,1.4844938560561731,161.5325597770896,143.12363238234457,37.29823976707053,16.14,/home/aojwang/data/MergeDataset/cropped_images/937Frenchfries/potato chips_0.jpg
404BananaCarrots.jpg,carrot,1449.0498552589256,1.2828175026680897,202.8501279439994,108.21287870447156,27.1132885958479,1.4,/home/aojwang/data/MergeDataset/cropped_images/404BananaCarrots/carrot_0.jpg
1499FriedGitheriBeefstewCabbage.JPG,githeri,1429.4269565217392,1.1282952548330405,158.62163493914557,101.04822577122727,50.293636671673234,10.35,/home/aojwang/data/MergeDataset/cropped_images/1499FriedGitheriBeefstewCabbage/githeri_0.jpg
1499FriedGitheriBeefstewCabbage.JPG,green cabbage cooked,1189.1191304347826,1.7392344497607655,194.62014702882,139.81008119272798,67.38011001201474,1.65,/home/aojwang/data/MergeDataset/cropped_images/1499FriedGitheriBeefstewCabbage/green cabbage cooked_1.jpg
1499FriedGitheriBeefstewCabbage.JPG,beef stew,1306.0434782608695,0.9620826259196378,138.40653150903825,87.934504144612,41.270688105462895,26.55,/home/aojwang/data/MergeDataset/cropped_images/1499FriedGitheriBeefstewCabbage/beef stew_2.jpg
1097Mincedbeef.jpg,mincemeat,1611.7217142857144,1.4187562688064193,141.72086992685374,102.26795923294804,55.92384062757378,124.65,/home/aojwang/data/MergeDataset/cropped_images/1097Mincedbeef/mincemeat_0.jpg
570WhiteRice.jpg,white rice boiled,818.6997690531177,1.1491683991683992,190.87143003560914,183.153579108803,115.71402390805376,6.0,/home/aojwang/data/MergeDataset/cropped_images/570WhiteRice/white rice boiled_0.jpg
152ApplePineappleBanana.jpg,ripe banana,3195.0294659300184,1.613307618129219,192.65181471449955,176.17505494549832,151.93220362429904,2.8,/home/aojwang/data/MergeDataset/cropped_images/152ApplePineappleBanana/ripe banana_0.jpg
152ApplePineappleBanana.jpg,apple,6236.486187845304,1.9793577981651376,180.69808074150458,155.48134072286538,124.6718810351487,0.6,/home/aojwang/data/MergeDataset/cropped_images/152ApplePineappleBanana/apple_1.jpg
1328WhiteUgali2CupsChickenWetfrySpinach.JPG,chicken wing,954.0947368421052,1.6648793565683646,157.48763153590187,121.93157902563298,36.714133516765266,112.99,/home/aojwang/data/MergeDataset/cropped_images/1328WhiteUgali2CupsChickenWetfrySpinach/chicken wing_0.jpg
1196MincedMeatSpaghettiCabbage.JPG,green cabbage cooked,803.5251798561151,1.5229653505237712,179.79126834904434,167.09316645988685,73.12463877484022,1.8,/home/aojwang/data/MergeDataset/cropped_images/1196MincedMeatSpaghettiCabbage/green cabbage cooked_0.jpg
1196MincedMeatSpaghettiCabbage.JPG,spaghetti,819.2709832134293,1.018929503916449,203.63886960725117,180.06690830507992,97.53540610474306,8.8,/home/aojwang/data/MergeDataset/cropped_images/1196MincedMeatSpaghettiCabbage/spaghetti_1.jpg
1196MincedMeatSpaghettiCabbage.JPG,mincemeat,885.1517643028434,1.2221458046767537,157.82796724770662,117.89147706557658,43.99054284495684,55.4,/home/aojwang/data/MergeDataset/cropped_images/1196MincedMeatSpaghettiCabbage/mincemeat_2.jpg
256Carrots.jpg,carrot,1463.7691850089232,2.4754262788365096,192.03766120078225,129.7888515627921,74.43850189141168,1.89,/home/aojwang/data/MergeDataset/cropped_images/256Carrots/carrot_0.jpg
1640WholeFishKachumbari1CupWhiteUgalihalfCup.JPG,kachumbari,2052.815457413249,1.516793893129771,170.3247655562684,110.51349919515016,45.01790377914459,1.99,/home/aojwang/data/MergeDataset/cropped_images/1640WholeFishKachumbari1CupWhiteUgalihalfCup/kachumbari_0.jpg
1640WholeFishKachumbari1CupWhiteUgalihalfCup.JPG,white ugali,859.1009463722397,1.0806772908366533,196.40957827675473,191.1069170323315,137.88164301320066,5.83,/home/aojwang/data/MergeDataset/cropped_images/1640WholeFishKachumbari1CupWhiteUgalihalfCup/white ugali_1.jpg
1482FriedGitheriquoterCup.JPG,githeri,799.7114252061249,1.293227091633466,153.36468543570635,125.02702780989412,79.75373772930459,3.933,/home/aojwang/data/MergeDataset/cropped_images/1482FriedGitheriquoterCup/githeri_0.jpg
475GrapesCucumber.jpg,red grapes,1119.7169421487604,1.3440979955456571,132.42945937118847,68.87485122974188,57.44765962472068,0.590049,/home/aojwang/data/MergeDataset/cropped_images/475GrapesCucumber/red grapes_0.jpg
475GrapesCucumber.jpg,cucumber,1126.3305785123966,1.6175395858708892,173.3327671220815,142.8163870463584,111.52129253921899,0.3,/home/aojwang/data/MergeDataset/cropped_images/475GrapesCucumber/cucumber_1.jpg
1290BeefstewSpaghettiSpinach.JPG,spinach cooked,368.6101578586136,1.1871244635193132,100.84389599024327,105.59192090342881,34.51980052073151,2.91,/home/aojwang/data/MergeDataset/cropped_images/1290BeefstewSpaghettiSpinach/spinach cooked_0.jpg
1290BeefstewSpaghettiSpinach.JPG,spaghetti,343.62548615877375,1.055322715842414,214.8018464873531,196.9590016424909,113.5320898250118,4.4,/home/aojwang/data/MergeDataset/cropped_images/1290BeefstewSpaghettiSpinach/spaghetti_1.jpg
1548NjahiWhiteRiceSpinach.JPG,spinach cooked,409.66758091058693,1.1949910554561718,99.64329279723201,73.11191257913511,32.558276113247565,1.1,/home/aojwang/data/MergeDataset/cropped_images/1548NjahiWhiteRiceSpinach/spinach cooked_0.jpg
1548NjahiWhiteRiceSpinach.JPG,black beans,302.5392210641799,1.3894500561167227,112.13962819724802,70.32254060983195,49.54525872619572,4.75,/home/aojwang/data/MergeDataset/cropped_images/1548NjahiWhiteRiceSpinach/black beans_1.jpg
1548NjahiWhiteRiceSpinach.JPG,white rice boiled,491.3132199670872,1.1801948051948052,188.2283038058915,149.93119964629594,121.4169325773951,1.2,/home/aojwang/data/MergeDataset/cropped_images/1548NjahiWhiteRiceSpinach/white rice boiled_2.jpg
1235MincedMeatButterBeansSpinach.JPG,butternut beans,287.4851138353765,1.302788844621514,203.79714780023636,172.71888897011343,76.35605970612961,4.62,/home/aojwang/data/MergeDataset/cropped_images/1235MincedMeatButterBeansSpinach/butternut beans_0.jpg
1235MincedMeatButterBeansSpinach.JPG,spinach cooked,320.2014010507881,0.9763071895424836,100.65403779363908,108.00192249842755,34.63450378756803,2.91,/home/aojwang/data/MergeDataset/cropped_images/1235MincedMeatButterBeansSpinach/spinach cooked_1.jpg
86Grapes.jpg,red grapes,7092.214285714285,1.2466990965948574,131.94913436263104,105.84956921496487,98.23471567258014,0.590049,/home/aojwang/data/MergeDataset/cropped_images/86Grapes/red grapes_0.jpg
737WhiteRiceButterBeans.jpg,butternut beans,8392.876132930514,2.0716753022452505,196.49043247006344,100.42505080916703,55.344783484194984,4.62,/home/aojwang/data/MergeDataset/cropped_images/737WhiteRiceButterBeans/butternut beans_0.jpg
737WhiteRiceButterBeans.jpg,white rice boiled,6312.0664652567975,1.4176276771004943,207.13321581357147,141.87741840066548,119.35708713086814,4.8,/home/aojwang/data/MergeDataset/cropped_images/737WhiteRiceButterBeans/white rice boiled_1.jpg
2OliveOil.jpg,olive oil,1149.0150602409637,1.474460839954597,209.19816256108996,173.35925915246077,88.89974476131556,0.0,/home/aojwang/data/MergeDataset/cropped_images/2OliveOil/olive oil_0.jpg
1Bacon.jpg,bacon,842.906612133606,1.0,194.89931534987838,153.81874158946223,163.3786941669686,0.0,/home/aojwang/data/MergeDataset/cropped_images/1Bacon/bacon_0.jpg
176WatermelonBanana.jpg,ripe banana,6760.669354838709,0.9271402550091075,204.70485202799716,192.01648290694638,166.54018081336193,2.1,/home/aojwang/data/MergeDataset/cropped_images/176WatermelonBanana/ripe banana_0.jpg
176WatermelonBanana.jpg,water melon,5531.688172043011,0.9979108635097493,187.63512422076522,95.60140111614996,96.89138871448371,0.9,/home/aojwang/data/MergeDataset/cropped_images/176WatermelonBanana/water melon_1.jpg
1666WholeFishKachumbari1CupChips.JPG,kachumbari,2070.38077969175,1.1634546752319772,183.11750852808905,124.54277356664609,66.87093136804123,1.99,/home/aojwang/data/MergeDataset/cropped_images/1666WholeFishKachumbari1CupChips/kachumbari_0.jpg
1666WholeFishKachumbari1CupChips.JPG,potato chips,2040.8322756119674,1.0290736984448952,215.69298874563646,200.85073241766688,94.19957992712695,7.2,/home/aojwang/data/MergeDataset/cropped_images/1666WholeFishKachumbari1CupChips/potato chips_1.jpg
405BananaCarrots.jpg,carrot,1649.685534591195,1.2084309133489461,200.05628742080134,108.16886589328831,24.91302634206561,1.75,/home/aojwang/data/MergeDataset/cropped_images/405BananaCarrots/carrot_0.jpg
536Lentils.jpg,kamande,560.8676407391491,1.549306625577812,181.9867370448665,155.58349570428896,115.26447489501118,10.7,/home/aojwang/data/MergeDataset/cropped_images/536Lentils/kamande_0.jpg
1285BeefstewBrownRiceSpinach.JPG,brown rice boiled,612.5884190793585,0.8715296679368536,180.8661397323461,142.47856045333668,84.80237242850056,20.0,/home/aojwang/data/MergeDataset/cropped_images/1285BeefstewBrownRiceSpinach/brown rice boiled_1.jpg
1285BeefstewBrownRiceSpinach.JPG,spinach cooked,466.43720058321185,1.2678705793829947,97.04195921611706,94.48664733082816,59.167802926275975,5.48,/home/aojwang/data/MergeDataset/cropped_images/1285BeefstewBrownRiceSpinach/spinach cooked_2.jpg
1Lettuce.jpg,lettuce,589.8286642306131,1.5632780082987552,201.07449537015367,213.56364008072975,199.78624303733338,1.0,/home/aojwang/data/MergeDataset/cropped_images/1Lettuce/lettuce_0.jpg
459GrapesLettuce.jpg,lettuce,1701.8787255909558,1.9357798165137614,208.69497315100656,184.1102608325966,134.19204548748496,0.6,/home/aojwang/data/MergeDataset/cropped_images/459GrapesLettuce/lettuce_0.jpg
459GrapesLettuce.jpg,red grapes,487.0298047276465,1.2238636363636364,156.80716637123322,88.37209842154132,72.29036570439774,0.590049,/home/aojwang/data/MergeDataset/cropped_images/459GrapesLettuce/red grapes_1.jpg
174WatermelonBanana.jpg,water melon,5080.079096045198,1.2804295942720765,187.83173668277774,103.31647156167772,96.49855867718595,0.3,/home/aojwang/data/MergeDataset/cropped_images/174WatermelonBanana/water melon_0.jpg
174WatermelonBanana.jpg,ripe banana,4923.4802259887,0.9377593360995851,211.22957900341498,208.94725838137555,179.58900162486688,0.7,/home/aojwang/data/MergeDataset/cropped_images/174WatermelonBanana/ripe banana_1.jpg
710WhiteRice1cupPigeonpeathirdcup.jpg,white rice boiled,6581.25,1.2422222222222221,207.15781664789418,189.67164336668213,117.14370282029196,4.32,/home/aojwang/data/MergeDataset/cropped_images/710WhiteRice1cupPigeonpeathirdcup/white rice boiled_0.jpg
710WhiteRice1cupPigeonpeathirdcup.jpg,mbaazi,8558.558139534884,1.5964653902798234,177.60162987951676,143.86006730649044,49.30446404795418,4.56,/home/aojwang/data/MergeDataset/cropped_images/710WhiteRice1cupPigeonpeathirdcup/mbaazi_1.jpg
1367BeefstewSpinachNjahi.JPG,black beans,615.0372825186413,1.4851485148514851,135.91010372465817,130.68427628477133,126.33035327002088,9.5,/home/aojwang/data/MergeDataset/cropped_images/1367BeefstewSpinachNjahi/black beans_0.jpg
1367BeefstewSpinachNjahi.JPG,beef stew,459.91714995857495,1.0708333333333333,149.3963021508863,136.6437171242254,118.22256358985445,17.7,/home/aojwang/data/MergeDataset/cropped_images/1367BeefstewSpinachNjahi/beef stew_1.jpg
1367BeefstewSpinachNjahi.JPG,spinach cooked,606.2502071251035,1.0570913461538463,116.70680764037697,132.26152930533084,116.08628974067433,2.91,/home/aojwang/data/MergeDataset/cropped_images/1367BeefstewSpinachNjahi/spinach cooked_2.jpg
799BrownRiceEggyolkBeans.jpg,brown rice boiled,1700.1135407905804,1.5691629955947137,167.13998075624494,138.35896578420775,70.05625508611456,16.0,/home/aojwang/data/MergeDataset/cropped_images/799BrownRiceEggyolkBeans/brown rice boiled_0.jpg
1098PlantainsFriedEggs.jpg,plantain,503.7696256038647,0.9141376757957069,186.0716296520496,113.12485578234147,31.292537841215236,0.65,/home/aojwang/data/MergeDataset/cropped_images/1098PlantainsFriedEggs/plantain_0.jpg
1098PlantainsFriedEggs.jpg,egg fry,317.24003623188406,1.217438105489774,198.36678154257308,132.91405245460402,51.29421080632988,5.0,/home/aojwang/data/MergeDataset/cropped_images/1098PlantainsFriedEggs/egg fry_1.jpg
355LettuceTomatoCarrots.jpg,carrot,1895.1548463356974,1.5748265609514371,191.1765457640206,110.53615447130639,63.31321380077727,1.05,/home/aojwang/data/MergeDataset/cropped_images/355LettuceTomatoCarrots/carrot_0.jpg
355LettuceTomatoCarrots.jpg,tomato,1757.3687943262412,1.2605893186003683,164.99375476716077,69.5172734329073,60.95472693837633,1.5,/home/aojwang/data/MergeDataset/cropped_images/355LettuceTomatoCarrots/tomato_1.jpg
355LettuceTomatoCarrots.jpg,lettuce,3469.981087470449,1.0756658595641646,196.72039348631492,192.61821928298232,153.48476224994926,1.8,/home/aojwang/data/MergeDataset/cropped_images/355LettuceTomatoCarrots/lettuce_2.jpg
1283BeefstewBrownRiceSpinach.JPG,spinach cooked,417.4468085106383,1.3357843137254901,96.435941716136,92.36610651396134,52.05668535507985,4.38,/home/aojwang/data/MergeDataset/cropped_images/1283BeefstewBrownRiceSpinach/spinach cooked_0.jpg
1283BeefstewBrownRiceSpinach.JPG,brown rice boiled,441.7430120984564,0.8746786632390745,192.64648375891764,155.38655466549812,91.20621273107442,12.0,/home/aojwang/data/MergeDataset/cropped_images/1283BeefstewBrownRiceSpinach/brown rice boiled_1.jpg
1569BrownUgaliDrumstickSpinach.JPG,brown ugali,272.4262896611267,1.064279155188246,157.90760851910747,124.6998853544465,67.3078292533936,1.43,/home/aojwang/data/MergeDataset/cropped_images/1569BrownUgaliDrumstickSpinach/brown ugali_0.jpg
1569BrownUgaliDrumstickSpinach.JPG,spinach cooked,564.5579538096266,1.4079236977256053,120.84453950665947,117.85993025684003,45.768452479491295,2.91,/home/aojwang/data/MergeDataset/cropped_images/1569BrownUgaliDrumstickSpinach/spinach cooked_1.jpg
1569BrownUgaliDrumstickSpinach.JPG,chicken drumstick,713.4513274336283,1.710791366906475,134.3496750791125,105.71926290758815,35.73314193052623,52.39,/home/aojwang/data/MergeDataset/cropped_images/1569BrownUgaliDrumstickSpinach/chicken drumstick_2.jpg
3Beetroot.jpg,beetroot,186.20512122037593,0.8969072164948454,92.68413553182681,71.27629509669246,82.58881237757092,29.0,/home/aojwang/data/MergeDataset/cropped_images/3Beetroot/beetroot_0.jpg
3Beetroot.jpg,beetroot,184.03268864069736,1.0246305418719213,107.33410205096628,82.70070783203865,90.6329664408867,29.0,/home/aojwang/data/MergeDataset/cropped_images/3Beetroot/beetroot_1.jpg
3Raspberry.jpg,raspberry,1006.7951591214702,1.256544502617801,175.91119555151903,100.30480197314527,125.06951730954162,10.0,/home/aojwang/data/MergeDataset/cropped_images/3Raspberry/raspberry_0.jpg
1674WholeFishKachumbarithirdCupChips.JPG,kachumbari,1855.0587606837607,1.2158995815899583,157.16360379765425,120.09371981789228,41.45651962322939,0.92,/home/aojwang/data/MergeDataset/cropped_images/1674WholeFishKachumbarithirdCupChips/kachumbari_0.jpg
1674WholeFishKachumbarithirdCupChips.JPG,fish fry,4661.525641025641,2.7137223974763405,157.43902967279888,146.20719208065296,94.66948547713278,126.43,/home/aojwang/data/MergeDataset/cropped_images/1674WholeFishKachumbarithirdCupChips/fish fry_1.jpg
1674WholeFishKachumbarithirdCupChips.JPG,potato chips,1694.2916666666667,1.3130118289353958,209.9521066527436,202.15012261509077,76.59455234614471,2.4,/home/aojwang/data/MergeDataset/cropped_images/1674WholeFishKachumbarithirdCupChips/potato chips_2.jpg
497PineappleRedCabbage.jpg,pineapple,665.3299610894942,1.8906414300736067,152.3940392935719,85.04984332398774,47.293297611904336,0.48017,/home/aojwang/data/MergeDataset/cropped_images/497PineappleRedCabbage/pineapple_0.jpg
497PineappleRedCabbage.jpg,red cabbage,1248.6396887159533,1.6801736613603473,106.22034157638943,32.573634685403945,70.16131111086182,2.6,/home/aojwang/data/MergeDataset/cropped_images/497PineappleRedCabbage/red cabbage_1.jpg
1143MincedMeatBrownChapatihalfKales.JPG,sukumawiki,182.54359697023077,1.1151452282157677,118.95614879861044,106.74238058477275,41.964180256682425,1.0,/home/aojwang/data/MergeDataset/cropped_images/1143MincedMeatBrownChapatihalfKales/sukumawiki_0.jpg
1143MincedMeatBrownChapatihalfKales.JPG,mincemeat,227.9143914039105,1.2861415752741774,184.43912294125377,125.6043829751057,57.41871671806287,27.7,/home/aojwang/data/MergeDataset/cropped_images/1143MincedMeatBrownChapatihalfKales/mincemeat_1.jpg
1260MincedMeatGreenBeansCabbage.JPG,green cabbage cooked,419.6524933214604,1.2240128928283642,205.6831406004735,194.11751231645994,111.09829084086131,1.8,/home/aojwang/data/MergeDataset/cropped_images/1260MincedMeatGreenBeansCabbage/green cabbage cooked_0.jpg
1260MincedMeatGreenBeansCabbage.JPG,mincemeat,386.3748886910062,1.022256331542594,175.6163248820578,138.27219064805405,54.97886950649806,41.55,/home/aojwang/data/MergeDataset/cropped_images/1260MincedMeatGreenBeansCabbage/mincemeat_1.jpg
1198MincedMeatSpaghettiCabbage.JPG,green cabbage cooked,574.7481279782165,1.478227654698243,176.13220933193574,160.44995785488263,69.29767204979244,2.4,/home/aojwang/data/MergeDataset/cropped_images/1198MincedMeatSpaghettiCabbage/green cabbage cooked_0.jpg
1198MincedMeatSpaghettiCabbage.JPG,spaghetti,640.6326299069661,0.9666471620830895,203.03851210724594,176.4455389994857,100.64228263133361,13.2,/home/aojwang/data/MergeDataset/cropped_images/1198MincedMeatSpaghettiCabbage/spaghetti_1.jpg
761BrownRiceCowpeas.jpg,brown rice boiled,3079.2942583732056,1.5960629921259843,186.96204390336754,159.0630756441582,74.87564610047819,24.0,/home/aojwang/data/MergeDataset/cropped_images/761BrownRiceCowpeas/brown rice boiled_0.jpg
761BrownRiceCowpeas.jpg,cowpeas,3601.3026315789475,2.0942452043369473,130.65226132622797,95.7631176783786,37.23479907755335,19.0,/home/aojwang/data/MergeDataset/cropped_images/761BrownRiceCowpeas/cowpeas_1.jpg
41Pineapple.jpg,pineapple,12886.791666666666,1.3367983367983367,207.88652969125363,188.3148944494201,100.89791408677489,0.768275,/home/aojwang/data/MergeDataset/cropped_images/41Pineapple/pineapple_0.jpg
1258MincedMeatGreenBeansCabbage.JPG,green cabbage cooked,349.7328705776982,1.1789748045178106,203.34062015216014,193.3665954503053,108.20475674928149,1.2,/home/aojwang/data/MergeDataset/cropped_images/1258MincedMeatGreenBeansCabbage/green cabbage cooked_0.jpg
1258MincedMeatGreenBeansCabbage.JPG,mincemeat,338.9758172861621,1.1527050610820244,175.4852331712318,139.39882724098433,49.14567273457492,27.7,/home/aojwang/data/MergeDataset/cropped_images/1258MincedMeatGreenBeansCabbage/mincemeat_1.jpg
1686BeefSausageChips.JPG,potato chips,943.6796875,1.0850228907782864,210.1101225217426,163.15549999586062,58.92237832288829,7.2,/home/aojwang/data/MergeDataset/cropped_images/1686BeefSausageChips/potato chips_0.jpg
1686BeefSausageChips.JPG,sausage,540.65625,0.8417047184170472,185.325279848949,103.37633731603734,42.81167273568002,10.4,/home/aojwang/data/MergeDataset/cropped_images/1686BeefSausageChips/sausage_1.jpg
1172PlantainsChickendrumstick.jpg,plantain,491.49219280380174,2.0712890625,168.41740426832862,122.04831751311292,18.409401612594294,3.25,/home/aojwang/data/MergeDataset/cropped_images/1172PlantainsChickendrumstick/plantain_0.jpg
1172PlantainsChickendrumstick.jpg,plantain,100.60737723466848,2.038543897216274,145.44359221204542,91.15764849837151,5.091975869576953,3.25,/home/aojwang/data/MergeDataset/cropped_images/1172PlantainsChickendrumstick/plantain_1.jpg
1172PlantainsChickendrumstick.jpg,plantain,134.67073998642226,2.6046025104602513,146.44250138629832,88.85934869183848,4.5696644317857205,3.25,/home/aojwang/data/MergeDataset/cropped_images/1172PlantainsChickendrumstick/plantain_2.jpg
1172PlantainsChickendrumstick.jpg,plantain,84.66168816474315,1.6936170212765957,147.02854164439216,97.62783064257458,3.8169544531166473,3.25,/home/aojwang/data/MergeDataset/cropped_images/1172PlantainsChickendrumstick/plantain_3.jpg
1172PlantainsChickendrumstick.jpg,plantain,65.34147997284454,1.6061320754716981,140.749975757072,94.29764081677888,4.671688416036351,3.25,/home/aojwang/data/MergeDataset/cropped_images/1172PlantainsChickendrumstick/plantain_4.jpg
1172PlantainsChickendrumstick.jpg,plantain,114.96447159990949,2.1867219917012446,157.436111789114,96.4618662750872,3.8700799955907943,3.25,/home/aojwang/data/MergeDataset/cropped_images/1172PlantainsChickendrumstick/plantain_5.jpg
1172PlantainsChickendrumstick.jpg,plantain,149.74609640190087,2.778688524590164,157.0686566081532,92.25501414478457,4.493214734755066,3.25,/home/aojwang/data/MergeDataset/cropped_images/1172PlantainsChickendrumstick/plantain_6.jpg
1340WhiteChapatiChickenWetfrySpinach.JPG,spinach cooked,1926.2278481012659,1.3046296296296296,96.44018281944116,90.48853468443603,20.392547249165418,1.1,/home/aojwang/data/MergeDataset/cropped_images/1340WhiteChapatiChickenWetfrySpinach/spinach cooked_0.jpg
1340WhiteChapatiChickenWetfrySpinach.JPG,chicken wing,1645.746835443038,1.5032258064516129,156.02313520082453,122.42003553463474,27.26704124171243,28.06,/home/aojwang/data/MergeDataset/cropped_images/1340WhiteChapatiChickenWetfrySpinach/chicken wing_1.jpg
772BrownRice1cupCowpeas1cup.jpg,brown rice boiled,444.7956730769231,1.3991304347826088,192.77809171237874,168.09857540465316,78.34887886075607,13.6,/home/aojwang/data/MergeDataset/cropped_images/772BrownRice1cupCowpeas1cup/brown rice boiled_0.jpg
772BrownRice1cupCowpeas1cup.jpg,cowpeas,756.8375,1.9582018927444795,136.1163298442024,101.00898824943368,42.04885302073024,20.9,/home/aojwang/data/MergeDataset/cropped_images/772BrownRice1cupCowpeas1cup/cowpeas_1.jpg
225Cucumber.jpg,cucumber,780.1140250855188,1.197380729653882,187.9690679080917,194.79273050163704,161.02273664055193,0.3,/home/aojwang/data/MergeDataset/cropped_images/225Cucumber/cucumber_0.jpg
274Carrotsgrated.jpg,carrot,3348.1012658227846,1.575299306868305,214.71822936357907,142.0004806553245,67.15702684310018,3.15,/home/aojwang/data/MergeDataset/cropped_images/274Carrotsgrated/carrot_0.jpg
1162MincedMeatWhiteChapatihalfCabbage.JPG,mincemeat,271.90410758661017,0.9710982658959537,170.34245544315993,110.41868054121937,44.32925988766171,27.7,/home/aojwang/data/MergeDataset/cropped_images/1162MincedMeatWhiteChapatihalfCabbage/mincemeat_0.jpg
1162MincedMeatWhiteChapatihalfCabbage.JPG,green cabbage cooked,145.41426692004092,1.0726895119418485,208.66599013449218,176.3950043175419,94.14813340450492,0.5,/home/aojwang/data/MergeDataset/cropped_images/1162MincedMeatWhiteChapatihalfCabbage/green cabbage cooked_1.jpg
2UgaliWFishSpinach.jpg,white ugali,116.35489667565139,1.150521609538003,215.0503907245392,201.15109688578642,158.4480417442067,48.0,/home/aojwang/data/MergeDataset/cropped_images/2UgaliWFishSpinach/white ugali_0.jpg
2UgaliWFishSpinach.jpg,spinach cooked,194.88319856244385,0.9819148936170212,113.67073949424864,106.43286692330744,61.054542311150044,2.0,/home/aojwang/data/MergeDataset/cropped_images/2UgaliWFishSpinach/spinach cooked_1.jpg
2UgaliWFishSpinach.jpg,fish fry,281.8867924528302,0.9294320137693631,168.39695368776694,132.07611079237586,70.11957273538599,0.0,/home/aojwang/data/MergeDataset/cropped_images/2UgaliWFishSpinach/fish fry_2.jpg
2Sageti.jpg,saget,1123.2874493927125,1.3732970027247957,121.7248761347308,138.30187924397734,133.2772329387906,3.0,/home/aojwang/data/MergeDataset/cropped_images/2Sageti/saget_0.jpg
1ButternutBeans.jpg,butternut beans,420.7295980511571,1.5006016847172081,207.33574875730633,157.56111080552412,128.97146653774112,17.0,/home/aojwang/data/MergeDataset/cropped_images/1ButternutBeans/butternut beans_0.jpg
1168MincedMeatWhiteChapatiCabbage.JPG,green cabbage cooked,345.45735749005746,1.2180052956751986,200.1445226857004,190.23002353633422,113.28546183660156,2.4,/home/aojwang/data/MergeDataset/cropped_images/1168MincedMeatWhiteChapatiCabbage/green cabbage cooked_0.jpg
1168MincedMeatWhiteChapatiCabbage.JPG,mincemeat,540.9425541316836,1.2912127814088599,164.76569718000937,115.95969784822648,54.51073272703657,55.4,/home/aojwang/data/MergeDataset/cropped_images/1168MincedMeatWhiteChapatiCabbage/mincemeat_1.jpg
240Zucchini.jpg,zucchini,7198.598445595855,1.353899308983218,150.79880114832372,156.68055094201915,123.69072833334353,3.6,/home/aojwang/data/MergeDataset/cropped_images/240Zucchini/zucchini_0.jpg
368LettuceCarrotsGrapes.jpg,red grapes,331.3863331844573,1.5229226361031518,128.08637768978429,70.62328464339721,48.970245588120335,0.590049,/home/aojwang/data/MergeDataset/cropped_images/368LettuceCarrotsGrapes/red grapes_0.jpg
368LettuceCarrotsGrapes.jpg,carrot,568.4189370254578,1.1033519553072626,188.69500192505637,106.8739213791261,49.858407781942184,0.35,/home/aojwang/data/MergeDataset/cropped_images/368LettuceCarrotsGrapes/carrot_1.jpg
368LettuceCarrotsGrapes.jpg,lettuce,695.9021884769986,1.231111111111111,188.20598219013237,175.25596598475732,128.88827597272362,0.6,/home/aojwang/data/MergeDataset/cropped_images/368LettuceCarrotsGrapes/lettuce_2.jpg
258Carrotsquotercupcut.jpg,carrot,758.0214521452145,0.9989572471324296,184.7441239025516,110.77487096205381,66.5441101878479,0.35,/home/aojwang/data/MergeDataset/cropped_images/258Carrotsquotercupcut/carrot_0.jpg
1010Kales.jpg,sukumawiki,6511.359154929577,1.193215972520395,107.11635648026332,121.56642029846927,39.305989641071456,8.4,/home/aojwang/data/MergeDataset/cropped_images/1010Kales/sukumawiki_0.jpg
434MangoCarrots.jpg,mango,320.33929601846506,1.1849173553719008,193.44050055120437,125.64116595934777,20.96304318848307,1.64,/home/aojwang/data/MergeDataset/cropped_images/434MangoCarrots/mango_0.jpg
434MangoCarrots.jpg,carrot,1084.3710328909406,1.1677814938684503,187.76171805780606,99.30748317781627,32.18475746521819,1.4,/home/aojwang/data/MergeDataset/cropped_images/434MangoCarrots/carrot_1.jpg
434MangoCarrots.jpg,mango,387.90882862088864,1.8874407582938388,186.4841858486328,111.52221582575426,41.87093712718261,1.64,/home/aojwang/data/MergeDataset/cropped_images/434MangoCarrots/mango_2.jpg
503PineappleCarrotsRedCabbage.jpg,pineapple,978.5677655677656,1.0861466821885915,197.85177934411135,135.31969425301986,86.04500983845469,0.2400861,/home/aojwang/data/MergeDataset/cropped_images/503PineappleCarrotsRedCabbage/pineapple_0.jpg
503PineappleCarrotsRedCabbage.jpg,red cabbage,2611.135531135531,1.3577689243027888,126.29919944634607,43.384155864803695,72.9184707180667,0.65,/home/aojwang/data/MergeDataset/cropped_images/503PineappleCarrotsRedCabbage/red cabbage_1.jpg
503PineappleCarrotsRedCabbage.jpg,carrot,3226.866910866911,1.2978276103714086,197.3257369823869,101.99835629127246,44.848234678016226,1.4,/home/aojwang/data/MergeDataset/cropped_images/503PineappleCarrotsRedCabbage/carrot_2.jpg
19Pawpaw.jpg,pawpaw,19935.22131147541,2.1821835231078364,161.67741767700878,139.86260251955412,105.04969291932024,0.51798,/home/aojwang/data/MergeDataset/cropped_images/19Pawpaw/pawpaw_0.jpg
696WhiteRicePigeonpea.jpg,white rice boiled,6835.638554216867,1.4598278335724533,186.54544961029896,168.1231367143849,104.27573242996486,4.8,/home/aojwang/data/MergeDataset/cropped_images/696WhiteRicePigeonpea/white rice boiled_0.jpg
696WhiteRicePigeonpea.jpg,mbaazi,3731.24578313253,1.4511132623426912,155.2423409733627,122.22640198338098,47.1458339118625,2.85,/home/aojwang/data/MergeDataset/cropped_images/696WhiteRicePigeonpea/mbaazi_1.jpg
1Sageti.jpg,saget,1145.702783300199,1.2224510813594234,128.40297871638944,143.9757977124305,139.77315441831652,2.0,/home/aojwang/data/MergeDataset/cropped_images/1Sageti/saget_0.jpg
3Terere.jpg,terere,931.3185813882994,1.3280736357659435,116.61753243371675,135.70036778825812,119.30701694429798,4.0,/home/aojwang/data/MergeDataset/cropped_images/3Terere/terere_0.jpg
1163ChickendrumstickWhiterice.jpg,chicken drumstick,756.3289388372596,1.7702702702702702,138.7113612841024,105.77351527374788,69.71253572618525,59.89,/home/aojwang/data/MergeDataset/cropped_images/1163ChickendrumstickWhiterice/chicken drumstick_0.jpg
2GreenGrape.jpg,green grapes,219.0185604345858,1.3523166023166022,169.17629644021508,173.8978329047922,115.01541163371998,36.0,/home/aojwang/data/MergeDataset/cropped_images/2GreenGrape/green grapes_0.jpg
313CabbageCucumber.jpg,cucumber,1011.2915335463259,0.9256348246674728,145.07499346437234,147.28231423613715,116.43975809884712,1.5,/home/aojwang/data/MergeDataset/cropped_images/313CabbageCucumber/cucumber_0.jpg
313CabbageCucumber.jpg,green cabbage,1153.4456869009584,1.010053222945003,196.50946982024965,194.02472761845672,172.934470201106,2.75,/home/aojwang/data/MergeDataset/cropped_images/313CabbageCucumber/green cabbage_1.jpg
2Pawpaw.jpg,pawpaw,271.4131113423517,2.9403553299492384,214.51859846335518,152.7168456936043,115.7502683760946,15.0,/home/aojwang/data/MergeDataset/cropped_images/2Pawpaw/pawpaw_0.jpg
3ChickenMakhni.jpg,chicken makhni,282.22028985507245,1.0575868372943327,224.1032835660529,164.55072691620356,74.92031257159742,58.0,/home/aojwang/data/MergeDataset/cropped_images/3ChickenMakhni/chicken makhni_0.jpg
763BrownRicequotercupCowpeasquotercup.jpg,brown rice boiled,417.8987200890373,1.2093908629441625,174.68536707485313,148.25864089357145,65.25130498932039,3.2,/home/aojwang/data/MergeDataset/cropped_images/763BrownRicequotercupCowpeasquotercup/brown rice boiled_0.jpg
763BrownRicequotercupCowpeasquotercup.jpg,cowpeas,752.8425153032832,2.151324085750315,131.39138253977876,104.50547655408033,58.608475538452666,4.75,/home/aojwang/data/MergeDataset/cropped_images/763BrownRicequotercupCowpeasquotercup/cowpeas_1.jpg
1243MincedMeatButterBeansSpinach.JPG,mincemeat,583.2182741116751,1.398860398860399,153.42988138342008,114.35656706761594,49.07739416331575,83.1,/home/aojwang/data/MergeDataset/cropped_images/1243MincedMeatButterBeansSpinach/mincemeat_0.jpg
992Spinach(2).jpg,spinach cooked,1589.5248784137673,1.202127659574468,107.99337742421389,115.13403666917718,66.64004848427791,3.29,/home/aojwang/data/MergeDataset/cropped_images/992Spinach(2)/spinach cooked_0.jpg
1719GitheriWhiteChapatihalf.JPG,githeri,643.4747015349631,0.8694127957931639,173.75838345678665,131.11220615051877,19.631834695089196,6.7,/home/aojwang/data/MergeDataset/cropped_images/1719GitheriWhiteChapatihalf/githeri_0.jpg
1719GitheriWhiteChapatihalf.JPG,white chapati,2115.2939169982947,0.7960222016651248,192.53857636068784,177.16266036193272,73.78809783482163,6.16,/home/aojwang/data/MergeDataset/cropped_images/1719GitheriWhiteChapatihalf/white chapati_1.jpg
819WhiteChapati3EggyolkBeans.jpg,white chapati,772.5857988165681,0.7998192498870311,194.6140484706447,145.8148176798119,85.42101756186479,33.54,/home/aojwang/data/MergeDataset/cropped_images/819WhiteChapati3EggyolkBeans/white chapati_0.jpg
1245MincedMeatRoscocoBeansCabbage.JPG,green cabbage cooked,245.5988103106411,1.3373493975903614,194.21781385089162,139.45517697324925,97.96140559557865,0.5,/home/aojwang/data/MergeDataset/cropped_images/1245MincedMeatRoscocoBeansCabbage/green cabbage cooked_0.jpg
1245MincedMeatRoscocoBeansCabbage.JPG,mincemeat,304.89314827054415,1.1563071297989032,169.6020369821737,98.26904278457414,55.65311400307824,27.7,/home/aojwang/data/MergeDataset/cropped_images/1245MincedMeatRoscocoBeansCabbage/mincemeat_1.jpg
1245MincedMeatRoscocoBeansCabbage.JPG,rosecoco,245.20621282220753,1.2152560083594566,152.63098353895046,74.43965404931397,61.31432239793494,4.335,/home/aojwang/data/MergeDataset/cropped_images/1245MincedMeatRoscocoBeansCabbage/rosecoco_2.jpg
931Plantain.jpg,plantain,1481.2758750470455,1.3418662262592898,179.60677634504225,140.47101352982278,65.6721820491647,3.9,/home/aojwang/data/MergeDataset/cropped_images/931Plantain/plantain_0.jpg
463GrapesLettuce.jpg,lettuce,8625.904296875,1.7713742875237493,200.06374512817158,188.24302954649457,149.59293353074622,1.8,/home/aojwang/data/MergeDataset/cropped_images/463GrapesLettuce/lettuce_0.jpg
463GrapesLettuce.jpg,red grapes,4596.890625,1.7371134020618557,141.02563426025065,77.29599151600436,48.16033171199282,1.770147,/home/aojwang/data/MergeDataset/cropped_images/463GrapesLettuce/red grapes_1.jpg
673BrownChapati.jpg,brown chapati,1530.796691336526,1.3842058562555457,187.50826877573772,152.04356741860624,76.93512416672354,14.6,/home/aojwang/data/MergeDataset/cropped_images/673BrownChapati/brown chapati_0.jpg
591ButterBeans.jpg,butternut beans,819.235580670304,1.6239900559353635,195.48950566762687,99.7649749055554,73.08791011714864,9.24,/home/aojwang/data/MergeDataset/cropped_images/591ButterBeans/butternut beans_0.jpg
1139FriedEggs.jpg,egg fry,49230.07058823529,1.2690809968847352,194.86770281004723,174.30926136488554,89.01570214378778,21.7,/home/aojwang/data/MergeDataset/cropped_images/1139FriedEggs/egg fry_0.jpg
1440Githeri.JPG,githeri,1389.8756330894767,1.141400407885792,137.90414562421628,122.4395084802104,24.183583831786184,6.7,/home/aojwang/data/MergeDataset/cropped_images/1440Githeri/githeri_0.jpg
731WhiteRice1cupRoscocoBeanshalfcup.jpg,white rice boiled,760.360824742268,1.161038961038961,209.83607180788388,164.59748846728712,125.8406132271904,4.8,/home/aojwang/data/MergeDataset/cropped_images/731WhiteRice1cupRoscocoBeanshalfcup/white rice boiled_0.jpg
731WhiteRice1cupRoscocoBeanshalfcup.jpg,rosecoco,1377.899852724595,1.393939393939394,167.24473008591335,94.07940730701564,55.99843129961643,10.404,/home/aojwang/data/MergeDataset/cropped_images/731WhiteRice1cupRoscocoBeanshalfcup/rosecoco_1.jpg
542Lentilsquotercup.jpg,kamande,429.98740157480313,1.368020304568528,182.99809553109046,163.8719480100916,130.79002916348819,5.885,/home/aojwang/data/MergeDataset/cropped_images/542Lentilsquotercup/kamande_0.jpg
1076BeefChops.jpg,beef roast,1682.4416961130742,2.1303972366148534,113.46881425490044,99.84265394747804,33.33205147322901,54.17,/home/aojwang/data/MergeDataset/cropped_images/1076BeefChops/beef roast_0.jpg
1Peanut.jpg,peanut,417.4279334145351,1.3428571428571427,181.7634363525836,150.39960996960485,151.18161118541033,8.0,/home/aojwang/data/MergeDataset/cropped_images/1Peanut/peanut_0.jpg
806BrownRicethirdcupEggyolkBeansquotercup.jpg,brown rice boiled,285.76474576271187,1.3139653414882773,157.06599399450695,128.017580736871,51.841878547325486,6.4,/home/aojwang/data/MergeDataset/cropped_images/806BrownRicethirdcupEggyolkBeansquotercup/brown rice boiled_0.jpg
3Apple.jpg,apple,190.11543684925306,1.7644970414201184,169.28390937340018,132.56536219288114,98.65486885811913,27.0,/home/aojwang/data/MergeDataset/cropped_images/3Apple/apple_0.jpg
1RedGreenYellowCapsicum.jpg,red green yellow bell pepper,2267.314781021898,1.4027047332832456,198.93043637828438,164.90089928397728,138.67824933590936,5.0,/home/aojwang/data/MergeDataset/cropped_images/1RedGreenYellowCapsicum/red green yellow bell pepper_0.jpg
1RiceWBroccoliCarrot.jpg,carrot,448.02205558006176,1.0772399588053554,214.28473533622272,145.36717976185085,122.88390376363883,7.0,/home/aojwang/data/MergeDataset/cropped_images/1RiceWBroccoliCarrot/carrot_0.jpg
1RiceWBroccoliCarrot.jpg,broccoli,488.6281429201588,0.9392265193370166,140.95837576282815,157.31001065251147,131.03037951828983,4.0,/home/aojwang/data/MergeDataset/cropped_images/1RiceWBroccoliCarrot/broccoli_1.jpg
1RiceWBroccoliCarrot.jpg,white rice boiled,561.0498456109395,1.9627329192546583,199.9744862017454,190.30327069738186,189.31998427549337,42.0,/home/aojwang/data/MergeDataset/cropped_images/1RiceWBroccoliCarrot/white rice boiled_2.jpg
326TomatoOnions.jpg,tomato,2499.722304283604,0.9742033383915023,170.12380045759883,101.62537581722519,63.96910026047206,1.0,/home/aojwang/data/MergeDataset/cropped_images/326TomatoOnions/tomato_0.jpg
326TomatoOnions.jpg,onions,3464.874446085672,1.217579250720461,174.16149583070444,153.67812611905939,126.18249492693074,1.5,/home/aojwang/data/MergeDataset/cropped_images/326TomatoOnions/onions_1.jpg
912SweetPotatoroundcut.jpg,sweet potato,645.2320939334638,1.222898903775883,174.84616952409607,159.24416705892628,49.02261993439154,5.11,/home/aojwang/data/MergeDataset/cropped_images/912SweetPotatoroundcut/sweet potato_0.jpg
558Pigeonpeathirdcup.jpg,mbaazi,1366.3438256658596,1.254,174.74499025341132,150.71602161970583,111.05286975013291,4.275,/home/aojwang/data/MergeDataset/cropped_images/558Pigeonpeathirdcup/mbaazi_0.jpg
95Watermelon.jpg,water melon,4707.469026548672,1.7457729468599035,171.19882251598747,123.36180771743726,101.94300486099623,0.96,/home/aojwang/data/MergeDataset/cropped_images/95Watermelon/water melon_0.jpg
2Chia.jpg,chia seeds,430.13650436251055,1.4546341463414634,132.9887415550212,122.5157546907461,126.99423140468829,42.0,/home/aojwang/data/MergeDataset/cropped_images/2Chia/chia seeds_0.jpg
726WhiteRicethirdcupRoscocoBeanshalfcup.jpg,white rice boiled,358.30984251968505,1.0063091482649842,220.5467642815625,171.66608541633016,128.75529580587778,1.92,/home/aojwang/data/MergeDataset/cropped_images/726WhiteRicethirdcupRoscocoBeanshalfcup/white rice boiled_0.jpg
726WhiteRicethirdcupRoscocoBeanshalfcup.jpg,rosecoco,1094.5346456692914,1.7679425837320575,172.41665641530324,97.2276529269621,53.052960701668056,10.404,/home/aojwang/data/MergeDataset/cropped_images/726WhiteRicethirdcupRoscocoBeanshalfcup/rosecoco_1.jpg
1126MincedMeatBrownRiceKales.JPG,brown rice boiled,905.7097130242826,1.5559883154819865,182.7805454237466,155.87051548125518,74.80730721093674,12.0,/home/aojwang/data/MergeDataset/cropped_images/1126MincedMeatBrownRiceKales/brown rice boiled_0.jpg
1126MincedMeatBrownRiceKales.JPG,sukumawiki,982.0860927152318,0.9940209267563528,89.86660204322466,95.36511289434348,26.311597379097968,2.0,/home/aojwang/data/MergeDataset/cropped_images/1126MincedMeatBrownRiceKales/sukumawiki_1.jpg
1126MincedMeatBrownRiceKales.JPG,mincemeat,1236.7328918322296,0.9906914893617021,157.78030888547767,114.49390082821648,36.25277738112238,41.55,/home/aojwang/data/MergeDataset/cropped_images/1126MincedMeatBrownRiceKales/mincemeat_2.jpg
1TadhikadalNan.jpg,naan,209.12151616499443,1.86056338028169,232.97600409420946,211.95552131867663,160.0266123615272,13.0,/home/aojwang/data/MergeDataset/cropped_images/1TadhikadalNan/naan_0.jpg
1TadhikadalNan.jpg,tadhikaldal,181.55518394648828,1.1963636363636363,208.86126922722667,150.10476067667557,103.70590770931196,34.0,/home/aojwang/data/MergeDataset/cropped_images/1TadhikadalNan/tadhikaldal_1.jpg
827WhiteChapatiquoterEggyolkBeans.jpg,white chapati,448.2514543066241,1.131452167928424,219.73332923073832,167.01036533189995,91.62863561085965,3.12,/home/aojwang/data/MergeDataset/cropped_images/827WhiteChapatiquoterEggyolkBeans/white chapati_0.jpg
1UgaliWLambVeg.jpg,white ugali,141.36722408026756,1.2436974789915967,199.7238293966235,182.26617899412017,145.35244120170591,48.0,/home/aojwang/data/MergeDataset/cropped_images/1UgaliWLambVeg/white ugali_0.jpg
1UgaliWLambVeg.jpg,spinach cooked,181.52173913043478,1.1676646706586826,112.66940826040228,110.46138492246277,60.70957899585444,2.0,/home/aojwang/data/MergeDataset/cropped_images/1UgaliWLambVeg/spinach cooked_1.jpg
1UgaliWLambVeg.jpg,lamb stew,298.32173913043476,1.0459770114942528,167.4212865282035,108.8903968914171,60.734156817813215,3.0,/home/aojwang/data/MergeDataset/cropped_images/1UgaliWLambVeg/lamb stew_2.jpg
239Zucchini.jpg,zucchini,2911.8942255801403,1.3093596059113302,156.05496854926292,161.57679873381593,128.33043400905157,3.15,/home/aojwang/data/MergeDataset/cropped_images/239Zucchini/zucchini_0.jpg
3Mozzarella.jpg,mozzarella,196.51433536055603,1.2663934426229508,203.72591973638447,209.01119864891152,203.19660341544792,5.0,/home/aojwang/data/MergeDataset/cropped_images/3Mozzarella/mozzarella_0.jpg
403BananaCarrots.jpg,carrot,749.3403693931399,1.2326388888888888,193.46465884194052,95.47325391236306,22.435431533646323,1.05,/home/aojwang/data/MergeDataset/cropped_images/403BananaCarrots/carrot_0.jpg
1155BoiledEggs.jpg,boiled egg,435.9057159693577,1.1219211822660098,153.0633337478979,140.7463189371286,59.09319591419595,5.08,/home/aojwang/data/MergeDataset/cropped_images/1155BoiledEggs/boiled egg_0.jpg
1607BrownUgalihalfCupCabbage.JPG,brown ugali,699.7035040431267,0.9980392156862745,153.57532262413807,91.8345429330868,62.61523363765939,1.07,/home/aojwang/data/MergeDataset/cropped_images/1607BrownUgalihalfCupCabbage/brown ugali_0.jpg
1607BrownUgalihalfCupCabbage.JPG,green cabbage cooked,1941.25,1.1944623309723117,201.7335806013229,163.8291174546092,114.53520028186468,2.4,/home/aojwang/data/MergeDataset/cropped_images/1607BrownUgalihalfCupCabbage/green cabbage cooked_1.jpg
3Sesame.jpg,sesame seeds,1269.4774961200208,1.3977358490566039,214.14887077713027,204.5197281877827,170.96340437670648,5.0,/home/aojwang/data/MergeDataset/cropped_images/3Sesame/sesame seeds_0.jpg
1333ChickenWetfryBrownRiceCabbage.JPG,green cabbage cooked,359.3873407643312,1.522497704315886,215.72038456724277,185.6850443241495,107.42394057916593,1.2,/home/aojwang/data/MergeDataset/cropped_images/1333ChickenWetfryBrownRiceCabbage/green cabbage cooked_0.jpg
830WhiteChapatiquoterButterBeans.jpg,butternut beans,670.5263157894736,1.3270833333333334,187.55678309785452,110.46918498168498,42.815140960230245,2.31,/home/aojwang/data/MergeDataset/cropped_images/830WhiteChapatiquoterButterBeans/butternut beans_0.jpg
830WhiteChapatiquoterButterBeans.jpg,white chapati,1217.8876096491229,1.1480948957584471,205.67975495030896,140.05009077498383,65.78000897621214,3.12,/home/aojwang/data/MergeDataset/cropped_images/830WhiteChapatiquoterButterBeans/white chapati_1.jpg
43Pineapple.jpg,pineapple,25805.431034482757,1.328308996702779,195.3060130018073,171.91483231610562,74.02079621036737,1.920689,/home/aojwang/data/MergeDataset/cropped_images/43Pineapple/pineapple_0.jpg
713WhiteRiceRoscocoBeans.jpg,white rice boiled,432.2669390534559,1.389121338912134,225.95523752961637,173.39953432978777,121.30321889020517,1.2,/home/aojwang/data/MergeDataset/cropped_images/713WhiteRiceRoscocoBeans/white rice boiled_0.jpg
713WhiteRiceRoscocoBeans.jpg,rosecoco,693.3775961865849,1.4024896265560165,188.55683616096638,111.8209393798031,65.78932161359228,4.335,/home/aojwang/data/MergeDataset/cropped_images/713WhiteRiceRoscocoBeans/rosecoco_1.jpg
1695BeefSausageChipsKachumbarithirdCup.jpg,kachumbari,77.25460812228383,0.9944444444444445,142.0273936995655,55.248031114214776,32.192510474860335,0.92,/home/aojwang/data/MergeDataset/cropped_images/1695BeefSausageChipsKachumbarithirdCup/kachumbari_0.jpg
1695BeefSausageChipsKachumbarithirdCup.jpg,potato chips,147.43593586093212,1.0993657505285412,182.30436961294518,141.42651650674907,50.06482456496991,7.2,/home/aojwang/data/MergeDataset/cropped_images/1695BeefSausageChipsKachumbarithirdCup/potato chips_1.jpg
1EggFried.jpg,egg fry,148.74060660932548,1.5248756218905473,207.8281583517973,204.65743367177166,193.97080360838547,1.0,/home/aojwang/data/MergeDataset/cropped_images/1EggFried/egg fry_0.jpg
1152Boiledcorn.jpg,boiled yellow maize,1106.7934741606941,1.2542764678687008,191.6172356553155,171.1185265921398,117.52503834638755,11.53,/home/aojwang/data/MergeDataset/cropped_images/1152Boiledcorn/boiled yellow maize_0.jpg
1105ScrambledEggs.jpg,scrambled eggs,946.152098907418,1.3929733246584255,175.76824017379798,144.14086778048676,46.68068174808104,16.3,/home/aojwang/data/MergeDataset/cropped_images/1105ScrambledEggs/scrambled eggs_0.jpg
223Cucumber1cup(2).jpg,cucumber,3005.025556471558,1.3085680047932895,195.859323320977,202.96933057455826,167.29657792277624,0.96,/home/aojwang/data/MergeDataset/cropped_images/223Cucumber1cup(2)/cucumber_0.jpg
800BrownRiceEggyolkBeans.jpg,brown rice boiled,569.0210381888863,1.3473142016188373,177.2432323056959,149.37279957754782,71.49734420167108,24.0,/home/aojwang/data/MergeDataset/cropped_images/800BrownRiceEggyolkBeans/brown rice boiled_0.jpg
1Kiwi.jpg,kiwi,55.42839897389467,1.3377862595419847,159.91360488288268,152.09139615162636,101.38665592229204,6.0,/home/aojwang/data/MergeDataset/cropped_images/1Kiwi/kiwi_0.jpg
1318BeefstewPastaSpinach.JPG,spinach cooked,1488.421022400919,1.3164647184604419,94.80453788212358,84.75165213686658,34.86911448551155,3.29,/home/aojwang/data/MergeDataset/cropped_images/1318BeefstewPastaSpinach/spinach cooked_0.jpg
2RiceBLiverVeg.jpg,terere,86.1226309921962,0.9951845906902087,104.88239268886242,97.70081551286698,60.5172112048879,1.0,/home/aojwang/data/MergeDataset/cropped_images/2RiceBLiverVeg/terere_0.jpg
2RiceBLiverVeg.jpg,brown rice boiled,407.691861761427,1.839518555667001,210.94513967201496,191.7136070151567,162.29636838541796,74.0,/home/aojwang/data/MergeDataset/cropped_images/2RiceBLiverVeg/brown rice boiled_1.jpg
719WhiteRiceRoscocoBeans.jpg,white rice boiled,534.821272885789,1.1833333333333333,219.87174988588941,183.23089829486176,143.4803786841419,7.2,/home/aojwang/data/MergeDataset/cropped_images/719WhiteRiceRoscocoBeans/white rice boiled_0.jpg
719WhiteRiceRoscocoBeans.jpg,rosecoco,406.07170880557976,1.477292965271594,169.19958433907283,102.53688910215844,65.14331928652747,4.335,/home/aojwang/data/MergeDataset/cropped_images/719WhiteRiceRoscocoBeans/rosecoco_1.jpg
841WhiteChapatiquoterMonkeynutBeans.jpg,white chapati,3085.8552631578946,1.0307477288609364,202.9756088547774,175.70719918511412,71.76285304812328,3.12,/home/aojwang/data/MergeDataset/cropped_images/841WhiteChapatiquoterMonkeynutBeans/white chapati_0.jpg
841WhiteChapatiquoterMonkeynutBeans.jpg,monkeynut beans,1762.9736842105262,1.2607361963190185,140.2011992961122,103.94466503133826,30.565674357354084,3.9,/home/aojwang/data/MergeDataset/cropped_images/841WhiteChapatiquoterMonkeynutBeans/monkeynut beans_1.jpg
1Thabai.jpg,thabai,206.0339520144862,1.4130213631739572,104.05522024158718,117.84366703359561,107.72728757487803,10.0,/home/aojwang/data/MergeDataset/cropped_images/1Thabai/thabai_0.jpg
804BrownRicequotercupEggyolkBeansquotercup.jpg,brown rice boiled,203.1422431436758,1.2615558060879368,149.57537481625667,123.30371174133774,48.98536803576232,4.0,/home/aojwang/data/MergeDataset/cropped_images/804BrownRicequotercupEggyolkBeansquotercup/brown rice boiled_0.jpg
28Pawpaw.jpg,pawpaw,10143.769633507853,1.487101669195751,160.93012535312556,89.64320691351908,36.96977210712307,1.177245,/home/aojwang/data/MergeDataset/cropped_images/28Pawpaw/pawpaw_0.jpg
1555NjahiWhiteRiceSpinach.JPG,black beans,2190.4623032311515,1.4768310911808669,141.55691353037648,117.96018250394873,94.50998529438463,19.0,/home/aojwang/data/MergeDataset/cropped_images/1555NjahiWhiteRiceSpinach/black beans_0.jpg
1555NjahiWhiteRiceSpinach.JPG,spinach cooked,2257.456503728252,1.123956326268465,113.87111184512341,102.43784750894578,65.09825194972015,3.29,/home/aojwang/data/MergeDataset/cropped_images/1555NjahiWhiteRiceSpinach/spinach cooked_1.jpg
1555NjahiWhiteRiceSpinach.JPG,white rice boiled,3554.813587406794,0.9137055837563451,183.03866398176504,162.11820815445643,138.31144089720462,6.0,/home/aojwang/data/MergeDataset/cropped_images/1555NjahiWhiteRiceSpinach/white rice boiled_2.jpg
395BananaCabbage.jpg,green cabbage,1829.583036350677,1.3016112789526686,210.26038887298128,168.98450507517808,112.15489607133883,2.75,/home/aojwang/data/MergeDataset/cropped_images/395BananaCabbage/green cabbage_0.jpg
1465MokimoChickenthighCabbage.JPG,green cabbage cooked,1022.0277090549233,1.2989690721649485,177.8090474157088,145.9546631886045,37.4532611190026,1.65,/home/aojwang/data/MergeDataset/cropped_images/1465MokimoChickenthighCabbage/green cabbage cooked_0.jpg
1465MokimoChickenthighCabbage.JPG,mukimo,579.3146956952004,1.5222348916761688,138.56791240140245,141.19547230727838,74.16720262727463,10.0,/home/aojwang/data/MergeDataset/cropped_images/1465MokimoChickenthighCabbage/mukimo_1.jpg
1465MokimoChickenthighCabbage.JPG,chicken thigh,444.72142503711035,0.9396728016359919,146.20161173677266,114.52542552031527,37.08458335836721,49.44,/home/aojwang/data/MergeDataset/cropped_images/1465MokimoChickenthighCabbage/chicken thigh_2.jpg
1465MokimoChickenthighCabbage.JPG,chicken thigh,520.8446313706086,1.013738959764475,154.781055397591,123.77073265268704,32.56652546438577,49.44,/home/aojwang/data/MergeDataset/cropped_images/1465MokimoChickenthighCabbage/chicken thigh_3.jpg
1465MokimoChickenthighCabbage.JPG,chicken thigh,541.7446808510638,1.4202733485193622,143.93323383866152,116.59765395947997,27.242990466413243,49.44,/home/aojwang/data/MergeDataset/cropped_images/1465MokimoChickenthighCabbage/chicken thigh_4.jpg
49Apple.jpg,apple,10634.422535211268,1.1784452296819787,172.30610798840863,132.141198393736,88.25346867202441,0.15,/home/aojwang/data/MergeDataset/cropped_images/49Apple/apple_0.jpg
1336ChickenWetfryBrownRiceCabbage.JPG,chicken wing,738.6017282010997,1.3341274568195354,171.5271810920616,110.33005402875861,40.54650780651748,119.96,/home/aojwang/data/MergeDataset/cropped_images/1336ChickenWetfryBrownRiceCabbage/chicken wing_0.jpg
1336ChickenWetfryBrownRiceCabbage.JPG,green cabbage cooked,378.3057737627651,1.5662759242560866,214.3256783744036,184.95738223868875,111.7208888598181,1.8,/home/aojwang/data/MergeDataset/cropped_images/1336ChickenWetfryBrownRiceCabbage/green cabbage cooked_1.jpg
1563BrownUgaliDrumstickSpinach.JPG,brown ugali,294.87724784988274,1.0725126475548061,139.61005957873303,109.79618279826487,43.727202583601134,1.43,/home/aojwang/data/MergeDataset/cropped_images/1563BrownUgaliDrumstickSpinach/brown ugali_0.jpg
1563BrownUgaliDrumstickSpinach.JPG,chicken drumstick,523.3565285379202,1.172733289212442,122.63346669196397,104.27486692770697,24.86739007997036,25.08,/home/aojwang/data/MergeDataset/cropped_images/1563BrownUgaliDrumstickSpinach/chicken drumstick_1.jpg
1563BrownUgaliDrumstickSpinach.JPG,spinach cooked,459.88428459734166,1.1867897727272727,106.53643325648768,110.27324921114194,25.640841765953976,1.1,/home/aojwang/data/MergeDataset/cropped_images/1563BrownUgaliDrumstickSpinach/spinach cooked_2.jpg
1729GitheriWhiteChapati.JPG,githeri,1727.434133679429,0.9342417061611374,158.43758245754282,115.9241304204095,28.21925855079084,20.1,/home/aojwang/data/MergeDataset/cropped_images/1729GitheriWhiteChapati/githeri_0.jpg
1729GitheriWhiteChapati.JPG,white chapati,1815.8442569759895,1.5106539309331375,186.02812792150428,172.10006161068338,93.09347455664609,12.75,/home/aojwang/data/MergeDataset/cropped_images/1729GitheriWhiteChapati/white chapati_1.jpg
2PotatoChicken.jpg,chicken,219.64035674470458,1.8037889039242219,186.87580589328658,152.37825593069445,73.18637643172633,0.0,/home/aojwang/data/MergeDataset/cropped_images/2PotatoChicken/chicken_0.jpg
2PotatoChicken.jpg,potato chips,180.8588628762542,1.3540051679586564,206.67689902755586,188.32326986803952,100.48723667080893,8.0,/home/aojwang/data/MergeDataset/cropped_images/2PotatoChicken/potato chips_1.jpg
2Macadamia.jpg,macadamia,1089.6986089644513,1.329126213592233,200.26964831533186,171.5980582524272,109.49814760969313,2.0,/home/aojwang/data/MergeDataset/cropped_images/2Macadamia/macadamia_0.jpg
1765BrownChapatiquoterWhiteRiceSpinach.JPG,brown chapati,533.4943820224719,1.098639455782313,166.51904593416313,116.49011688886081,81.67976327373054,6.94,/home/aojwang/data/MergeDataset/cropped_images/1765BrownChapatiquoterWhiteRiceSpinach/brown chapati_0.jpg
1765BrownChapatiquoterWhiteRiceSpinach.JPG,white rice boiled,273.7314606741573,1.364021164021164,217.88097003131915,189.78456126524395,165.88120153845523,1.2,/home/aojwang/data/MergeDataset/cropped_images/1765BrownChapatiquoterWhiteRiceSpinach/white rice boiled_1.jpg
1765BrownChapatiquoterWhiteRiceSpinach.JPG,spinach cooked,365.8640449438202,1.0142067876874508,84.93381344454716,76.58116080449851,26.233658355317104,1.1,/home/aojwang/data/MergeDataset/cropped_images/1765BrownChapatiquoterWhiteRiceSpinach/spinach cooked_2.jpg
1CabbagesproutTomato.jpg,cabbage sprout tomato,945.0215184734064,1.339908952959029,190.4218452750229,147.78303935232523,128.24991020747657,12.0,/home/aojwang/data/MergeDataset/cropped_images/1CabbagesproutTomato/cabbage sprout tomato_0.jpg
1165ChickendrumstickWhiterice.jpg,white rice boiled,1446.590108015918,1.2690677966101696,195.7303246308191,168.95881200305595,130.99582401931656,7.2,/home/aojwang/data/MergeDataset/cropped_images/1165ChickendrumstickWhiterice/white rice boiled_0.jpg
1142MincedMeatBrownChapatihalfKales.JPG,sukumawiki,242.08497279196317,1.1613226452905812,119.12005287537976,106.13352589562213,41.651517011590045,1.0,/home/aojwang/data/MergeDataset/cropped_images/1142MincedMeatBrownChapatihalfKales/sukumawiki_0.jpg
1142MincedMeatBrownChapatihalfKales.JPG,mincemeat,186.46860611134366,1.142695356738392,191.47667369663964,125.08591981341202,47.2288138351664,13.85,/home/aojwang/data/MergeDataset/cropped_images/1142MincedMeatBrownChapatihalfKales/mincemeat_1.jpg
884WhiteChapatiquoterGreengrams.jpg,white chapati,242.74456778460086,1.557006092254134,193.64291354039116,137.81474838255835,68.68637515500635,3.12,/home/aojwang/data/MergeDataset/cropped_images/884WhiteChapatiquoterGreengrams/white chapati_0.jpg
332OnionsCucumber.jpg,cucumber,665.0816326530612,1.1971830985915493,160.15497407100554,144.56046160769995,102.8789591579981,0.9,/home/aojwang/data/MergeDataset/cropped_images/332OnionsCucumber/cucumber_0.jpg
332OnionsCucumber.jpg,onions,774.8265306122449,1.032996632996633,175.8565941904925,140.60156936597613,144.30628668255787,2.25,/home/aojwang/data/MergeDataset/cropped_images/332OnionsCucumber/onions_1.jpg
359ZucchiniTomatoOnions.jpg,onions,694.394519131334,1.3510531594784354,172.6765038992255,112.76464955370939,123.38773335596991,0.75,/home/aojwang/data/MergeDataset/cropped_images/359ZucchiniTomatoOnions/onions_0.jpg
359ZucchiniTomatoOnions.jpg,zucchini,374.82316442606,1.2163212435233162,165.6868733687585,138.94497784546454,99.15745584267245,0.45,/home/aojwang/data/MergeDataset/cropped_images/359ZucchiniTomatoOnions/zucchini_1.jpg
359ZucchiniTomatoOnions.jpg,tomato,457.8474663908997,1.0042598509052183,169.96561062568537,66.0286331547855,58.472012260058705,0.5,/home/aojwang/data/MergeDataset/cropped_images/359ZucchiniTomatoOnions/tomato_2.jpg
3UgaliWOmenaVegies.jpg,sukumawiki,218.87759197324414,1.7830188679245282,115.77730816795122,116.26296112934541,77.54438067530097,4.0,/home/aojwang/data/MergeDataset/cropped_images/3UgaliWOmenaVegies/sukumawiki_0.jpg
3UgaliWOmenaVegies.jpg,white ugali,181.04347826086956,0.7492795389048992,212.6316621099042,200.54167590334737,164.778198970418,131.0,/home/aojwang/data/MergeDataset/cropped_images/3UgaliWOmenaVegies/white ugali_1.jpg
3UgaliWOmenaVegies.jpg,white ugali,59.06086956521739,1.2094017094017093,223.29174217027574,205.18975189514057,180.8696430189363,131.0,/home/aojwang/data/MergeDataset/cropped_images/3UgaliWOmenaVegies/white ugali_2.jpg
3UgaliWOmenaVegies.jpg,omena,267.39933110367895,1.510662177328844,163.8063272647225,124.14361962034077,89.6167719793277,0.0,/home/aojwang/data/MergeDataset/cropped_images/3UgaliWOmenaVegies/omena_3.jpg
1000Spinachquotercup.jpg,spinach cooked,323.53886961844523,1.0723684210526316,117.66475432374072,123.73817088613981,89.31758115212303,0.66,/home/aojwang/data/MergeDataset/cropped_images/1000Spinachquotercup/spinach cooked_0.jpg
1727GitheriWhiteChapatihalf.JPG,githeri,1229.0004875670404,0.9371951219512196,133.39942991573702,94.9093141533237,22.21066140882619,16.75,/home/aojwang/data/MergeDataset/cropped_images/1727GitheriWhiteChapatihalf/githeri_0.jpg
1727GitheriWhiteChapatihalf.JPG,white chapati,1185.2793759141882,0.8864734299516909,144.4046551883005,133.2303287360634,40.23912920072661,6.16,/home/aojwang/data/MergeDataset/cropped_images/1727GitheriWhiteChapatihalf/white chapati_1.jpg
261Carrots.jpg,carrot,1716.413506012951,1.3054567022538552,198.51665181846062,128.8650683421695,61.477067201741036,1.75,/home/aojwang/data/MergeDataset/cropped_images/261Carrots/carrot_0.jpg
1562BrownUgaliDrumstickSpinach.JPG,brown ugali,462.10054806070826,1.046993780234969,154.55556939246102,124.77196521310735,80.14305368339184,2.9,/home/aojwang/data/MergeDataset/cropped_images/1562BrownUgaliDrumstickSpinach/brown ugali_0.jpg
1562BrownUgaliDrumstickSpinach.JPG,chicken drumstick,545.5944350758854,1.5315384615384615,115.70582660433489,95.14339643781632,24.41248193795155,25.08,/home/aojwang/data/MergeDataset/cropped_images/1562BrownUgaliDrumstickSpinach/chicken drumstick_1.jpg
1562BrownUgaliDrumstickSpinach.JPG,spinach cooked,491.9477234401349,1.1907142857142856,108.96361127774445,111.82482732025024,27.68092595766561,1.1,/home/aojwang/data/MergeDataset/cropped_images/1562BrownUgaliDrumstickSpinach/spinach cooked_2.jpg
1119Chickenwings.jpg,chicken wing,1455.5834254143647,1.5151079136690648,163.59054674588913,133.92036304479683,49.816778372174056,113.88,/home/aojwang/data/MergeDataset/cropped_images/1119Chickenwings/chicken wing_0.jpg
1132MincedMeatBrownRiceKales.JPG,brown rice boiled,393.07133507853405,1.8646998982706002,182.446305691019,155.32620561548507,98.15020764896309,24.0,/home/aojwang/data/MergeDataset/cropped_images/1132MincedMeatBrownRiceKales/brown rice boiled_0.jpg
1132MincedMeatBrownRiceKales.JPG,mincemeat,719.1900087260035,0.9643050297458086,143.13620374142303,104.73868975271834,37.889084669920564,110.8,/home/aojwang/data/MergeDataset/cropped_images/1132MincedMeatBrownRiceKales/mincemeat_1.jpg
1132MincedMeatBrownRiceKales.JPG,sukumawiki,590.8446771378708,0.8904816513761468,93.62547407503678,95.63203691287062,41.847215658358785,5.0,/home/aojwang/data/MergeDataset/cropped_images/1132MincedMeatBrownRiceKales/sukumawiki_2.jpg
340LettuceOnions.jpg,onions,591.041254834551,0.9598997493734336,144.90611501192785,108.24389738488955,118.69949969207906,0.75,/home/aojwang/data/MergeDataset/cropped_images/340LettuceOnions/onions_0.jpg
340LettuceOnions.jpg,lettuce,1143.8487322733133,1.0092364532019704,177.09710730140029,169.32995984575481,133.96449159495907,0.6,/home/aojwang/data/MergeDataset/cropped_images/340LettuceOnions/lettuce_1.jpg
1548NjahiWhiteRice.JPG,black beans,2100.24648229015,1.423165137614679,127.87473594282504,118.92652996067096,75.44735674840503,28.5,/home/aojwang/data/MergeDataset/cropped_images/1548NjahiWhiteRice/black beans_0.jpg
1548NjahiWhiteRice.JPG,white rice boiled,2945.4177583697233,1.3844317096466094,167.98344339005678,163.6936039598676,119.41791129108512,7.2,/home/aojwang/data/MergeDataset/cropped_images/1548NjahiWhiteRice/white rice boiled_1.jpg
1JuiceOrange.jpg,orange juice,627.4047217537943,0.9773095623987034,229.46371062031818,166.36948966673924,95.74312392655845,31.0,/home/aojwang/data/MergeDataset/cropped_images/1JuiceOrange/orange juice_0.jpg
195AvocadoPawpaw.jpg,pawpaw,1955.1301115241636,1.0581560283687943,190.45920987583898,102.54472173102884,63.068148327724224,0.706347,/home/aojwang/data/MergeDataset/cropped_images/195AvocadoPawpaw/pawpaw_0.jpg
195AvocadoPawpaw.jpg,avocado,2427.267657992565,1.0462025316455696,181.3032430486955,165.9757816627995,76.55596958349606,2.4,/home/aojwang/data/MergeDataset/cropped_images/195AvocadoPawpaw/avocado_1.jpg
2UgaliWMatumboPumpkin.jpg,pumpkin leaves,145.75652173913045,1.9567474048442905,116.14468624085615,118.21944018674719,65.87443362428448,7.0,/home/aojwang/data/MergeDataset/cropped_images/2UgaliWMatumboPumpkin/pumpkin leaves_0.jpg
2UgaliWMatumboPumpkin.jpg,white ugali,230.51839464882943,0.8168888888888889,185.7414900253899,177.0364637891428,134.5166562688913,90.0,/home/aojwang/data/MergeDataset/cropped_images/2UgaliWMatumboPumpkin/white ugali_1.jpg
2UgaliWMatumboPumpkin.jpg,matumbo fry,219.768115942029,1.2387892376681615,140.25902238094272,113.23438914027149,73.39660126209849,4.0,/home/aojwang/data/MergeDataset/cropped_images/2UgaliWMatumboPumpkin/matumbo fry_2.jpg
1300BeefSamosa.JPG,samosa,3179.4567627494457,1.51513353115727,173.29758764053693,153.01374446308003,93.55068907121546,25.192,/home/aojwang/data/MergeDataset/cropped_images/1300BeefSamosa/samosa_0.jpg
118Pineapplequotercup.jpg,pineapple,14949.72972972973,1.4350797266514805,172.80035162888237,167.62763676465272,117.69647196008243,0.3361206,/home/aojwang/data/MergeDataset/cropped_images/118Pineapplequotercup/pineapple_0.jpg
1094WhiteChapatiFriedEggs.jpg,egg fry,858.2347083926031,1.1286266924564796,193.51202723510332,161.2690510641613,82.16636666948432,14.7,/home/aojwang/data/MergeDataset/cropped_images/1094WhiteChapatiFriedEggs/egg fry_0.jpg
1094WhiteChapatiFriedEggs.jpg,white chapati,4005.972972972973,1.066579634464752,189.84227162214034,158.42925091586213,83.96687876105347,13.3,/home/aojwang/data/MergeDataset/cropped_images/1094WhiteChapatiFriedEggs/white chapati_1.jpg
1094WhiteChapatiFriedEggs.jpg,egg fry,2416.597439544808,0.9706039551042224,196.69570031338515,172.01098319586924,100.04022207728912,14.7,/home/aojwang/data/MergeDataset/cropped_images/1094WhiteChapatiFriedEggs/egg fry_2.jpg
88Grapes.jpg,red grapes,49689.276422764226,1.45007306380906,138.7243523614475,110.66072017305594,96.22580930174036,1.770147,/home/aojwang/data/MergeDataset/cropped_images/88Grapes/red grapes_0.jpg
1297BeefstewSpaghettiSpinach.JPG,spaghetti,541.7178587099605,1.1349152542372882,213.8575493590912,192.47101634165602,126.53524735232773,13.2,/home/aojwang/data/MergeDataset/cropped_images/1297BeefstewSpaghettiSpinach/spaghetti_0.jpg
1297BeefstewSpaghettiSpinach.JPG,spinach cooked,499.00833698990783,1.0699588477366255,105.496972494812,106.33101763919665,43.49358666596321,5.48,/home/aojwang/data/MergeDataset/cropped_images/1297BeefstewSpaghettiSpinach/spinach cooked_1.jpg
100BananaPawpaw.jpg,ripe banana,3966.6666666666665,1.286764705882353,165.73994397759103,158.55309264446518,122.05175173773213,0.7,/home/aojwang/data/MergeDataset/cropped_images/100BananaPawpaw/ripe banana_0.jpg
52Apple.jpg,apple,14206.366492146597,1.3512974051896207,161.0917037785581,127.43223726107608,90.70092919773451,0.6,/home/aojwang/data/MergeDataset/cropped_images/52Apple/apple_0.jpg
486RedCabbage.jpg,red cabbage,2652.6637998436277,1.2172808132147395,124.72029281790591,50.665750008031814,98.0194247628109,2.6,/home/aojwang/data/MergeDataset/cropped_images/486RedCabbage/red cabbage_0.jpg
1159MincedMeatKalesPasta.JPG,sukumawiki,348.0321809088932,0.9116981132075471,109.30834999375234,104.44194614519556,44.39667374734474,4.0,/home/aojwang/data/MergeDataset/cropped_images/1159MincedMeatKalesPasta/sukumawiki_0.jpg
2RiceWFrenchB.jpg,white rice boiled,395.98584298584296,0.9030662710187932,215.31498207559127,175.8627084545357,169.2975235173226,85.0,/home/aojwang/data/MergeDataset/cropped_images/2RiceWFrenchB/white rice boiled_0.jpg
2RiceWFrenchB.jpg,french beans,578.8657228657229,0.9246688741721855,145.85345903466595,117.58253466890382,86.20471328119905,7.0,/home/aojwang/data/MergeDataset/cropped_images/2RiceWFrenchB/french beans_1.jpg
1294BeefstewSpaghettiSpinach.JPG,spaghetti,308.8825466520307,1.121434392828036,216.83843120391955,198.33328298838157,124.61114033092625,8.8,/home/aojwang/data/MergeDataset/cropped_images/1294BeefstewSpaghettiSpinach/spaghetti_0.jpg
1294BeefstewSpaghettiSpinach.JPG,spinach cooked,352.1813025978778,1.0578206078576724,117.84239720772167,118.55978759734299,44.679749800391996,3.29,/home/aojwang/data/MergeDataset/cropped_images/1294BeefstewSpaghettiSpinach/spinach cooked_1.jpg
1767BrownChapatihalfWhiteRiceSpinach.JPG,brown chapati,1120.922033898305,1.3125,178.07661411567094,128.67640225272865,88.61540309257684,8.59,/home/aojwang/data/MergeDataset/cropped_images/1767BrownChapatihalfWhiteRiceSpinach/brown chapati_0.jpg
1767BrownChapatihalfWhiteRiceSpinach.JPG,white rice boiled,582.0571428571428,1.4017278617710582,222.97672195469355,199.90944034184508,176.39462272910308,1.2,/home/aojwang/data/MergeDataset/cropped_images/1767BrownChapatihalfWhiteRiceSpinach/white rice boiled_1.jpg
1767BrownChapatihalfWhiteRiceSpinach.JPG,spinach cooked,1047.2929782082324,1.0725352112676056,107.92477365836515,111.95107090342448,41.306325081150064,2.91,/home/aojwang/data/MergeDataset/cropped_images/1767BrownChapatihalfWhiteRiceSpinach/spinach cooked_2.jpg
716WhiteRiceRoscocoBeans.jpg,white rice boiled,1294.8948948948948,1.4204545454545454,213.60461410018553,167.13998051948053,120.64813172541744,4.8,/home/aojwang/data/MergeDataset/cropped_images/716WhiteRiceRoscocoBeans/white rice boiled_0.jpg
716WhiteRiceRoscocoBeans.jpg,rosecoco,1024.6054054054055,1.4707520891364902,168.91871183984694,95.35356876565093,49.86527472965495,4.335,/home/aojwang/data/MergeDataset/cropped_images/716WhiteRiceRoscocoBeans/rosecoco_1.jpg
24Pawpaw.jpg,pawpaw,4896.553846153846,1.3966745843230404,156.67280060612262,90.17887395126961,43.551192316462085,0.235449,/home/aojwang/data/MergeDataset/cropped_images/24Pawpaw/pawpaw_0.jpg
181MangoWatermelon.jpg,mango,20109.084507042255,1.2246234446627373,191.27919271298447,143.67740667976423,87.13332072604001,1.23,/home/aojwang/data/MergeDataset/cropped_images/181MangoWatermelon/mango_0.jpg
181MangoWatermelon.jpg,water melon,14989.464788732394,1.096913137114142,170.16024400236034,101.79815635770476,100.9410402799337,0.9,/home/aojwang/data/MergeDataset/cropped_images/181MangoWatermelon/water melon_1.jpg
1RiceDenguTerere.jpg,terere,165.50501672240802,1.6005873715124816,107.52369963221922,107.02385994692102,69.45346427945951,3.0,/home/aojwang/data/MergeDataset/cropped_images/1RiceDenguTerere/terere_0.jpg
1RiceDenguTerere.jpg,white rice boiled,342.74247491638795,1.8977777777777778,207.00907233931824,197.61838797814207,173.01183840749414,85.0,/home/aojwang/data/MergeDataset/cropped_images/1RiceDenguTerere/white rice boiled_1.jpg
1RiceDenguTerere.jpg,ndengu,160.6153846153846,1.5130434782608695,160.8002776389583,135.814527458493,75.87044394469432,9.0,/home/aojwang/data/MergeDataset/cropped_images/1RiceDenguTerere/ndengu_2.jpg
1471FriedGitheri.JPG,githeri,1142.1085972850678,1.1825396825396826,150.55906753405228,124.60559882799053,13.210734557287333,10.35,/home/aojwang/data/MergeDataset/cropped_images/1471FriedGitheri/githeri_0.jpg
743WhiteRicequotercupButterBeansquotercup.jpg,white rice boiled,512.1796815769522,1.1075544174135723,179.27285901430653,90.65229104527322,79.86517063495,1.2,/home/aojwang/data/MergeDataset/cropped_images/743WhiteRicequotercupButterBeansquotercup/white rice boiled_0.jpg
743WhiteRicequotercupButterBeansquotercup.jpg,butternut beans,1384.423805913571,1.3688311688311687,192.77342905881807,107.29663619113335,71.11321948134092,2.31,/home/aojwang/data/MergeDataset/cropped_images/743WhiteRicequotercupButterBeansquotercup/butternut beans_1.jpg
2SoyaBeans.jpg,soya beans,682.2679658952497,1.3712737127371273,194.08100148414746,151.9926899488582,132.21298349347128,10.0,/home/aojwang/data/MergeDataset/cropped_images/2SoyaBeans/soya beans_0.jpg
3Carrot.jpg,carrot,167.83043149129446,0.6196911196911197,181.5167911569781,138.66774167358278,110.48831775700934,10.0,/home/aojwang/data/MergeDataset/cropped_images/3Carrot/carrot_0.jpg
3Carrot.jpg,carrot,138.79989906636388,0.4472497745716862,192.29922518106983,134.13207190436023,84.18519117775386,10.0,/home/aojwang/data/MergeDataset/cropped_images/3Carrot/carrot_1.jpg
3Carrot.jpg,carrot,111.66792833711834,0.4295566502463054,179.66061598951507,125.70137388710626,82.08454151037195,10.0,/home/aojwang/data/MergeDataset/cropped_images/3Carrot/carrot_2.jpg
1577BrownUgaliDrumstickCabbage.JPG,brown ugali,545.9436008676789,1.04,123.73740146217419,117.6373625238398,121.92448823903369,1.43,/home/aojwang/data/MergeDataset/cropped_images/1577BrownUgaliDrumstickCabbage/brown ugali_0.jpg
1577BrownUgaliDrumstickCabbage.JPG,chicken drumstick,954.7075921908894,1.0959774170783345,118.45043013249563,125.50603085248075,129.8855135483443,25.08,/home/aojwang/data/MergeDataset/cropped_images/1577BrownUgaliDrumstickCabbage/chicken drumstick_1.jpg
1577BrownUgaliDrumstickCabbage.JPG,green cabbage cooked,660.587852494577,1.1218884120171675,165.53584101454368,179.40517911148618,159.55633219606543,0.55,/home/aojwang/data/MergeDataset/cropped_images/1577BrownUgaliDrumstickCabbage/green cabbage cooked_2.jpg
1468MokimoChickenthighCabbage.JPG,green cabbage cooked,1072.7052572706934,1.3297252289758534,158.19011187191637,127.85327140761952,46.91965420175318,2.2,/home/aojwang/data/MergeDataset/cropped_images/1468MokimoChickenthighCabbage/green cabbage cooked_0.jpg
1468MokimoChickenthighCabbage.JPG,chicken thigh,442.50782997762866,0.9943946188340808,123.17259897573824,93.96075222066622,36.00405078841867,61.68,/home/aojwang/data/MergeDataset/cropped_images/1468MokimoChickenthighCabbage/chicken thigh_1.jpg
1468MokimoChickenthighCabbage.JPG,chicken thigh,454.8322147651007,1.2395061728395063,128.46733682553736,100.7201650189366,31.456283507943535,61.68,/home/aojwang/data/MergeDataset/cropped_images/1468MokimoChickenthighCabbage/chicken thigh_2.jpg
1468MokimoChickenthighCabbage.JPG,mukimo,719.3847874720358,1.6572077185017027,122.31353847589135,123.91262186494177,75.95929516582962,15.0,/home/aojwang/data/MergeDataset/cropped_images/1468MokimoChickenthighCabbage/mukimo_3.jpg
1468MokimoChickenthighCabbage.JPG,chicken thigh,271.9586129753915,1.1231003039513678,137.40088059523467,106.02624511066051,45.00471762136461,61.68,/home/aojwang/data/MergeDataset/cropped_images/1468MokimoChickenthighCabbage/chicken thigh_4.jpg
1468MokimoChickenthighCabbage.JPG,chicken thigh,440.81208053691273,0.9231601731601732,124.61598737331445,96.59559715392072,33.66832620291002,61.68,/home/aojwang/data/MergeDataset/cropped_images/1468MokimoChickenthighCabbage/chicken thigh_5.jpg
1614SpaghettiNjahi.JPG,spaghetti,4187.833122629583,1.1408450704225352,205.28210069746325,160.0720991759887,118.91613022614425,4.4,/home/aojwang/data/MergeDataset/cropped_images/1614SpaghettiNjahi/spaghetti_0.jpg
1614SpaghettiNjahi.JPG,black beans,2899.504424778761,1.147100424328147,149.219640829681,98.57920835680538,64.89744705490455,9.5,/home/aojwang/data/MergeDataset/cropped_images/1614SpaghettiNjahi/black beans_1.jpg
1786FishwetfryWhiteUgali1CupSpinach.JPG,white ugali,590.1003206596426,1.0106288751107175,203.74042551209487,187.60936710374023,160.4339076020677,9.14,/home/aojwang/data/MergeDataset/cropped_images/1786FishwetfryWhiteUgali1CupSpinach/white ugali_0.jpg
1786FishwetfryWhiteUgali1CupSpinach.JPG,spinach cooked,1443.756298671553,0.8870026525198939,116.69402960922925,115.73091613468202,61.95518637442412,3.29,/home/aojwang/data/MergeDataset/cropped_images/1786FishwetfryWhiteUgali1CupSpinach/spinach cooked_1.jpg
1755WhiteRiceWhiteChapatiquoterBeefstew.jpg,white chapati,713.6951672862454,1.4876760563380282,183.57983217351446,145.6069172431036,100.52177837736478,2.89,/home/aojwang/data/MergeDataset/cropped_images/1755WhiteRiceWhiteChapatiquoterBeefstew/white chapati_0.jpg
1755WhiteRiceWhiteChapatiquoterBeefstew.jpg,beef stew,671.4171003717472,0.8403819918144612,132.02169965096294,80.58208294945165,45.770141608050885,44.25,/home/aojwang/data/MergeDataset/cropped_images/1755WhiteRiceWhiteChapatiquoterBeefstew/beef stew_1.jpg
1755WhiteRiceWhiteChapatiquoterBeefstew.jpg,white rice boiled,931.4736059479554,1.446808510638298,198.61878248639883,175.12220672843605,152.44502495146995,6.0,/home/aojwang/data/MergeDataset/cropped_images/1755WhiteRiceWhiteChapatiquoterBeefstew/white rice boiled_2.jpg
1580BrownUgaliDrumstickCabbage.JPG,brown ugali,195.71681415929203,1.0635964912280702,133.1052292457949,123.05531967806114,123.99598480737927,1.07,/home/aojwang/data/MergeDataset/cropped_images/1580BrownUgaliDrumstickCabbage/brown ugali_0.jpg
1580BrownUgaliDrumstickCabbage.JPG,green cabbage cooked,569.54203539823,0.9882280049566295,169.50223359087607,181.55709019434184,162.06458068701372,1.1,/home/aojwang/data/MergeDataset/cropped_images/1580BrownUgaliDrumstickCabbage/green cabbage cooked_1.jpg
1580BrownUgaliDrumstickCabbage.JPG,chicken drumstick,597.0059734513275,0.7910124526258798,124.91974702673777,119.50501636670006,119.6527042946977,52.39,/home/aojwang/data/MergeDataset/cropped_images/1580BrownUgaliDrumstickCabbage/chicken drumstick_2.jpg
1371BeefstewSpinachNjahi.JPG,beef stew,2643.3045977011493,1.1545924967658474,163.02905736680182,117.98024177329405,68.32402114791583,35.4,/home/aojwang/data/MergeDataset/cropped_images/1371BeefstewSpinachNjahi/beef stew_0.jpg
1371BeefstewSpinachNjahi.JPG,black beans,2909.6743295019155,1.1266747868453106,150.85959772196068,107.14190637653488,72.17140171840538,14.25,/home/aojwang/data/MergeDataset/cropped_images/1371BeefstewSpinachNjahi/black beans_2.jpg
452MangoCucumber.jpg,mango,539.0909090909091,1.0831050228310501,199.33103482793936,138.13307691715372,27.370137140305083,0.82,/home/aojwang/data/MergeDataset/cropped_images/452MangoCucumber/mango_0.jpg
452MangoCucumber.jpg,cucumber,1169.593192195932,1.2147078135259357,165.57087718052918,137.76930240812052,86.12592571560398,0.6,/home/aojwang/data/MergeDataset/cropped_images/452MangoCucumber/cucumber_1.jpg
831WhiteChapatihalfButterBeans.jpg,butternut beans,630.9210239651416,1.308182784272051,200.78447837523558,126.78769755113,54.25120967289409,2.31,/home/aojwang/data/MergeDataset/cropped_images/831WhiteChapatihalfButterBeans/butternut beans_0.jpg
3Zucchini.jpg,zucchini,141.52045354577,1.3772413793103448,168.6020365030304,175.44561980902387,154.84045136670522,8.0,/home/aojwang/data/MergeDataset/cropped_images/3Zucchini/zucchini_0.jpg
709WhiteRice1cupPigeonpeaquotercup.jpg,white rice boiled,2574.384303112314,1.3709677419354838,212.1613344757079,197.81947993923689,122.74216886468643,4.32,/home/aojwang/data/MergeDataset/cropped_images/709WhiteRice1cupPigeonpeaquotercup/white rice boiled_0.jpg
709WhiteRice1cupPigeonpeaquotercup.jpg,mbaazi,2411.768606224628,1.5892351274787535,180.02869779840285,146.2656554996165,60.10307036369359,2.85,/home/aojwang/data/MergeDataset/cropped_images/709WhiteRice1cupPigeonpeaquotercup/mbaazi_1.jpg
3Asparagus.jpg,asparagus,1244.53125,1.3182674199623352,168.8495100588886,180.2096374017278,157.8003751532,11.0,/home/aojwang/data/MergeDataset/cropped_images/3Asparagus/asparagus_0.jpg
90Grapes.jpg,red grapes,12344.589473684211,1.5464409722222223,139.12176677932143,96.6465651994262,78.27863316454611,3.540294,/home/aojwang/data/MergeDataset/cropped_images/90Grapes/red grapes_0.jpg
964MashedIrishpotato.jpg,irish potato mashed,1257.838517840805,1.213953488372093,164.46079497824257,150.82386280360848,66.88198469978742,23.93,/home/aojwang/data/MergeDataset/cropped_images/964MashedIrishpotato/irish potato mashed_0.jpg
878WhiteChapati1GreenBeans.jpg,white chapati,640.6626145874851,1.0022333891680626,182.29017510953094,135.7855283847277,84.77861327684539,11.31,/home/aojwang/data/MergeDataset/cropped_images/878WhiteChapati1GreenBeans/white chapati_0.jpg
878WhiteChapati1GreenBeans.jpg,green beans,629.289159027501,0.8486262312078797,138.39545369473993,88.73514213972949,51.39356153846398,5.4,/home/aojwang/data/MergeDataset/cropped_images/878WhiteChapati1GreenBeans/green beans_1.jpg
1474FriedGitheri.JPG,githeri,2822.854625550661,1.2745202558635393,163.69465140688385,133.232688056402,21.239259875563928,20.7,/home/aojwang/data/MergeDataset/cropped_images/1474FriedGitheri/githeri_0.jpg
110PawpawPineapple.jpg,pineapple,32410.67777777778,0.9401846647932557,210.60693972254,169.59613669843375,65.6265395732065,1.440517,/home/aojwang/data/MergeDataset/cropped_images/110PawpawPineapple/pineapple_0.jpg
110PawpawPineapple.jpg,pawpaw,28399.62222222222,0.9571614019904803,179.95765045387927,92.93017317131762,47.120850981585825,1.412694,/home/aojwang/data/MergeDataset/cropped_images/110PawpawPineapple/pawpaw_1.jpg
1153Boiledcorn.jpg,boiled yellow maize,1471.5973439575034,1.1262398557258793,180.68039300692132,156.6462130931075,104.67398174626265,14.59,/home/aojwang/data/MergeDataset/cropped_images/1153Boiledcorn/boiled yellow maize_0.jpg
3Tangerine.jpg,tangerine,165.3612494341331,1.963855421686747,205.19577332278445,115.55713241514114,73.0536168760477,29.0,/home/aojwang/data/MergeDataset/cropped_images/3Tangerine/tangerine_0.jpg
935Frenchfries.jpg,potato chips,2051.2763671875,1.4299883313885648,177.0641176154138,161.28991976698958,38.15047295724318,13.57,/home/aojwang/data/MergeDataset/cropped_images/935Frenchfries/potato chips_0.jpg
1714ChipsBeefstew.JPG,potato chips,526.5221579961465,0.9671015314804311,211.09207845198551,170.6322331137108,81.36933346418644,9.6,/home/aojwang/data/MergeDataset/cropped_images/1714ChipsBeefstew/potato chips_0.jpg
1714ChipsBeefstew.JPG,beef stew,313.04781923279035,0.8465244322092222,156.02784538857088,96.25693239107201,51.09449247142162,35.4,/home/aojwang/data/MergeDataset/cropped_images/1714ChipsBeefstew/beef stew_1.jpg
345OnionsCarrots.jpg,onions,343.15914332784183,1.1491596638655461,158.91363126603474,95.58993382544975,106.63947544282796,0.75,/home/aojwang/data/MergeDataset/cropped_images/345OnionsCarrots/onions_0.jpg
345OnionsCarrots.jpg,carrot,268.8632619439868,0.8854166666666666,202.46059926470588,124.53793137254902,64.70610539215686,0.35,/home/aojwang/data/MergeDataset/cropped_images/345OnionsCarrots/carrot_1.jpg
633BrownRice.jpg,brown rice boiled,427.9544755459859,1.3372549019607842,196.17329653268933,136.8072027197976,83.78382065436145,12.0,/home/aojwang/data/MergeDataset/cropped_images/633BrownRice/brown rice boiled_0.jpg
3Cucumber.jpg,cucumber,618.6853629274145,1.4492875104777871,178.39208473178562,189.45672001268244,169.89528418376523,5.0,/home/aojwang/data/MergeDataset/cropped_images/3Cucumber/cucumber_0.jpg
1Meatballs.jpg,meatballs,193.8043036946813,1.4189655172413793,186.41225122554155,94.47345497967906,59.157126995433025,24.0,/home/aojwang/data/MergeDataset/cropped_images/1Meatballs/meatballs_0.jpg
1167PlantainsChickendrumstick.jpg,plantain,413.6602217066254,1.663951120162933,154.1556249953259,110.50918989796757,9.315028530688252,1.3,/home/aojwang/data/MergeDataset/cropped_images/1167PlantainsChickendrumstick/plantain_0.jpg
1ChickenMakhni.jpg,chicken makhni,201.0015649452269,0.9210526315789473,235.78775303643724,165.43148663077812,81.46543244205188,19.0,/home/aojwang/data/MergeDataset/cropped_images/1ChickenMakhni/chicken makhni_0.jpg
277Cabbage1cup.jpg,green cabbage,2762.423260247855,1.3175994605529333,194.64974694438712,198.5865679336817,167.1466041958988,1.65,/home/aojwang/data/MergeDataset/cropped_images/277Cabbage1cup/green cabbage_0.jpg
1341WhiteChapatiChickenWetfrySpinach.JPG,spinach cooked,330.18520169378206,1.3210576015108593,88.09851701707883,81.04572806287507,19.439607813756083,1.1,/home/aojwang/data/MergeDataset/cropped_images/1341WhiteChapatiChickenWetfrySpinach/spinach cooked_0.jpg
1341WhiteChapatiChickenWetfrySpinach.JPG,chicken wing,313.29908624916425,1.4607543323139653,145.2710750597714,112.04731204824677,17.66889889050366,28.06,/home/aojwang/data/MergeDataset/cropped_images/1341WhiteChapatiChickenWetfrySpinach/chicken wing_1.jpg
1747WhiteRiceWhiteChapatiBeefstew.JPG,beef stew,982.9333333333333,1.0073637702503682,145.27021107321568,85.18718940822848,44.840079688051745,26.55,/home/aojwang/data/MergeDataset/cropped_images/1747WhiteRiceWhiteChapatiBeefstew/beef stew_0.jpg
1747WhiteRiceWhiteChapatiBeefstew.JPG,white rice boiled,1277.895238095238,1.5938261575954509,216.1315307661159,188.81635766815637,164.6705068933622,3.6,/home/aojwang/data/MergeDataset/cropped_images/1747WhiteRiceWhiteChapatiBeefstew/white rice boiled_1.jpg
1747WhiteRiceWhiteChapatiBeefstew.JPG,white chapati,1723.478306878307,1.7054992764109986,180.6959735050381,135.4224872550711,84.32645407005766,12.75,/home/aojwang/data/MergeDataset/cropped_images/1747WhiteRiceWhiteChapatiBeefstew/white chapati_2.jpg
483GrapesCucumber.jpg,red grapes,2712.371867881549,1.8958990536277602,144.712257278878,82.42566280174472,73.03223439378114,2.950245,/home/aojwang/data/MergeDataset/cropped_images/483GrapesCucumber/red grapes_0.jpg
483GrapesCucumber.jpg,cucumber,2441.002277904328,1.8949468085106382,172.4750657894737,152.2688006252333,126.26106336319522,1.5,/home/aojwang/data/MergeDataset/cropped_images/483GrapesCucumber/cucumber_1.jpg
725WhiteRicethirdcupRoscocoBeansquotercup.jpg,white rice boiled,1003.5434782608696,1.0955974842767295,206.86901920008088,159.62591108319072,118.5034551480623,1.92,/home/aojwang/data/MergeDataset/cropped_images/725WhiteRicethirdcupRoscocoBeansquotercup/white rice boiled_0.jpg
725WhiteRicethirdcupRoscocoBeansquotercup.jpg,rosecoco,3325.475362318841,1.4851166532582463,168.57915791051775,100.14469327257561,65.84074544426034,4.335,/home/aojwang/data/MergeDataset/cropped_images/725WhiteRicethirdcupRoscocoBeansquotercup/rosecoco_1.jpg
119Watermelon1cup.jpg,water melon,3676.2345276872966,1.7614840989399294,172.51171668716395,102.51586207385407,114.7541183621536,1.2,/home/aojwang/data/MergeDataset/cropped_images/119Watermelon1cup/water melon_0.jpg
658SweetPotatowhole.jpg,sweet potato,684.8351648351648,1.853658536585366,207.4325188988732,182.2186161032663,104.95349450862929,11.223,/home/aojwang/data/MergeDataset/cropped_images/658SweetPotatowhole/sweet potato_0.jpg
2RiceBChickenCabbage.jpg,green cabbage cooked,218.97924367358544,1.4452054794520548,227.40758163994028,190.10301110173341,148.1979094981497,2.0,/home/aojwang/data/MergeDataset/cropped_images/2RiceBChickenCabbage/green cabbage cooked_0.jpg
2RiceBChickenCabbage.jpg,chicken,270.7648564117145,0.8411654135338346,220.8377893056664,131.02627693535516,100.8474986348553,0.0,/home/aojwang/data/MergeDataset/cropped_images/2RiceBChickenCabbage/chicken_1.jpg
2RiceBChickenCabbage.jpg,brown rice boiled,454.5009951663349,1.4226415094339622,222.42935914118414,170.1065355838046,143.10686339522547,25.0,/home/aojwang/data/MergeDataset/cropped_images/2RiceBChickenCabbage/brown rice boiled_2.jpg
1103ScrambledEggs.jpg,scrambled eggs,688.8401964488099,1.3006756756756757,201.15439518252018,181.94245952527203,99.35863625394876,5.4,/home/aojwang/data/MergeDataset/cropped_images/1103ScrambledEggs/scrambled eggs_0.jpg
1183MincedMeatCabbageBrownRice.JPG,mincemeat,355.38131426016986,1.0612745098039216,164.80663607500995,87.62337670505718,50.63494543313861,27.7,/home/aojwang/data/MergeDataset/cropped_images/1183MincedMeatCabbageBrownRice/mincemeat_0.jpg
1183MincedMeatCabbageBrownRice.JPG,brown rice boiled,341.76441662941437,1.0815811606391925,195.3902033544924,134.10978029552913,101.64447821986666,8.0,/home/aojwang/data/MergeDataset/cropped_images/1183MincedMeatCabbageBrownRice/brown rice boiled_1.jpg
1183MincedMeatCabbageBrownRice.JPG,green cabbage cooked,398.82208314707196,1.501834862385321,197.0935152129931,154.972511811156,100.84992966547668,1.2,/home/aojwang/data/MergeDataset/cropped_images/1183MincedMeatCabbageBrownRice/green cabbage cooked_2.jpg
660SweetPotatowhole.jpg,sweet potato,960.6715506715507,1.5601626016260162,203.987615924622,171.48317085880603,104.57555849294813,3.6,/home/aojwang/data/MergeDataset/cropped_images/660SweetPotatowhole/sweet potato_0.jpg
559Pigeonpeahalfcup.jpg,mbaazi,945.7695511337344,1.3076923076923077,175.19148740977627,150.12106323098843,106.03276799973384,6.84,/home/aojwang/data/MergeDataset/cropped_images/559Pigeonpeahalfcup/mbaazi_0.jpg
1575BrownUgaliDrumstickSpinach.JPG,brown ugali,595.9014423076923,1.0725581395348838,167.72890457653443,134.02164142076282,90.21304342564392,2.9,/home/aojwang/data/MergeDataset/cropped_images/1575BrownUgaliDrumstickSpinach/brown ugali_0.jpg
1575BrownUgaliDrumstickSpinach.JPG,spinach cooked,2285.653846153846,1.0189814814814815,124.96307170982887,125.02374446800276,70.24590505998957,4.38,/home/aojwang/data/MergeDataset/cropped_images/1575BrownUgaliDrumstickSpinach/spinach cooked_1.jpg
1575BrownUgaliDrumstickSpinach.JPG,chicken drumstick,1500.576923076923,0.9633333333333334,143.88874855824682,113.69426438549276,40.46717192105601,52.39,/home/aojwang/data/MergeDataset/cropped_images/1575BrownUgaliDrumstickSpinach/chicken drumstick_2.jpg
253Tomatoslices.jpg,tomato,4890.544,1.3456973293768546,183.17386913739384,98.79978323702049,91.34483216772794,4.5,/home/aojwang/data/MergeDataset/cropped_images/253Tomatoslices/tomato_0.jpg
1RiceNjahiSpinach.jpg,spinach cooked,99.12686733556299,1.9621848739495797,109.08366023068757,105.32684037212316,65.12571527540352,1.0,/home/aojwang/data/MergeDataset/cropped_images/1RiceNjahiSpinach/spinach cooked_0.jpg
1RiceNjahiSpinach.jpg,black beans,331.847491638796,1.754614549402823,135.20563770546437,113.32801598563765,78.0536807548833,96.0,/home/aojwang/data/MergeDataset/cropped_images/1RiceNjahiSpinach/black beans_1.jpg
1RiceNjahiSpinach.jpg,white rice boiled,83.85551839464883,1.2078853046594982,197.07216585303595,190.1296703997958,165.50391127702795,14.0,/home/aojwang/data/MergeDataset/cropped_images/1RiceNjahiSpinach/white rice boiled_2.jpg
1567BrownUgaliDrumstickSpinach.JPG,brown ugali,947.4083935018051,1.0167014613778707,160.90216184470555,129.2155986047821,87.45374923134887,2.9,/home/aojwang/data/MergeDataset/cropped_images/1567BrownUgaliDrumstickSpinach/brown ugali_0.jpg
1567BrownUgaliDrumstickSpinach.JPG,chicken drumstick,1054.3420577617328,0.7708213670304422,128.8561856548175,102.55331999099478,17.64048018722645,25.08,/home/aojwang/data/MergeDataset/cropped_images/1567BrownUgaliDrumstickSpinach/chicken drumstick_1.jpg
1567BrownUgaliDrumstickSpinach.JPG,spinach cooked,1914.7675992779784,1.273972602739726,101.58348552069525,103.99151733686847,35.31477059949919,2.91,/home/aojwang/data/MergeDataset/cropped_images/1567BrownUgaliDrumstickSpinach/spinach cooked_2.jpg
1Pineapple.jpg,pineapple,157.42229933614968,0.9374407582938389,203.04662472026413,198.1006234455791,174.8173299661202,6.0,/home/aojwang/data/MergeDataset/cropped_images/1Pineapple/pineapple_0.jpg
1544NjahiWhiteRice.JPG,black beans,4276.140350877193,1.4474439977024698,145.74844643199037,134.9914676841443,75.90329928065425,19.0,/home/aojwang/data/MergeDataset/cropped_images/1544NjahiWhiteRice/black beans_0.jpg
1544NjahiWhiteRice.JPG,white rice boiled,5724.787524366472,1.5900104058272633,179.07998730598035,175.03732818126844,115.79627137008242,4.8,/home/aojwang/data/MergeDataset/cropped_images/1544NjahiWhiteRice/white rice boiled_1.jpg
1347ChickenWetfryWhiteChapatiSpinach.JPG,white chapati,577.3548318433376,1.017146356399265,206.0953025958805,187.05209862952287,107.20006540301938,11.09,/home/aojwang/data/MergeDataset/cropped_images/1347ChickenWetfryWhiteChapatiSpinach/white chapati_0.jpg
1347ChickenWetfryWhiteChapatiSpinach.JPG,chicken wing,655.2371221796509,1.2377932783766645,169.00083422559956,129.83570693472768,45.70500087060927,137.21,/home/aojwang/data/MergeDataset/cropped_images/1347ChickenWetfryWhiteChapatiSpinach/chicken wing_1.jpg
1347ChickenWetfryWhiteChapatiSpinach.JPG,spinach cooked,391.1462324393359,1.3774891774891775,120.28140868140868,121.476580657976,52.92291760198737,2.91,/home/aojwang/data/MergeDataset/cropped_images/1347ChickenWetfryWhiteChapatiSpinach/spinach cooked_2.jpg
1Passion.jpg,passion,55.880338011166444,1.2376599634369287,149.51242307308024,120.91464926185262,91.87623913436794,2.0,/home/aojwang/data/MergeDataset/cropped_images/1Passion/passion_0.jpg
1513FriedGitheriWhiteRice.JPG,githeri,1595.7775718257647,1.0771812080536913,169.66002407883641,141.60461458761654,72.08067716936029,17.25,/home/aojwang/data/MergeDataset/cropped_images/1513FriedGitheriWhiteRice/githeri_0.jpg
1513FriedGitheriWhiteRice.JPG,white rice boiled,2198.387859128823,1.4150737302020753,186.2067995314622,173.33708309716383,101.52396576731496,4.8,/home/aojwang/data/MergeDataset/cropped_images/1513FriedGitheriWhiteRice/white rice boiled_1.jpg
426MangoLettuce.jpg,lettuce,2277.1793054571226,1.0039525691699605,200.4275260651707,189.3566635025365,143.17561295944725,1.8,/home/aojwang/data/MergeDataset/cropped_images/426MangoLettuce/lettuce_0.jpg
426MangoLettuce.jpg,mango,437.40574060949683,1.4180064308681672,197.32841418096356,133.36572423419767,41.68103768838725,2.296,/home/aojwang/data/MergeDataset/cropped_images/426MangoLettuce/mango_1.jpg
419BananaTomato.jpg,tomato,1129.736936936937,1.0658892128279884,192.43073154238252,58.368984886858776,30.677114021601138,1.5,/home/aojwang/data/MergeDataset/cropped_images/419BananaTomato/tomato_0.jpg
419BananaTomato.jpg,ripe banana,526.7027027027027,1.0862068965517242,195.21037219485495,100.20228106185003,23.50739258347017,1.4,/home/aojwang/data/MergeDataset/cropped_images/419BananaTomato/ripe banana_1.jpg
1SugarBrown.jpg,brown sugar,62.91929666366096,1.311504424778761,205.03943725890628,187.19639568628855,152.9474138033989,5.0,/home/aojwang/data/MergeDataset/cropped_images/1SugarBrown/brown sugar_0.jpg
1098Mincedbeef.jpg,mincemeat,1852.2557106598986,1.3572806171648988,159.13307960694104,110.34988806692347,49.28025044918821,138.5,/home/aojwang/data/MergeDataset/cropped_images/1098Mincedbeef/mincemeat_0.jpg
450MangoTomato.jpg,mango,338.52706222865413,1.3552206673842842,212.31669931284847,144.93201585826398,51.42400336522143,0.82,/home/aojwang/data/MergeDataset/cropped_images/450MangoTomato/mango_0.jpg
450MangoTomato.jpg,tomato,1464.7250361794502,1.4394666666666667,183.97106009633197,65.9773549709769,49.98902388538965,2.0,/home/aojwang/data/MergeDataset/cropped_images/450MangoTomato/tomato_1.jpg
1595WhiteUgali1CupSpinach.JPG,white ugali,695.5798348245011,0.9627329192546584,195.8472203051913,212.29244541409105,217.49839043611834,9.73,/home/aojwang/data/MergeDataset/cropped_images/1595WhiteUgali1CupSpinach/white ugali_0.jpg
1595WhiteUgali1CupSpinach.JPG,spinach cooked,1546.5808671713696,1.0056764427625355,118.11201874169515,139.6560514457663,132.56087780162,3.29,/home/aojwang/data/MergeDataset/cropped_images/1595WhiteUgali1CupSpinach/spinach cooked_1.jpg
1769BrownChapatiWhiteRiceSpinach.JPG,white rice boiled,511.37004701141706,1.4637254901960783,223.6909046136874,208.6092418213099,185.3805228320397,2.4,/home/aojwang/data/MergeDataset/cropped_images/1769BrownChapatiWhiteRiceSpinach/white rice boiled_0.jpg
1769BrownChapatiWhiteRiceSpinach.JPG,spinach cooked,607.9382135661518,1.0981308411214954,117.21980402554075,126.09608216787079,50.79695322683988,2.91,/home/aojwang/data/MergeDataset/cropped_images/1769BrownChapatiWhiteRiceSpinach/spinach cooked_1.jpg
901IrishPotato.jpg,irish potato,212.78808804488563,0.8960915157292659,176.5525880778046,158.22932782994948,56.02397217207878,23.71,/home/aojwang/data/MergeDataset/cropped_images/901IrishPotato/irish potato_0.jpg
901IrishPotato.jpg,irish potato,256.18342684505825,0.6960183767228177,178.83411671948207,156.8661150954299,54.87477361825003,23.71,/home/aojwang/data/MergeDataset/cropped_images/901IrishPotato/irish potato_1.jpg
901IrishPotato.jpg,irish potato,239.21795425118688,1.5861244019138756,184.39092460686888,160.92018752661167,55.40378571377023,23.71,/home/aojwang/data/MergeDataset/cropped_images/901IrishPotato/irish potato_2.jpg
1521FriedGitheriWhiteRiceCabbage.JPG,githeri,3297.6285714285714,1.028641072516758,173.57730916300602,111.61844081316733,50.78007753046201,13.8,/home/aojwang/data/MergeDataset/cropped_images/1521FriedGitheriWhiteRiceCabbage/githeri_0.jpg
1521FriedGitheriWhiteRiceCabbage.JPG,green cabbage cooked,4335.695238095238,1.539661898569571,172.49078908638808,109.46886779293924,39.302997487083964,1.65,/home/aojwang/data/MergeDataset/cropped_images/1521FriedGitheriWhiteRiceCabbage/green cabbage cooked_1.jpg
1521FriedGitheriWhiteRiceCabbage.JPG,white rice boiled,5083.471428571429,1.017081503172279,192.0637757850138,149.0068824828178,100.97741513345305,3.6,/home/aojwang/data/MergeDataset/cropped_images/1521FriedGitheriWhiteRiceCabbage/white rice boiled_2.jpg
3Eggplant.jpg,eggplant,159.97279740154283,0.5440658049353702,133.54392621563247,138.25590526200912,154.8014278716692,5.0,/home/aojwang/data/MergeDataset/cropped_images/3Eggplant/eggplant_0.jpg
3Eggplant.jpg,eggplant,210.54242793341453,0.48596321393998065,144.32948939961355,148.67879305623586,165.73279582541085,5.0,/home/aojwang/data/MergeDataset/cropped_images/3Eggplant/eggplant_1.jpg
3Eggplant.jpg,eggplant,253.96345919610232,0.4592973436161097,142.47072318356803,146.12178183631968,162.3052075739554,5.0,/home/aojwang/data/MergeDataset/cropped_images/3Eggplant/eggplant_2.jpg
1768BrownChapatiWhiteRiceSpinach.JPG,white rice boiled,224.24906909391808,1.432183908045977,225.13647441929115,205.20488459622516,183.8735078688585,1.2,/home/aojwang/data/MergeDataset/cropped_images/1768BrownChapatiWhiteRiceSpinach/white rice boiled_0.jpg
1768BrownChapatiWhiteRiceSpinach.JPG,spinach cooked,400.85726106743897,1.1395705521472392,98.9649220949723,102.41135258321016,40.31114326763494,2.91,/home/aojwang/data/MergeDataset/cropped_images/1768BrownChapatiWhiteRiceSpinach/spinach cooked_1.jpg
896WhiteChapati1Greengrams.jpg,white chapati,1318.0646258503402,1.6889352818371608,191.81945229368398,130.4892360044833,61.51712367161477,11.31,/home/aojwang/data/MergeDataset/cropped_images/896WhiteChapati1Greengrams/white chapati_0.jpg
896WhiteChapati1Greengrams.jpg,ndengu,430.09108087679516,1.4464487034949267,132.9360995974591,84.9555974801871,27.174011727375856,1.85,/home/aojwang/data/MergeDataset/cropped_images/896WhiteChapati1Greengrams/ndengu_1.jpg
343LettuceOnions.jpg,onions,897.9705364995602,0.8991373589913736,153.45875704277944,129.97451156595176,147.3833128059217,3.0,/home/aojwang/data/MergeDataset/cropped_images/343LettuceOnions/onions_0.jpg
343LettuceOnions.jpg,lettuce,1391.1776605101143,1.0959387875220719,177.7980213925042,189.9472941371338,153.13350432332408,2.4,/home/aojwang/data/MergeDataset/cropped_images/343LettuceOnions/lettuce_1.jpg
1734GitheriChips.JPG,githeri,288.93153443415224,1.3214971209213051,178.61629359215073,142.3252425019201,35.33981004074339,6.7,/home/aojwang/data/MergeDataset/cropped_images/1734GitheriChips/githeri_0.jpg
807BrownRicethirdcupEggyolkBeanshalfcup.jpg,brown rice boiled,273.06605504587156,1.294985250737463,182.38304107320576,151.78484443279734,71.55564365542796,6.4,/home/aojwang/data/MergeDataset/cropped_images/807BrownRicethirdcupEggyolkBeanshalfcup/brown rice boiled_0.jpg
1116PlantainsFriedEggs.jpg,egg fry,2900.9757160647573,0.735399284862932,211.30448702469883,162.1526703237005,71.89026537427718,19.5,/home/aojwang/data/MergeDataset/cropped_images/1116PlantainsFriedEggs/egg fry_0.jpg
1116PlantainsFriedEggs.jpg,egg fry,992.6961394769614,0.9290076335877863,206.88543847654412,165.03443331430685,70.17157319651,19.5,/home/aojwang/data/MergeDataset/cropped_images/1116PlantainsFriedEggs/egg fry_1.jpg
1116PlantainsFriedEggs.jpg,plantain,1577.8474470734745,1.0267345639719923,162.58915487349563,92.45153536491185,19.5859895510025,3.25,/home/aojwang/data/MergeDataset/cropped_images/1116PlantainsFriedEggs/plantain_2.jpg
983MashedBanana.jpg,boiled mashed banana,307.43109429202144,1.6701570680628273,177.632737489537,153.5706939634657,67.19827586206897,0.76,/home/aojwang/data/MergeDataset/cropped_images/983MashedBanana/boiled mashed banana_0.jpg
649Arrowroots.jpg,arrowroots,939.4621913580247,1.107215104517869,163.68891858439497,149.38041079452634,124.51212893507663,5.44,/home/aojwang/data/MergeDataset/cropped_images/649Arrowroots/arrowroots_0.jpg
1073Beefstewthirdcup.jpg,beef stew,286.2775680508643,1.1106233538191397,139.32718250181318,120.03693760909472,96.87586989488734,15.93,/home/aojwang/data/MergeDataset/cropped_images/1073Beefstewthirdcup/beef stew_0.jpg
3SausageBacon.jpg,bacon,182.69243545221198,2.4138418079096047,200.28936867960581,149.7689582899439,148.45521631905532,0.0,/home/aojwang/data/MergeDataset/cropped_images/3SausageBacon/bacon_0.jpg
3SausageBacon.jpg,sausage,112.88992903518043,1.261038961038961,160.50111546537912,107.48377893990664,97.97794481522597,9.0,/home/aojwang/data/MergeDataset/cropped_images/3SausageBacon/sausage_1.jpg
3SausageBacon.jpg,bacon,154.6075796466858,1.0705521472392638,195.33881593724792,141.56514767091875,141.4405488072846,0.0,/home/aojwang/data/MergeDataset/cropped_images/3SausageBacon/bacon_2.jpg
698WhiteRicePigeonpea.jpg,white rice boiled,587.564604541895,1.4522088353413654,208.56498160784733,187.97059698972882,116.40560471976401,4.8,/home/aojwang/data/MergeDataset/cropped_images/698WhiteRicePigeonpea/white rice boiled_0.jpg
698WhiteRicePigeonpea.jpg,mbaazi,897.1091098929784,1.6689895470383276,166.55195711157828,123.23059975413354,37.24819448182552,11.4,/home/aojwang/data/MergeDataset/cropped_images/698WhiteRicePigeonpea/mbaazi_1.jpg
1125MincedMeatBrownRiceKales.JPG,brown rice boiled,349.04007475083057,1.5631629701060752,195.8896879612273,168.8113085425916,71.89043514575155,8.0,/home/aojwang/data/MergeDataset/cropped_images/1125MincedMeatBrownRiceKales/brown rice boiled_0.jpg
1125MincedMeatBrownRiceKales.JPG,sukumawiki,288.38226744186045,1.233741753063148,101.5913493835543,107.64071328128544,18.78317081266574,1.0,/home/aojwang/data/MergeDataset/cropped_images/1125MincedMeatBrownRiceKales/sukumawiki_1.jpg
1125MincedMeatBrownRiceKales.JPG,mincemeat,328.7151162790698,1.201219512195122,166.89570220808392,122.4562729140189,23.42401262845116,27.7,/home/aojwang/data/MergeDataset/cropped_images/1125MincedMeatBrownRiceKales/mincemeat_2.jpg
1648WholeFishKachumbarihalfCupBrownUgaliquoterCup.JPG,fish fry,1883.793721973094,2.7198306280875086,157.379777730494,138.4469440140279,83.92424792872082,126.43,/home/aojwang/data/MergeDataset/cropped_images/1648WholeFishKachumbarihalfCupBrownUgaliquoterCup/fish fry_0.jpg
1648WholeFishKachumbarihalfCupBrownUgaliquoterCup.JPG,kachumbari,981.8709899965505,1.4606017191977076,181.51712979422746,114.44115921479572,36.97900116777284,1.43,/home/aojwang/data/MergeDataset/cropped_images/1648WholeFishKachumbarihalfCupBrownUgaliquoterCup/kachumbari_1.jpg
1648WholeFishKachumbarihalfCupBrownUgaliquoterCup.JPG,brown ugali,473.8044153156261,1.0085689802913453,163.67074366663536,126.07304163854629,62.25663841160081,1.14,/home/aojwang/data/MergeDataset/cropped_images/1648WholeFishKachumbarihalfCupBrownUgaliquoterCup/brown ugali_2.jpg
500PineappleCarrots.jpg,pineapple,2174.860579551668,1.5213358070500929,179.24587914988612,119.70473249166629,49.99658682393874,1.20043,/home/aojwang/data/MergeDataset/cropped_images/500PineappleCarrots/pineapple_0.jpg
500PineappleCarrots.jpg,carrot,1508.262985237835,1.6001523229246002,181.636687349766,83.21116952613505,29.2510714623617,1.4,/home/aojwang/data/MergeDataset/cropped_images/500PineappleCarrots/carrot_1.jpg
18Pawpaw.jpg,pawpaw,6496.786197564276,2.2067796610169492,168.85553177640656,140.8718633653571,98.8341192949569,0.6121,/home/aojwang/data/MergeDataset/cropped_images/18Pawpaw/pawpaw_0.jpg
509RoscocoBeans.jpg,rosecoco,778.7423347933727,1.2891633913531724,183.92591637043748,152.3091537268144,142.7217172848515,8.67,/home/aojwang/data/MergeDataset/cropped_images/509RoscocoBeans/rosecoco_0.jpg
1223MincedMeatPegionpeasSpinach.JPG,mbaazi,447.5167350464263,1.5807860262008733,147.95560278896957,96.96884363917103,49.071472894400344,5.7,/home/aojwang/data/MergeDataset/cropped_images/1223MincedMeatPegionpeasSpinach/mbaazi_0.jpg
1223MincedMeatPegionpeasSpinach.JPG,spinach cooked,420.7790973871734,1.1149773071104387,92.7648227368179,79.4538495803201,39.415643211531396,2.91,/home/aojwang/data/MergeDataset/cropped_images/1223MincedMeatPegionpeasSpinach/spinach cooked_1.jpg
1223MincedMeatPegionpeasSpinach.JPG,mincemeat,373.12221982293244,1.0562939796716184,145.36475051926323,98.62202208539819,51.36186440530832,41.55,/home/aojwang/data/MergeDataset/cropped_images/1223MincedMeatPegionpeasSpinach/mincemeat_2.jpg
1279BeefstewBrownRiceSpinach.JPG,spinach cooked,263.1290599759409,1.3224907063197027,108.77298536784164,97.00389315729113,49.50500670085452,2.91,/home/aojwang/data/MergeDataset/cropped_images/1279BeefstewBrownRiceSpinach/spinach cooked_1.jpg
1279BeefstewBrownRiceSpinach.JPG,brown rice boiled,347.9367588932806,0.9095174262734584,215.9073669247532,177.31527913055334,109.20041893784784,8.0,/home/aojwang/data/MergeDataset/cropped_images/1279BeefstewBrownRiceSpinach/brown rice boiled_2.jpg
224Cucumber.jpg,cucumber,2387.352755905512,1.3273905996758508,181.32246789567156,187.6068160584638,150.6268534075125,1.2,/home/aojwang/data/MergeDataset/cropped_images/224Cucumber/cucumber_0.jpg
892WhiteChapati1Greengrams.jpg,white chapati,453.10403195131227,1.6739312657166807,171.3694321868385,123.22911651635039,58.818095542307596,11.31,/home/aojwang/data/MergeDataset/cropped_images/892WhiteChapati1Greengrams/white chapati_0.jpg
200AvocadoPineapple.jpg,pineapple,2480.9615384615386,1.1192930780559647,215.72773428416403,199.87324335322845,117.9123430354236,0.72025,/home/aojwang/data/MergeDataset/cropped_images/200AvocadoPineapple/pineapple_0.jpg
200AvocadoPineapple.jpg,avocado,2699.25,1.0478142076502732,178.98624217197084,180.20472433581978,87.02499002571939,2.4,/home/aojwang/data/MergeDataset/cropped_images/200AvocadoPineapple/avocado_1.jpg
1Asparagus.jpg,asparagus,474.0048721071864,1.346938775510204,158.73952396370282,173.82462821441848,156.61038104488836,5.0,/home/aojwang/data/MergeDataset/cropped_images/1Asparagus/asparagus_0.jpg
3PastaBroccoli.jpg,broccoli,222.48508946322067,1.164516129032258,166.05522964882496,129.40533911178625,92.63670360110804,1.0,/home/aojwang/data/MergeDataset/cropped_images/3PastaBroccoli/broccoli_0.jpg
3PastaBroccoli.jpg,pasta,990.4746520874752,1.1215303825956489,218.57499140671456,155.39179811675328,117.83386130813639,135.0,/home/aojwang/data/MergeDataset/cropped_images/3PastaBroccoli/pasta_1.jpg
639BrownRice.jpg,brown rice boiled,3143.52,1.3554054054054054,190.90973236446817,135.2672075365495,77.23925640495929,36.0,/home/aojwang/data/MergeDataset/cropped_images/639BrownRice/brown rice boiled_0.jpg
1633WholeFishWhiteUgalithirdCupKachumbarithirdCup.JPG,kachumbari,2115.8008658008657,1.4782608695652173,151.55970690537083,111.89649104859335,47.97068951406649,0.92,/home/aojwang/data/MergeDataset/cropped_images/1633WholeFishWhiteUgalithirdCupKachumbarithirdCup/kachumbari_0.jpg
1633WholeFishWhiteUgalithirdCupKachumbarithirdCup.JPG,white ugali,932.4242424242424,1.0519337016574586,187.79136101954595,184.7819861646316,131.34953224383676,3.74,/home/aojwang/data/MergeDataset/cropped_images/1633WholeFishWhiteUgalithirdCupKachumbarithirdCup/white ugali_1.jpg
3MangoGrapeApple.jpg,mango grape apple,2967.4748815165876,1.263659466327827,194.12005036595812,165.19462922822666,133.58319837888564,89.0,/home/aojwang/data/MergeDataset/cropped_images/3MangoGrapeApple/mango grape apple_0.jpg
980MashedArrowRoot.jpg,arrowroots,416.1158432708688,1.0963983050847457,140.59339126340785,115.9369084172603,99.10410013919594,8.42,/home/aojwang/data/MergeDataset/cropped_images/980MashedArrowRoot/arrowroots_0.jpg
1485FriedGitheriBeefstew(2).JPG,githeri,1537.9696616102683,1.0453400503778338,166.96926496919667,131.31093327971837,17.088775757943612,6.9,/home/aojwang/data/MergeDataset/cropped_images/1485FriedGitheriBeefstew(2)/githeri_0.jpg
1485FriedGitheriBeefstew(2).JPG,beef stew,1003.2497082847141,0.967741935483871,136.15557377716522,110.56958890885512,10.417425286554197,17.7,/home/aojwang/data/MergeDataset/cropped_images/1485FriedGitheriBeefstew(2)/beef stew_1.jpg
458MangoCucumber.jpg,cucumber,5683.9308617234465,1.2633317602642755,174.06757809476952,150.93685094374447,100.02650353993424,1.5,/home/aojwang/data/MergeDataset/cropped_images/458MangoCucumber/cucumber_0.jpg
962MashedIrishpotato.jpg,irish potato mashed,1160.4254756871037,1.250566037735849,172.96554445975337,163.53690301864017,103.8932770066385,14.63,/home/aojwang/data/MergeDataset/cropped_images/962MashedIrishpotato/irish potato mashed_0.jpg
3Pawpaw.jpg,pawpaw,664.9971902219725,2.252682926829268,223.83506279774795,143.40708193812125,98.17040256050026,26.0,/home/aojwang/data/MergeDataset/cropped_images/3Pawpaw/pawpaw_0.jpg
1653WholeFishKachumbarithirdCupBrownUgaliquoterCup.JPG,brown ugali,110.74091508190548,0.9691912708600771,137.89419615911044,112.21929456171522,46.528845777826895,1.14,/home/aojwang/data/MergeDataset/cropped_images/1653WholeFishKachumbarithirdCupBrownUgaliquoterCup/brown ugali_0.jpg
1653WholeFishKachumbarithirdCupBrownUgaliquoterCup.JPG,kachumbari,330.216908303521,1.1725265739983646,134.8858849047373,103.58494100178928,37.3885180712312,0.92,/home/aojwang/data/MergeDataset/cropped_images/1653WholeFishKachumbarithirdCupBrownUgaliquoterCup/kachumbari_1.jpg
66Mango.jpg,mango,31965.522491349482,1.9332113449222323,175.14814501697114,135.15501823114784,62.467003051297915,3.28,/home/aojwang/data/MergeDataset/cropped_images/66Mango/mango_0.jpg
1337ChickenWetfryBrownRiceCabbage.JPG,green cabbage cooked,451.31719830470666,1.6570135746606336,210.7018418340743,175.2736723744659,89.83224556469649,2.4,/home/aojwang/data/MergeDataset/cropped_images/1337ChickenWetfryBrownRiceCabbage/green cabbage cooked_0.jpg
1337ChickenWetfryBrownRiceCabbage.JPG,chicken wing,709.6007138077181,1.3275193798449612,181.1488218060192,116.87250388225604,39.12066900545088,119.96,/home/aojwang/data/MergeDataset/cropped_images/1337ChickenWetfryBrownRiceCabbage/chicken wing_1.jpg
760BrownRiceCowpeas.jpg,brown rice boiled,1568.2706310679612,1.478819969742814,199.78708536627832,167.53757849650418,76.9925931801386,24.0,/home/aojwang/data/MergeDataset/cropped_images/760BrownRiceCowpeas/brown rice boiled_0.jpg
760BrownRiceCowpeas.jpg,cowpeas,1268.2135922330096,1.8531073446327684,139.07638936735412,96.7521382611425,32.969459085480686,9.5,/home/aojwang/data/MergeDataset/cropped_images/760BrownRiceCowpeas/cowpeas_1.jpg
252Tomatoslices.jpg,tomato,3242.6741889985897,1.394273127753304,206.70689469938966,119.99929362312184,106.74250975182858,4.0,/home/aojwang/data/MergeDataset/cropped_images/252Tomatoslices/tomato_0.jpg
1368BeefstewSpinachNjahi.JPG,black beans,887.1400329489292,1.4708056171470805,138.34842468068354,131.0093289804529,124.02934145970058,9.5,/home/aojwang/data/MergeDataset/cropped_images/1368BeefstewSpinachNjahi/black beans_0.jpg
1368BeefstewSpinachNjahi.JPG,beef stew,727.0428336079077,1.1241970021413277,148.57914913383865,134.11799100415803,112.96587879405867,25.55,/home/aojwang/data/MergeDataset/cropped_images/1368BeefstewSpinachNjahi/beef stew_1.jpg
1368BeefstewSpinachNjahi.JPG,spinach cooked,846.5845140032949,1.0188916876574308,121.17072574593755,134.38218654743704,117.86874597179713,2.91,/home/aojwang/data/MergeDataset/cropped_images/1368BeefstewSpinachNjahi/spinach cooked_2.jpg
1094Mincedbeef.jpg,mincemeat,2488.9501538461536,1.3864168618266979,147.11099372389074,108.56873481905501,60.56720510396227,83.1,/home/aojwang/data/MergeDataset/cropped_images/1094Mincedbeef/mincemeat_0.jpg
304LettuceCucumber.jpg,cucumber,431.1010056843026,0.9780876494023905,182.76548794638148,159.90977333030403,118.6119878936393,0.3,/home/aojwang/data/MergeDataset/cropped_images/304LettuceCucumber/cucumber_0.jpg
304LettuceCucumber.jpg,lettuce,1160.9881941407957,1.204040404040404,202.86677852348993,186.84010161269669,130.3394267055341,0.6,/home/aojwang/data/MergeDataset/cropped_images/304LettuceCucumber/lettuce_1.jpg
227Cucumber.jpg,cucumber,4270.56,1.3513233004670473,182.75829110457983,189.80732647948108,155.67074246877385,1.8,/home/aojwang/data/MergeDataset/cropped_images/227Cucumber/cucumber_0.jpg
194AvocadoPawpaw.jpg,avocado,1439.98615916955,1.140728476821192,179.4421911494728,162.16505108661175,66.32737483059238,1.6,/home/aojwang/data/MergeDataset/cropped_images/194AvocadoPawpaw/avocado_0.jpg
194AvocadoPawpaw.jpg,pawpaw,1198.3780276816608,1.003404255319149,194.1998050998863,106.09993611607385,59.30401097215455,0.470898,/home/aojwang/data/MergeDataset/cropped_images/194AvocadoPawpaw/pawpaw_1.jpg
1349ChickenWetfryWhiteChapatiSpinach.JPG,chicken wing,1722.579962663348,1.2270306258322237,173.44242475035998,133.1230495349662,45.550699627842924,137.21,/home/aojwang/data/MergeDataset/cropped_images/1349ChickenWetfryWhiteChapatiSpinach/chicken wing_0.jpg
1349ChickenWetfryWhiteChapatiSpinach.JPG,spinach cooked,1209.7075295581828,1.316872427983539,121.3098549382716,122.94459362139918,61.1157829218107,3.29,/home/aojwang/data/MergeDataset/cropped_images/1349ChickenWetfryWhiteChapatiSpinach/spinach cooked_1.jpg
1349ChickenWetfryWhiteChapatiSpinach.JPG,white chapati,2454.49408836341,0.7404679376083189,213.86607246983803,194.01473441146018,129.25384395792284,23.09,/home/aojwang/data/MergeDataset/cropped_images/1349ChickenWetfryWhiteChapatiSpinach/white chapati_2.jpg
1327WhiteUgali1Cup.JPG,white ugali,512.7025373402915,1.0191387559808613,189.40249546521554,185.73386746916907,165.4161493081295,9.66,/home/aojwang/data/MergeDataset/cropped_images/1327WhiteUgali1Cup/white ugali_0.jpg
2PumpkinLeaves.jpg,pumpkin leaves,1521.1438240270727,1.4624447717231221,118.41642714020233,138.30403472318008,128.72105956719125,7.0,/home/aojwang/data/MergeDataset/cropped_images/2PumpkinLeaves/pumpkin leaves_0.jpg
30Pawpaw.jpg,pawpaw,45183.64640883978,1.380443714050945,171.22048717083382,101.86307921997887,53.50431046288688,1.648148,/home/aojwang/data/MergeDataset/cropped_images/30Pawpaw/pawpaw_0.jpg
1110ScrambledEggs.jpg,scrambled eggs,1948.223602484472,1.45,182.7050342085799,147.76984304861253,48.741909176698634,46.3,/home/aojwang/data/MergeDataset/cropped_images/1110ScrambledEggs/scrambled eggs_0.jpg
1304BeefSamosa.JPG,samosa,2072.0476190476193,1.3341453511977264,187.08770040049828,164.01235670763577,110.18197107822678,54.678,/home/aojwang/data/MergeDataset/cropped_images/1304BeefSamosa/samosa_0.jpg
2PumpkinSeed.jpg,pumpkin seeds,1910.7510288065844,1.4043478260869566,132.61505990039035,132.29888221833355,128.97583470184412,12.0,/home/aojwang/data/MergeDataset/cropped_images/2PumpkinSeed/pumpkin seeds_0.jpg
3Cabbagesprout.jpg,cabbage sprout,1898.41796875,1.2965668371073777,152.8374843362586,178.32994125453965,139.23865883393862,27.0,/home/aojwang/data/MergeDataset/cropped_images/3Cabbagesprout/cabbage sprout_0.jpg
1262MincedMeatGreenBeansCabbage.JPG,green cabbage cooked,1033.7280291211648,1.2991107518189167,201.51142711832176,188.5396695640888,106.27108814055725,1.8,/home/aojwang/data/MergeDataset/cropped_images/1262MincedMeatGreenBeansCabbage/green cabbage cooked_0.jpg
1470FriedGitheri.JPG,githeri,1740.9577981651375,1.342304457527334,154.21497077428643,121.87181947720437,15.833792850503045,6.9,/home/aojwang/data/MergeDataset/cropped_images/1470FriedGitheri/githeri_0.jpg
1717GitheriWhiteChapatihalf.JPG,githeri,198.74725787631272,0.7666034155597723,147.74916043549325,115.83540191068442,13.30551341424465,3.35,/home/aojwang/data/MergeDataset/cropped_images/1717GitheriWhiteChapatihalf/githeri_0.jpg
1717GitheriWhiteChapatihalf.JPG,white chapati,833.6905484247375,0.8147086914995224,165.46470544435002,153.93403275813998,63.61798825651585,6.16,/home/aojwang/data/MergeDataset/cropped_images/1717GitheriWhiteChapatihalf/white chapati_1.jpg
1114ScrambledEggsonecup.jpg,scrambled eggs,1775.804244535952,1.2945699183085055,183.66650309816927,155.67049991313212,59.890470823982106,21.4,/home/aojwang/data/MergeDataset/cropped_images/1114ScrambledEggsonecup/scrambled eggs_0.jpg
971MashedIrishpotatohalfcup.jpg,irish potato mashed,864.003120124805,1.0582601755786114,172.46263026052708,165.45316037889157,111.53798726194388,11.57,/home/aojwang/data/MergeDataset/cropped_images/971MashedIrishpotatohalfcup/irish potato mashed_0.jpg
1225MincedMeatPegionpeasSpinach.JPG,mbaazi,539.1664155005382,1.804753820033956,154.39515889456595,98.92119318263492,35.22017322917648,8.7,/home/aojwang/data/MergeDataset/cropped_images/1225MincedMeatPegionpeasSpinach/mbaazi_0.jpg
1225MincedMeatPegionpeasSpinach.JPG,spinach cooked,390.08912809472554,1.2153972153972155,91.39983962153774,81.98508910773062,32.52592877121179,3.29,/home/aojwang/data/MergeDataset/cropped_images/1225MincedMeatPegionpeasSpinach/spinach cooked_1.jpg
1225MincedMeatPegionpeasSpinach.JPG,mincemeat,343.15263724434874,1.0570032573289903,159.75697954256862,107.11288351410087,43.61675378808791,41.55,/home/aojwang/data/MergeDataset/cropped_images/1225MincedMeatPegionpeasSpinach/mincemeat_2.jpg
728WhiteRicehalfcupRoscocoBeanshalfcup.jpg,white rice boiled,132.37098393574297,1.1140801644398766,206.26954998995006,157.4666303857283,118.00555591372975,2.88,/home/aojwang/data/MergeDataset/cropped_images/728WhiteRicehalfcupRoscocoBeanshalfcup/white rice boiled_0.jpg
728WhiteRicehalfcupRoscocoBeanshalfcup.jpg,rosecoco,365.21147088353416,1.566397652237711,174.61091819429865,108.63002537796326,70.79272234927431,10.404,/home/aojwang/data/MergeDataset/cropped_images/728WhiteRicehalfcupRoscocoBeanshalfcup/rosecoco_1.jpg
1236MincedMeatButterBeansSpinach.JPG,butternut beans,295.81279768067924,1.3623046875,194.13827634968638,163.81087939628136,72.32671300963261,4.62,/home/aojwang/data/MergeDataset/cropped_images/1236MincedMeatButterBeansSpinach/butternut beans_0.jpg
1236MincedMeatButterBeansSpinach.JPG,spinach cooked,398.49989645889417,1.1351766513056836,93.24327099559541,99.24538702817982,35.307728403684145,3.29,/home/aojwang/data/MergeDataset/cropped_images/1236MincedMeatButterBeansSpinach/spinach cooked_1.jpg
101PawpawBanana.jpg,ripe banana,10675.542635658914,1.067870485678705,157.01517087888348,131.05862926561835,91.49292848610713,1.4,/home/aojwang/data/MergeDataset/cropped_images/101PawpawBanana/ripe banana_0.jpg
101PawpawBanana.jpg,pawpaw,10195.848837209302,0.928698752228164,144.72333321548632,76.34826569104541,53.540222898131894,0.470898,/home/aojwang/data/MergeDataset/cropped_images/101PawpawBanana/pawpaw_1.jpg
101PawpawBanana.jpg,ripe banana,3523.0,0.7271914132379249,145.0794810184238,102.49319642570308,61.16613307456867,1.4,/home/aojwang/data/MergeDataset/cropped_images/101PawpawBanana/ripe banana_2.jpg
57Mango.jpg,mango,4388.614555256065,1.737603305785124,154.55433872013836,113.0926183655821,50.214360732500666,0.41,/home/aojwang/data/MergeDataset/cropped_images/57Mango/mango_0.jpg
1593WhiteUgalithirdCupSpinach.JPG,spinach cooked,2669.5474025974027,1.0412682435832914,98.75791241425962,121.46700289435707,115.3622803904451,3.29,/home/aojwang/data/MergeDataset/cropped_images/1593WhiteUgalithirdCupSpinach/spinach cooked_0.jpg
1593WhiteUgalithirdCupSpinach.JPG,white ugali,669.1090909090909,1.0577507598784195,178.8408903872954,199.30609222575472,206.26949384139405,3.38,/home/aojwang/data/MergeDataset/cropped_images/1593WhiteUgalithirdCupSpinach/white ugali_1.jpg
3UgaliWChickenCabbage.jpg,green cabbage cooked,76.82608695652173,1.0068376068376068,212.94684021882662,195.68792245294793,116.80379899293312,1.0,/home/aojwang/data/MergeDataset/cropped_images/3UgaliWChickenCabbage/green cabbage cooked_0.jpg
3UgaliWChickenCabbage.jpg,white ugali,217.7571906354515,1.7224435590969456,213.12505106789496,196.6060005672504,146.0659976388458,131.0,/home/aojwang/data/MergeDataset/cropped_images/3UgaliWChickenCabbage/white ugali_1.jpg
3UgaliWChickenCabbage.jpg,chicken,189.77257525083613,1.5755102040816327,191.53695557670392,131.73648913796953,62.228603151105,0.0,/home/aojwang/data/MergeDataset/cropped_images/3UgaliWChickenCabbage/chicken_2.jpg
1750WhiteRiceWhiteChapatiBeefstew.JPG,beef stew,1144.1312036508841,0.8925950633755837,143.80691562187448,91.29485426756851,50.91640166688106,35.4,/home/aojwang/data/MergeDataset/cropped_images/1750WhiteRiceWhiteChapatiBeefstew/beef stew_0.jpg
1750WhiteRiceWhiteChapatiBeefstew.JPG,white rice boiled,1551.6360524814604,1.7520064205457464,210.49967426686146,185.44746395060622,160.12180213513292,4.8,/home/aojwang/data/MergeDataset/cropped_images/1750WhiteRiceWhiteChapatiBeefstew/white rice boiled_1.jpg
1Watermelon.jpg,water melon,2882.064220183486,1.6824237215298667,206.80742025014806,126.9187062201125,102.4931687047657,24.48,/home/aojwang/data/MergeDataset/cropped_images/1Watermelon/water melon_0.jpg
1756BrownUgali1CupWhiteRiceSpinach.JPG,brown ugali,3690.9767441860463,1.072610294117647,124.9513245690307,107.28305358132971,56.2085066031554,2.93,/home/aojwang/data/MergeDataset/cropped_images/1756BrownUgali1CupWhiteRiceSpinach/brown ugali_0.jpg
1756BrownUgali1CupWhiteRiceSpinach.JPG,white rice boiled,3623.110465116279,1.1304761904761904,181.91126489348898,185.597621855819,132.58728527299715,1.2,/home/aojwang/data/MergeDataset/cropped_images/1756BrownUgali1CupWhiteRiceSpinach/white rice boiled_1.jpg
1756BrownUgali1CupWhiteRiceSpinach.JPG,spinach cooked,4327.7441860465115,1.3659003831417624,79.55622256076263,93.07788981853159,24.7334088332178,1.1,/home/aojwang/data/MergeDataset/cropped_images/1756BrownUgali1CupWhiteRiceSpinach/spinach cooked_2.jpg
1139MincedMeatKalesSpaghetti.JPG,spaghetti,1271.945600756859,1.2062960482250502,208.01264051786367,183.44080928471308,99.86609061796062,11.0,/home/aojwang/data/MergeDataset/cropped_images/1139MincedMeatKalesSpaghetti/spaghetti_0.jpg
1139MincedMeatKalesSpaghetti.JPG,sukumawiki,609.2005676442762,0.8973288814691152,122.25355825600808,128.69068059168382,54.14145280894514,4.0,/home/aojwang/data/MergeDataset/cropped_images/1139MincedMeatKalesSpaghetti/sukumawiki_1.jpg
61Mango.jpg,mango,17463.970588235294,1.5062068965517241,148.4145697725008,109.58047871668562,48.72752445511066,1.23,/home/aojwang/data/MergeDataset/cropped_images/61Mango/mango_0.jpg
797BrownRiceEggyolkBeans.jpg,brown rice boiled,621.5312688517997,1.2619808306709266,165.05494010595706,133.94800242649734,65.22520742508189,16.0,/home/aojwang/data/MergeDataset/cropped_images/797BrownRiceEggyolkBeans/brown rice boiled_0.jpg
1462MokimoChickenthighCabbage.JPG,green cabbage cooked,325.6843496318671,1.3926325247079965,178.13523171898095,151.1389363243776,33.96823870388082,1.1,/home/aojwang/data/MergeDataset/cropped_images/1462MokimoChickenthighCabbage/green cabbage cooked_0.jpg
1462MokimoChickenthighCabbage.JPG,mukimo,308.73116858599207,1.2174288179465056,141.26768720315968,147.0844021673661,64.85264490943523,10.0,/home/aojwang/data/MergeDataset/cropped_images/1462MokimoChickenthighCabbage/mukimo_1.jpg
1462MokimoChickenthighCabbage.JPG,chicken thigh,221.5763639796111,1.2577639751552796,157.94225306511942,127.99545535874039,29.938672903407202,19.44,/home/aojwang/data/MergeDataset/cropped_images/1462MokimoChickenthighCabbage/chicken thigh_2.jpg
1462MokimoChickenthighCabbage.JPG,chicken thigh,19.98489711157259,1.0601265822784811,123.83582089552239,82.35016058945777,12.710702815038731,19.44,/home/aojwang/data/MergeDataset/cropped_images/1462MokimoChickenthighCabbage/chicken thigh_3.jpg
158BananaMango.jpg,mango,3121.5193277310923,0.9057262569832403,178.9712621089493,129.95069950853494,54.767720846991125,2.05,/home/aojwang/data/MergeDataset/cropped_images/158BananaMango/mango_0.jpg
158BananaMango.jpg,mango,1034.164705882353,0.6993603411513859,184.46146445472982,114.52207928129388,16.418433745904622,2.05,/home/aojwang/data/MergeDataset/cropped_images/158BananaMango/mango_1.jpg
158BananaMango.jpg,ripe banana,3932.8840336134454,0.8689823278488726,189.5121770069733,177.54949475784016,137.96459715238802,3.5,/home/aojwang/data/MergeDataset/cropped_images/158BananaMango/ripe banana_2.jpg
158BananaMango.jpg,ripe banana,412.1142857142857,0.6788685524126455,194.84516410557566,155.57707334181592,84.72270888388633,3.5,/home/aojwang/data/MergeDataset/cropped_images/158BananaMango/ripe banana_3.jpg
67Mango.jpg,mango,25403.813559322032,1.6613609231993633,171.80618141353585,136.33994819751663,74.12023923501981,3.69,/home/aojwang/data/MergeDataset/cropped_images/67Mango/mango_0.jpg
1Avocado.jpg,avocado,626.2484774665043,1.399047619047619,184.36330772472365,192.34327595708126,154.03648740639892,0.0,/home/aojwang/data/MergeDataset/cropped_images/1Avocado/avocado_0.jpg
2Liver.jpg,liver fry,1264.4897777777778,1.5795574288724974,152.88599424554903,137.62369222614865,139.78646248886682,1.0,/home/aojwang/data/MergeDataset/cropped_images/2Liver/liver fry_0.jpg
519RoscocoBeansquotercup.jpg,rosecoco,388.77345350266285,1.2920792079207921,159.82636386243988,132.17016457392864,131.5108804462822,4.335,/home/aojwang/data/MergeDataset/cropped_images/519RoscocoBeansquotercup/rosecoco_0.jpg
3Chia.jpg,chia seeds,979.3354673495519,1.3514965464313125,129.95836934205474,117.50742073832151,119.77880643236702,67.0,/home/aojwang/data/MergeDataset/cropped_images/3Chia/chia seeds_0.jpg
3PlumTomato.jpg,plum tomato,1850.3654320987655,1.3025708635464732,205.955078276163,142.2408906882591,129.31308330153,7.0,/home/aojwang/data/MergeDataset/cropped_images/3PlumTomato/plum tomato_0.jpg
175WatermelonBanana.jpg,ripe banana,5865.107843137255,1.1250989707046715,201.25765925995265,192.49951218098838,168.13662944086636,1.4,/home/aojwang/data/MergeDataset/cropped_images/175WatermelonBanana/ripe banana_0.jpg
175WatermelonBanana.jpg,water melon,5409.699346405228,1.2648601398601398,172.91214823531686,89.86366777659107,92.01698111839784,0.6,/home/aojwang/data/MergeDataset/cropped_images/175WatermelonBanana/water melon_1.jpg
2Tomato.jpg,tomato,288.8952813525107,1.5195852534562213,183.90626364757549,115.62060788266491,102.40161168040304,9.0,/home/aojwang/data/MergeDataset/cropped_images/2Tomato/tomato_0.jpg
3RiceWFrenchB.jpg,white rice boiled,669.4401390958768,0.8010794140323825,228.9479059916903,185.2827402839009,183.1989042604426,127.0,/home/aojwang/data/MergeDataset/cropped_images/3RiceWFrenchB/white rice boiled_0.jpg
3RiceWFrenchB.jpg,french beans,528.6731246895181,0.800520381613183,152.69408646152718,110.77523611211602,81.51708435951623,7.0,/home/aojwang/data/MergeDataset/cropped_images/3RiceWFrenchB/french beans_1.jpg
1711ChipsBeefstew.JPG,potato chips,591.300591411674,0.880569306930693,209.01077854623128,163.4638258142399,74.17819738316066,7.2,/home/aojwang/data/MergeDataset/cropped_images/1711ChipsBeefstew/potato chips_0.jpg
1711ChipsBeefstew.JPG,beef stew,358.9868860889689,1.0556521739130436,150.9301239166249,90.29530621015687,48.701388152711125,17.7,/home/aojwang/data/MergeDataset/cropped_images/1711ChipsBeefstew/beef stew_1.jpg
590ButterBeans.jpg,butternut beans,1128.1609451627285,1.3306744017403915,169.8308793047918,76.6482978424914,56.633258709367645,4.62,/home/aojwang/data/MergeDataset/cropped_images/590ButterBeans/butternut beans_0.jpg
1137MincedMeatKalesSpaghetti.JPG,spaghetti,863.3176246254427,1.258349086326402,204.45011594266006,178.69662243838349,89.78118564109555,11.0,/home/aojwang/data/MergeDataset/cropped_images/1137MincedMeatKalesSpaghetti/spaghetti_0.jpg
1137MincedMeatKalesSpaghetti.JPG,sukumawiki,350.6020157995097,0.9903508771929824,110.99261495190589,116.89386275698102,39.143964539337716,3.0,/home/aojwang/data/MergeDataset/cropped_images/1137MincedMeatKalesSpaghetti/sukumawiki_1.jpg
3CabbageRed.jpg,red cabbage cooked,2409.030048916841,1.3861762840837033,140.72424943187784,123.9444229462754,160.5212231407452,12.0,/home/aojwang/data/MergeDataset/cropped_images/3CabbageRed/red cabbage cooked_0.jpg
1450GitherihalfCup.JPG,githeri,1515.0666666666666,1.3226632522407171,110.75149577390418,97.86221279095855,15.10246655502849,7.839,/home/aojwang/data/MergeDataset/cropped_images/1450GitherihalfCup/githeri_0.jpg
1629WholeFishKachumbarihalfCup.JPG,kachumbari,4717.794019933554,1.6702453987730062,158.75206998878917,106.57690682620967,39.54149589875329,1.43,/home/aojwang/data/MergeDataset/cropped_images/1629WholeFishKachumbarihalfCup/kachumbari_0.jpg
934Frenchfries(2).jpg,potato chips,9247.207207207208,1.3120104438642297,181.8677792499643,162.1628869360768,39.759597898237274,8.64,/home/aojwang/data/MergeDataset/cropped_images/934Frenchfries(2)/potato chips_0.jpg
1Cake.jpg,cake,411.15767490428124,0.8397976391231029,178.27750885498148,178.42814597343843,173.66179473374103,24.0,/home/aojwang/data/MergeDataset/cropped_images/1Cake/cake_0.jpg
1538NjahiquoterCup.JPG,black beans,654.3962765957447,1.4195356285028022,137.91760266645352,149.00400816987488,158.25311981113373,4.94,/home/aojwang/data/MergeDataset/cropped_images/1538NjahiquoterCup/black beans_0.jpg
344LettuceOnions.jpg,onions,1177.7716658017644,0.8366727383120826,159.98623349133712,138.6270934619218,153.70770534983342,3.75,/home/aojwang/data/MergeDataset/cropped_images/344LettuceOnions/onions_0.jpg
344LettuceOnions.jpg,lettuce,1797.6440062272964,1.036652078774617,179.66927391557883,192.57155880671812,150.87431077983638,3.0,/home/aojwang/data/MergeDataset/cropped_images/344LettuceOnions/lettuce_1.jpg
549Pigeonpea.jpg,mbaazi,1473.5072463768115,1.2560521415270018,189.60702596447055,164.4141684370656,125.77548546202236,11.4,/home/aojwang/data/MergeDataset/cropped_images/549Pigeonpea/mbaazi_0.jpg
2PastaCarrot.jpg,carrot,117.54202898550724,2.2785862785862787,220.8808386572985,166.38968959133192,78.4372998770809,4.0,/home/aojwang/data/MergeDataset/cropped_images/2PastaCarrot/carrot_0.jpg
2PastaCarrot.jpg,pasta,371.32040133779265,1.6229022704837117,216.98043139911084,187.51873875626586,113.4647472156371,135.0,/home/aojwang/data/MergeDataset/cropped_images/2PastaCarrot/pasta_1.jpg
2UgaliWChickenCabbage.jpg,chicken,241.55183946488293,1.3738738738738738,191.98066109141928,133.4541869738591,67.73882919805051,0.0,/home/aojwang/data/MergeDataset/cropped_images/2UgaliWChickenCabbage/chicken_0.jpg
2UgaliWChickenCabbage.jpg,green cabbage cooked,108.76254180602007,1.355,203.0639196391964,175.83416769167692,107.62377613776138,2.0,/home/aojwang/data/MergeDataset/cropped_images/2UgaliWChickenCabbage/green cabbage cooked_1.jpg
2UgaliWChickenCabbage.jpg,white ugali,132.37101449275363,0.6834763948497854,198.0590297195141,180.76083067759953,134.78581366518216,90.0,/home/aojwang/data/MergeDataset/cropped_images/2UgaliWChickenCabbage/white ugali_2.jpg
3UgaliBMatumboPumpkin.jpg,matumbo fry,215.85073627844713,1.4077201447527141,120.57792655484613,95.69120868102824,65.47051350828937,4.0,/home/aojwang/data/MergeDataset/cropped_images/3UgaliBMatumboPumpkin/matumbo fry_0.jpg
3UgaliBMatumboPumpkin.jpg,brown ugali,86.04908522980813,1.5613682092555332,181.7199848575992,150.08844043643302,124.82010361135887,111.0,/home/aojwang/data/MergeDataset/cropped_images/3UgaliBMatumboPumpkin/brown ugali_1.jpg
3UgaliBMatumboPumpkin.jpg,brown ugali,93.39223560910308,0.9846625766871165,159.68108193337537,141.04915620281713,118.87306968254879,111.0,/home/aojwang/data/MergeDataset/cropped_images/3UgaliBMatumboPumpkin/brown ugali_3.jpg
1672WholeFishKachumbarihalfCupChips.jpg,kachumbari,1200.4953560371516,1.1064189189189189,178.59839269135549,117.50457177119868,46.31083917887353,1.43,/home/aojwang/data/MergeDataset/cropped_images/1672WholeFishKachumbarihalfCupChips/kachumbari_0.jpg
1672WholeFishKachumbarihalfCupChips.jpg,potato chips,1284.0123839009289,1.0,215.99256334149916,204.50252268913238,95.24217996508622,9.6,/home/aojwang/data/MergeDataset/cropped_images/1672WholeFishKachumbarihalfCupChips/potato chips_1.jpg
1Macadamia.jpg,macadamia,472.4967320261438,1.3433179723502304,196.6970747602975,171.49008880650695,98.15741220131056,1.0,/home/aojwang/data/MergeDataset/cropped_images/1Macadamia/macadamia_0.jpg
1783FishwetfryWhiteUgalihalfCupSpinach.JPG,white ugali,460.62830482115083,1.089700996677741,193.95653827800737,159.22566827827745,129.51982101216362,5.54,/home/aojwang/data/MergeDataset/cropped_images/1783FishwetfryWhiteUgalihalfCupSpinach/white ugali_0.jpg
1783FishwetfryWhiteUgalihalfCupSpinach.JPG,spinach cooked,824.248833592535,0.9422632794457275,96.68087568617388,77.24744964703869,31.5102806583244,1.1,/home/aojwang/data/MergeDataset/cropped_images/1783FishwetfryWhiteUgalihalfCupSpinach/spinach cooked_1.jpg
712WhiteRice1cupPigeonpea1cup.jpg,mbaazi,3307.9510357815443,1.8393632416787264,158.41882566799617,115.45384344744899,24.421234974569064,11.4,/home/aojwang/data/MergeDataset/cropped_images/712WhiteRice1cupPigeonpea1cup/mbaazi_0.jpg
712WhiteRice1cupPigeonpea1cup.jpg,white rice boiled,1619.3559322033898,1.3808243727598566,201.14851002118905,181.3403285117191,111.87925670850981,4.32,/home/aojwang/data/MergeDataset/cropped_images/712WhiteRice1cupPigeonpea1cup/white rice boiled_1.jpg
1568BrownUgaliDrumstickSpinach.JPG,chicken drumstick,1452.822770398482,1.4622991347342398,112.60096160376659,87.53151726090778,35.81992446556961,52.39,/home/aojwang/data/MergeDataset/cropped_images/1568BrownUgaliDrumstickSpinach/chicken drumstick_0.jpg
1568BrownUgaliDrumstickSpinach.JPG,brown ugali,784.6861480075901,1.0196629213483146,150.60287969712445,119.5533301606463,83.8673778128579,2.9,/home/aojwang/data/MergeDataset/cropped_images/1568BrownUgaliDrumstickSpinach/brown ugali_1.jpg
1568BrownUgaliDrumstickSpinach.JPG,spinach cooked,1459.3548387096773,1.0112820512820513,116.63061294013626,106.52167186768607,49.133564518645656,2.91,/home/aojwang/data/MergeDataset/cropped_images/1568BrownUgaliDrumstickSpinach/spinach cooked_2.jpg
3BreadChicken.jpg,brown bread,382.82452619843923,2.25802752293578,212.8677453511073,183.1617077313031,141.64677151816457,13.0,/home/aojwang/data/MergeDataset/cropped_images/3BreadChicken/brown bread_0.jpg
3BreadChicken.jpg,chicken,368.01003344481603,2.1073446327683616,195.24159464412838,153.12014662001485,99.05226276487784,0.0,/home/aojwang/data/MergeDataset/cropped_images/3BreadChicken/chicken_1.jpg
62Mango.jpg,mango,36791.16279069767,1.4736012608353033,150.54630398688596,113.80012515644556,48.53504685992171,1.64,/home/aojwang/data/MergeDataset/cropped_images/62Mango/mango_0.jpg
3RiceBChickenCabbage.jpg,chicken,700.3021868787276,1.2516493873704053,206.40367833255738,102.0503276063727,77.18073637623066,0.0,/home/aojwang/data/MergeDataset/cropped_images/3RiceBChickenCabbage/chicken_0.jpg
3RiceBChickenCabbage.jpg,brown rice boiled,281.5929423459244,1.9794392523364486,229.1376241031479,158.49961787261833,137.07502581345477,74.0,/home/aojwang/data/MergeDataset/cropped_images/3RiceBChickenCabbage/brown rice boiled_1.jpg
3RiceBChickenCabbage.jpg,green cabbage cooked,402.7833001988072,0.7897334649555775,229.88419792694967,175.6835130799605,137.66534427443239,6.0,/home/aojwang/data/MergeDataset/cropped_images/3RiceBChickenCabbage/green cabbage cooked_2.jpg
2Apple.jpg,apple,83.63935415723554,1.0040376850605652,174.42143112301048,92.42391543593648,92.41267558878397,14.0,/home/aojwang/data/MergeDataset/cropped_images/2Apple/apple_0.jpg
2WMelon.jpg,water melon,227.85061113626074,1.889261744966443,209.89442146379454,116.33142997921807,114.46273624704132,7.0,/home/aojwang/data/MergeDataset/cropped_images/2WMelon/water melon_0.jpg
1008Kales.jpg,sukumawiki,1700.7641408751333,1.1735436893203883,101.05425742462425,112.08147947811769,33.563899333340025,2.06,/home/aojwang/data/MergeDataset/cropped_images/1008Kales/sukumawiki_0.jpg
601ButterBeanshalfcup.jpg,butternut beans,592.3261744966443,1.2021210230817219,186.3521238881042,107.34431937263453,76.51220256777235,5.775,/home/aojwang/data/MergeDataset/cropped_images/601ButterBeanshalfcup/butternut beans_0.jpg
1BreadBacon.jpg,brown bread,121.81605351170569,1.3380281690140845,218.90232362335155,194.93482140405789,145.3130933750652,13.0,/home/aojwang/data/MergeDataset/cropped_images/1BreadBacon/brown bread_0.jpg
1BreadBacon.jpg,bacon,236.1315496098105,2.054317548746518,200.55061989518907,154.98648600160521,100.48309333836929,0.0,/home/aojwang/data/MergeDataset/cropped_images/1BreadBacon/bacon_1.jpg
455MangoCucumber.jpg,cucumber,1757.9734996102884,1.1322645290581161,174.5533693493181,149.58084487559188,92.51781948853458,0.9,/home/aojwang/data/MergeDataset/cropped_images/455MangoCucumber/cucumber_0.jpg
455MangoCucumber.jpg,mango,1213.9832424006236,0.9864940911648846,198.05225706811476,149.3235992900345,62.44539997515314,1.64,/home/aojwang/data/MergeDataset/cropped_images/455MangoCucumber/mango_1.jpg
732WhiteRice1cupRoscocoBeans1cup.jpg,white rice boiled,574.5450399087799,1.0106295993458707,208.83051848735272,161.48619303161888,121.58712990233047,4.8,/home/aojwang/data/MergeDataset/cropped_images/732WhiteRice1cupRoscocoBeans1cup/white rice boiled_0.jpg
732WhiteRice1cupRoscocoBeans1cup.jpg,rosecoco,1351.605473204105,1.6659822039698837,166.17163422358476,89.51120280399114,52.632040278126944,19.074,/home/aojwang/data/MergeDataset/cropped_images/732WhiteRice1cupRoscocoBeans1cup/rosecoco_1.jpg
507CarrotsPineappleRedCabbage.jpg,pineapple,1901.0441458733205,1.2039691289966923,181.3296834550969,120.4213181159157,67.93473533082133,0.2400861,/home/aojwang/data/MergeDataset/cropped_images/507CarrotsPineappleRedCabbage/pineapple_0.jpg
507CarrotsPineappleRedCabbage.jpg,red cabbage,4855.7389635316695,1.632128514056225,129.49114370869304,49.76575633241628,85.35554817695981,1.3,/home/aojwang/data/MergeDataset/cropped_images/507CarrotsPineappleRedCabbage/red cabbage_1.jpg
507CarrotsPineappleRedCabbage.jpg,carrot,2856.5067178502877,1.275925925925926,188.59715570069343,91.07577474063324,34.53444068161049,0.35,/home/aojwang/data/MergeDataset/cropped_images/507CarrotsPineappleRedCabbage/carrot_2.jpg
1361YellowMaizeboiled1Cup.JPG,boiled yellow maize,845.9938837920489,1.1761904761904762,199.6016727515905,137.3638808559861,55.273568235492576,5.597625,/home/aojwang/data/MergeDataset/cropped_images/1361YellowMaizeboiled1Cup/boiled yellow maize_0.jpg
1194MincedMeatSpaghettiCabbage.JPG,spaghetti,421.0713367609255,1.1401370906321402,201.95263642288384,181.28543962766864,102.54932357734,6.6,/home/aojwang/data/MergeDataset/cropped_images/1194MincedMeatSpaghettiCabbage/spaghetti_0.jpg
1194MincedMeatSpaghettiCabbage.JPG,green cabbage cooked,393.0981148243359,1.4550311665182547,187.8737655192258,174.61288721088272,89.35299910298848,1.2,/home/aojwang/data/MergeDataset/cropped_images/1194MincedMeatSpaghettiCabbage/green cabbage cooked_1.jpg
1194MincedMeatSpaghettiCabbage.JPG,mincemeat,473.32647814910024,1.0567081604426003,164.15741565466752,127.36373358895817,51.52256676659932,41.55,/home/aojwang/data/MergeDataset/cropped_images/1194MincedMeatSpaghettiCabbage/mincemeat_2.jpg
1ButternutChicken.jpg,butternut,175.81248606465996,0.9888017917133258,211.6759025464193,155.1032619378861,41.9939671713681,11.0,/home/aojwang/data/MergeDataset/cropped_images/1ButternutChicken/butternut_0.jpg
1ButternutChicken.jpg,chicken,228.2086956521739,1.0833333333333333,187.3818513828802,140.74827262104353,49.13943211439782,0.0,/home/aojwang/data/MergeDataset/cropped_images/1ButternutChicken/chicken_1.jpg
219Cucumber.jpg,cucumber,5341.2005457025925,2.2606382978723403,111.63464994508442,122.63399989783147,100.89270286838139,2.784,/home/aojwang/data/MergeDataset/cropped_images/219Cucumber/cucumber_0.jpg
1Kitojo.jpg,kitojo,2081.0079365079364,1.3512690355329948,127.99312375337043,140.73626867322383,140.34179331596792,1.0,/home/aojwang/data/MergeDataset/cropped_images/1Kitojo/kitojo_0.jpg
1Orange2.jpg,orange,85.63573260902369,1.2492581602373887,213.82164304291746,188.16818617534906,126.83518822642148,31.0,/home/aojwang/data/MergeDataset/cropped_images/1Orange2/orange_0.jpg
1453MokimoChickenthigh.JPG,mukimo,238.6512046836298,0.9912959381044487,147.91538425248856,155.1016606123508,134.3247818087465,5.0,/home/aojwang/data/MergeDataset/cropped_images/1453MokimoChickenthigh/mukimo_0.jpg
1453MokimoChickenthigh.JPG,chicken thigh,296.13060121594236,1.0731707317073171,158.17827400776812,138.48037663597736,114.7384968322186,19.2,/home/aojwang/data/MergeDataset/cropped_images/1453MokimoChickenthigh/chicken thigh_1.jpg
756BrownRiceCowpeas.jpg,brown rice boiled,980.4775330396476,1.335398915569326,203.71866491379728,179.19036799473778,82.90433008459422,16.0,/home/aojwang/data/MergeDataset/cropped_images/756BrownRiceCowpeas/brown rice boiled_0.jpg
756BrownRiceCowpeas.jpg,cowpeas,672.1916299559472,1.7305644302449414,155.93580535758173,121.27411943966577,53.75432850004096,4.75,/home/aojwang/data/MergeDataset/cropped_images/756BrownRiceCowpeas/cowpeas_1.jpg
596ButterBeans.jpg,butternut beans,963.2644998053718,1.292284108329075,173.47030491268077,97.54079231754771,65.01975611269013,16.17,/home/aojwang/data/MergeDataset/cropped_images/596ButterBeans/butternut beans_0.jpg
414BananaCucumber.jpg,cucumber,1089.6588687150838,1.0836770771950501,176.1987741537941,138.57911427997396,69.33611148227864,0.9,/home/aojwang/data/MergeDataset/cropped_images/414BananaCucumber/cucumber_0.jpg
1CarrotCabbage.jpg,carrot green cabbage,2778.9180327868853,1.3160741885625966,224.5066565865674,184.6237188487268,148.3396179666576,6.0,/home/aojwang/data/MergeDataset/cropped_images/1CarrotCabbage/carrot green cabbage_0.jpg
1788FishwetfryBrownUgali1CupSpinach(2).JPG,brown ugali,147.62186910853757,1.087323943661972,162.4841439830694,102.65161643435744,68.02767824563963,2.93,/home/aojwang/data/MergeDataset/cropped_images/1788FishwetfryBrownUgali1CupSpinach(2)/brown ugali_0.jpg
1788FishwetfryBrownUgali1CupSpinach(2).JPG,spinach cooked,280.80985725828174,1.1626187961985217,116.95821500469478,97.64958034694388,37.15033371793138,2.91,/home/aojwang/data/MergeDataset/cropped_images/1788FishwetfryBrownUgali1CupSpinach(2)/spinach cooked_1.jpg
1788FishwetfryBrownUgali1CupSpinach(2).JPG,fish fry,412.19956908160515,0.8959449120122418,161.72107883909607,94.97066247107965,55.03762568629667,55.34,/home/aojwang/data/MergeDataset/cropped_images/1788FishwetfryBrownUgali1CupSpinach(2)/fish fry_2.jpg
352TomatoCucumberCarrots.jpg,cucumber,826.7311827956989,1.9230028873917229,152.602044296462,130.8675181437453,92.18101306311124,0.9,/home/aojwang/data/MergeDataset/cropped_images/352TomatoCucumberCarrots/cucumber_0.jpg
352TomatoCucumberCarrots.jpg,tomato,775.8339307048984,1.168861347792409,159.7451603315814,60.835274949836226,51.94107290160406,1.5,/home/aojwang/data/MergeDataset/cropped_images/352TomatoCucumberCarrots/tomato_1.jpg
352TomatoCucumberCarrots.jpg,carrot,777.7299880525687,1.2223101265822784,185.49813301380524,116.03536161976159,67.928956720331,1.05,/home/aojwang/data/MergeDataset/cropped_images/352TomatoCucumberCarrots/carrot_2.jpg
21Pawpaw.jpg,pawpaw,6931.303448275862,2.218604651162791,146.06853266390658,99.86354957369814,79.48176677720964,0.941798,/home/aojwang/data/MergeDataset/cropped_images/21Pawpaw/pawpaw_0.jpg
1SugarWhite.jpg,white sugar,220.47566063977746,1.5952380952380953,208.76042021507004,212.3740153837743,223.75916066329384,5.0,/home/aojwang/data/MergeDataset/cropped_images/1SugarWhite/white sugar_0.jpg
674BrownChapati.jpg,brown chapati,2236.5181631254286,1.2125,190.5468779496672,159.07705695232724,73.10779846035034,12.41,/home/aojwang/data/MergeDataset/cropped_images/674BrownChapati/brown chapati_0.jpg
204AvocadoBanana.jpg,ripe banana,3187.4048223350255,1.08,210.6007377546856,205.50211153911235,165.02452705863618,1.4,/home/aojwang/data/MergeDataset/cropped_images/204AvocadoBanana/ripe banana_0.jpg
204AvocadoBanana.jpg,avocado,2713.0317258883247,1.0707714083510262,182.87168530906243,182.62917746597196,95.16140839312418,1.6,/home/aojwang/data/MergeDataset/cropped_images/204AvocadoBanana/avocado_1.jpg
2BeefFry.jpg,beef fry,2004.4686468646864,1.1507226428079835,166.83189334391474,117.7158415849735,89.43222074770233,5.0,/home/aojwang/data/MergeDataset/cropped_images/2BeefFry/beef fry_0.jpg
1540NjahiWhiteRice.JPG,black beans,1045.4428341384862,1.26993006993007,129.7499707341117,121.9728212316318,35.97120852715566,9.5,/home/aojwang/data/MergeDataset/cropped_images/1540NjahiWhiteRice/black beans_0.jpg
1540NjahiWhiteRice.JPG,white rice boiled,1120.975845410628,1.3280386740331491,166.52995183343245,165.51479760847891,68.88406768314931,1.2,/home/aojwang/data/MergeDataset/cropped_images/1540NjahiWhiteRice/white rice boiled_1.jpg
1286BeefstewBrownRiceSpinach.JPG,brown rice boiled,591.7665249323541,0.8101851851851852,189.30446306094456,152.65532758508067,96.01115977529558,20.0,/home/aojwang/data/MergeDataset/cropped_images/1286BeefstewBrownRiceSpinach/brown rice boiled_0.jpg
1286BeefstewBrownRiceSpinach.JPG,spinach cooked,577.7763819095477,1.385296119809394,113.0779486956478,111.77255583450274,71.9424516167879,6.57,/home/aojwang/data/MergeDataset/cropped_images/1286BeefstewBrownRiceSpinach/spinach cooked_2.jpg
2Flax.jpg,flax,2535.8431703204046,1.3770334928229666,193.64454914530626,170.21053296580894,156.89047550964088,29.0,/home/aojwang/data/MergeDataset/cropped_images/2Flax/flax_0.jpg
3MatumboFried.jpg,matumbo fry,2763.682096069869,1.398936170212766,140.77231944219724,125.84060692399483,125.70388122168514,6.0,/home/aojwang/data/MergeDataset/cropped_images/3MatumboFried/matumbo fry_0.jpg
1600BrownUgaliquoterCupCabbage.JPG,green cabbage cooked,704.1569620253165,1.1066775244299674,164.7365422458073,117.70734912382883,72.63396694254493,0.5,/home/aojwang/data/MergeDataset/cropped_images/1600BrownUgaliquoterCupCabbage/green cabbage cooked_0.jpg
1600BrownUgaliquoterCupCabbage.JPG,brown ugali,239.9451476793249,1.0671232876712329,114.36082262120387,57.9918054407653,38.2910651168516,0.6,/home/aojwang/data/MergeDataset/cropped_images/1600BrownUgaliquoterCupCabbage/brown ugali_1.jpg
1128Grilledchickenbreast.jpg,chicken breast grilled,3697.8546195652175,1.2237708091366628,159.28756930765402,125.95361551075628,59.016437752844105,160.36,/home/aojwang/data/MergeDataset/cropped_images/1128Grilledchickenbreast/chicken breast grilled_0.jpg
1166ChickendrumstickPlantains.jpg,plantain,5790.96511627907,1.3629417382999045,171.0589464074283,133.17080737235028,10.171625942309223,0.65,/home/aojwang/data/MergeDataset/cropped_images/1166ChickendrumstickPlantains/plantain_0.jpg
817WhiteChapati1EggyolkBeans.jpg,white chapati,1407.7291414752117,0.7597947761194029,214.08037649001767,162.42384675380006,87.817244062835,11.31,/home/aojwang/data/MergeDataset/cropped_images/817WhiteChapati1EggyolkBeans/white chapati_0.jpg
1170MincedMeatWhiteChapatiCabbage.JPG,mincemeat,665.9588100686499,1.2296511627906976,168.2272252460278,114.27668207776678,52.093649492825335,83.1,/home/aojwang/data/MergeDataset/cropped_images/1170MincedMeatWhiteChapatiCabbage/mincemeat_0.jpg
1170MincedMeatWhiteChapatiCabbage.JPG,green cabbage cooked,361.45652173913044,1.2945344129554657,204.57399426424362,187.28582157112876,113.27997423341236,2.4,/home/aojwang/data/MergeDataset/cropped_images/1170MincedMeatWhiteChapatiCabbage/green cabbage cooked_1.jpg
1170MincedMeatWhiteChapatiCabbage.JPG,white chapati,925.0769450800915,0.7748409202153695,216.17908306841937,175.7408747308731,110.87778368365053,24.96,/home/aojwang/data/MergeDataset/cropped_images/1170MincedMeatWhiteChapatiCabbage/white chapati_2.jpg
557Pigeonpeaquotercup.jpg,mbaazi,593.5101506221349,1.308411214953271,175.4515237948118,146.86635127828842,101.2640606207726,2.622,/home/aojwang/data/MergeDataset/cropped_images/557Pigeonpeaquotercup/mbaazi_0.jpg
1Blueberry.jpg,blueberry,318.2667964946446,1.4199759326113117,101.94603601949866,112.85052315976259,133.36068143343735,6.0,/home/aojwang/data/MergeDataset/cropped_images/1Blueberry/blueberry_0.jpg
1477FriedGitheri.JPG,githeri,10208.0,1.3456439393939394,144.1073377822916,114.4708708522594,18.124954350862602,31.05,/home/aojwang/data/MergeDataset/cropped_images/1477FriedGitheri/githeri_0.jpg
1261MincedMeatGreenBeansCabbage.JPG,green cabbage cooked,439.6147455867082,1.293979671618452,200.4488750416323,188.9166125348117,105.65625902033547,1.8,/home/aojwang/data/MergeDataset/cropped_images/1261MincedMeatGreenBeansCabbage/green cabbage cooked_0.jpg
1261MincedMeatGreenBeansCabbage.JPG,mincemeat,441.00436137071654,1.0413165266106443,167.1881224581292,130.75045680679804,48.524040752817605,41.55,/home/aojwang/data/MergeDataset/cropped_images/1261MincedMeatGreenBeansCabbage/mincemeat_1.jpg
508RoscocoBeans.jpg,rosecoco,435.10240511086056,1.3149962321024868,166.5836108334071,136.03541262256462,128.19694854282773,4.335,/home/aojwang/data/MergeDataset/cropped_images/508RoscocoBeans/rosecoco_0.jpg
2PastaBroccoli.jpg,broccoli,435.3250497017893,1.2683513838748495,176.68735685726486,134.38637749265305,95.20618148272469,2.0,/home/aojwang/data/MergeDataset/cropped_images/2PastaBroccoli/broccoli_0.jpg
2PastaBroccoli.jpg,pasta,657.9438369781312,1.9169675090252707,214.43080927916432,162.49402658895,124.23718917677596,45.0,/home/aojwang/data/MergeDataset/cropped_images/2PastaBroccoli/pasta_1.jpg
594ButterBeans.jpg,butternut beans,1466.7087608524073,1.4481897627965044,187.6513880817082,100.22678817426493,71.39572328770072,6.93,/home/aojwang/data/MergeDataset/cropped_images/594ButterBeans/butternut beans_0.jpg
516RoscocoBeans.jpg,rosecoco,3058.8714285714286,1.3953068592057762,160.30616450511627,110.42353184647932,92.27536109839764,43.35,/home/aojwang/data/MergeDataset/cropped_images/516RoscocoBeans/rosecoco_0.jpg
1120Chickenwings.jpg,chicken wing,2202.960640426951,1.5062082139446036,134.5029484549569,106.01860783505005,40.029917437810354,131.56,/home/aojwang/data/MergeDataset/cropped_images/1120Chickenwings/chicken wing_0.jpg
762BrownRiceCowpeas.jpg,brown rice boiled,4436.265270506108,1.38450184501845,184.69838826426644,157.29461876175264,89.25877898331223,24.0,/home/aojwang/data/MergeDataset/cropped_images/762BrownRiceCowpeas/brown rice boiled_0.jpg
762BrownRiceCowpeas.jpg,cowpeas,5890.624781849912,1.782703488372093,128.32697029740518,92.12493363607922,53.8662331483044,28.5,/home/aojwang/data/MergeDataset/cropped_images/762BrownRiceCowpeas/cowpeas_1.jpg
1173MincedMeatCabbageWhiteRice.JPG,mincemeat,381.8463338533541,1.4774322968906721,165.1179621689236,98.45308430382798,36.78992646643256,41.55,/home/aojwang/data/MergeDataset/cropped_images/1173MincedMeatCabbageWhiteRice/mincemeat_0.jpg
1173MincedMeatCabbageWhiteRice.JPG,white rice boiled,608.7636505460218,1.4539007092198581,231.50492695313085,193.51896997614577,134.91180132447502,3.9,/home/aojwang/data/MergeDataset/cropped_images/1173MincedMeatCabbageWhiteRice/white rice boiled_2.jpg
3UgaliWEggSukuma.jpg,sukumawiki,1239.3333333333333,1.3798816568047336,105.48896140144326,114.26785754158759,101.85317121195206,4.0,/home/aojwang/data/MergeDataset/cropped_images/3UgaliWEggSukuma/sukumawiki_0.jpg
3UgaliWEggSukuma.jpg,white ugali,1909.3119496855345,0.7249481686247409,219.42548568650304,213.0577816896073,209.13540325040532,131.0,/home/aojwang/data/MergeDataset/cropped_images/3UgaliWEggSukuma/white ugali_1.jpg
3UgaliWEggSukuma.jpg,egg fry,1499.8729559748429,1.5717566016073479,199.77760883731034,192.8193884765083,184.27464632224616,2.0,/home/aojwang/data/MergeDataset/cropped_images/3UgaliWEggSukuma/egg fry_2.jpg
645Arrowroots.jpg,arrowroots,837.07813570939,1.2935234699940583,169.3549742609701,154.0639696977885,134.5639720177265,14.4,/home/aojwang/data/MergeDataset/cropped_images/645Arrowroots/arrowroots_0.jpg
1789FishwetfryBrownUgali1CupSpinach.JPG,brown ugali,371.10159529806884,0.9956672443674177,170.9395797415581,119.66214913729519,87.58319343321674,2.93,/home/aojwang/data/MergeDataset/cropped_images/1789FishwetfryBrownUgali1CupSpinach/brown ugali_0.jpg
1789FishwetfryBrownUgali1CupSpinach.JPG,fish fry,882.6328015673104,1.0262407301768397,172.86676314755584,111.38765752793512,70.8864844416639,98.36,/home/aojwang/data/MergeDataset/cropped_images/1789FishwetfryBrownUgali1CupSpinach/fish fry_1.jpg
1789FishwetfryBrownUgali1CupSpinach.JPG,spinach cooked,748.3240973971452,0.8800917957544464,121.73034585726029,114.1223261457078,44.85403637272128,2.91,/home/aojwang/data/MergeDataset/cropped_images/1789FishwetfryBrownUgali1CupSpinach/spinach cooked_2.jpg
73Bananapeeled.jpg,ripe banana,6659.496221662468,1.4723880597014924,176.8443748061517,170.360226490457,140.676009713218,0.7,/home/aojwang/data/MergeDataset/cropped_images/73Bananapeeled/ripe banana_0.jpg
3PotatoSweetEggSpinach.jpg,sweet potato,682.6256157635468,1.511860174781523,193.79231472632785,177.7981940410985,124.1517415781883,62.0,/home/aojwang/data/MergeDataset/cropped_images/3PotatoSweetEggSpinach/sweet potato_0.jpg
3PotatoSweetEggSpinach.jpg,sweet potato,226.79662209711472,1.2198443579766538,198.22897622549476,179.392844066303,122.36153258987582,62.0,/home/aojwang/data/MergeDataset/cropped_images/3PotatoSweetEggSpinach/sweet potato_1.jpg
3PotatoSweetEggSpinach.jpg,spinach cooked,1067.8775510204082,1.6160990712074303,132.3347725861871,135.76692473050255,116.83864815671512,4.0,/home/aojwang/data/MergeDataset/cropped_images/3PotatoSweetEggSpinach/spinach cooked_2.jpg
3PotatoSweetEggSpinach.jpg,boiled egg,450.2519352568614,1.081924577373212,187.37241641242372,189.68197803090928,182.30058861408423,2.0,/home/aojwang/data/MergeDataset/cropped_images/3PotatoSweetEggSpinach/boiled egg_3.jpg
1EnergyDrinkRB.jpg,energy drink,242.83481179573243,0.5884146341463414,124.33520097466194,185.6341878080374,186.1198305004423,11.0,/home/aojwang/data/MergeDataset/cropped_images/1EnergyDrinkRB/energy drink_0.jpg
34Pineapple.jpg,pineapple,4261.095495495496,0.588879285508499,159.93706379557543,143.17393488457057,109.68666504856284,13.07989,/home/aojwang/data/MergeDataset/cropped_images/34Pineapple/pineapple_0.jpg
1707BeefSausageChipsKachumbari1Cup.JPG,kachumbari,367.22791470506786,1.180188679245283,170.86201529342563,92.4351635672594,66.89455605327059,1.99,/home/aojwang/data/MergeDataset/cropped_images/1707BeefSausageChipsKachumbari1Cup/kachumbari_0.jpg
1707BeefSausageChipsKachumbari1Cup.JPG,potato chips,565.5087233453337,1.125463994060876,218.86591771414245,177.93219075714038,73.48843369316747,7.2,/home/aojwang/data/MergeDataset/cropped_images/1707BeefSausageChipsKachumbari1Cup/potato chips_1.jpg
3PorkFried.jpg,pork fry,1300.158844765343,1.2098360655737705,180.76011928561908,160.92477620063084,160.13589841841042,0.0,/home/aojwang/data/MergeDataset/cropped_images/3PorkFried/pork fry_0.jpg
1MaizeZucciniCarrot.jpg,maize,367.10664993726476,0.8578767123287672,211.39124832526727,189.16447926065678,141.11454488283707,18.0,/home/aojwang/data/MergeDataset/cropped_images/1MaizeZucciniCarrot/maize_0.jpg
1MaizeZucciniCarrot.jpg,carrot,674.3074027603514,2.158316633266533,210.8610293939783,148.21199502068202,106.83218991371787,4.0,/home/aojwang/data/MergeDataset/cropped_images/1MaizeZucciniCarrot/carrot_1.jpg
1MaizeZucciniCarrot.jpg,zucchini,1133.5106649937266,2.1448382126348227,166.46158324920745,163.16952362609143,134.76943197315055,3.0,/home/aojwang/data/MergeDataset/cropped_images/1MaizeZucciniCarrot/zucchini_2.jpg
1005Kales.jpg,sukumawiki,859.3950437317784,1.2468513853904282,95.79644075798568,106.29487429571392,46.40962889459951,0.8,/home/aojwang/data/MergeDataset/cropped_images/1005Kales/sukumawiki_0.jpg
1211MincedMeatRoscocoBeansSpinach.JPG,rosecoco,425.319768687085,1.2082683307332294,168.19968194466966,88.25483654594731,62.069650894492845,8.67,/home/aojwang/data/MergeDataset/cropped_images/1211MincedMeatRoscocoBeansSpinach/rosecoco_0.jpg
1211MincedMeatRoscocoBeansSpinach.JPG,spinach cooked,417.9535232383808,1.271186440677966,129.03601265741702,104.70226116812073,51.671774216277846,2.91,/home/aojwang/data/MergeDataset/cropped_images/1211MincedMeatRoscocoBeansSpinach/spinach cooked_1.jpg
1211MincedMeatRoscocoBeansSpinach.JPG,mincemeat,354.1871921182266,1.2504347826086957,187.34201971337,128.7438888552942,75.35223801173127,41.55,/home/aojwang/data/MergeDataset/cropped_images/1211MincedMeatRoscocoBeansSpinach/mincemeat_2.jpg
648Arrowroots.jpg,arrowroots,795.6620450606586,1.4318673395818313,165.04536296251118,159.35780782710407,139.6581579346703,4.2,/home/aojwang/data/MergeDataset/cropped_images/648Arrowroots/arrowroots_0.jpg
1293BeefstewSpaghettiSpinach.JPG,spaghetti,370.51763367463025,1.0781122864117167,216.780075226062,200.82616086095462,121.62211891858698,6.6,/home/aojwang/data/MergeDataset/cropped_images/1293BeefstewSpaghettiSpinach/spaghetti_0.jpg
1293BeefstewSpaghettiSpinach.JPG,spinach cooked,458.3453924914676,1.0336676217765044,107.17892721904184,107.99217842484317,36.20304473527969,3.29,/home/aojwang/data/MergeDataset/cropped_images/1293BeefstewSpaghettiSpinach/spinach cooked_1.jpg
1249MincedMeatRoscocoBeansCabbage.JPG,green cabbage cooked,476.5394296951819,1.1800418702023727,194.2664295975203,149.97994596408142,95.76450714199346,1.8,/home/aojwang/data/MergeDataset/cropped_images/1249MincedMeatRoscocoBeansCabbage/green cabbage cooked_0.jpg
1249MincedMeatRoscocoBeansCabbage.JPG,rosecoco,520.9651917404129,1.5296352583586625,142.56766353051668,62.088083234054636,41.82996880459385,13.005,/home/aojwang/data/MergeDataset/cropped_images/1249MincedMeatRoscocoBeansCabbage/rosecoco_1.jpg
1350ChickenWetfryWhiteChapatiSpinach.JPG,chicken wing,2195.3764705882354,1.2787958115183247,157.7223961989636,118.24870516647286,38.28904261362114,137.21,/home/aojwang/data/MergeDataset/cropped_images/1350ChickenWetfryWhiteChapatiSpinach/chicken wing_0.jpg
1350ChickenWetfryWhiteChapatiSpinach.JPG,spinach cooked,1461.3117647058823,1.1979813664596273,106.46803637344368,105.23324581459849,49.903023270792154,3.29,/home/aojwang/data/MergeDataset/cropped_images/1350ChickenWetfryWhiteChapatiSpinach/spinach cooked_1.jpg
909SweetPotatoroundcut.jpg,sweet potato,4377.082628497073,1.1355792933442892,169.7615897613048,152.6579751756056,68.74161332402636,6.85,/home/aojwang/data/MergeDataset/cropped_images/909SweetPotatoroundcut/sweet potato_0.jpg
367CabbageCarrotsgratedOnions.jpg,carrot,2059.5804195804194,1.2293436293436293,199.17219786189636,132.2470183931239,75.19289255156089,1.05,/home/aojwang/data/MergeDataset/cropped_images/367CabbageCarrotsgratedOnions/carrot_0.jpg
367CabbageCarrotsgratedOnions.jpg,onions,1573.0309690309691,1.198952879581152,155.85535982380333,113.17381068509924,136.9072325486281,2.25,/home/aojwang/data/MergeDataset/cropped_images/367CabbageCarrotsgratedOnions/onions_1.jpg
367CabbageCarrotsgratedOnions.jpg,green cabbage,1651.5614385614385,1.5081184336198663,213.03035543514358,200.49986964777074,179.04189357330242,1.65,/home/aojwang/data/MergeDataset/cropped_images/367CabbageCarrotsgratedOnions/green cabbage_2.jpg
1BeerWCap.jpg,white cap beer,799.1786802030457,0.7551420176297747,189.25535861055323,157.95460059883814,91.73096364160668,10.5,/home/aojwang/data/MergeDataset/cropped_images/1BeerWCap/white cap beer_0.jpg
3UgaliWFishSpinach.jpg,white ugali,178.28495102404275,1.7268722466960353,216.04136074400392,201.7573034353242,166.8632925269961,90.0,/home/aojwang/data/MergeDataset/cropped_images/3UgaliWFishSpinach/white ugali_0.jpg
3UgaliWFishSpinach.jpg,spinach cooked,189.96438112199465,1.4025641025641025,124.59842028781699,108.89078423100361,70.67277223081611,4.0,/home/aojwang/data/MergeDataset/cropped_images/3UgaliWFishSpinach/spinach cooked_1.jpg
3UgaliWFishSpinach.jpg,fish fry,428.26357969723955,1.5557553956834533,167.71251715390693,136.79607799309684,99.24045359088451,0.0,/home/aojwang/data/MergeDataset/cropped_images/3UgaliWFishSpinach/fish fry_2.jpg
1267MincedMeatGreenGramsCabbage.JPG,ndengu,1434.9468546637745,1.1666666666666667,161.02807438430682,144.16557106803293,55.055626101173,6.0,/home/aojwang/data/MergeDataset/cropped_images/1267MincedMeatGreenGramsCabbage/ndengu_0.jpg
1267MincedMeatGreenGramsCabbage.JPG,green cabbage cooked,1207.0683297180044,1.0572019297036526,208.10734403374195,200.23681550376173,112.31606040702047,1.2,/home/aojwang/data/MergeDataset/cropped_images/1267MincedMeatGreenGramsCabbage/green cabbage cooked_1.jpg
1267MincedMeatGreenGramsCabbage.JPG,mincemeat,851.718546637744,1.5674325674325675,174.53411916318225,138.2799463124511,52.81147151128031,27.7,/home/aojwang/data/MergeDataset/cropped_images/1267MincedMeatGreenGramsCabbage/mincemeat_2.jpg
2UgaliWEggSukuma.jpg,white ugali,1819.125,0.786096256684492,211.78046370063177,206.94648566497307,204.05007962781073,90.0,/home/aojwang/data/MergeDataset/cropped_images/2UgaliWEggSukuma/white ugali_0.jpg
2UgaliWEggSukuma.jpg,egg fry,1543.1911764705883,1.318295739348371,190.80124026797031,185.8759970267875,176.53825390472377,1.0,/home/aojwang/data/MergeDataset/cropped_images/2UgaliWEggSukuma/egg fry_1.jpg
2UgaliWEggSukuma.jpg,sukumawiki,2093.981617647059,1.218200620475698,105.7304889889266,113.08478517740794,104.57408135711063,4.0,/home/aojwang/data/MergeDataset/cropped_images/2UgaliWEggSukuma/sukumawiki_2.jpg
2SpaghettiMincedCarrot.jpg,spaghetti,231.15451505016722,1.6527777777777777,227.4282531194296,199.6828676374131,137.19970619101636,50.0,/home/aojwang/data/MergeDataset/cropped_images/2SpaghettiMincedCarrot/spaghetti_1.jpg
2SpaghettiMincedCarrot.jpg,carrot,152.6722408026756,0.7507853403141361,219.18135483070094,163.76450305592675,57.151663052129656,7.0,/home/aojwang/data/MergeDataset/cropped_images/2SpaghettiMincedCarrot/carrot_2.jpg
1144MincedMeatBrownChapatihalfKales.JPG,sukumawiki,392.85741194198533,1.3564516129032258,97.97069397031184,87.40889302289901,32.42076157416286,2.0,/home/aojwang/data/MergeDataset/cropped_images/1144MincedMeatBrownChapatihalfKales/sukumawiki_0.jpg
1144MincedMeatBrownChapatihalfKales.JPG,mincemeat,293.27519306837445,1.3299445471349354,167.12603741302172,114.54879068566562,50.828487897864996,27.7,/home/aojwang/data/MergeDataset/cropped_images/1144MincedMeatBrownChapatihalfKales/mincemeat_1.jpg
79Bananapeeled.jpg,ripe banana,13614.281098546042,1.6,170.41639136894167,151.62452582340126,108.57984618926244,6.3,/home/aojwang/data/MergeDataset/cropped_images/79Bananapeeled/ripe banana_0.jpg
379CucumberCarrotsgrated.jpg,cucumber,3507.294117647059,0.9779507133592736,153.59227268661388,137.04703965362424,90.97164065752219,1.2,/home/aojwang/data/MergeDataset/cropped_images/379CucumberCarrotsgrated/cucumber_0.jpg
379CucumberCarrotsgrated.jpg,carrot,3845.4841628959275,0.9398907103825137,197.64737036566368,116.40154324909906,47.23200039536296,1.4,/home/aojwang/data/MergeDataset/cropped_images/379CucumberCarrotsgrated/carrot_1.jpg
1534Njahi.JPG,black beans,1560.0701754385964,1.3099613152804641,115.08862374362127,116.72070300088608,126.86905815060194,47.5,/home/aojwang/data/MergeDataset/cropped_images/1534Njahi/black beans_0.jpg
231Cucumber.jpg,cucumber,4179.516734693878,1.298086606243706,179.98651850775443,188.8396338371705,150.45293509180243,3.0,/home/aojwang/data/MergeDataset/cropped_images/231Cucumber/cucumber_0.jpg
1181MincedMeatCabbageBrownRice.JPG,green cabbage cooked,723.3793484262839,1.1231481481481482,204.26794449024456,162.1773243565082,109.98556150957222,0.5,/home/aojwang/data/MergeDataset/cropped_images/1181MincedMeatCabbageBrownRice/green cabbage cooked_0.jpg
1181MincedMeatCabbageBrownRice.JPG,mincemeat,538.2771949199338,1.1417748917748918,170.69908188178331,86.33941958515418,48.3041700006155,13.85,/home/aojwang/data/MergeDataset/cropped_images/1181MincedMeatCabbageBrownRice/mincemeat_1.jpg
1181MincedMeatCabbageBrownRice.JPG,brown rice boiled,490.05245720596355,1.0932297447280799,202.96240274483512,136.8322360377922,99.64234550443106,4.0,/home/aojwang/data/MergeDataset/cropped_images/1181MincedMeatCabbageBrownRice/brown rice boiled_2.jpg
476GrapesCucumber.jpg,cucumber,183.26307725979427,1.6657263751763047,169.907852230127,145.93535396480954,119.55634762441048,0.3,/home/aojwang/data/MergeDataset/cropped_images/476GrapesCucumber/cucumber_0.jpg
476GrapesCucumber.jpg,red grapes,411.2934996717006,1.6111111111111112,139.61252447850148,81.33609780757769,72.19895806726267,1.180098,/home/aojwang/data/MergeDataset/cropped_images/476GrapesCucumber/red grapes_1.jpg
2FishFillet.jpg,fish fillet,540.3260437375745,0.6614664586583463,234.58073966826598,108.43326777882436,94.38142421923293,0.0,/home/aojwang/data/MergeDataset/cropped_images/2FishFillet/fish fillet_0.jpg
127Grapesquotercup.jpg,red grapes,2004.8347107438017,1.412807881773399,126.72812553675344,106.85710300856745,118.62774010484297,0.82606879,/home/aojwang/data/MergeDataset/cropped_images/127Grapesquotercup/red grapes_0.jpg
1014Kales1cup.jpg,sukumawiki,529.2967856438572,1.1436031331592689,101.15872758622746,110.89104954278288,32.50622563396402,2.4,/home/aojwang/data/MergeDataset/cropped_images/1014Kales1cup/sukumawiki_0.jpg
1RiceBLiver.jpg,liver fry,116.27023411371238,1.5395189003436427,200.24800564555719,156.80219072164948,149.56717522704957,1.0,/home/aojwang/data/MergeDataset/cropped_images/1RiceBLiver/liver fry_0.jpg
1RiceBLiver.jpg,brown rice boiled,268.5003344481605,0.8707482993197279,222.50166663345024,203.22774251302084,174.06691196986608,25.0,/home/aojwang/data/MergeDataset/cropped_images/1RiceBLiver/brown rice boiled_1.jpg
724WhiteRicequotercupRoscocoBeanshalfcup.jpg,rosecoco,804.8463039765796,1.6020905923344948,183.1749268353306,108.9116452691899,61.08677125185469,10.404,/home/aojwang/data/MergeDataset/cropped_images/724WhiteRicequotercupRoscocoBeanshalfcup/rosecoco_0.jpg
724WhiteRicequotercupRoscocoBeanshalfcup.jpg,white rice boiled,144.82849475481825,1.1079234972677596,219.53520412632318,168.60625585359773,117.5131036364739,1.2,/home/aojwang/data/MergeDataset/cropped_images/724WhiteRicequotercupRoscocoBeanshalfcup/white rice boiled_1.jpg
1TeaWhite.jpg,white tea,12.476531689162917,0.7760223048327137,191.81395276361775,192.0182690381319,182.58781581817777,15.2,/home/aojwang/data/MergeDataset/cropped_images/1TeaWhite/white tea_0.jpg
1141FriedEggs.jpg,egg fry,6221.872555205047,1.2542796005706134,202.05230656720548,179.15092031084396,91.95874460588209,30.0,/home/aojwang/data/MergeDataset/cropped_images/1141FriedEggs/egg fry_0.jpg
469GrapesShreddedCarrots.jpg,red grapes,1046.0268845545597,1.492627927146574,140.79579028106957,66.76953232680529,46.33423658465171,1.180098,/home/aojwang/data/MergeDataset/cropped_images/469GrapesShreddedCarrots/red grapes_0.jpg
469GrapesShreddedCarrots.jpg,carrot,1128.6879283078545,1.6105810928013877,197.6614100744423,103.34611962612108,30.461261647520153,0.7,/home/aojwang/data/MergeDataset/cropped_images/469GrapesShreddedCarrots/carrot_1.jpg
2RiceBLiver.jpg,liver fry,173.3674470457079,1.2427307206068268,174.42483920710228,123.53634414631543,119.14821240481356,1.0,/home/aojwang/data/MergeDataset/cropped_images/2RiceBLiver/liver fry_0.jpg
2RiceBLiver.jpg,brown rice boiled,331.62987736900783,1.8526785714285714,210.96974975796041,188.97058681153183,160.34837295611015,49.0,/home/aojwang/data/MergeDataset/cropped_images/2RiceBLiver/brown rice boiled_1.jpg
895WhiteChapati3Greengrams.jpg,ndengu,237.13182026593307,1.843791722296395,128.8527517742701,92.10986601493278,37.909167811487,3.7,/home/aojwang/data/MergeDataset/cropped_images/895WhiteChapati3Greengrams/ndengu_0.jpg
895WhiteChapati3Greengrams.jpg,white chapati,1115.5029802842732,1.6916273584905661,159.99707490447662,112.41343192848734,57.0253067106414,33.54,/home/aojwang/data/MergeDataset/cropped_images/895WhiteChapati3Greengrams/white chapati_1.jpg
1478FriedGitheri.JPG,githeri,8056.2440251572325,1.314907113729044,150.01752084480276,124.94497490442197,31.5330406634863,34.5,/home/aojwang/data/MergeDataset/cropped_images/1478FriedGitheri/githeri_0.jpg
1075Beefstewonecup.jpg,beef stew,858.5530128070544,1.4368701837581506,149.55542872010972,122.74680946903226,94.23420800882697,43.39,/home/aojwang/data/MergeDataset/cropped_images/1075Beefstewonecup/beef stew_0.jpg
1151MincedMeatBrownChapatiKales.JPG,sukumawiki,1460.5337423312883,0.844207723035952,108.3583571011522,103.29106617044782,39.85313850722696,4.0,/home/aojwang/data/MergeDataset/cropped_images/1151MincedMeatBrownChapatiKales/sukumawiki_0.jpg
1151MincedMeatBrownChapatiKales.JPG,mincemeat,1250.7668711656443,1.8776824034334765,178.76721152667076,132.27634396076027,67.4878626609442,83.1,/home/aojwang/data/MergeDataset/cropped_images/1151MincedMeatBrownChapatiKales/mincemeat_1.jpg
1292BeefstewSpaghettiSpinach.JPG,spaghetti,382.8395490026019,1.1613949716139498,209.85727344397776,191.23287605286646,108.46034391750149,6.6,/home/aojwang/data/MergeDataset/cropped_images/1292BeefstewSpaghettiSpinach/spaghetti_0.jpg
1292BeefstewSpaghettiSpinach.JPG,spinach cooked,482.3705550737207,1.0925017519271198,102.07040521995619,101.91751266354504,31.02890376335072,3.29,/home/aojwang/data/MergeDataset/cropped_images/1292BeefstewSpaghettiSpinach/spinach cooked_1.jpg
3RiceWBeanTerere.jpg,white rice boiled,216.15477252453167,1.0030518819938963,210.56010598016172,198.18600385044746,177.10800030539454,56.0,/home/aojwang/data/MergeDataset/cropped_images/3RiceWBeanTerere/white rice boiled_0.jpg
3RiceWBeanTerere.jpg,terere,217.85459411239964,1.8381344307270233,122.87984767520423,122.43783039534836,95.55772270335565,3.0,/home/aojwang/data/MergeDataset/cropped_images/3RiceWBeanTerere/terere_1.jpg
3RiceWBeanTerere.jpg,rosecoco,327.7520071364853,1.8637387387387387,164.85026332979504,110.45946082033696,86.24073038295093,86.0,/home/aojwang/data/MergeDataset/cropped_images/3RiceWBeanTerere/rosecoco_2.jpg
3PeasBoiled.jpg,boiled peas,3599.253112033195,1.389873417721519,156.1571888473865,157.14792113393742,114.18444208111411,39.0,/home/aojwang/data/MergeDataset/cropped_images/3PeasBoiled/boiled peas_0.jpg
3SpaghettiMinced.jpg,spaghetti,371.7257525083612,1.911134903640257,223.82314553230285,196.43074514602415,141.38531661058428,74.0,/home/aojwang/data/MergeDataset/cropped_images/3SpaghettiMinced/spaghetti_0.jpg
3SpaghettiMinced.jpg,mincemeat,308.3578595317726,1.1534246575342466,176.082762285925,137.8277956738504,94.92846777080011,0.0,/home/aojwang/data/MergeDataset/cropped_images/3SpaghettiMinced/mincemeat_1.jpg
1703BeefSausageChipsKachumbarihalfCup.JPG,kachumbari,542.358886509636,1.3079268292682926,179.91693909071958,77.93001149708466,57.46609465511904,1.43,/home/aojwang/data/MergeDataset/cropped_images/1703BeefSausageChipsKachumbarihalfCup/kachumbari_0.jpg
1703BeefSausageChipsKachumbarihalfCup.JPG,potato chips,773.6942184154176,1.186385737439222,208.8769467766648,169.32945306480326,66.95921843310218,7.2,/home/aojwang/data/MergeDataset/cropped_images/1703BeefSausageChipsKachumbarihalfCup/potato chips_1.jpg
1358YellowMaizeboiled.JPG,boiled yellow maize,2957.8142474147835,1.3003693065244153,207.7450084832639,153.93755882702933,86.10545752974969,12.65,/home/aojwang/data/MergeDataset/cropped_images/1358YellowMaizeboiled/boiled yellow maize_0.jpg
1Guava.jpg,guava,76.67994567677682,1.188073394495413,196.93728525379902,137.48620114216445,113.60936165523322,0.0,/home/aojwang/data/MergeDataset/cropped_images/1Guava/guava_0.jpg
1Liver.jpg,liver fry,902.697247706422,1.5483870967741935,153.76936601825315,144.2301309022908,149.23254593776042,1.0,/home/aojwang/data/MergeDataset/cropped_images/1Liver/liver fry_0.jpg
1278BeefstewBrownRiceSpinach.JPG,spinach cooked,1119.6373626373627,1.3183453237410072,106.85977848008088,92.9520945998999,46.62118265823903,2.91,/home/aojwang/data/MergeDataset/cropped_images/1278BeefstewBrownRiceSpinach/spinach cooked_0.jpg
1278BeefstewBrownRiceSpinach.JPG,brown rice boiled,1367.5089285714287,0.9004707464694015,212.43779371430668,170.69237649873713,102.87907646704599,8.0,/home/aojwang/data/MergeDataset/cropped_images/1278BeefstewBrownRiceSpinach/brown rice boiled_1.jpg
309CabbageCucumber.jpg,green cabbage,182.13565217391303,1.2874493927125505,207.0812310620528,182.42039537341176,157.29962060448653,0.55,/home/aojwang/data/MergeDataset/cropped_images/309CabbageCucumber/green cabbage_0.jpg
309CabbageCucumber.jpg,cucumber,153.00811594202898,1.0009737098344693,166.61722973868962,138.14735696505633,100.25770632608292,0.3,/home/aojwang/data/MergeDataset/cropped_images/309CabbageCucumber/cucumber_1.jpg
1LettuceRedpepper.jpg,lettuce red bell pepper,1060.706455542022,1.3029661016949152,164.70342772495522,157.80921638877405,122.21315052133572,8.0,/home/aojwang/data/MergeDataset/cropped_images/1LettuceRedpepper/lettuce red bell pepper_0.jpg
1597WhiteUgalihalfCupSpinach.JPG,spinach cooked,1847.291273139403,1.4210242587601079,97.57432645231482,119.87262719386148,115.34287841170769,3.29,/home/aojwang/data/MergeDataset/cropped_images/1597WhiteUgalihalfCupSpinach/spinach cooked_0.jpg
1597WhiteUgalihalfCupSpinach.JPG,white ugali,441.0547789950888,1.0629770992366412,175.22284817109104,193.59995186180055,202.46305093398385,5.03,/home/aojwang/data/MergeDataset/cropped_images/1597WhiteUgalihalfCupSpinach/white ugali_1.jpg
564WhiteRice.jpg,white rice boiled,1922.6082543978348,1.3422680412371133,202.56516065687998,191.31235195478627,114.68355002349017,4.8,/home/aojwang/data/MergeDataset/cropped_images/564WhiteRice/white rice boiled_0.jpg
1696BeefSausageChipsKachumbarithirdCup.JPG,kachumbari,176.28932529651954,1.052801724137931,179.03502872092614,84.52054252108849,57.533223184978645,0.92,/home/aojwang/data/MergeDataset/cropped_images/1696BeefSausageChipsKachumbarithirdCup/kachumbari_0.jpg
1696BeefSausageChipsKachumbarithirdCup.JPG,potato chips,359.8697258409489,1.2075928917609047,221.877832948817,185.66583225722792,92.76995099442946,7.2,/home/aojwang/data/MergeDataset/cropped_images/1696BeefSausageChipsKachumbarithirdCup/potato chips_1.jpg
894WhiteChapati2Greengrams.jpg,white chapati,1703.9078998073219,1.662170447578173,177.1121683103626,127.19600867641674,64.3397874228143,24.57,/home/aojwang/data/MergeDataset/cropped_images/894WhiteChapati2Greengrams/white chapati_0.jpg
894WhiteChapati2Greengrams.jpg,ndengu,523.2763005780347,2.0244200244200243,138.00280064393453,99.20021695232793,40.085588650727374,3.7,/home/aojwang/data/MergeDataset/cropped_images/894WhiteChapati2Greengrams/ndengu_1.jpg
1550NjahiWhiteRiceSpinach.JPG,black beans,564.251657317695,1.845662100456621,135.33499578625347,94.7661029509782,62.763242122101495,9.5,/home/aojwang/data/MergeDataset/cropped_images/1550NjahiWhiteRiceSpinach/black beans_0.jpg
1550NjahiWhiteRiceSpinach.JPG,white rice boiled,780.2715451300357,1.0907462686567164,184.89132792523426,149.39982060142637,118.05657394472628,2.4,/home/aojwang/data/MergeDataset/cropped_images/1550NjahiWhiteRiceSpinach/white rice boiled_1.jpg
1550NjahiWhiteRiceSpinach.JPG,spinach cooked,550.0405405405405,1.2513328255902514,110.70305002783626,88.20354625939676,44.38743377591657,2.91,/home/aojwang/data/MergeDataset/cropped_images/1550NjahiWhiteRiceSpinach/spinach cooked_2.jpg
915Mandazi.jpg,mandazi,146.3550753370341,1.2354463130659767,154.9101359360078,124.52400181518934,27.058967915851074,2.11,/home/aojwang/data/MergeDataset/cropped_images/915Mandazi/mandazi_0.jpg
1692BeefSausageChipsKachumbarithirdCup.JPG,kachumbari,148.11995289367428,0.9261538461538461,171.84978504699436,76.17090155322714,46.96727603146208,0.92,/home/aojwang/data/MergeDataset/cropped_images/1692BeefSausageChipsKachumbarithirdCup/kachumbari_0.jpg
1692BeefSausageChipsKachumbarithirdCup.JPG,sausage,177.95087483176312,0.9836065573770492,166.04484561423413,89.10390360580105,41.70999962183523,10.28,/home/aojwang/data/MergeDataset/cropped_images/1692BeefSausageChipsKachumbarithirdCup/sausage_1.jpg
1692BeefSausageChipsKachumbarithirdCup.JPG,potato chips,238.5871467025572,1.3061420345489443,216.22364370220046,174.87207596875393,78.4895209433055,4.8,/home/aojwang/data/MergeDataset/cropped_images/1692BeefSausageChipsKachumbarithirdCup/potato chips_2.jpg
2Broccoli.jpg,broccoli,851.71904181892,1.4665551839464883,145.52533959645035,173.1114518939986,144.23864992773326,4.0,/home/aojwang/data/MergeDataset/cropped_images/2Broccoli/broccoli_0.jpg
3Avocado.jpg,avocado,285.64821240006034,1.7608486017357763,144.26147810317275,133.2472044749525,110.2368694555552,0.0,/home/aojwang/data/MergeDataset/cropped_images/3Avocado/avocado_0.jpg
236Zucchini1cup.jpg,zucchini,2466.059914407989,1.259733859043864,184.8506096267656,188.09602874902336,158.0537044621378,1.8,/home/aojwang/data/MergeDataset/cropped_images/236Zucchini1cup/zucchini_0.jpg
972MashedIrishpotato1cup.jpg,irish potato mashed,1011.7114517583409,1.0761772853185596,157.4731788575279,148.75536280245421,92.86015180198005,16.71,/home/aojwang/data/MergeDataset/cropped_images/972MashedIrishpotato1cup/irish potato mashed_0.jpg
844WhiteChapatiquoterMonkeynutBeans.jpg,white chapati,986.4167916041979,1.4656716417910447,208.70536903061068,182.8811893941697,68.1731434477308,3.12,/home/aojwang/data/MergeDataset/cropped_images/844WhiteChapatiquoterMonkeynutBeans/white chapati_0.jpg
844WhiteChapatiquoterMonkeynutBeans.jpg,monkeynut beans,1046.8856821589206,1.6968043647700701,124.95383823871116,81.51201947949423,38.400891700270414,23.4,/home/aojwang/data/MergeDataset/cropped_images/844WhiteChapatiquoterMonkeynutBeans/monkeynut beans_1.jpg
2CabbageRed.jpg,red cabbage cooked,1562.8088012139606,1.2851500789889416,130.30823164781515,120.34268772132197,160.22498934353249,8.0,/home/aojwang/data/MergeDataset/cropped_images/2CabbageRed/red cabbage cooked_0.jpg
3Cashewnut.jpg,cashewnut,4251.9392917369305,1.2864285714285715,204.99378718172443,178.46380423574206,131.6740223685254,32.0,/home/aojwang/data/MergeDataset/cropped_images/3Cashewnut/cashewnut_0.jpg
2Pumpkin.jpg,pumpkin,479.981323589119,0.9612263300270514,213.44828090820965,155.46224139185279,118.53156419335575,22.0,/home/aojwang/data/MergeDataset/cropped_images/2Pumpkin/pumpkin_0.jpg
381LettuceCarrotsgrated.jpg,carrot,337.8527906409944,1.0913930789707187,180.57260660361706,98.42029634759524,42.53889237561408,0.35,/home/aojwang/data/MergeDataset/cropped_images/381LettuceCarrotsgrated/carrot_0.jpg
381LettuceCarrotsgrated.jpg,lettuce,541.1903485254692,1.3261205564142196,185.5323683271906,170.652961219615,127.5588037670727,0.6,/home/aojwang/data/MergeDataset/cropped_images/381LettuceCarrotsgrated/lettuce_1.jpg
392BananaCabbage.jpg,green cabbage,3323.74180734856,1.1105990783410138,220.10525490228886,183.0129354336769,140.92787169914143,1.1,/home/aojwang/data/MergeDataset/cropped_images/392BananaCabbage/green cabbage_0.jpg
1757BrownUgalihalfCupWhiteRiceSpinach.JPG,brown ugali,239.63841807909606,1.0954545454545455,140.68426419275744,117.67446836099585,47.34225292342512,1.9,/home/aojwang/data/MergeDataset/cropped_images/1757BrownUgalihalfCupWhiteRiceSpinach/brown ugali_0.jpg
1757BrownUgalihalfCupWhiteRiceSpinach.JPG,white rice boiled,345.8988700564972,1.1255992329817832,205.79227216079943,209.05484441584278,151.2148582012639,1.2,/home/aojwang/data/MergeDataset/cropped_images/1757BrownUgalihalfCupWhiteRiceSpinach/white rice boiled_1.jpg
1757BrownUgalihalfCupWhiteRiceSpinach.JPG,spinach cooked,386.31101694915253,1.2915451895043732,96.39084093273986,114.36076870821424,29.18717976280053,1.1,/home/aojwang/data/MergeDataset/cropped_images/1757BrownUgalihalfCupWhiteRiceSpinach/spinach cooked_2.jpg
1137FriedEggs.jpg,egg fry,6607.989010989011,1.234240687679083,187.82120044501576,164.76842425169667,79.97055304351875,13.1,/home/aojwang/data/MergeDataset/cropped_images/1137FriedEggs/egg fry_0.jpg
1137FriedEggs.jpg,egg fry,5650.274725274725,1.1984732824427482,199.95093742402878,174.8849744736714,78.77705012884718,13.1,/home/aojwang/data/MergeDataset/cropped_images/1137FriedEggs/egg fry_1.jpg
1115PlantainsFriedEggs.jpg,egg fry,1447.1443752290215,0.734368262181975,212.71256492043946,166.82196018137083,82.58622191465382,20.6,/home/aojwang/data/MergeDataset/cropped_images/1115PlantainsFriedEggs/egg fry_0.jpg
1115PlantainsFriedEggs.jpg,egg fry,520.3972150971051,0.9296116504854369,205.96036866164752,165.62245768798533,80.71510543852682,20.6,/home/aojwang/data/MergeDataset/cropped_images/1115PlantainsFriedEggs/egg fry_1.jpg
1115PlantainsFriedEggs.jpg,plantain,769.3880542323195,0.9135883905013192,173.73928350304334,108.78562100530561,27.50772887038854,2.6,/home/aojwang/data/MergeDataset/cropped_images/1115PlantainsFriedEggs/plantain_2.jpg
1093WhiteChapatiFriedEggs.jpg,egg fry,552.099907493062,1.1586206896551725,215.8790975503502,186.33542441607185,91.34521631312623,9.6,/home/aojwang/data/MergeDataset/cropped_images/1093WhiteChapatiFriedEggs/egg fry_0.jpg
1CassavaEggSukuma.jpg,boiled egg,384.18567639257293,1.0671785028790788,190.18594912937212,196.25172951849652,199.5831549731424,1.0,/home/aojwang/data/MergeDataset/cropped_images/1CassavaEggSukuma/boiled egg_0.jpg
1CassavaEggSukuma.jpg,boiled egg,319.9257294429708,1.1600877192982457,194.78713975392168,198.38678158060557,196.27295791463536,1.0,/home/aojwang/data/MergeDataset/cropped_images/1CassavaEggSukuma/boiled egg_1.jpg
1CassavaEggSukuma.jpg,sukumawiki,1646.2241379310344,1.4444444444444444,132.1919117214621,142.44830022565907,139.18753952659128,2.0,/home/aojwang/data/MergeDataset/cropped_images/1CassavaEggSukuma/sukumawiki_2.jpg
146ApplePineapple.jpg,pineapple,2295.9568567026195,1.5771604938271604,181.65754364206927,161.14629857805912,110.02344377065332,0.72025,/home/aojwang/data/MergeDataset/cropped_images/146ApplePineapple/pineapple_0.jpg
146ApplePineapple.jpg,apple,3383.5423728813557,1.1995565410199556,161.53287621264718,135.1090691414392,97.90301873611914,0.45,/home/aojwang/data/MergeDataset/cropped_images/146ApplePineapple/apple_1.jpg
855WhiteChapati1MonkeynutBeans.jpg,white chapati,9034.296028880866,1.3236363636363637,185.32588091908093,151.98713966033966,71.95598441558441,11.31,/home/aojwang/data/MergeDataset/cropped_images/855WhiteChapati1MonkeynutBeans/white chapati_0.jpg
512RoscocoBeans.jpg,rosecoco,1187.733346669334,1.2123813827383643,167.4629811743334,130.13209831984247,120.72730244603812,21.675,/home/aojwang/data/MergeDataset/cropped_images/512RoscocoBeans/rosecoco_0.jpg
1115Chickenwings.jpg,chicken wing,706.4699599465955,1.1579497907949792,144.34891598915988,114.4897145589308,31.702153091963275,32.91,/home/aojwang/data/MergeDataset/cropped_images/1115Chickenwings/chicken wing_0.jpg
250Tomatoslices.jpg,tomato,9433.47469879518,1.3772241992882561,198.31929335470812,121.47092205864172,109.97147098821628,3.3,/home/aojwang/data/MergeDataset/cropped_images/250Tomatoslices/tomato_0.jpg
1291BeefstewSpaghettiSpinach.JPG,spinach cooked,378.39750167298683,1.0839328537170263,98.62797077971841,102.4017930198614,29.362555972920777,2.91,/home/aojwang/data/MergeDataset/cropped_images/1291BeefstewSpaghettiSpinach/spinach cooked_0.jpg
1291BeefstewSpaghettiSpinach.JPG,spaghetti,352.63796564800356,1.1392190152801358,207.64255324263257,190.73713561341938,105.70267370748876,4.4,/home/aojwang/data/MergeDataset/cropped_images/1291BeefstewSpaghettiSpinach/spaghetti_1.jpg
1761BrownUgali1CupWhiteRiceSpinach.JPG,brown ugali,224.38150642988364,1.0669950738916256,152.62238263535426,127.92622572765853,71.56495048874454,2.94,/home/aojwang/data/MergeDataset/cropped_images/1761BrownUgali1CupWhiteRiceSpinach/brown ugali_0.jpg
1761BrownUgali1CupWhiteRiceSpinach.JPG,white rice boiled,340.316595223515,1.140612076095947,208.45863121104648,212.64037425376873,157.53800148871377,2.4,/home/aojwang/data/MergeDataset/cropped_images/1761BrownUgali1CupWhiteRiceSpinach/white rice boiled_1.jpg
1761BrownUgali1CupWhiteRiceSpinach.JPG,spinach cooked,469.49254949989796,1.525244299674267,102.58564662241244,122.85136849555921,40.62482500334776,3.29,/home/aojwang/data/MergeDataset/cropped_images/1761BrownUgali1CupWhiteRiceSpinach/spinach cooked_2.jpg
697WhiteRicePigeonpea.jpg,white rice boiled,1657.7016077170417,1.578247261345853,203.05936783040556,185.7876325877925,117.44777761484347,4.8,/home/aojwang/data/MergeDataset/cropped_images/697WhiteRicePigeonpea/white rice boiled_0.jpg
697WhiteRicePigeonpea.jpg,mbaazi,1946.0064308681672,1.6953592814371257,167.03609568941587,130.20604783809864,41.33834549444158,5.7,/home/aojwang/data/MergeDataset/cropped_images/697WhiteRicePigeonpea/mbaazi_1.jpg
2CustardApple.jpg,custard apple,387.4299634591961,0.96579476861167,144.87784310026828,151.37742077464787,144.49177774983232,38.0,/home/aojwang/data/MergeDataset/cropped_images/2CustardApple/custard apple_0.jpg
416BananaCucumber.jpg,cucumber,1676.228666114333,1.2135815991237677,172.79220450887897,138.67668993993698,65.802822794295,1.5,/home/aojwang/data/MergeDataset/cropped_images/416BananaCucumber/cucumber_0.jpg
1Beetroot.jpg,beetroot,181.7441332323997,1.5394736842105263,135.36952483297512,83.01136824333706,99.20747182930418,8.0,/home/aojwang/data/MergeDataset/cropped_images/1Beetroot/beetroot_0.jpg
1241MincedMeatButterBeansSpinach.JPG,mincemeat,506.0368208352043,1.4471153846153846,160.72999856248404,121.32878297413181,48.33711790470512,69.25,/home/aojwang/data/MergeDataset/cropped_images/1241MincedMeatButterBeansSpinach/mincemeat_0.jpg
17Pawpaw.jpg,pawpaw,14121.84633027523,1.3895486935866983,166.0386558661713,141.86675079684105,104.2083087479952,1.1301,/home/aojwang/data/MergeDataset/cropped_images/17Pawpaw/pawpaw_0.jpg
1533Njahi.JPG,black beans,1423.0261277811799,1.1757700205338808,102.953436502398,105.88505559496257,117.23797699315992,42.75,/home/aojwang/data/MergeDataset/cropped_images/1533Njahi/black beans_0.jpg
245Tomato.jpg,tomato,524.027027027027,1.0913404507710558,171.52664526277786,71.39832250244984,62.05285342204343,1.2,/home/aojwang/data/MergeDataset/cropped_images/245Tomato/tomato_0.jpg
2Mbaazi.jpg,mbaazi,753.9533089727973,1.4466019417475728,172.70247179974874,134.78307441032166,131.41010303249297,34.0,/home/aojwang/data/MergeDataset/cropped_images/2Mbaazi/mbaazi_0.jpg
1537NjahithirdCup.JPG,black beans,402.9530201342282,1.2776898734177216,100.62760757534193,106.2344789748011,112.27698887016498,7.6,/home/aojwang/data/MergeDataset/cropped_images/1537NjahithirdCup/black beans_0.jpg
64Mango.jpg,mango,16681.60881934566,1.4778132765353214,157.66840263521357,119.25424998066457,52.82995199780066,2.46,/home/aojwang/data/MergeDataset/cropped_images/64Mango/mango_0.jpg
746WhiteRicethirdcupButterBeanshalfcup.jpg,butternut beans,5077.895220588235,1.3414634146341464,210.67710068328884,115.69516050500023,66.82707706231051,6.006,/home/aojwang/data/MergeDataset/cropped_images/746WhiteRicethirdcupButterBeanshalfcup/butternut beans_0.jpg
746WhiteRicethirdcupButterBeanshalfcup.jpg,white rice boiled,1508.4926470588234,1.0767468499427262,200.23279106041772,114.72634593356243,97.05425288196729,1.92,/home/aojwang/data/MergeDataset/cropped_images/746WhiteRicethirdcupButterBeanshalfcup/white rice boiled_1.jpg
1MaizeBeans.jpg,githeri,488.94843686561103,1.4228260869565217,182.6435671106387,148.5519854186734,137.606869664862,20.0,/home/aojwang/data/MergeDataset/cropped_images/1MaizeBeans/githeri_0.jpg
1552NjahiWhiteRiceSpinach.JPG,black beans,1328.9311475409836,1.5539568345323742,137.6847546654035,109.92385433217213,81.74999876641897,14.25,/home/aojwang/data/MergeDataset/cropped_images/1552NjahiWhiteRiceSpinach/black beans_0.jpg
1552NjahiWhiteRiceSpinach.JPG,spinach cooked,1590.8912568306012,1.1415153412648715,116.10893883244468,103.61148354481163,62.00155495888307,3.29,/home/aojwang/data/MergeDataset/cropped_images/1552NjahiWhiteRiceSpinach/spinach cooked_1.jpg
1552NjahiWhiteRiceSpinach.JPG,white rice boiled,2015.375956284153,0.9860392967942089,182.1784786794854,155.67709695244594,126.91513685225445,3.6,/home/aojwang/data/MergeDataset/cropped_images/1552NjahiWhiteRiceSpinach/white rice boiled_2.jpg
2UgaliWOmena.jpg,omena,236.18850056369786,0.98545101842871,171.5831793152432,139.3459554976821,118.93448185005002,0.0,/home/aojwang/data/MergeDataset/cropped_images/2UgaliWOmena/omena_0.jpg
2UgaliWOmena.jpg,white ugali,218.1064261555806,0.7522045855379189,212.16665322722378,204.85339428637593,157.60913344539762,90.0,/home/aojwang/data/MergeDataset/cropped_images/2UgaliWOmena/white ugali_1.jpg
1Ham.jpg,ham,335.1548351034097,1.3599397590361446,169.4577679488719,142.10425922960945,149.60475956984084,2.0,/home/aojwang/data/MergeDataset/cropped_images/1Ham/ham_0.jpg
1652WholeFishKachumbarithirdCupBrownUgalithirsCup.JPG,kachumbari,919.2850898494415,1.2270531400966183,149.03594606531672,114.45893561312083,41.29262661611743,0.92,/home/aojwang/data/MergeDataset/cropped_images/1652WholeFishKachumbarithirdCupBrownUgalithirsCup/kachumbari_0.jpg
1652WholeFishKachumbarithirdCupBrownUgalithirsCup.JPG,brown ugali,449.92714910150556,1.0052083333333333,150.1768803972366,120.88042530224526,52.44869278929188,1.43,/home/aojwang/data/MergeDataset/cropped_images/1652WholeFishKachumbarithirdCupBrownUgalithirsCup/brown ugali_1.jpg
1085Chickendrumstick.jpg,chicken drumstick,1407.4012768976118,1.1798753339269814,170.6939790655085,137.28490683647237,106.87957391757254,105.11,/home/aojwang/data/MergeDataset/cropped_images/1085Chickendrumstick/chicken drumstick_0.jpg
1253MincedMeatRoscocoBeansCabbage.JPG,green cabbage cooked,511.975096958563,1.1481732070365358,190.38153774510937,158.03912978646548,103.0158522203076,3.0,/home/aojwang/data/MergeDataset/cropped_images/1253MincedMeatRoscocoBeansCabbage/green cabbage cooked_0.jpg
1253MincedMeatRoscocoBeansCabbage.JPG,rosecoco,749.1806491120636,1.5969656992084433,130.9015858925693,72.10862489496589,50.56750492338912,21.675,/home/aojwang/data/MergeDataset/cropped_images/1253MincedMeatRoscocoBeansCabbage/rosecoco_1.jpg
1SyrupRed.jpg,red syrup,543.5899581589958,1.036723163841808,220.82485490848075,123.35457557844178,138.01315445126926,112.0,/home/aojwang/data/MergeDataset/cropped_images/1SyrupRed/red syrup_0.jpg
3LambStew.jpg,lamb stew,2793.1396648044692,1.4228650137741048,183.63916846010042,125.45762829385112,112.35246973830535,9.0,/home/aojwang/data/MergeDataset/cropped_images/3LambStew/lamb stew_0.jpg
942Frenchfries.jpg,potato chips,658.3681719581937,1.3807073954983924,174.77941073838167,155.11598446647307,38.74660702063898,7.14,/home/aojwang/data/MergeDataset/cropped_images/942Frenchfries/potato chips_0.jpg
1091Mincedbeef.jpg,mincemeat,2676.311475409836,1.2347003154574132,149.52483634739968,113.72501204928035,68.01595598748487,41.55,/home/aojwang/data/MergeDataset/cropped_images/1091Mincedbeef/mincemeat_0.jpg
1116Chickenwings.jpg,chicken wing,4483.006908462867,1.972972972972973,156.17697110678165,121.58339667622236,20.36266985557821,67.06,/home/aojwang/data/MergeDataset/cropped_images/1116Chickenwings/chicken wing_0.jpg
448MangoTomato.jpg,tomato,515.4549038935436,1.0857348703170029,172.379835025405,57.46318190423557,47.88535871982621,1.0,/home/aojwang/data/MergeDataset/cropped_images/448MangoTomato/tomato_0.jpg
448MangoTomato.jpg,mango,243.26367668802365,1.405727923627685,208.37063851599126,144.39443598024238,38.21028420809511,1.64,/home/aojwang/data/MergeDataset/cropped_images/448MangoTomato/mango_1.jpg
140AppleMango.jpg,apple,1191.8852459016393,1.072891072891073,181.59745984707817,163.3953354464805,132.54036236097303,0.3,/home/aojwang/data/MergeDataset/cropped_images/140AppleMango/apple_0.jpg
1619SpaghettiNjahi.JPG,black beans,3965.785714285714,1.0558347292015633,156.8592642984592,114.3756159609966,81.72574252660564,23.75,/home/aojwang/data/MergeDataset/cropped_images/1619SpaghettiNjahi/black beans_0.jpg
1619SpaghettiNjahi.JPG,spaghetti,5742.88524590164,1.1078897338403042,210.11485365050004,177.53370263256195,144.1805037655798,8.8,/home/aojwang/data/MergeDataset/cropped_images/1619SpaghettiNjahi/spaghetti_1.jpg
361ZucchiniTomatoOnions.jpg,zucchini,618.6672275978124,2.021101992966002,160.43918420859367,131.9321474909083,100.78183523146096,1.35,/home/aojwang/data/MergeDataset/cropped_images/361ZucchiniTomatoOnions/zucchini_0.jpg
361ZucchiniTomatoOnions.jpg,tomato,663.7711400925537,1.1585261353898886,171.913085061073,61.3443278674394,54.62785146762801,1.5,/home/aojwang/data/MergeDataset/cropped_images/361ZucchiniTomatoOnions/tomato_1.jpg
361ZucchiniTomatoOnions.jpg,onions,1021.0664703407657,1.1559696342305037,165.25873530896243,120.36343252680696,134.9274872016728,2.25,/home/aojwang/data/MergeDataset/cropped_images/361ZucchiniTomatoOnions/onions_2.jpg
1089Mincedbeef.jpg,mincemeat,292.79612042836936,1.3448940269749519,158.40361257874136,126.29147205613617,79.14814278063943,13.85,/home/aojwang/data/MergeDataset/cropped_images/1089Mincedbeef/mincemeat_0.jpg
815WhiteChapatiquoterEggyolkBeans.jpg,white chapati,653.6089458970564,0.790013374944271,226.57424981054677,177.86375973809666,110.19856559006249,3.12,/home/aojwang/data/MergeDataset/cropped_images/815WhiteChapatiquoterEggyolkBeans/white chapati_1.jpg
38Pineapple.jpg,pineapple,11403.663430420713,1.3069427527405604,211.5077162508386,190.06256860623907,94.36356993097091,0.56206,/home/aojwang/data/MergeDataset/cropped_images/38Pineapple/pineapple_0.jpg
2Watermelon.jpg,water melon,2358.1576128538636,2.4321608040201004,191.88476813950953,122.65382552613274,106.19940644596952,11.982,/home/aojwang/data/MergeDataset/cropped_images/2Watermelon/water melon_0.jpg
1OrangeC.jpg,orange,95.63875056586691,1.2024793388429753,199.57851870785328,163.37056601630172,112.30475640503757,15.0,/home/aojwang/data/MergeDataset/cropped_images/1OrangeC/orange_0.jpg
1737GitheriChips.JPG,githeri,909.968824940048,1.294871794871795,183.83375498848793,145.28596432973083,46.413304186420774,13.4,/home/aojwang/data/MergeDataset/cropped_images/1737GitheriChips/githeri_0.jpg
1135MincedMeatKalesSpaghetti.JPG,spaghetti,635.5381670256043,1.3208744710860367,202.06098729100415,174.33261995682088,68.50912153029051,8.8,/home/aojwang/data/MergeDataset/cropped_images/1135MincedMeatKalesSpaghetti/spaghetti_0.jpg
1135MincedMeatKalesSpaghetti.JPG,sukumawiki,343.19885139985644,0.8699376947040498,100.5984794607273,106.52671611487156,22.525633302375912,3.0,/home/aojwang/data/MergeDataset/cropped_images/1135MincedMeatKalesSpaghetti/sukumawiki_1.jpg
1373BeefstewSpinachNjahi.JPG,beef stew,1493.5521996060406,1.1824080749819754,154.17218861554153,107.10866803242654,59.30423400214536,35.4,/home/aojwang/data/MergeDataset/cropped_images/1373BeefstewSpinachNjahi/beef stew_0.jpg
1373BeefstewSpinachNjahi.JPG,black beans,1934.6868023637558,1.1893265565438373,133.83920329282464,93.99789582858197,63.047900444183796,19.0,/home/aojwang/data/MergeDataset/cropped_images/1373BeefstewSpinachNjahi/black beans_1.jpg
375CarrotsgratedTomato.jpg,tomato,1531.016393442623,1.2792022792022792,179.19062184721983,62.833120371956674,46.78916863368423,2.5,/home/aojwang/data/MergeDataset/cropped_images/375CarrotsgratedTomato/tomato_0.jpg
375CarrotsgratedTomato.jpg,carrot,1763.2058287795992,0.8815426997245179,200.72507024793387,118.61050964187328,57.49092011019284,1.75,/home/aojwang/data/MergeDataset/cropped_images/375CarrotsgratedTomato/carrot_1.jpg
1740GitheriChips.JPG,githeri,896.1897196261682,1.3258655804480652,160.13784874628445,122.5707931363276,40.139829788210314,16.75,/home/aojwang/data/MergeDataset/cropped_images/1740GitheriChips/githeri_0.jpg
984MashedBanana.jpg,boiled mashed banana,1311.9400428265524,1.0342823939570018,179.53948971397605,156.94928085970398,64.46202201489858,4.41,/home/aojwang/data/MergeDataset/cropped_images/984MashedBanana/boiled mashed banana_0.jpg
3ChipsFish.jpg,fish fry,518.2546556951061,2.16254752851711,170.74097814732795,147.66477666819873,115.35987005390047,0.0,/home/aojwang/data/MergeDataset/cropped_images/3ChipsFish/fish fry_0.jpg
3ChipsFish.jpg,potato chips,361.00822867042007,2.004385964912281,219.02332143268455,189.95725483703788,137.04284353526046,89.0,/home/aojwang/data/MergeDataset/cropped_images/3ChipsFish/potato chips_1.jpg
315CabbageTomato.jpg,green cabbage,904.3765774861181,0.9947839046199702,214.51596253565307,193.52059869276667,171.76782096150305,1.1,/home/aojwang/data/MergeDataset/cropped_images/315CabbageTomato/green cabbage_0.jpg
315CabbageTomato.jpg,tomato,780.9449772841999,1.0360065466448445,196.11068729428615,88.15754867968239,73.22122527232439,1.0,/home/aojwang/data/MergeDataset/cropped_images/315CabbageTomato/tomato_1.jpg
378CucumberCarrotsgrated.jpg,cucumber,1580.7220467466834,0.9737991266375546,167.53693207363037,150.57600998767924,106.20178852671741,0.9,/home/aojwang/data/MergeDataset/cropped_images/378CucumberCarrotsgrated/cucumber_0.jpg
378CucumberCarrotsgrated.jpg,carrot,1584.1111813013265,1.104180491041805,202.172204392323,125.15152206370271,52.71221160226634,1.05,/home/aojwang/data/MergeDataset/cropped_images/378CucumberCarrotsgrated/carrot_1.jpg
693WhiteRicePigeonpea.jpg,white rice boiled,2606.874524714829,1.606060606060606,189.7188714250709,174.32318686479738,87.84915578581347,1.2,/home/aojwang/data/MergeDataset/cropped_images/693WhiteRicePigeonpea/white rice boiled_0.jpg
693WhiteRicePigeonpea.jpg,mbaazi,2992.1425855513307,1.7698833510074232,154.93661344954816,117.68475608167654,18.07787697435679,2.85,/home/aojwang/data/MergeDataset/cropped_images/693WhiteRicePigeonpea/mbaazi_1.jpg
650Arrowroots.jpg,arrowroots,904.5190720499666,1.6683771648492622,168.87091608077912,161.3847358259356,142.33763399334,10.88,/home/aojwang/data/MergeDataset/cropped_images/650Arrowroots/arrowroots_0.jpg
3Dates.jpg,dates,132.37211407876867,1.682825484764543,152.6521493792962,129.35882493758763,124.9955507677576,32.0,/home/aojwang/data/MergeDataset/cropped_images/3Dates/dates_0.jpg
1359YellowMaizeboiled.JPG,boiled yellow maize,2137.5105175292156,1.2634384717903153,182.4595286920456,129.93859300539032,67.64560585981164,14.23125,/home/aojwang/data/MergeDataset/cropped_images/1359YellowMaizeboiled/boiled yellow maize_0.jpg
1557NjahiWhiteRiceSpinach.JPG,black beans,1695.2927429274293,1.7335448057097542,120.37932506840082,102.7829765946224,84.8229077258279,19.0,/home/aojwang/data/MergeDataset/cropped_images/1557NjahiWhiteRiceSpinach/black beans_0.jpg
1557NjahiWhiteRiceSpinach.JPG,white rice boiled,2471.0350553505536,0.8881053126469205,176.68882822706271,157.82524914115646,135.92858413953746,4.8,/home/aojwang/data/MergeDataset/cropped_images/1557NjahiWhiteRiceSpinach/white rice boiled_1.jpg
1557NjahiWhiteRiceSpinach.JPG,spinach cooked,1880.4624846248462,1.0432242990654206,99.60093333664744,91.48748475944784,63.752935278019066,4.38,/home/aojwang/data/MergeDataset/cropped_images/1557NjahiWhiteRiceSpinach/spinach cooked_2.jpg
22Pawpaw.jpg,pawpaw,3108.12879640045,2.2053063802905877,162.95319649679448,124.88038242186884,106.22664326081343,0.56507,/home/aojwang/data/MergeDataset/cropped_images/22Pawpaw/pawpaw_0.jpg
3PumpkinSeed.jpg,pumpkin seeds,2539.512195121951,1.4423357664233576,130.14816557817903,128.7512574248648,123.64982823073967,14.0,/home/aojwang/data/MergeDataset/cropped_images/3PumpkinSeed/pumpkin seeds_0.jpg
1RiceWChickenMakhni.jpg,white rice boiled,773.932527693857,0.8018386108273748,216.8012973071443,206.36471246494864,159.29168070889963,42.0,/home/aojwang/data/MergeDataset/cropped_images/1RiceWChickenMakhni/white rice boiled_0.jpg
1RiceWChickenMakhni.jpg,chicken makhni,874.7834843907351,0.8219844357976653,221.44460778670597,137.28645384845623,62.725444938180644,32.0,/home/aojwang/data/MergeDataset/cropped_images/1RiceWChickenMakhni/chicken makhni_1.jpg
192Avocadosliced.jpg,avocado,5527.136150234742,1.7007211538461537,170.54187385328893,174.00137966329166,91.35194218877412,4.0,/home/aojwang/data/MergeDataset/cropped_images/192Avocadosliced/avocado_0.jpg
1169MincedMeatWhiteChapatiCabbage.JPG,green cabbage cooked,426.98232129131435,1.2913732394366197,194.66665106521884,182.45060881649817,114.00502246608485,2.4,/home/aojwang/data/MergeDataset/cropped_images/1169MincedMeatWhiteChapatiCabbage/green cabbage cooked_0.jpg
1169MincedMeatWhiteChapatiCabbage.JPG,mincemeat,695.0069177555727,1.2023968042609854,156.10333693134146,105.86914383627294,50.554787415229306,69.25,/home/aojwang/data/MergeDataset/cropped_images/1169MincedMeatWhiteChapatiCabbage/mincemeat_1.jpg
82Grapes.jpg,red grapes,6997.30449251248,2.1003533568904595,140.85026822784147,112.36226096095953,108.53017943681665,1.5341277,/home/aojwang/data/MergeDataset/cropped_images/82Grapes/red grapes_0.jpg
1107ScrambledEggs.jpg,scrambled eggs,1843.6613451975923,1.4809720311783585,195.08615981250966,165.58342311803457,64.02280957268161,27.2,/home/aojwang/data/MergeDataset/cropped_images/1107ScrambledEggs/scrambled eggs_0.jpg
2BreadBacon.jpg,brown bread,292.8630887185104,1.373397435897436,216.37531602489304,190.72994831403525,146.93008930975677,36.0,/home/aojwang/data/MergeDataset/cropped_images/2BreadBacon/brown bread_0.jpg
2BreadBacon.jpg,brown bread,294.7787513691128,1.339116719242902,221.02612091419485,196.1003946004392,151.40145392798357,36.0,/home/aojwang/data/MergeDataset/cropped_images/2BreadBacon/brown bread_1.jpg
2BreadBacon.jpg,bacon,702.5980284775466,1.8533653846153846,207.07758015938342,149.93517020228475,123.53976712935248,0.0,/home/aojwang/data/MergeDataset/cropped_images/2BreadBacon/bacon_2.jpg
165PineappleMango.jpg,mango,10764.94890510949,1.966512702078522,179.81113752527466,131.60836738319418,53.6233260419393,0.82,/home/aojwang/data/MergeDataset/cropped_images/165PineappleMango/mango_0.jpg
525Greengrams.jpg,ndengu,961.4888799839712,1.2033049574361543,169.79329439435892,161.01817957898146,122.40258911046553,9.25,/home/aojwang/data/MergeDataset/cropped_images/525Greengrams/ndengu_0.jpg
1338ChickenWetfryBrownRiceCabbage.JPG,green cabbage cooked,449.6058304249641,1.7774774774774775,197.19960731131536,161.3790733460272,76.00004520486021,2.4,/home/aojwang/data/MergeDataset/cropped_images/1338ChickenWetfryBrownRiceCabbage/green cabbage cooked_0.jpg
1338ChickenWetfryBrownRiceCabbage.JPG,chicken wing,777.7513857524123,1.3280047365304914,168.32979122997486,104.67444694064318,33.02620929478118,119.96,/home/aojwang/data/MergeDataset/cropped_images/1338ChickenWetfryBrownRiceCabbage/chicken wing_1.jpg
1338ChickenWetfryBrownRiceCabbage.JPG,brown rice boiled,520.4845001026483,0.8569767441860465,197.4102158341485,148.7429924899814,67.1652862800164,16.0,/home/aojwang/data/MergeDataset/cropped_images/1338ChickenWetfryBrownRiceCabbage/brown rice boiled_2.jpg
1Sweetener.jpg,artificial sweetener,614.6603575184017,1.6129568106312293,210.4933914072898,190.23990577238249,119.79437576769504,0.0,/home/aojwang/data/MergeDataset/cropped_images/1Sweetener/artificial sweetener_0.jpg
1Tangerine.jpg,tangerine,79.09219858156028,1.2179878048780488,206.60688665710185,161.82951440825423,117.95998046338411,5.0,/home/aojwang/data/MergeDataset/cropped_images/1Tangerine/tangerine_0.jpg
1654WholeFishChips.jpg,potato chips,239.98037425832953,1.0147347740667976,188.65289550910333,184.17056392486074,46.815648434662045,2.4,/home/aojwang/data/MergeDataset/cropped_images/1654WholeFishChips/potato chips_0.jpg
1772BrownChapatiWhiteRiceSpinach.JPG,brown chapati,788.6857142857143,1.5611650485436894,178.3443344228158,144.0536715022514,113.21650780616872,28.66,/home/aojwang/data/MergeDataset/cropped_images/1772BrownChapatiWhiteRiceSpinach/brown chapati_0.jpg
1772BrownChapatiWhiteRiceSpinach.JPG,white rice boiled,355.84,1.6547619047619047,199.22768035571542,187.417125823151,160.6669426363671,3.6,/home/aojwang/data/MergeDataset/cropped_images/1772BrownChapatiWhiteRiceSpinach/white rice boiled_1.jpg
1772BrownChapatiWhiteRiceSpinach.JPG,spinach cooked,543.2126984126984,0.8361872146118722,99.53063607461779,104.92665544594574,43.66957937880842,3.29,/home/aojwang/data/MergeDataset/cropped_images/1772BrownChapatiWhiteRiceSpinach/spinach cooked_2.jpg
50Apple.jpg,apple,3098.074074074074,1.7018229166666667,192.11661964422342,171.52965303015813,124.0454244771742,0.075,/home/aojwang/data/MergeDataset/cropped_images/50Apple/apple_0.jpg
1096Mincedbeef.jpg,mincemeat,1142.779623477298,1.5075675675675675,145.69720446154292,104.65058637698293,54.936750942408885,110.8,/home/aojwang/data/MergeDataset/cropped_images/1096Mincedbeef/mincemeat_0.jpg
471GrapesShreddedCarrots.jpg,carrot,2540.173322683706,1.8006019563581641,196.63656633327014,103.33368298621167,33.60400616671965,1.05,/home/aojwang/data/MergeDataset/cropped_images/471GrapesShreddedCarrots/carrot_0.jpg
471GrapesShreddedCarrots.jpg,red grapes,2232.006389776358,1.64340490797546,139.59583992968976,57.749872247780615,33.8529997795648,1.770147,/home/aojwang/data/MergeDataset/cropped_images/471GrapesShreddedCarrots/red grapes_1.jpg
988MashedBananahalfcup.jpg,boiled mashed banana,586.6873482600486,1.1933333333333334,172.65141228130676,151.09660528312298,74.57272179690554,2.1,/home/aojwang/data/MergeDataset/cropped_images/988MashedBananahalfcup/boiled mashed banana_0.jpg
1Flax.jpg,flax,927.7829747427502,1.3567251461988303,193.0977243395846,170.60657188949384,158.19006251260333,15.0,/home/aojwang/data/MergeDataset/cropped_images/1Flax/flax_0.jpg
998Spinach.jpg,spinach cooked,4578.302158273381,1.1530032467532467,113.3631085233844,124.46431385624231,91.82600713920012,9.9,/home/aojwang/data/MergeDataset/cropped_images/998Spinach/spinach cooked_0.jpg
156BananaMango.jpg,mango,7159.716560509554,1.059025394646534,176.22760437354964,127.74868903378821,68.10111242527748,1.23,/home/aojwang/data/MergeDataset/cropped_images/156BananaMango/mango_0.jpg
156BananaMango.jpg,ripe banana,8621.980891719746,1.0762925598991173,182.64010295120383,167.9228711831927,135.9255040627163,2.1,/home/aojwang/data/MergeDataset/cropped_images/156BananaMango/ripe banana_1.jpg
1721GitheriWhiteChapatiquoter.JPG,githeri,672.3502912621359,0.879543834640057,174.3788403178648,136.45328948964422,29.515491231454707,10.05,/home/aojwang/data/MergeDataset/cropped_images/1721GitheriWhiteChapatiquoter/githeri_0.jpg
1670WholeFishKachumbarihalfCupChips.jpg,kachumbari,362.9832572298326,1.0998376623376624,162.27890988163128,106.83095916998131,44.56123664158719,1.43,/home/aojwang/data/MergeDataset/cropped_images/1670WholeFishKachumbarihalfCupChips/kachumbari_0.jpg
1670WholeFishKachumbarihalfCupChips.jpg,potato chips,329.37290715372905,0.9332810047095761,197.2225964591698,188.2217679593025,69.19638549603707,4.8,/home/aojwang/data/MergeDataset/cropped_images/1670WholeFishKachumbarihalfCupChips/potato chips_1.jpg
1670WholeFishKachumbarihalfCupChips.jpg,fish fry,826.2387475538161,2.2623456790123457,148.30299994315598,138.25646390194197,97.61969113696462,126.43,/home/aojwang/data/MergeDataset/cropped_images/1670WholeFishKachumbarihalfCupChips/fish fry_2.jpg
768BrownRicehalfcupCowpeashalfcup.jpg,brown rice boiled,1491.068635968723,1.4823420074349443,182.15759110137395,154.86131323489997,67.58097097108762,8.0,/home/aojwang/data/MergeDataset/cropped_images/768BrownRicehalfcupCowpeashalfcup/brown rice boiled_0.jpg
768BrownRicehalfcupCowpeashalfcup.jpg,cowpeas,2406.1042571676803,1.6956181533646322,124.73069184733588,91.82826441291445,32.22140869624247,114.0,/home/aojwang/data/MergeDataset/cropped_images/768BrownRicehalfcupCowpeashalfcup/cowpeas_1.jpg
1SpaghettiMincedCarrot.jpg,spaghetti,131.76759102056215,1.7322834645669292,221.7868346456693,200.51950178954903,145.03138582677164,25.0,/home/aojwang/data/MergeDataset/cropped_images/1SpaghettiMincedCarrot/spaghetti_1.jpg
1SpaghettiMincedCarrot.jpg,carrot,165.19524617996603,0.7942857142857143,216.17417722964487,163.70763960260362,67.05470366563891,4.0,/home/aojwang/data/MergeDataset/cropped_images/1SpaghettiMincedCarrot/carrot_2.jpg
1ButternutSpinach.jpg,butternut spinach,285.3698224852071,1.3237623762376238,162.93711279130906,152.7309255981694,132.41189747994994,18.0,/home/aojwang/data/MergeDataset/cropped_images/1ButternutSpinach/butternut spinach_0.jpg
1004Kales.jpg,sukumawiki,500.84936479128856,1.375,101.53984117321171,108.73642193619872,42.85429228509586,1.0,/home/aojwang/data/MergeDataset/cropped_images/1004Kales/sukumawiki_0.jpg
1153MincedMeatKalesPasta.JPG,sukumawiki,905.8972046889089,0.9288461538461539,114.02045608377131,86.00946309125656,34.46389851090938,1.0,/home/aojwang/data/MergeDataset/cropped_images/1153MincedMeatKalesPasta/sukumawiki_0.jpg
1153MincedMeatKalesPasta.JPG,pasta,1610.9197475202886,1.2427022518765638,218.3485068653408,147.9552020419701,89.91636598731606,2.2,/home/aojwang/data/MergeDataset/cropped_images/1153MincedMeatKalesPasta/pasta_1.jpg
1153MincedMeatKalesPasta.JPG,mincemeat,884.8972046889089,1.6254826254826256,180.22554824930123,90.40502022212236,49.4927227872596,27.7,/home/aojwang/data/MergeDataset/cropped_images/1153MincedMeatKalesPasta/mincemeat_2.jpg
1374BeefstewSpinachNjahi.JPG,black beans,4061.74168297456,0.9829683698296837,155.41837464768375,113.4338498229385,79.70823902098239,23.75,/home/aojwang/data/MergeDataset/cropped_images/1374BeefstewSpinachNjahi/black beans_0.jpg
1374BeefstewSpinachNjahi.JPG,beef stew,3387.381604696673,1.2593486127864897,150.3648694475641,102.47689710633223,50.97090213940075,44.25,/home/aojwang/data/MergeDataset/cropped_images/1374BeefstewSpinachNjahi/beef stew_1.jpg
1374BeefstewSpinachNjahi.JPG,spinach cooked,3824.7123287671234,1.2676537585421412,143.2725457269339,126.240600574695,80.37649250829399,5.48,/home/aojwang/data/MergeDataset/cropped_images/1374BeefstewSpinachNjahi/spinach cooked_2.jpg
102PawpawBanana.jpg,pawpaw,5411.781818181818,1.1961805555555556,174.74132896351844,110.18630143659625,81.44479693015464,0.706347,/home/aojwang/data/MergeDataset/cropped_images/102PawpawBanana/pawpaw_0.jpg
102PawpawBanana.jpg,ripe banana,4966.4,1.3893229166666667,184.48145751571775,168.70967629744612,136.66328149406436,2.1,/home/aojwang/data/MergeDataset/cropped_images/102PawpawBanana/ripe banana_1.jpg
1677WholeFishKachumbarithirdCupChips.JPG,kachumbari,697.22601010101,1.2814423922603342,143.02525520506046,106.04123362845426,45.284960422163586,0.92,/home/aojwang/data/MergeDataset/cropped_images/1677WholeFishKachumbarithirdCupChips/kachumbari_0.jpg
1677WholeFishKachumbarithirdCupChips.JPG,potato chips,1350.1515151515152,1.2406716417910448,188.99258126659933,177.27189241761118,84.46236112669735,9.6,/home/aojwang/data/MergeDataset/cropped_images/1677WholeFishKachumbarithirdCupChips/potato chips_1.jpg
283Cabbagesliced.jpg,green cabbage,3854.85577689243,1.3514799154334038,196.4908254586134,200.2917890696765,176.44655077757778,4.95,/home/aojwang/data/MergeDataset/cropped_images/283Cabbagesliced/green cabbage_0.jpg
2PotatoSweetEggSpinach.jpg,spinach cooked,427.15712545676007,2.098870056497175,136.53598938491837,141.85808601561845,128.34835489046543,2.0,/home/aojwang/data/MergeDataset/cropped_images/2PotatoSweetEggSpinach/spinach cooked_0.jpg
2PotatoSweetEggSpinach.jpg,sweet potato,373.21843280552173,1.5070422535211268,185.80507203256613,172.62424380219682,122.84984721024067,42.0,/home/aojwang/data/MergeDataset/cropped_images/2PotatoSweetEggSpinach/sweet potato_2.jpg
2PotatoSweetEggSpinach.jpg,sweet potato,187.86845310596834,1.1296875,200.0125237724758,181.22453751728906,119.75021611341631,42.0,/home/aojwang/data/MergeDataset/cropped_images/2PotatoSweetEggSpinach/sweet potato_3.jpg
3RiceBChicken.jpg,chicken,266.2305462653289,1.3064853556485356,210.3419128608326,159.0439439417643,122.05724160918693,0.0,/home/aojwang/data/MergeDataset/cropped_images/3RiceBChicken/chicken_0.jpg
2Strawberry.jpg,strawberry,3237.148936170213,1.166110183639399,193.46430880386424,132.35018397400583,142.95959025003495,6.0,/home/aojwang/data/MergeDataset/cropped_images/2Strawberry/strawberry_0.jpg
189Avocadosliced.jpg,avocado,3221.282749675746,1.4673328209069947,174.89895309607914,177.75901681786465,138.3392180492179,1.6,/home/aojwang/data/MergeDataset/cropped_images/189Avocadosliced/avocado_0.jpg
930Plantain.jpg,plantain,865.9667832167833,1.384160756501182,175.3305965380865,140.99663130661597,70.01220996783982,2.275,/home/aojwang/data/MergeDataset/cropped_images/930Plantain/plantain_0.jpg
3RiceNjahiSpinach.jpg,black beans,204.9052396878484,0.919,131.1413775843308,106.42447769314472,81.72796626768226,96.0,/home/aojwang/data/MergeDataset/cropped_images/3RiceNjahiSpinach/black beans_0.jpg
3RiceNjahiSpinach.jpg,white rice boiled,317.4983277591973,1.036689419795222,212.16624109889185,206.65041152263373,182.5157712889226,85.0,/home/aojwang/data/MergeDataset/cropped_images/3RiceNjahiSpinach/white rice boiled_1.jpg
3RiceNjahiSpinach.jpg,spinach cooked,99.37904124860647,1.8948453608247422,118.03079995064111,116.8855614013439,78.55471097001447,1.0,/home/aojwang/data/MergeDataset/cropped_images/3RiceNjahiSpinach/spinach cooked_2.jpg
74Bananapeeled.jpg,ripe banana,8518.54347826087,1.3487940630797774,175.06487296681834,163.29474374886047,121.27697461377949,1.4,/home/aojwang/data/MergeDataset/cropped_images/74Bananapeeled/ripe banana_0.jpg
188Avocadosliced.jpg,avocado,2972.2727272727275,1.6582417582417583,193.51971322249653,199.61213379066263,149.12035260961702,0.8,/home/aojwang/data/MergeDataset/cropped_images/188Avocadosliced/avocado_0.jpg
1155MincedMeatKalesPasta.JPG,pasta,610.6810442678774,1.2381275440976933,201.8178955781491,138.79346294678538,67.95865541532686,6.6,/home/aojwang/data/MergeDataset/cropped_images/1155MincedMeatKalesPasta/pasta_0.jpg
1155MincedMeatKalesPasta.JPG,sukumawiki,322.08354143019295,0.7889634601043997,96.16824619496496,81.90042628233593,29.20512300021568,2.0,/home/aojwang/data/MergeDataset/cropped_images/1155MincedMeatKalesPasta/sukumawiki_1.jpg
1155MincedMeatKalesPasta.JPG,mincemeat,448.6469920544835,1.7261682242990655,159.02055619367604,91.7548421537325,43.928111764973764,41.55,/home/aojwang/data/MergeDataset/cropped_images/1155MincedMeatKalesPasta/mincemeat_2.jpg
2BreadSausage.jpg,brown bread,358.47491638795987,2.0761363636363637,211.86856931382795,183.73684878340052,133.31011220580186,26.0,/home/aojwang/data/MergeDataset/cropped_images/2BreadSausage/brown bread_0.jpg
2BreadSausage.jpg,sausage,240.3799331103679,2.2255747126436782,192.38992249356278,144.63041135178054,81.91390812018136,12.0,/home/aojwang/data/MergeDataset/cropped_images/2BreadSausage/sausage_1.jpg
162MangoPawpaw.jpg,mango,6378.166163141994,0.9917751884852639,194.708566754122,141.99627884593068,68.57371139172393,1.64,/home/aojwang/data/MergeDataset/cropped_images/162MangoPawpaw/mango_0.jpg
162MangoPawpaw.jpg,pawpaw,6953.728096676738,1.0451482479784366,184.5122054113423,113.05299337354737,77.96858821627991,0.941798,/home/aojwang/data/MergeDataset/cropped_images/162MangoPawpaw/pawpaw_1.jpg
1743WhiteRiceWhiteChapatiquoterBeefstew.JPG,white chapati,757.0015633142261,1.42676944639103,177.51147942500995,135.66910364662425,90.82657745720685,2.89,/home/aojwang/data/MergeDataset/cropped_images/1743WhiteRiceWhiteChapatiquoterBeefstew/white chapati_0.jpg
1743WhiteRiceWhiteChapatiquoterBeefstew.JPG,white rice boiled,281.18785825951016,1.0988900100908174,200.88085978582262,172.6316740471405,154.34178033893656,1.2,/home/aojwang/data/MergeDataset/cropped_images/1743WhiteRiceWhiteChapatiquoterBeefstew/white rice boiled_1.jpg
1743WhiteRiceWhiteChapatiquoterBeefstew.JPG,beef stew,227.56904637832204,1.2526946107784431,143.49168889753952,77.4473672158551,41.397700965182445,8.85,/home/aojwang/data/MergeDataset/cropped_images/1743WhiteRiceWhiteChapatiquoterBeefstew/beef stew_2.jpg
669BrownChapati.jpg,brown chapati,1577.3886671987232,1.2823197744663712,179.06072233398163,144.99479665241228,71.20568395238375,9.49,/home/aojwang/data/MergeDataset/cropped_images/669BrownChapati/brown chapati_0.jpg
429MangoCarrots.jpg,carrot,557.9783634933124,1.0169348010160881,214.10810776512093,125.83833116771869,49.59941017258409,0.35,/home/aojwang/data/MergeDataset/cropped_images/429MangoCarrots/carrot_0.jpg
429MangoCarrots.jpg,mango,237.73170731707316,1.7419354838709677,212.84415883133602,134.5877656317742,36.82205277388907,0.82,/home/aojwang/data/MergeDataset/cropped_images/429MangoCarrots/mango_1.jpg
429MangoCarrots.jpg,mango,298.7608182533438,0.907103825136612,209.85212851405623,132.828698400158,36.60817170320627,0.82,/home/aojwang/data/MergeDataset/cropped_images/429MangoCarrots/mango_2.jpg
1121Chickenwings.jpg,chicken wing,1636.6145933014354,1.3358373840035351,146.64988775844174,114.9543859428576,42.720003759657324,144.83,/home/aojwang/data/MergeDataset/cropped_images/1121Chickenwings/chicken wing_0.jpg
1680BeefSausage.JPG,sausage,626.2439024390244,1.4494274809160306,90.23675178024916,76.52393725281297,65.76209174879014,6.6,/home/aojwang/data/MergeDataset/cropped_images/1680BeefSausage/sausage_0.jpg
1691BeefSausageChipsKachumbarithirdCup(2).JPG,sausage,394.56053268765135,0.7809597523219814,154.88453070968097,78.01156771717085,42.460437333349695,10.28,/home/aojwang/data/MergeDataset/cropped_images/1691BeefSausageChipsKachumbarithirdCup(2)/sausage_0.jpg
1691BeefSausageChipsKachumbarithirdCup(2).JPG,potato chips,476.4279661016949,1.0769230769230769,222.61998338116965,177.0506931500688,104.83507653174667,2.4,/home/aojwang/data/MergeDataset/cropped_images/1691BeefSausageChipsKachumbarithirdCup(2)/potato chips_1.jpg
1691BeefSausageChipsKachumbarithirdCup(2).JPG,kachumbari,329.24122276029055,1.0115718418514947,173.66554453752622,78.87833019094275,52.82880973108429,0.92,/home/aojwang/data/MergeDataset/cropped_images/1691BeefSausageChipsKachumbarithirdCup(2)/kachumbari_2.jpg
547Pigeonpea.jpg,mbaazi,891.5856750475385,1.28099173553719,190.70499410527563,164.19843834236795,125.31219645131668,5.7,/home/aojwang/data/MergeDataset/cropped_images/547Pigeonpea/mbaazi_0.jpg
1SausageBacon.jpg,sausage,41.403802625622454,0.5458392101551481,159.95023744182402,103.27694135569624,93.55631726455356,3.0,/home/aojwang/data/MergeDataset/cropped_images/1SausageBacon/sausage_0.jpg
1SausageBacon.jpg,bacon,129.33952014486192,0.6166242578456319,197.06856578850656,150.45932311554915,151.44231641997217,0.0,/home/aojwang/data/MergeDataset/cropped_images/1SausageBacon/bacon_1.jpg
3MeatMinced.jpg,mincemeat,3625.7991360691144,1.383183568677792,174.30574149141174,139.5506199571704,130.52754915130052,0.0,/home/aojwang/data/MergeDataset/cropped_images/3MeatMinced/mincemeat_0.jpg
1735GitheriChips.JPG,githeri,3602.42,1.3151326053042123,166.71650631149802,126.98406441595742,33.95420994775734,10.05,/home/aojwang/data/MergeDataset/cropped_images/1735GitheriChips/githeri_0.jpg
3Fish.jpg,fish fry,768.3661710037175,2.0963375796178343,179.13185112523314,167.9082187497732,170.18558242880056,0.0,/home/aojwang/data/MergeDataset/cropped_images/3Fish/fish fry_0.jpg
320TomatoLettuce.jpg,tomato,277.02425778421434,1.0515826494724503,178.40050657329826,73.65968886780345,55.873351447641674,0.5,/home/aojwang/data/MergeDataset/cropped_images/320TomatoLettuce/tomato_0.jpg
320TomatoLettuce.jpg,lettuce,795.7284576393918,1.0762771168649405,190.34564851610835,170.05478427993057,113.92108797789791,0.6,/home/aojwang/data/MergeDataset/cropped_images/320TomatoLettuce/lettuce_1.jpg
2Tangerine.jpg,tangerine,87.25547004677833,1.1123439667128987,199.0700606320537,103.0190837054382,73.54939454415279,11.0,/home/aojwang/data/MergeDataset/cropped_images/2Tangerine/tangerine_0.jpg
1PumpkinSeed.jpg,pumpkin seeds,813.0676258992805,1.4204035874439462,139.54983436032293,141.475360213208,141.96640576057987,6.0,/home/aojwang/data/MergeDataset/cropped_images/1PumpkinSeed/pumpkin seeds_0.jpg
1191MincedMeatSpaghettiCabbage.JPG,spaghetti,726.8293838862559,1.2171314741035857,197.71469196862304,176.85079485658022,78.81229419474312,2.2,/home/aojwang/data/MergeDataset/cropped_images/1191MincedMeatSpaghettiCabbage/spaghetti_0.jpg
1191MincedMeatSpaghettiCabbage.JPG,green cabbage cooked,885.7867298578199,1.1424825174825175,190.06600553234065,180.66178685507302,76.38091021449858,0.5,/home/aojwang/data/MergeDataset/cropped_images/1191MincedMeatSpaghettiCabbage/green cabbage cooked_1.jpg
1191MincedMeatSpaghettiCabbage.JPG,mincemeat,1144.297393364929,1.1324655436447166,153.87676475247648,114.97934016506746,31.351109509653785,27.7,/home/aojwang/data/MergeDataset/cropped_images/1191MincedMeatSpaghettiCabbage/mincemeat_2.jpg
382LettuceCarrotsgrated.jpg,lettuce,1354.1583011583011,1.1470588235294117,181.6394193346962,177.49064443284948,133.9138685501829,1.2,/home/aojwang/data/MergeDataset/cropped_images/382LettuceCarrotsgrated/lettuce_0.jpg
382LettuceCarrotsgrated.jpg,carrot,878.3108108108108,0.8421768707482993,183.7770366951304,99.3606662050927,35.62070873583682,0.7,/home/aojwang/data/MergeDataset/cropped_images/382LettuceCarrotsgrated/carrot_1.jpg
376CucumberCarrotsgrated.jpg,carrot,314.5802014247114,1.166030534351145,183.36768109468898,96.67329634187479,37.34609762496721,0.35,/home/aojwang/data/MergeDataset/cropped_images/376CucumberCarrotsgrated/carrot_0.jpg
376CucumberCarrotsgrated.jpg,cucumber,267.72070744288874,1.1325178389398574,155.53411212680902,128.6465967697687,88.78413345921749,0.3,/home/aojwang/data/MergeDataset/cropped_images/376CucumberCarrotsgrated/cucumber_1.jpg
420BananaTomato.jpg,tomato,1807.653282345443,1.0442961165048543,198.43735262011813,66.17427353706076,42.164906452559194,1.5,/home/aojwang/data/MergeDataset/cropped_images/420BananaTomato/tomato_0.jpg
2Peanut.jpg,peanut,211.71724590163933,1.3789279112754158,181.02642683343822,149.98560096237233,150.47856033162697,19.0,/home/aojwang/data/MergeDataset/cropped_images/2Peanut/peanut_0.jpg
2Sesame.jpg,sesame seeds,820.5729005667182,1.3091568449682685,209.28485771617574,198.84719023665,150.74831924014836,3.0,/home/aojwang/data/MergeDataset/cropped_images/2Sesame/sesame seeds_0.jpg
431MangoCarrots.jpg,carrot,1105.319232661092,1.355299286106535,211.03797982656866,125.9859635514709,43.41023597378682,1.05,/home/aojwang/data/MergeDataset/cropped_images/431MangoCarrots/carrot_0.jpg
431MangoCarrots.jpg,mango,144.05140186915887,1.9292196007259528,207.7779304881401,129.2296824554005,33.538285815749354,0.82,/home/aojwang/data/MergeDataset/cropped_images/431MangoCarrots/mango_1.jpg
431MangoCarrots.jpg,mango,242.16330545991147,1.0421810699588476,207.20930069589167,131.9519385844109,33.94320134547183,0.82,/home/aojwang/data/MergeDataset/cropped_images/431MangoCarrots/mango_2.jpg
2Tadhikadal.jpg,tadhikaldal,236.2876254180602,1.194267515923567,213.34006510969567,163.09279263977353,123.15682661004954,34.0,/home/aojwang/data/MergeDataset/cropped_images/2Tadhikadal/tadhikaldal_0.jpg
2Meatballs.jpg,meatballs,371.3049127080796,1.3667481662591687,176.62481684460988,80.19924026050711,47.1588706255932,48.0,/home/aojwang/data/MergeDataset/cropped_images/2Meatballs/meatballs_0.jpg
1152MincedMeatBrownChapatiKales.JPG,sukumawiki,433.3113229481516,0.869535519125683,100.15618681828133,96.20138522229233,34.37663709064685,4.0,/home/aojwang/data/MergeDataset/cropped_images/1152MincedMeatBrownChapatiKales/sukumawiki_0.jpg
1152MincedMeatBrownChapatiKales.JPG,mincemeat,377.4154847709835,1.9431072210065645,178.64692804127978,131.48716906184083,65.12349439154691,83.1,/home/aojwang/data/MergeDataset/cropped_images/1152MincedMeatBrownChapatiKales/mincemeat_1.jpg
1174BrownChapatiChickendrumstick.jpg,brown chapati,1206.2273467173088,0.9973208305425318,166.00416494795277,137.22059424842234,38.98005737093227,2.93,/home/aojwang/data/MergeDataset/cropped_images/1174BrownChapatiChickendrumstick/brown chapati_0.jpg
1174BrownChapatiChickendrumstick.jpg,chicken drumstick,633.6212696690179,0.6691900075700227,141.0347407524123,108.75380470711548,16.663273572399902,23.34,/home/aojwang/data/MergeDataset/cropped_images/1174BrownChapatiChickendrumstick/chicken drumstick_1.jpg
1AvocadoPawpaw.jpg,avocado pawpaw,1754.8339350180506,1.6538871139510116,207.60798674042545,175.37197440523582,152.88316474280774,5.0,/home/aojwang/data/MergeDataset/cropped_images/1AvocadoPawpaw/avocado pawpaw_0.jpg
866WhiteChapatiquoterGreenBeans.jpg,green beans,636.412798557909,1.6684782608695652,139.40847401217957,76.13864183543407,33.9384669310296,1.8,/home/aojwang/data/MergeDataset/cropped_images/866WhiteChapatiquoterGreenBeans/green beans_0.jpg
866WhiteChapatiquoterGreenBeans.jpg,white chapati,959.6660657954034,1.5063078216989065,204.4276325088671,142.58055298452828,65.7314823815367,3.12,/home/aojwang/data/MergeDataset/cropped_images/866WhiteChapatiquoterGreenBeans/white chapati_1.jpg
2Cucumber.jpg,cucumber,2250.5330188679245,3.5274725274725274,136.77138609372062,153.32311772403324,138.32166244334852,2.0,/home/aojwang/data/MergeDataset/cropped_images/2Cucumber/cucumber_0.jpg
960MashedIrishpotato.jpg,irish potato mashed,210.93098958333334,1.1867403314917127,159.82201302509336,149.37141269792278,81.19025381441814,3.78,/home/aojwang/data/MergeDataset/cropped_images/960MashedIrishpotato/irish potato mashed_0.jpg
2Thabai.jpg,thabai,287.78572506413155,1.3490328006728343,99.33030229304786,111.07807699003124,100.4944000385915,19.0,/home/aojwang/data/MergeDataset/cropped_images/2Thabai/thabai_0.jpg
3PastaChickenBroccoli.jpg,broccoli,190.6647754137116,1.4248120300751879,188.15747564822345,160.14637103973655,119.47599787727894,2.0,/home/aojwang/data/MergeDataset/cropped_images/3PastaChickenBroccoli/broccoli_0.jpg
3PastaChickenBroccoli.jpg,pasta,867.4042553191489,0.8653846153846154,228.33971579016222,175.9179819684284,141.80535768794698,135.0,/home/aojwang/data/MergeDataset/cropped_images/3PastaChickenBroccoli/pasta_1.jpg
3PastaChickenBroccoli.jpg,chicken,349.8553191489362,1.4393305439330544,197.953624868909,106.72093969273351,75.29998216081216,0.0,/home/aojwang/data/MergeDataset/cropped_images/3PastaChickenBroccoli/chicken_2.jpg
546Pigeonpea.jpg,mbaazi,501.58838383838383,1.4234930448222565,189.20779652853645,161.54647567407915,121.63034014838384,2.85,/home/aojwang/data/MergeDataset/cropped_images/546Pigeonpea/mbaazi_0.jpg
1128MincedMeatBrownRiceKales.jpg,brown rice boiled,338.6017282010998,1.6035634743875278,196.6889089952982,171.70836658624103,99.53506944444445,20.0,/home/aojwang/data/MergeDataset/cropped_images/1128MincedMeatBrownRiceKales/brown rice boiled_0.jpg
1128MincedMeatBrownRiceKales.jpg,sukumawiki,299.15475255302437,0.9686924493554327,99.92030351728532,108.57026167818555,39.43492006806294,3.0,/home/aojwang/data/MergeDataset/cropped_images/1128MincedMeatBrownRiceKales/sukumawiki_1.jpg
1128MincedMeatBrownRiceKales.jpg,mincemeat,357.8256087981147,0.9914821124361158,170.98559276886962,127.42532286013687,47.23683239958552,55.4,/home/aojwang/data/MergeDataset/cropped_images/1128MincedMeatBrownRiceKales/mincemeat_2.jpg
385LettuceCarrotsgrated.jpg,carrot,2263.7708737864077,0.8819188191881919,175.9079377823067,102.8886504346215,52.99240806215594,1.75,/home/aojwang/data/MergeDataset/cropped_images/385LettuceCarrotsgrated/carrot_0.jpg
385LettuceCarrotsgrated.jpg,lettuce,3301.288349514563,1.0032590983161325,169.39521698942485,173.28874281797016,126.93235885842743,3.0,/home/aojwang/data/MergeDataset/cropped_images/385LettuceCarrotsgrated/lettuce_1.jpg
211AvocadoApple.jpg,avocado,2942.926167209555,0.8246001103143961,169.78018362366188,163.9481374760878,74.7834214803159,3.2,/home/aojwang/data/MergeDataset/cropped_images/211AvocadoApple/avocado_0.jpg
211AvocadoApple.jpg,apple,4235.587404994571,0.9410609037328095,195.53789718265378,178.9306560717113,140.38379164598808,0.6,/home/aojwang/data/MergeDataset/cropped_images/211AvocadoApple/apple_1.jpg
1295BeefstewSpaghettiSpinach.JPG,spinach cooked,530.2478361832383,1.026854219948849,110.37081094552717,112.42003890461919,44.9754660432585,4.38,/home/aojwang/data/MergeDataset/cropped_images/1295BeefstewSpaghettiSpinach/spinach cooked_0.jpg
1295BeefstewSpaghettiSpinach.JPG,spaghetti,424.35085497150095,1.102962962962963,208.57638335447604,190.15517846926846,116.21659527895928,8.8,/home/aojwang/data/MergeDataset/cropped_images/1295BeefstewSpaghettiSpinach/spaghetti_1.jpg
1623WholeFish.JPG,fish fry,8273.313868613139,2.4052117263843646,136.0939342393625,122.45579225793246,52.926224321625064,125.66,/home/aojwang/data/MergeDataset/cropped_images/1623WholeFish/fish fry_0.jpg
1RiceWLentilKitojo.jpg,kitojo,143.61114827201783,1.837837837837838,112.0366653418124,107.93937083912957,65.69957894475358,1.0,/home/aojwang/data/MergeDataset/cropped_images/1RiceWLentilKitojo/kitojo_0.jpg
1RiceWLentilKitojo.jpg,kamande,126.7897435897436,1.3711180124223603,152.34471346271533,113.45911383411999,58.4434170635116,25.0,/home/aojwang/data/MergeDataset/cropped_images/1RiceWLentilKitojo/kamande_1.jpg
1RiceWLentilKitojo.jpg,white rice boiled,125.82653288740245,1.0560875512995895,211.23836146098395,204.7014151244303,169.90575583167356,28.0,/home/aojwang/data/MergeDataset/cropped_images/1RiceWLentilKitojo/white rice boiled_2.jpg
2Carrot.jpg,carrot,142.3139036083775,0.4257167680278019,209.3526144080569,153.2663362825582,101.41997907764322,7.0,/home/aojwang/data/MergeDataset/cropped_images/2Carrot/carrot_0.jpg
2Carrot.jpg,carrot,154.44183699217766,0.45721694036300775,199.73725804791414,142.7854940666903,83.60698991753982,7.0,/home/aojwang/data/MergeDataset/cropped_images/2Carrot/carrot_1.jpg
1146BoiledButternut.jpg,butternut boiled,4178.205329153605,1.276468238114263,202.48440800616726,151.09354320980708,83.32045539093308,15.8,/home/aojwang/data/MergeDataset/cropped_images/1146BoiledButternut/butternut boiled_0.jpg
485RedCabbage(2).jpg,red cabbage,21710.58064516129,1.3176991150442479,123.88275658665019,49.31161333555216,91.31729705153425,1.95,/home/aojwang/data/MergeDataset/cropped_images/485RedCabbage(2)/red cabbage_0.jpg
2RiceWChickenMakhni.jpg,white rice boiled,259.81984392419173,0.7247634069400631,223.25998891265021,214.61636568345102,178.44129110986773,85.0,/home/aojwang/data/MergeDataset/cropped_images/2RiceWChickenMakhni/white rice boiled_0.jpg
1221MincedMeatPegionpeasSpinach.JPG,spinach cooked,374.5719950433705,1.0272052761747732,112.54345447062919,91.315435775355,38.01411607002259,1.1,/home/aojwang/data/MergeDataset/cropped_images/1221MincedMeatPegionpeasSpinach/spinach cooked_0.jpg
1221MincedMeatPegionpeasSpinach.JPG,mincemeat,375.26765799256503,1.4135265700483093,165.5152631248741,108.03575671722125,46.42391155755,27.7,/home/aojwang/data/MergeDataset/cropped_images/1221MincedMeatPegionpeasSpinach/mincemeat_1.jpg
571WhiteRicequotercup.jpg,white rice boiled,680.8520179372198,1.195436507936508,193.85391638674832,185.60979796482908,94.06292728709741,0.912,/home/aojwang/data/MergeDataset/cropped_images/571WhiteRicequotercup/white rice boiled_0.jpg
1746WhiteRiceWhiteChapatiquoterBeefstew.JPG,white rice boiled,329.75683425731216,1.4307832422586522,208.02911491178335,178.62469463024607,156.07625171163588,2.4,/home/aojwang/data/MergeDataset/cropped_images/1746WhiteRiceWhiteChapatiquoterBeefstew/white rice boiled_0.jpg
1746WhiteRiceWhiteChapatiquoterBeefstew.JPG,beef stew,301.0208373160008,1.0666666666666667,135.9281486562008,73.44434537418077,34.92215744551135,17.7,/home/aojwang/data/MergeDataset/cropped_images/1746WhiteRiceWhiteChapatiquoterBeefstew/beef stew_1.jpg
1746WhiteRiceWhiteChapatiquoterBeefstew.JPG,white chapati,640.5945325941502,1.593793103448276,173.81350572225787,124.32933973947686,72.79877318372402,2.89,/home/aojwang/data/MergeDataset/cropped_images/1746WhiteRiceWhiteChapatiquoterBeefstew/white chapati_2.jpg
11Watermelon.jpg,water melon,3594.1424923391214,1.2207413577675967,147.92860432456567,80.66844376085194,76.91556315881688,2.1,/home/aojwang/data/MergeDataset/cropped_images/11Watermelon/water melon_0.jpg
589ButterBeans.jpg,butternut beans,871.1463525147259,1.6331797235023042,181.8794509575475,87.84027680977,69.53558633531327,2.31,/home/aojwang/data/MergeDataset/cropped_images/589ButterBeans/butternut beans_0.jpg
2SamosaVege.jpg,samosa,412.75274056029235,2.045390070921986,197.47133413993566,185.97508385713303,180.32005095365972,30.0,/home/aojwang/data/MergeDataset/cropped_images/2SamosaVege/samosa_0.jpg
1219MincedMeatRoscocoBeansSpinach.JPG,rosecoco,607.2767732962448,1.424778761061947,103.26623983888797,52.949281851383624,32.9080804888327,26.01,/home/aojwang/data/MergeDataset/cropped_images/1219MincedMeatRoscocoBeansSpinach/rosecoco_0.jpg
1219MincedMeatRoscocoBeansSpinach.JPG,mincemeat,398.8896615669912,1.4617511520737327,143.4435608812129,96.89400863546818,49.60235296168665,83.1,/home/aojwang/data/MergeDataset/cropped_images/1219MincedMeatRoscocoBeansSpinach/mincemeat_1.jpg
1Hazelnut.jpg,hazelnut,108.13138324243927,1.3986409966024915,192.38830083310026,167.0692724930193,107.86223813737672,9.0,/home/aojwang/data/MergeDataset/cropped_images/1Hazelnut/hazelnut_0.jpg
257Carrots.jpg,carrot,3488.9588607594937,3.837730870712401,178.25502874801248,126.47524650547705,86.13563447439526,1.4,/home/aojwang/data/MergeDataset/cropped_images/257Carrots/carrot_0.jpg
1730GitheriWhiteChapatihalf.JPG,githeri,598.4077271746169,0.8879456706281834,140.23922756375921,102.06940571478451,30.38365069111027,20.1,/home/aojwang/data/MergeDataset/cropped_images/1730GitheriWhiteChapatihalf/githeri_0.jpg
1Plum.jpg,plum,259.5910418695229,1.0813953488372092,181.87112278069517,126.94237559389848,150.02144661165292,11.0,/home/aojwang/data/MergeDataset/cropped_images/1Plum/plum_0.jpg
798BrownRiceEggyolkBeans.jpg,brown rice boiled,482.9222222222222,1.3924646781789638,154.50408172114567,127.49111755533885,60.8735949587536,16.0,/home/aojwang/data/MergeDataset/cropped_images/798BrownRiceEggyolkBeans/brown rice boiled_0.jpg
1352YellowMaizeboiled.JPG,boiled yellow maize,1096.2121348314606,1.4521604938271604,215.59565851274584,157.6250672386875,79.55669820325107,3.1625,/home/aojwang/data/MergeDataset/cropped_images/1352YellowMaizeboiled/boiled yellow maize_0.jpg
26Pawpaw.jpg,pawpaw,36167.03448275862,1.3189568706118355,149.90452841413975,83.13507347136466,36.63642333845643,0.706347,/home/aojwang/data/MergeDataset/cropped_images/26Pawpaw/pawpaw_0.jpg
997Spinach.jpg,spinach cooked,7313.221878224974,1.18348998774009,113.50946699871531,120.71638741315897,75.71137930761988,8.8,/home/aojwang/data/MergeDataset/cropped_images/997Spinach/spinach cooked_0.jpg
94Watermelonsliced.jpg,water melon,32925.6,1.453531598513011,165.66941066604974,129.08975624622997,115.57813293950736,0.36,/home/aojwang/data/MergeDataset/cropped_images/94Watermelonsliced/water melon_0.jpg
1715ChipsBeefstew.JPG,potato chips,926.9817964786631,0.9892776523702032,211.7171842787405,171.16847094757907,75.36302938915422,12.0,/home/aojwang/data/MergeDataset/cropped_images/1715ChipsBeefstew/potato chips_0.jpg
1715ChipsBeefstew.JPG,beef stew,744.7687257535064,0.8436046511627907,156.9377610469123,97.18921112945362,52.56713653775263,35.4,/home/aojwang/data/MergeDataset/cropped_images/1715ChipsBeefstew/beef stew_1.jpg
635BrownRice.jpg,brown rice boiled,1320.0883919062833,1.2828077314343846,192.85956603254533,131.65863816522435,74.56453241989314,20.0,/home/aojwang/data/MergeDataset/cropped_images/635BrownRice/brown rice boiled_0.jpg
1284BeefstewBrownRiceSpinach.JPG,spinach cooked,396.48322700144064,1.4097519247219845,95.98051867831605,90.85218155921167,47.55568768842343,4.38,/home/aojwang/data/MergeDataset/cropped_images/1284BeefstewBrownRiceSpinach/spinach cooked_1.jpg
1284BeefstewBrownRiceSpinach.JPG,brown rice boiled,531.6847087878165,0.9699754901960784,188.15404674978015,149.89642711159004,79.02700491125067,16.0,/home/aojwang/data/MergeDataset/cropped_images/1284BeefstewBrownRiceSpinach/brown rice boiled_2.jpg
505PineappleCarrotsRedCabbage.jpg,red cabbage,2425.913746630728,1.135538261997406,137.14714141483725,56.818046904455564,93.03990049043682,1.3,/home/aojwang/data/MergeDataset/cropped_images/505PineappleCarrotsRedCabbage/red cabbage_0.jpg
505PineappleCarrotsRedCabbage.jpg,pineapple,1337.3135669362084,1.0581787521079258,209.36990654582345,150.48479135733626,87.36806903918894,0.48017,/home/aojwang/data/MergeDataset/cropped_images/505PineappleCarrotsRedCabbage/pineapple_1.jpg
505PineappleCarrotsRedCabbage.jpg,carrot,1174.1203953279426,1.7960140679953107,209.15304990220355,116.2011132571572,51.840977474678525,0.7,/home/aojwang/data/MergeDataset/cropped_images/505PineappleCarrotsRedCabbage/carrot_2.jpg
1656WholeFishChips.JPG,potato chips,1748.1160164271048,1.705590941259731,193.34450963636417,183.18888184111378,69.14775337485648,7.2,/home/aojwang/data/MergeDataset/cropped_images/1656WholeFishChips/potato chips_0.jpg
1EggBoiled.jpg,boiled egg,49.07378904481666,1.3434959349593496,200.73268206585243,202.7665676543301,196.19869500510436,1.0,/home/aojwang/data/MergeDataset/cropped_images/1EggBoiled/boiled egg_0.jpg
842WhiteChapatiquoterMonkeynutBeans.jpg,monkeynut beans,354.25546930134084,1.1587719298245613,128.66122488279746,91.3714065633425,35.254738568601674,7.8,/home/aojwang/data/MergeDataset/cropped_images/842WhiteChapatiquoterMonkeynutBeans/monkeynut beans_0.jpg
842WhiteChapatiquoterMonkeynutBeans.jpg,white chapati,492.8807339449541,0.993801652892562,207.6346807710444,182.42514590241862,81.22993113902204,3.12,/home/aojwang/data/MergeDataset/cropped_images/842WhiteChapatiquoterMonkeynutBeans/white chapati_1.jpg
1375BeefstewSpinachNjahi.jpg,black beans,1044.0784844384302,0.9798308392973325,127.03852773680813,88.76903705930992,63.75526650716587,28.5,/home/aojwang/data/MergeDataset/cropped_images/1375BeefstewSpinachNjahi/black beans_0.jpg
1375BeefstewSpinachNjahi.jpg,beef stew,870.8881371222373,1.2782750203417412,124.6726541220318,79.65548004696599,40.768550088333136,53.1,/home/aojwang/data/MergeDataset/cropped_images/1375BeefstewSpinachNjahi/beef stew_1.jpg
1002Spinach1cup.jpg,spinach cooked,445.7644332882796,0.9271229404309252,129.0193761278412,133.458648782343,99.6914884861653,3.39,/home/aojwang/data/MergeDataset/cropped_images/1002Spinach1cup/spinach cooked_0.jpg
1RiceWMeatballs.jpg,meatballs,248.42251950947602,1.0604878048780488,200.00310992438352,130.6213485314246,103.87533735723741,72.0,/home/aojwang/data/MergeDataset/cropped_images/1RiceWMeatballs/meatballs_0.jpg
1RiceWMeatballs.jpg,white rice boiled,142.07848383500558,0.9523227383863081,216.8243532081441,211.61674424297968,169.12403212695105,21.0,/home/aojwang/data/MergeDataset/cropped_images/1RiceWMeatballs/white rice boiled_1.jpg
2Cashewnut.jpg,cashewnut,698.5294117647059,1.1822222222222223,197.8991552213868,171.4963776106934,112.84438830409357,20.0,/home/aojwang/data/MergeDataset/cropped_images/2Cashewnut/cashewnut_0.jpg
1OnionTomatoAvocado.jpg,onion tomato avocado,1545.6849966055668,1.332823259372609,193.74714796332034,151.4603780579183,134.20125404406372,7.0,/home/aojwang/data/MergeDataset/cropped_images/1OnionTomatoAvocado/onion tomato avocado_0.jpg
1522FriedGitheriWhiteRiceCabbage.JPG,githeri,2096.2712418300653,1.1650943396226414,163.78720191002074,110.5220193340494,57.39325077674489,13.8,/home/aojwang/data/MergeDataset/cropped_images/1522FriedGitheriWhiteRiceCabbage/githeri_0.jpg
1522FriedGitheriWhiteRiceCabbage.JPG,green cabbage cooked,3395.402777777778,1.5855466337245212,161.98483483891738,107.45564660790626,46.64082634800563,2.2,/home/aojwang/data/MergeDataset/cropped_images/1522FriedGitheriWhiteRiceCabbage/green cabbage cooked_1.jpg
1522FriedGitheriWhiteRiceCabbage.JPG,white rice boiled,3612.847222222222,1.0211436809226333,183.5868827769455,148.15261508889958,108.08934482856093,4.8,/home/aojwang/data/MergeDataset/cropped_images/1522FriedGitheriWhiteRiceCabbage/white rice boiled_2.jpg
1528Njahi.JPG,black beans,1244.9894206549118,1.2065217391304348,117.54980710588418,125.05353691816143,140.81538916296822,19.0,/home/aojwang/data/MergeDataset/cropped_images/1528Njahi/black beans_0.jpg
1322ChickenWetfryWhiteUgali1CupSpinach.JPG,white ugali,284.63848842289207,1.0595130748422001,193.63499031137886,185.36989352109433,118.44184256470272,9.66,/home/aojwang/data/MergeDataset/cropped_images/1322ChickenWetfryWhiteUgali1CupSpinach/white ugali_0.jpg
1322ChickenWetfryWhiteUgali1CupSpinach.JPG,chicken wing,216.0244648318043,1.2684031710079275,156.40764338294775,124.37314451545058,33.5845211130885,30.25,/home/aojwang/data/MergeDataset/cropped_images/1322ChickenWetfryWhiteUgali1CupSpinach/chicken wing_1.jpg
1322ChickenWetfryWhiteUgali1CupSpinach.JPG,spinach cooked,307.13848842289207,1.3,103.17545658852981,106.21853379608557,27.735896250568956,1.1,/home/aojwang/data/MergeDataset/cropped_images/1322ChickenWetfryWhiteUgali1CupSpinach/spinach cooked_2.jpg
1487FriedGitheriBeefstew.JPG,githeri,1507.031299734748,1.0149432157800358,162.64187958549033,131.494649307895,26.55201963985618,13.8,/home/aojwang/data/MergeDataset/cropped_images/1487FriedGitheriBeefstew/githeri_0.jpg
1487FriedGitheriBeefstew.JPG,beef stew,1157.848275862069,0.971314209472982,134.20446139917453,111.62216065288948,14.103898478106283,26.55,/home/aojwang/data/MergeDataset/cropped_images/1487FriedGitheriBeefstew/beef stew_1.jpg
2BeefRoast.jpg,beef roast,274.60979387584894,1.2835820895522387,131.26914526206178,86.07914092329052,88.99037790697675,0.0,/home/aojwang/data/MergeDataset/cropped_images/2BeefRoast/beef roast_0.jpg
1150MincedMeatBrownChapatiKales.JPG,sukumawiki,2045.6144859813085,0.8696264975334743,95.19314569691487,92.2291744477301,34.38717258141705,4.0,/home/aojwang/data/MergeDataset/cropped_images/1150MincedMeatBrownChapatiKales/sukumawiki_0.jpg
1150MincedMeatBrownChapatiKales.JPG,brown chapati,4753.580607476635,0.8843822843822844,186.18420595394764,141.1396573905799,84.32511449190416,27.38,/home/aojwang/data/MergeDataset/cropped_images/1150MincedMeatBrownChapatiKales/brown chapati_1.jpg
1150MincedMeatBrownChapatiKales.JPG,mincemeat,1646.53738317757,1.8117913832199546,168.65276323295276,123.28067680973099,63.924527967215255,69.25,/home/aojwang/data/MergeDataset/cropped_images/1150MincedMeatBrownChapatiKales/mincemeat_2.jpg
1074Beefstewhalfcup.jpg,beef stew,436.7804466919511,1.204268292682927,129.32755335365854,110.66879582818771,90.96899506020377,25.29,/home/aojwang/data/MergeDataset/cropped_images/1074Beefstewhalfcup/beef stew_0.jpg
2ButternutSpinach.jpg,butternut spinach,2024.4782608695652,1.3518072289156626,160.0416024167973,147.8955045374606,124.09084132131616,36.0,/home/aojwang/data/MergeDataset/cropped_images/2ButternutSpinach/butternut spinach_0.jpg
1745WhiteRiceWhiteChapatihalfBeefstew.JPG,white rice boiled,893.3572335025381,1.487153134635149,188.00617643904425,158.71274231478674,136.7748369770962,2.4,/home/aojwang/data/MergeDataset/cropped_images/1745WhiteRiceWhiteChapatihalfBeefstew/white rice boiled_0.jpg
1745WhiteRiceWhiteChapatihalfBeefstew.JPG,beef stew,800.975888324873,1.0862708719851577,125.39834180702792,69.06142253501044,33.78967360564286,17.7,/home/aojwang/data/MergeDataset/cropped_images/1745WhiteRiceWhiteChapatihalfBeefstew/beef stew_1.jpg
941Frenchfries.jpg,potato chips,1318.6900791996666,1.3374712643678162,166.73176214917635,144.02669859295173,30.10180217557086,49.05,/home/aojwang/data/MergeDataset/cropped_images/941Frenchfries/potato chips_0.jpg
226Cucumber.jpg,cucumber,3265.230769230769,1.3593667546174142,191.96420807453416,197.6532694734427,167.81138026680213,1.5,/home/aojwang/data/MergeDataset/cropped_images/226Cucumber/cucumber_0.jpg
1583BrownUgaliDrumstickCabbage.JPG,brown ugali,1674.9746891651864,1.6134728580771747,157.7666272627327,141.77436550961906,141.53408351919637,2.9,/home/aojwang/data/MergeDataset/cropped_images/1583BrownUgaliDrumstickCabbage/brown ugali_0.jpg
1583BrownUgaliDrumstickCabbage.JPG,brown ugali,940.753108348135,1.2326468344774981,144.86015181895763,119.23032782397233,113.97914164986292,2.9,/home/aojwang/data/MergeDataset/cropped_images/1583BrownUgaliDrumstickCabbage/brown ugali_1.jpg
786BrownRicethirdcupMonkeynutshalfcup.jpg,brown rice boiled,783.0220107079119,1.4134715025906737,175.36811724127452,122.31159117499583,77.58556972026803,5.6,/home/aojwang/data/MergeDataset/cropped_images/786BrownRicethirdcupMonkeynutshalfcup/brown rice boiled_0.jpg
786BrownRicethirdcupMonkeynutshalfcup.jpg,monkeynut beans,1595.5788221296848,1.4587020648967552,131.98394172177134,69.5480909473232,43.82059214784458,10.14,/home/aojwang/data/MergeDataset/cropped_images/786BrownRicethirdcupMonkeynutshalfcup/monkeynut beans_1.jpg
1212MincedMeatRoscocoBeansSpinach.JPG,rosecoco,401.5536860748284,1.2554076539101497,167.97930332591253,89.86153682453256,60.19648663757885,8.67,/home/aojwang/data/MergeDataset/cropped_images/1212MincedMeatRoscocoBeansSpinach/rosecoco_0.jpg
1212MincedMeatRoscocoBeansSpinach.JPG,spinach cooked,525.9198583130396,1.1377162629757784,130.2942578233526,108.3363376522786,52.88298141927445,3.29,/home/aojwang/data/MergeDataset/cropped_images/1212MincedMeatRoscocoBeansSpinach/spinach cooked_1.jpg
1212MincedMeatRoscocoBeansSpinach.JPG,mincemeat,367.8193491255258,1.193220338983051,190.78886447900615,132.41639782357473,76.53499012904469,41.55,/home/aojwang/data/MergeDataset/cropped_images/1212MincedMeatRoscocoBeansSpinach/mincemeat_2.jpg
488PineappleRedCabbage.jpg,pineapple,978.9289232934553,1.4454638124362895,162.52979386912696,107.20114689682242,55.01033889313027,0.48017,/home/aojwang/data/MergeDataset/cropped_images/488PineappleRedCabbage/pineapple_0.jpg
1641WholeFishKachumbari1CupWhiteUgali1Cup.JPG,white ugali,6037.026615969582,1.0546047269763652,183.9510542671398,180.704070822768,122.84869418002215,9.14,/home/aojwang/data/MergeDataset/cropped_images/1641WholeFishKachumbari1CupWhiteUgali1Cup/white ugali_0.jpg
1641WholeFishKachumbari1CupWhiteUgali1Cup.JPG,kachumbari,10851.619771863117,1.3917597765363128,150.21986379703264,98.96008866227326,43.766043933095446,1.99,/home/aojwang/data/MergeDataset/cropped_images/1641WholeFishKachumbari1CupWhiteUgali1Cup/kachumbari_1.jpg
246Tomato.jpg,tomato,956.4080389768575,1.2057001239157372,186.294564136264,103.2802788040412,86.75005826459385,0.6,/home/aojwang/data/MergeDataset/cropped_images/246Tomato/tomato_0.jpg
861WhiteChapatiquoterGreenBeans.jpg,white chapati,334.1097772863687,1.2730799069045773,212.09066024850975,162.88068260521575,85.29706951758398,3.12,/home/aojwang/data/MergeDataset/cropped_images/861WhiteChapatiquoterGreenBeans/white chapati_0.jpg
861WhiteChapatiquoterGreenBeans.jpg,green beans,230.18164586953088,1.3603864734299518,165.22406949934123,101.4761507740448,50.02267168972332,0.9,/home/aojwang/data/MergeDataset/cropped_images/861WhiteChapatiquoterGreenBeans/green beans_1.jpg
3EggBoiled.jpg,boiled egg,138.06111362607516,1.3249097472924187,196.96785440650714,199.99195458455338,192.04693250092083,2.0,/home/aojwang/data/MergeDataset/cropped_images/3EggBoiled/boiled egg_0.jpg
1130MincedMeatBrownRiceKales.JPG,brown rice boiled,357.81052839116717,1.8554095045500505,184.64630995445816,157.9450897198888,90.75743422883325,20.0,/home/aojwang/data/MergeDataset/cropped_images/1130MincedMeatBrownRiceKales/brown rice boiled_0.jpg
1130MincedMeatBrownRiceKales.JPG,mincemeat,563.5078864353312,0.9571759259259259,151.87279189898786,113.34776103945542,44.539098187894666,83.1,/home/aojwang/data/MergeDataset/cropped_images/1130MincedMeatBrownRiceKales/mincemeat_1.jpg
1130MincedMeatBrownRiceKales.JPG,sukumawiki,449.8225552050473,0.9861932938856016,92.76986850756082,96.18812842428227,34.828864781941704,4.0,/home/aojwang/data/MergeDataset/cropped_images/1130MincedMeatBrownRiceKales/sukumawiki_2.jpg
1764BrownUgali1CupWhiteRiceSpinach.JPG,brown ugali,397.6418190342241,1.0707865168539326,129.49090394614288,108.69704540363371,57.33826237664619,2.94,/home/aojwang/data/MergeDataset/cropped_images/1764BrownUgali1CupWhiteRiceSpinach/brown ugali_0.jpg
545Lentils1cup.jpg,kamande,920.8212601800258,1.2787779596290234,172.30643944260422,151.77357820875903,119.20251936901963,23.54,/home/aojwang/data/MergeDataset/cropped_images/545Lentils1cup/kamande_0.jpg
1179MincedMeatCabbageWhiteRice.JPG,mincemeat,607.7650200267022,1.7849636216653193,166.63392213806193,114.04570247970194,48.1122858891896,55.4,/home/aojwang/data/MergeDataset/cropped_images/1179MincedMeatCabbageWhiteRice/mincemeat_0.jpg
1179MincedMeatCabbageWhiteRice.JPG,green cabbage cooked,405.0623052959502,0.8243606998654105,208.3288686241657,190.8633839646222,108.60143818496444,2.4,/home/aojwang/data/MergeDataset/cropped_images/1179MincedMeatCabbageWhiteRice/green cabbage cooked_1.jpg
1179MincedMeatCabbageWhiteRice.JPG,white rice boiled,440.8651535380507,1.3443163097199342,228.46578217366024,206.90105125658172,165.1912784265271,5.2,/home/aojwang/data/MergeDataset/cropped_images/1179MincedMeatCabbageWhiteRice/white rice boiled_2.jpg
1497FriedGitheriBeefstewCabbage.JPG,green cabbage cooked,918.2619863013699,1.6494117647058824,171.48377947470001,111.79193905997967,47.389489151818594,1.1,/home/aojwang/data/MergeDataset/cropped_images/1497FriedGitheriBeefstewCabbage/green cabbage cooked_0.jpg
1497FriedGitheriBeefstewCabbage.JPG,githeri,583.6993150684932,1.2472198460222412,168.29880040037503,110.28341846583142,56.6432097592,10.35,/home/aojwang/data/MergeDataset/cropped_images/1497FriedGitheriBeefstewCabbage/githeri_1.jpg
1497FriedGitheriBeefstewCabbage.JPG,beef stew,717.977397260274,1.0976845151953691,147.03194762303158,97.57528426029361,54.91117980781247,17.7,/home/aojwang/data/MergeDataset/cropped_images/1497FriedGitheriBeefstewCabbage/beef stew_2.jpg
1612SpaghettiNjahi.JPG,spaghetti,1525.6744186046512,1.0845070422535212,196.79042888080446,142.69527377508598,98.62936146621593,2.2,/home/aojwang/data/MergeDataset/cropped_images/1612SpaghettiNjahi/spaghetti_0.jpg
1612SpaghettiNjahi.JPG,black beans,944.7975882859604,1.1951983298538622,124.58386376275173,74.14730743634391,42.14158955611673,4.75,/home/aojwang/data/MergeDataset/cropped_images/1612SpaghettiNjahi/black beans_1.jpg
279Cabbagesliced.jpg,green cabbage,2509.76,1.441425120772947,205.92924587489804,210.10832452960784,181.73122883817135,2.75,/home/aojwang/data/MergeDataset/cropped_images/279Cabbagesliced/green cabbage_0.jpg
10Watermelon.jpg,water melon,12932.470187393526,1.5129464285714285,137.07493505774985,78.40787434662563,74.54909476035914,1.8,/home/aojwang/data/MergeDataset/cropped_images/10Watermelon/water melon_0.jpg
3BeefRoast.jpg,beef roast,233.0119822870539,1.3600493218249075,151.57843953213577,114.34558618854754,116.60366330811719,0.0,/home/aojwang/data/MergeDataset/cropped_images/3BeefRoast/beef roast_0.jpg
1603BrownUgaliCabbage.JPG,green cabbage cooked,828.890796201607,1.1865509761388287,208.07577077448235,159.72090144846692,98.73667494601241,1.2,/home/aojwang/data/MergeDataset/cropped_images/1603BrownUgaliCabbage/green cabbage cooked_1.jpg
427MangoLettuce.jpg,mango,365.7020739910314,1.2419512195121951,200.17364474163202,140.2383576341655,48.00724158412048,1.312,/home/aojwang/data/MergeDataset/cropped_images/427MangoLettuce/mango_0.jpg
427MangoLettuce.jpg,lettuce,1639.3251121076232,0.9954620462046204,197.4894322420224,186.66306885558012,141.76303018304316,1.8,/home/aojwang/data/MergeDataset/cropped_images/427MangoLettuce/lettuce_1.jpg
1CabbageGreen.jpg,green cabbage cooked,2478.864197530864,1.4225352112676057,185.00037779719335,158.70189809294237,127.35664624237647,1.0,/home/aojwang/data/MergeDataset/cropped_images/1CabbageGreen/green cabbage cooked_0.jpg
71Bananapeeled.jpg,ripe banana,27456.5,1.7309562398703404,173.29201764272239,166.31251740969384,140.53673116599927,3.92,/home/aojwang/data/MergeDataset/cropped_images/71Bananapeeled/ripe banana_0.jpg
796BrownRiceEggyolkBeans.jpg,brown rice boiled,909.6417391304348,1.562874251497006,173.42302049795683,144.82344315201016,65.66776600056592,8.0,/home/aojwang/data/MergeDataset/cropped_images/796BrownRiceEggyolkBeans/brown rice boiled_0.jpg
3RiceWYellowBTerere.jpg,terere,305.6396194739787,1.1340057636887608,115.86683828349,114.47575698764871,82.96565222326787,3.0,/home/aojwang/data/MergeDataset/cropped_images/3RiceWYellowBTerere/terere_0.jpg
3RiceWYellowBTerere.jpg,white rice boiled,1110.2574146614438,2.0040201005025127,217.04833293851402,208.39932511101142,189.03057816666077,141.0,/home/aojwang/data/MergeDataset/cropped_images/3RiceWYellowBTerere/white rice boiled_1.jpg
3RiceWYellowBTerere.jpg,yellow beans,428.86401790710687,1.8946540880503144,210.17553041572066,151.01725775724836,74.07203084631645,12.0,/home/aojwang/data/MergeDataset/cropped_images/3RiceWYellowBTerere/yellow beans_2.jpg
193AvocadoPawpaw.jpg,avocado,1065.4865125240847,0.9499536607970342,185.1588824340514,165.42541287099618,80.69008793146318,0.8,/home/aojwang/data/MergeDataset/cropped_images/193AvocadoPawpaw/avocado_0.jpg
193AvocadoPawpaw.jpg,pawpaw,974.9518304431599,1.012,186.2552756916996,113.12654051383399,69.0897252964427,0.235449,/home/aojwang/data/MergeDataset/cropped_images/193AvocadoPawpaw/pawpaw_1.jpg
1698BeefSausageChipsKachumbarithirdCup.JPG,kachumbari,222.3623395149786,1.2104664391353812,166.9132248282823,75.01707660790201,49.232209149152744,0.92,/home/aojwang/data/MergeDataset/cropped_images/1698BeefSausageChipsKachumbarithirdCup/kachumbari_0.jpg
1698BeefSausageChipsKachumbarithirdCup.JPG,potato chips,473.13052781740373,1.1473044798785117,221.52995220571793,185.12327115704775,89.05575714816227,7.2,/home/aojwang/data/MergeDataset/cropped_images/1698BeefSausageChipsKachumbarithirdCup/potato chips_1.jpg
3RiceWLentilKitojo.jpg,kitojo,182.06510590858417,1.519781718963165,98.72913630563264,93.53121991961419,64.00926812660887,1.0,/home/aojwang/data/MergeDataset/cropped_images/3RiceWLentilKitojo/kitojo_0.jpg
3RiceWLentilKitojo.jpg,white rice boiled,341.2550724637681,2.1334120425029517,220.5476060891365,209.80033308744885,180.20144734271614,141.0,/home/aojwang/data/MergeDataset/cropped_images/3RiceWLentilKitojo/white rice boiled_1.jpg
3RiceWLentilKitojo.jpg,kamande,163.23411371237458,1.2509803921568627,164.829383763258,122.69864158829677,75.19646498794572,40.0,/home/aojwang/data/MergeDataset/cropped_images/3RiceWLentilKitojo/kamande_2.jpg
1584BrownUgaliDrumstickCabbage.JPG,brown ugali,725.8443140794224,1.5237439779766002,154.9873675061596,137.38072585704063,132.47962754690636,1.43,/home/aojwang/data/MergeDataset/cropped_images/1584BrownUgaliDrumstickCabbage/brown ugali_0.jpg
263Carrots.jpg,carrot,3064.917525773196,1.4504132231404958,206.25391803963234,141.37521809599733,71.50867002165704,2.45,/home/aojwang/data/MergeDataset/cropped_images/263Carrots/carrot_0.jpg
1RiceWMeatballsVegies.jpg,meatballs,118.64749163879598,1.1996996996996998,170.11877271514317,122.70680693208854,53.542425404127535,3.0,/home/aojwang/data/MergeDataset/cropped_images/1RiceWMeatballsVegies/meatballs_0.jpg
1RiceWMeatballsVegies.jpg,white rice boiled,120.06243032329989,1.3354330708661417,211.32591554003864,208.38614247511515,175.01432179468134,42.0,/home/aojwang/data/MergeDataset/cropped_images/1RiceWMeatballsVegies/white rice boiled_1.jpg
1RiceWMeatballsVegies.jpg,saget,148.49409141583055,1.4925149700598803,108.9759307863711,108.69910780244926,58.927618183892996,5.0,/home/aojwang/data/MergeDataset/cropped_images/1RiceWMeatballsVegies/saget_2.jpg
481GrapesCucumber.jpg,red grapes,2360.591836734694,1.5575589459084604,145.81497604618104,79.84673755037466,61.27380900920484,2.360196,/home/aojwang/data/MergeDataset/cropped_images/481GrapesCucumber/red grapes_0.jpg
481GrapesCucumber.jpg,cucumber,2211.3032069970845,2.342706502636204,177.50698768716785,146.66729182295575,103.41701231546902,1.2,/home/aojwang/data/MergeDataset/cropped_images/481GrapesCucumber/cucumber_1.jpg
1WMelon.jpg,water melon,442.25885558583104,1.5763358778625953,208.69830179883226,136.55409229720266,132.4847975158494,3.0,/home/aojwang/data/MergeDataset/cropped_images/1WMelon/water melon_0.jpg
1Chia.jpg,chia seeds,401.7429775280899,1.443579766536965,137.26107795735575,130.2972464320383,137.92692772481334,17.0,/home/aojwang/data/MergeDataset/cropped_images/1Chia/chia seeds_0.jpg
3Blueberry.jpg,blueberry,483.0249918857514,1.317027281279398,102.8444731890875,111.33784639161404,129.56695874210456,19.0,/home/aojwang/data/MergeDataset/cropped_images/3Blueberry/blueberry_0.jpg
1RiceDenguSpinach.jpg,ndengu,293.93394742754435,1.3622448979591837,164.93777726821065,137.82280363830927,77.61803179698846,27.0,/home/aojwang/data/MergeDataset/cropped_images/1RiceDenguSpinach/ndengu_0.jpg
1RiceDenguSpinach.jpg,spinach cooked,196.3401482812851,2.2588424437299035,119.43107184950395,117.98170864276642,74.94493712167157,2.0,/home/aojwang/data/MergeDataset/cropped_images/1RiceDenguSpinach/spinach cooked_1.jpg
1RiceDenguSpinach.jpg,white rice boiled,89.9662997079308,1.2588652482269505,207.78679202876836,203.50901258615522,178.07955498951154,14.0,/home/aojwang/data/MergeDataset/cropped_images/1RiceDenguSpinach/white rice boiled_2.jpg
1RiceDenguSpinach.jpg,spinach cooked,87.59042911705235,1.274864376130199,208.93796570607773,204.687371269542,180.60807971990303,2.0,/home/aojwang/data/MergeDataset/cropped_images/1RiceDenguSpinach/spinach cooked_3.jpg
1728GitheriWhiteChapatiquoter.JPG,githeri,1661.2324896998234,0.8968432919954904,141.46244588890298,104.59560861299148,29.13957952604029,16.75,/home/aojwang/data/MergeDataset/cropped_images/1728GitheriWhiteChapatiquoter/githeri_0.jpg
1728GitheriWhiteChapatiquoter.JPG,white chapati,1450.1618599175986,0.8241758241758241,153.6370878613538,139.89234016214627,49.41456394021491,2.89,/home/aojwang/data/MergeDataset/cropped_images/1728GitheriWhiteChapatiquoter/white chapati_1.jpg
2UgaliBeefRoast.jpg,beef roast,286.7971014492754,1.2837162837162837,179.0455661070447,140.5461690060912,92.538229086089,0.0,/home/aojwang/data/MergeDataset/cropped_images/2UgaliBeefRoast/beef roast_0.jpg
2UgaliBeefRoast.jpg,white ugali,159.2463768115942,0.6285178236397748,211.70917924449049,198.3420948727283,154.77025566352106,90.0,/home/aojwang/data/MergeDataset/cropped_images/2UgaliBeefRoast/white ugali_1.jpg
1455MokimoChickenthigh.JPG,chicken thigh,918.6606741573033,1.2822085889570551,119.2163905767393,97.51136485944365,75.9196371203152,34.8,/home/aojwang/data/MergeDataset/cropped_images/1455MokimoChickenthigh/chicken thigh_0.jpg
1455MokimoChickenthigh.JPG,chicken thigh,972.4074906367041,1.3138832997987928,107.1611514415744,87.30829540797619,66.20142832492658,34.8,/home/aojwang/data/MergeDataset/cropped_images/1455MokimoChickenthigh/chicken thigh_1.jpg
1455MokimoChickenthigh.JPG,mukimo,1195.4981273408239,1.0900826446280991,100.56165828106693,105.33874898965533,84.6378786834504,10.0,/home/aojwang/data/MergeDataset/cropped_images/1455MokimoChickenthigh/mukimo_2.jpg
1455MokimoChickenthigh.JPG,chicken thigh,85.96179775280899,1.1864951768488745,83.06892705583004,56.32159569184116,54.19835481313012,34.8,/home/aojwang/data/MergeDataset/cropped_images/1455MokimoChickenthigh/chicken thigh_3.jpg
98Watermelonsliced.jpg,water melon,21480.942355889725,2.2219959266802443,176.02034583082096,131.86140923889405,115.50304612259909,1.32,/home/aojwang/data/MergeDataset/cropped_images/98Watermelonsliced/water melon_0.jpg
2PastaChickenCarrot.jpg,chicken,122.31273700646888,0.9905913978494624,189.54995550108694,131.70833333333334,78.88620679593237,0.0,/home/aojwang/data/MergeDataset/cropped_images/2PastaChickenCarrot/chicken_0.jpg
2PastaChickenCarrot.jpg,carrot,100.01338389471336,2.315909090909091,219.48186947988225,157.85424435721296,70.94910339905434,4.0,/home/aojwang/data/MergeDataset/cropped_images/2PastaChickenCarrot/carrot_1.jpg
2PastaChickenCarrot.jpg,pasta,524.9491412000892,1.7459086993970714,215.25479922850306,186.28991049768692,136.7627243241222,135.0,/home/aojwang/data/MergeDataset/cropped_images/2PastaChickenCarrot/pasta_2.jpg
1Mozzarella.jpg,mozzarella,70.65177895533687,1.2729211087420043,189.4810763126221,196.71813581053812,190.86417874732584,1.0,/home/aojwang/data/MergeDataset/cropped_images/1Mozzarella/mozzarella_0.jpg
565WhiteRice.jpg,white rice boiled,1871.4024914089348,1.1879895561357703,206.24716540900354,195.3192099388862,121.60062433649901,7.2,/home/aojwang/data/MergeDataset/cropped_images/565WhiteRice/white rice boiled_0.jpg
1527Njahi.JPG,black beans,807.0741239892184,1.1378728193584693,131.12912437025025,135.3230558398973,149.22834721273642,14.25,/home/aojwang/data/MergeDataset/cropped_images/1527Njahi/black beans_0.jpg
670BrownChapati.jpg,brown chapati,1168.0732722731057,1.2345215759849906,173.64646959488357,135.7418849475641,53.49668533334854,5.84,/home/aojwang/data/MergeDataset/cropped_images/670BrownChapati/brown chapati_0.jpg
1493FriedGitheriBeefstewCabbage.JPG,githeri,418.17699805068224,1.4707259953161593,159.8065351884724,94.5725380002685,43.48514950252838,3.45,/home/aojwang/data/MergeDataset/cropped_images/1493FriedGitheriBeefstewCabbage/githeri_0.jpg
1493FriedGitheriBeefstewCabbage.JPG,beef stew,431.46198830409355,1.0637254901960784,136.4306885334779,76.90149272612271,36.93611999638565,8.85,/home/aojwang/data/MergeDataset/cropped_images/1493FriedGitheriBeefstewCabbage/beef stew_1.jpg
2Sausage.jpg,sausage,136.94507318545345,1.4955070603337612,158.17861349700013,119.45283432594886,110.80161205903904,9.0,/home/aojwang/data/MergeDataset/cropped_images/2Sausage/sausage_0.jpg
1PorkFried.jpg,pork fry,534.5048814504881,0.9897727272727272,180.17992511220123,155.63587047281078,154.12305735309468,0.0,/home/aojwang/data/MergeDataset/cropped_images/1PorkFried/pork fry_0.jpg
3StrawberryPearOrange.jpg,strawberry pear orange,3236.637440758294,1.4966691339748335,206.16218231577005,154.09958077725332,134.7906401163808,40.0,/home/aojwang/data/MergeDataset/cropped_images/3StrawberryPearOrange/strawberry pear orange_0.jpg
1498FriedGitheriBeefstewCabbage.JPG,green cabbage cooked,1249.1855927963982,1.7964376590330788,205.10783213635537,148.3094850792232,61.632050416439405,1.1,/home/aojwang/data/MergeDataset/cropped_images/1498FriedGitheriBeefstewCabbage/green cabbage cooked_0.jpg
1498FriedGitheriBeefstewCabbage.JPG,githeri,1525.0325162581291,1.1348383160463698,173.65182218373386,109.67704442126394,46.83430986636226,10.35,/home/aojwang/data/MergeDataset/cropped_images/1498FriedGitheriBeefstewCabbage/githeri_1.jpg
1498FriedGitheriBeefstewCabbage.JPG,beef stew,1421.4507253626814,0.9236031927023945,149.46648295958445,95.43391612821488,41.559230049129326,26.55,/home/aojwang/data/MergeDataset/cropped_images/1498FriedGitheriBeefstewCabbage/beef stew_2.jpg
1762BrownUgali1CupWhiteRiceSpinach.JPG,brown ugali,657.5416427340609,1.0666023166023166,134.69590925767397,113.26791173849998,67.11164590576355,2.94,/home/aojwang/data/MergeDataset/cropped_images/1762BrownUgali1CupWhiteRiceSpinach/brown ugali_0.jpg
1762BrownUgali1CupWhiteRiceSpinach.JPG,white rice boiled,1233.0212521539345,1.3226059654631084,193.65149602411154,196.8272256357462,151.26414992383624,3.6,/home/aojwang/data/MergeDataset/cropped_images/1762BrownUgali1CupWhiteRiceSpinach/white rice boiled_1.jpg
2SpaghettiMinced.jpg,spaghetti,251.8153846153846,1.8005050505050506,221.5196149786788,197.74710198053467,137.98089945740716,50.0,/home/aojwang/data/MergeDataset/cropped_images/2SpaghettiMinced/spaghetti_0.jpg
2SpaghettiMinced.jpg,mincemeat,269.161872909699,1.1012416427889207,174.01315947517833,135.5499626819617,83.93144498260838,0.0,/home/aojwang/data/MergeDataset/cropped_images/2SpaghettiMinced/mincemeat_1.jpg
370LettuceCarrotsGrapes.jpg,red grapes,2757.717201166181,1.5893675527039413,129.8052774244976,76.00629402567087,51.41005257443464,1.770147,/home/aojwang/data/MergeDataset/cropped_images/370LettuceCarrotsGrapes/red grapes_0.jpg
370LettuceCarrotsGrapes.jpg,carrot,2314.0320699708454,1.1362098138747885,185.3963378450397,116.29905079039905,65.64469146908266,1.05,/home/aojwang/data/MergeDataset/cropped_images/370LettuceCarrotsGrapes/carrot_1.jpg
1287BeefstewBrownRiceSpinach.JPG,brown rice boiled,591.2388268156425,0.793067770305225,191.23199323454446,153.1392398783919,88.79875199482737,24.0,/home/aojwang/data/MergeDataset/cropped_images/1287BeefstewBrownRiceSpinach/brown rice boiled_1.jpg
1287BeefstewBrownRiceSpinach.JPG,spinach cooked,516.3758978451716,1.4587087087087087,106.39659886340277,105.57010651928304,66.23636863832438,6.57,/home/aojwang/data/MergeDataset/cropped_images/1287BeefstewBrownRiceSpinach/spinach cooked_2.jpg
1165MincedMeatWhiteChapati1andhalfCabbage.JPG,green cabbage cooked,281.10837438423647,1.118811881188119,207.35499605712783,190.82993603785158,100.42480592307018,1.2,/home/aojwang/data/MergeDataset/cropped_images/1165MincedMeatWhiteChapati1andhalfCabbage/green cabbage cooked_0.jpg
1165MincedMeatWhiteChapati1andhalfCabbage.JPG,mincemeat,439.9458128078818,1.116205533596838,173.15986630686717,118.32109697790816,43.3274664367533,41.55,/home/aojwang/data/MergeDataset/cropped_images/1165MincedMeatWhiteChapati1andhalfCabbage/mincemeat_1.jpg
1165MincedMeatWhiteChapati1andhalfCabbage.JPG,white chapati,980.6918719211823,0.82189913675602,222.198804051327,183.96563097983756,99.38725525283874,17.86,/home/aojwang/data/MergeDataset/cropped_images/1165MincedMeatWhiteChapati1andhalfCabbage/white chapati_2.jpg
1330WhiteUgali2CupsChickenWetfrySpinach.JPG,chicken wing,591.6964285714286,2.0833333333333335,166.53694356420704,125.24696167194809,36.00663686434284,138.35,/home/aojwang/data/MergeDataset/cropped_images/1330WhiteUgali2CupsChickenWetfrySpinach/chicken wing_0.jpg
1330WhiteUgali2CupsChickenWetfrySpinach.JPG,chicken wing,152.23058035714286,1.1123882503192848,166.47033620579683,121.07684829609688,47.233125559939765,138.35,/home/aojwang/data/MergeDataset/cropped_images/1330WhiteUgali2CupsChickenWetfrySpinach/chicken wing_1.jpg
897WhiteChapati3Greengrams.jpg,ndengu,162.77262443438914,1.4868766404199476,129.5767652829804,88.94792817711554,31.30314149831006,1.85,/home/aojwang/data/MergeDataset/cropped_images/897WhiteChapati3Greengrams/ndengu_0.jpg
897WhiteChapati3Greengrams.jpg,white chapati,798.875,1.3947217441193345,176.90572054923578,123.25703684456342,58.90838738393664,33.54,/home/aojwang/data/MergeDataset/cropped_images/897WhiteChapati3Greengrams/white chapati_1.jpg
473GrapesShreddedCarrots.jpg,carrot,5505.570809248555,1.9633883704235462,182.93520147092212,98.45746859132434,38.26042487181271,1.4,/home/aojwang/data/MergeDataset/cropped_images/473GrapesShreddedCarrots/carrot_0.jpg
473GrapesShreddedCarrots.jpg,red grapes,6483.372832369942,1.6660572821450335,141.0412805633976,64.2898153881405,36.359873656356164,2.360196,/home/aojwang/data/MergeDataset/cropped_images/473GrapesShreddedCarrots/red grapes_1.jpg
142AppleMango.jpg,mango,5412.902033271719,1.1311373523927906,200.55404250814445,152.29278577233828,86.30700557987693,1.64,/home/aojwang/data/MergeDataset/cropped_images/142AppleMango/mango_0.jpg
142AppleMango.jpg,apple,5978.643253234751,0.9861954721148537,193.47724741733205,172.25212076503982,135.84182577170867,0.6,/home/aojwang/data/MergeDataset/cropped_images/142AppleMango/apple_1.jpg
1156MincedMeatKalesPasta.JPG,sukumawiki,383.68822170900694,0.8452211126961484,88.04935204078562,81.97998097955302,29.59052227980522,3.0,/home/aojwang/data/MergeDataset/cropped_images/1156MincedMeatKalesPasta/sukumawiki_0.jpg
1156MincedMeatKalesPasta.JPG,pasta,676.980831408776,1.396135265700483,192.45301257758004,134.46157491129443,50.95727327589177,6.6,/home/aojwang/data/MergeDataset/cropped_images/1156MincedMeatKalesPasta/pasta_1.jpg
1156MincedMeatKalesPasta.JPG,mincemeat,412.54133949191686,1.8299595141700404,150.4117300302748,87.69413828777185,34.84624453620437,41.55,/home/aojwang/data/MergeDataset/cropped_images/1156MincedMeatKalesPasta/mincemeat_2.jpg
1175MincedMeatCabbageWhiteRice.JPG,green cabbage cooked,419.62201079969145,0.9225563909774436,212.52759527179808,184.94073386399987,91.16929916478237,2.4,/home/aojwang/data/MergeDataset/cropped_images/1175MincedMeatCabbageWhiteRice/green cabbage cooked_0.jpg
1175MincedMeatCabbageWhiteRice.JPG,white rice boiled,694.4327590640268,1.4796447076239823,223.7969321448289,189.53404422418464,125.27475432757089,6.5,/home/aojwang/data/MergeDataset/cropped_images/1175MincedMeatCabbageWhiteRice/white rice boiled_1.jpg
1175MincedMeatCabbageWhiteRice.JPG,mincemeat,567.9773720750836,1.5061932287365813,169.42302015877846,117.8605803707245,60.542938361076104,83.1,/home/aojwang/data/MergeDataset/cropped_images/1175MincedMeatCabbageWhiteRice/mincemeat_2.jpg
555Pigeonpea.jpg,mbaazi,2293.061469265367,1.476274165202109,176.8477899562725,144.09523391078753,98.273917273412,25.65,/home/aojwang/data/MergeDataset/cropped_images/555Pigeonpea/mbaazi_0.jpg
568WhiteRice.jpg,white rice boiled,2605.6060606060605,1.3452813067150635,207.50480729503005,198.49366642896712,124.61738552929978,12.0,/home/aojwang/data/MergeDataset/cropped_images/568WhiteRice/white rice boiled_0.jpg
1172MincedMeatCabbageWhiteRice.JPG,mincemeat,1300.9204545454545,1.5031380753138075,157.22391124582535,83.76459994817189,24.392806812192998,27.7,/home/aojwang/data/MergeDataset/cropped_images/1172MincedMeatCabbageWhiteRice/mincemeat_0.jpg
1172MincedMeatCabbageWhiteRice.JPG,green cabbage cooked,1008.7083333333334,1.190274841437632,205.8421332787581,161.93786871148595,74.64473204931299,0.5,/home/aojwang/data/MergeDataset/cropped_images/1172MincedMeatCabbageWhiteRice/green cabbage cooked_1.jpg
1172MincedMeatCabbageWhiteRice.JPG,white rice boiled,1853.0132575757575,1.4873583260680034,233.86414684926578,191.04707371592747,134.40096035225181,2.6,/home/aojwang/data/MergeDataset/cropped_images/1172MincedMeatCabbageWhiteRice/white rice boiled_2.jpg
1456MokimoChickenthigh.JPG,chicken thigh,537.5208866155158,1.250996015936255,113.73326360164438,92.63052725404116,70.1008632666785,34.8,/home/aojwang/data/MergeDataset/cropped_images/1456MokimoChickenthigh/chicken thigh_0.jpg
1456MokimoChickenthigh.JPG,chicken thigh,583.5149190110827,1.4792099792099793,107.16140463399775,92.00543491759232,73.41547242144571,34.8,/home/aojwang/data/MergeDataset/cropped_images/1456MokimoChickenthigh/chicken thigh_1.jpg
1456MokimoChickenthigh.JPG,mukimo,884.7583120204604,1.0883417813178855,94.04073291987109,98.29949321728255,77.5473051001545,15.0,/home/aojwang/data/MergeDataset/cropped_images/1456MokimoChickenthigh/mukimo_2.jpg
1456MokimoChickenthigh.JPG,chicken thigh,51.01662404092072,1.3036303630363035,91.15091281280027,64.03206751054853,57.80734427873167,34.8,/home/aojwang/data/MergeDataset/cropped_images/1456MokimoChickenthigh/chicken thigh_3.jpg
1164MincedMeatWhiteChapatiCabbage.JPG,green cabbage cooked,287.8093928980527,1.4038054968287526,210.02200132453706,181.23755460531342,82.94337842915,1.2,/home/aojwang/data/MergeDataset/cropped_images/1164MincedMeatWhiteChapatiCabbage/green cabbage cooked_0.jpg
1164MincedMeatWhiteChapatiCabbage.JPG,mincemeat,496.58946162657503,1.0644709180098109,182.16757004133117,122.28493370357162,43.97453973564469,41.55,/home/aojwang/data/MergeDataset/cropped_images/1164MincedMeatWhiteChapatiCabbage/mincemeat_1.jpg
1164MincedMeatWhiteChapatiCabbage.JPG,white chapati,869.2041237113402,0.7998163452708907,223.8659475983085,183.80331759300552,100.65235250954383,12.48,/home/aojwang/data/MergeDataset/cropped_images/1164MincedMeatWhiteChapatiCabbage/white chapati_2.jpg
1362YellowMaizeboiledhalfCup.JPG,boiled yellow maize,3634.3100995732575,1.3833701250919794,221.26252994222912,165.37188639957415,84.41349044197078,3.383875,/home/aojwang/data/MergeDataset/cropped_images/1362YellowMaizeboiledhalfCup/boiled yellow maize_0.jpg
573WhiteRicehalfcup.jpg,white rice boiled,887.1089108910891,1.160197600564573,191.36725107188175,181.1979813251326,109.03315149548324,2.448,/home/aojwang/data/MergeDataset/cropped_images/573WhiteRicehalfcup/white rice boiled_0.jpg
1676WholeFishKachumbarithirdCupChips.JPG,kachumbari,739.9610274579273,1.303886925795053,142.86082801861588,104.95186589675085,45.03297818093022,0.92,/home/aojwang/data/MergeDataset/cropped_images/1676WholeFishKachumbarithirdCupChips/kachumbari_0.jpg
1676WholeFishKachumbarithirdCupChips.JPG,fish fry,2003.3941541186891,2.7141750580945003,138.01956356617114,129.08572077855473,85.90808092731909,126.43,/home/aojwang/data/MergeDataset/cropped_images/1676WholeFishKachumbarithirdCupChips/fish fry_1.jpg
1676WholeFishKachumbarithirdCupChips.JPG,potato chips,1150.2993799822852,1.2808988764044944,181.1035102349448,170.5964196173369,74.72464826039818,7.2,/home/aojwang/data/MergeDataset/cropped_images/1676WholeFishKachumbarithirdCupChips/potato chips_2.jpg
1636WholeFishKachumbarihalfCupWhiteUgalithirdCup.JPG,white ugali,317.83554266777134,1.0254335260115608,205.94366931463463,204.757870590612,133.08423666186602,3.74,/home/aojwang/data/MergeDataset/cropped_images/1636WholeFishKachumbarihalfCupWhiteUgalithirdCup/white ugali_0.jpg
1636WholeFishKachumbarihalfCupWhiteUgalithirdCup.JPG,kachumbari,684.6251035625518,1.1573221757322176,169.83077476954168,112.13815034322936,38.17437200676475,1.43,/home/aojwang/data/MergeDataset/cropped_images/1636WholeFishKachumbarihalfCupWhiteUgalithirdCup/kachumbari_1.jpg
780BrownRiceMonkeynuts.jpg,monkeynut beans,1901.1420400381317,1.542656112576957,136.1375356140356,75.44177149051947,54.154173047358015,7.8,/home/aojwang/data/MergeDataset/cropped_images/780BrownRiceMonkeynuts/monkeynut beans_0.jpg
780BrownRiceMonkeynuts.jpg,brown rice boiled,3137.467111534795,1.4189100459619173,194.15870519077674,150.0635922487917,105.400252126654,24.0,/home/aojwang/data/MergeDataset/cropped_images/780BrownRiceMonkeynuts/brown rice boiled_1.jpg
3Pumpkin.jpg,pumpkin,1726.4499121265378,1.617037037037037,212.74914032676745,169.76371422269727,105.17552298060772,33.0,/home/aojwang/data/MergeDataset/cropped_images/3Pumpkin/pumpkin_0.jpg
1281BeefstewBrownRiceSpinach.JPG,brown rice boiled,372.30662624512775,0.828798185941043,199.62299881192789,159.90651415605,87.87145672222377,12.0,/home/aojwang/data/MergeDataset/cropped_images/1281BeefstewBrownRiceSpinach/brown rice boiled_0.jpg
1281BeefstewBrownRiceSpinach.JPG,spinach cooked,316.02656272556663,1.4376012965964344,94.56068751039233,85.86197807699546,38.74466268575991,3.29,/home/aojwang/data/MergeDataset/cropped_images/1281BeefstewBrownRiceSpinach/spinach cooked_1.jpg
400BananaCabbage.jpg,ripe banana,1508.4496613995486,0.7134935304990758,167.03356263109,121.89855100657964,61.89872579324414,5.012,/home/aojwang/data/MergeDataset/cropped_images/400BananaCabbage/ripe banana_0.jpg
400BananaCabbage.jpg,green cabbage,2649.618058690745,1.0378469301934399,200.48567773471845,176.2022113498534,140.28637919447993,5.5,/home/aojwang/data/MergeDataset/cropped_images/400BananaCabbage/green cabbage_1.jpg
333OnionsCucumber.jpg,cucumber,684.1920656634746,1.0262652146060218,158.74011065604253,149.6732683600976,111.8717410411873,1.2,/home/aojwang/data/MergeDataset/cropped_images/333OnionsCucumber/cucumber_0.jpg
333OnionsCucumber.jpg,onions,755.2481532147743,0.8952164009111617,170.85423296063806,137.79067298162028,150.37772566033144,3.0,/home/aojwang/data/MergeDataset/cropped_images/333OnionsCucumber/onions_1.jpg
179MangoWatermelon.jpg,mango,7637.206896551724,1.0489662676822633,161.7019796459258,119.19327791799674,74.35704739501261,0.41,/home/aojwang/data/MergeDataset/cropped_images/179MangoWatermelon/mango_0.jpg
179MangoWatermelon.jpg,water melon,6542.068965517241,1.1397058823529411,141.0284537739827,66.33474857685009,73.6718110900274,0.3,/home/aojwang/data/MergeDataset/cropped_images/179MangoWatermelon/water melon_1.jpg
2SconesHam.jpg,hamburger,1060.7899262899264,1.9796573875802999,198.869182716973,152.8732001672297,133.06634872950596,62.0,/home/aojwang/data/MergeDataset/cropped_images/2SconesHam/hamburger_0.jpg
538Lentils.jpg,kamande,1417.2995371390787,1.368081180811808,195.68392364385545,168.40775265431347,125.09509729579764,37.45,/home/aojwang/data/MergeDataset/cropped_images/538Lentils/kamande_0.jpg
348OnionsCarrots.jpg,carrot,772.3538940809968,1.048114434330299,204.35854748359992,129.05682914551784,73.03485682801615,1.4,/home/aojwang/data/MergeDataset/cropped_images/348OnionsCarrots/carrot_0.jpg
348OnionsCarrots.jpg,onions,855.6560747663551,0.9696969696969697,177.94840744527164,135.75482441193947,141.19276895250078,3.0,/home/aojwang/data/MergeDataset/cropped_images/348OnionsCarrots/onions_1.jpg
636BrownRice.jpg,brown rice boiled,2227.0166809238667,1.3763496143958869,194.59429818707008,131.57203599547896,73.11120628643697,24.0,/home/aojwang/data/MergeDataset/cropped_images/636BrownRice/brown rice boiled_0.jpg
1088Chickendrumstick(2).jpg,chicken drumstick,8006.682485875706,1.282007656316461,163.17667868958048,101.8682841761839,67.07420256582284,164.67,/home/aojwang/data/MergeDataset/cropped_images/1088Chickendrumstick(2)/chicken drumstick_0.jpg
659SweetPotatowhole.jpg,sweet potato,667.3459198657437,2.1479046836483153,196.09046823909435,168.83014411370667,97.13675713668704,5.94,/home/aojwang/data/MergeDataset/cropped_images/659SweetPotatowhole/sweet potato_0.jpg
1697BeefSausageChipsKachumbarithirdCup.jpg,kachumbari,149.19415688980905,1.0853816300129366,171.7924529756517,75.57399078247221,45.01364280460784,0.92,/home/aojwang/data/MergeDataset/cropped_images/1697BeefSausageChipsKachumbarithirdCup/kachumbari_0.jpg
1697BeefSausageChipsKachumbarithirdCup.jpg,potato chips,304.2857142857143,1.1661971830985915,211.90936774700808,170.70826018915426,69.02009631595261,7.2,/home/aojwang/data/MergeDataset/cropped_images/1697BeefSausageChipsKachumbarithirdCup/potato chips_1.jpg
1006Kales.jpg,sukumawiki,563.1074153785952,1.199483537766301,102.42991346199952,111.66387286912422,26.83607223244136,1.48,/home/aojwang/data/MergeDataset/cropped_images/1006Kales/sukumawiki_0.jpg
769BrownRice1cupCowpeasquotercup.jpg,cowpeas,1084.854586129754,1.2826291079812207,150.36984375751825,119.45506567958262,60.81098096632503,4.75,/home/aojwang/data/MergeDataset/cropped_images/769BrownRice1cupCowpeasquotercup/cowpeas_0.jpg
769BrownRice1cupCowpeasquotercup.jpg,brown rice boiled,1545.5413870246084,1.2709475332811278,191.60646318027224,168.4931208629282,82.82323355870558,13.6,/home/aojwang/data/MergeDataset/cropped_images/769BrownRice1cupCowpeasquotercup/brown rice boiled_1.jpg
366CabbageCarrotsgratedOnions.jpg,carrot,791.3595011005136,1.24373576309795,203.60593135877875,129.17393148486542,61.160196843568144,0.7,/home/aojwang/data/MergeDataset/cropped_images/366CabbageCarrotsgratedOnions/carrot_0.jpg
366CabbageCarrotsgratedOnions.jpg,onions,623.7336757153338,1.1022544283413849,160.14510103523028,103.18837109730177,121.45886897473267,1.5,/home/aojwang/data/MergeDataset/cropped_images/366CabbageCarrotsgratedOnions/onions_1.jpg
366CabbageCarrotsgratedOnions.jpg,green cabbage,613.1159207630227,1.587719298245614,213.94457427929692,193.2052330027032,165.36458763373886,1.1,/home/aojwang/data/MergeDataset/cropped_images/366CabbageCarrotsgratedOnions/green cabbage_2.jpg
354LettuceTomatoCarrots.jpg,carrot,974.7878590078329,1.7682263329706203,176.32919327027705,99.61571273122959,57.52752389721269,0.7,/home/aojwang/data/MergeDataset/cropped_images/354LettuceTomatoCarrots/carrot_0.jpg
354LettuceTomatoCarrots.jpg,tomato,911.7630548302872,1.2455146364494807,149.23073894221235,64.68549871458119,57.36389630453723,1.0,/home/aojwang/data/MergeDataset/cropped_images/354LettuceTomatoCarrots/tomato_1.jpg
354LettuceTomatoCarrots.jpg,lettuce,1741.0548302872062,1.098844672657253,172.21447750830805,168.81072029501038,128.57539545667223,1.2,/home/aojwang/data/MergeDataset/cropped_images/354LettuceTomatoCarrots/lettuce_2.jpg
432MangoCarrots.jpg,mango,300.5866520186762,1.3421926910299002,211.73257367264966,145.9592968433056,45.15243193754591,1.64,/home/aojwang/data/MergeDataset/cropped_images/432MangoCarrots/mango_0.jpg
432MangoCarrots.jpg,carrot,1215.6105465531448,1.4143583945732052,206.86576482172092,112.75810600812736,38.736913239335045,1.4,/home/aojwang/data/MergeDataset/cropped_images/432MangoCarrots/carrot_1.jpg
432MangoCarrots.jpg,mango,215.01785223839605,0.9012875536480687,207.20988529531985,120.43609620886981,13.177773094216228,1.64,/home/aojwang/data/MergeDataset/cropped_images/432MangoCarrots/mango_2.jpg
1320BeefstewPastaSpinach.JPG,spinach cooked,820.0948934459187,1.421487603305785,90.51961265478707,80.47935575825564,40.07899607565494,5.48,/home/aojwang/data/MergeDataset/cropped_images/1320BeefstewPastaSpinach/spinach cooked_0.jpg
632BrownRice.jpg,brown rice boiled,679.8299620733249,1.2611026033690658,179.10287440806107,115.6297653815792,64.442082732445,8.0,/home/aojwang/data/MergeDataset/cropped_images/632BrownRice/brown rice boiled_0.jpg
2Blueberry.jpg,blueberry,1010.8214285714286,1.3792766373411536,100.24399201082404,107.22922880066064,124.62084459972026,13.0,/home/aojwang/data/MergeDataset/cropped_images/2Blueberry/blueberry_0.jpg
3Omena.jpg,omena,782.2912129653076,1.4180216802168022,141.98696422582955,119.78914131114556,115.41031305798008,0.0,/home/aojwang/data/MergeDataset/cropped_images/3Omena/omena_0.jpg
1BreadEgg.jpg,brown bread,4.788725199269782,1.1928864569083448,213.71998424930032,191.03148414262228,138.28911162288682,13.0,/home/aojwang/data/MergeDataset/cropped_images/1BreadEgg/brown bread_0.jpg
1BreadEgg.jpg,boiled egg,3.674564836865473,1.5652951699463327,211.2595471505239,205.4404272936366,136.14716074623053,1.0,/home/aojwang/data/MergeDataset/cropped_images/1BreadEgg/boiled egg_1.jpg
1BreadEgg.jpg,boiled egg,4.091773031530076,1.7061946902654868,208.51487349906364,197.06561157419307,134.34186832152167,1.0,/home/aojwang/data/MergeDataset/cropped_images/1BreadEgg/boiled egg_2.jpg
537Lentils.jpg,kamande,945.8406374501992,1.3180100755667505,181.4040089250362,155.40952178365933,116.57323500067997,16.05,/home/aojwang/data/MergeDataset/cropped_images/537Lentils/kamande_0.jpg
1252MincedMeatRoscocoBeansCabbage.JPG,green cabbage cooked,625.6212261960055,1.1433224755700326,183.16501869948124,154.65671278896033,99.78353406275231,2.4,/home/aojwang/data/MergeDataset/cropped_images/1252MincedMeatRoscocoBeansCabbage/green cabbage cooked_0.jpg
1252MincedMeatRoscocoBeansCabbage.JPG,rosecoco,755.7547607988853,1.6368794326241134,125.97676506016691,66.48413596863207,47.57949377435254,17.34,/home/aojwang/data/MergeDataset/cropped_images/1252MincedMeatRoscocoBeansCabbage/rosecoco_1.jpg
1StrawberryPearOrange.jpg,strawberry pear orange,795.0089686098655,1.3762114537444934,209.66533473971583,178.40227484248703,162.75454658265974,19.0,/home/aojwang/data/MergeDataset/cropped_images/1StrawberryPearOrange/strawberry pear orange_0.jpg
1271MincedMeatGreenGramsCabbage.JPG,ndengu,645.0587385652383,1.2118359112306658,153.05046623082623,137.94567867877507,54.60556416803566,9.0,/home/aojwang/data/MergeDataset/cropped_images/1271MincedMeatGreenGramsCabbage/ndengu_0.jpg
1271MincedMeatGreenGramsCabbage.JPG,green cabbage cooked,505.565719788156,0.9587837837837838,205.79984096146887,197.9804973049159,108.06729663066872,1.8,/home/aojwang/data/MergeDataset/cropped_images/1271MincedMeatGreenGramsCabbage/green cabbage cooked_1.jpg
1271MincedMeatGreenGramsCabbage.JPG,mincemeat,406.519017814155,1.5733590733590734,169.97583437951536,133.2828049127129,61.55403273562783,55.4,/home/aojwang/data/MergeDataset/cropped_images/1271MincedMeatGreenGramsCabbage/mincemeat_2.jpg
423MangoLettuce.jpg,mango,383.79732582688246,1.3556298773690079,207.79540078771342,127.50116983512292,20.007666270609633,0.984,/home/aojwang/data/MergeDataset/cropped_images/423MangoLettuce/mango_0.jpg
423MangoLettuce.jpg,lettuce,1213.0200562983814,1.077138065958636,210.31685822632284,178.51743094729568,106.58378234282443,0.6,/home/aojwang/data/MergeDataset/cropped_images/423MangoLettuce/lettuce_1.jpg
1024Beefstew.jpg,beef stew,348.13609215017067,1.3439201451905627,157.98482962044335,137.86201933504978,115.59162335744598,17.7,/home/aojwang/data/MergeDataset/cropped_images/1024Beefstew/beef stew_0.jpg
3Broccoli.jpg,broccoli,1175.8396264717824,1.410327983251919,138.14592936069388,164.19695914461312,134.5591899155172,8.0,/home/aojwang/data/MergeDataset/cropped_images/3Broccoli/broccoli_0.jpg
642BrownRicethirdcup.jpg,brown rice boiled,437.167783871623,1.1584739545121057,185.8553534397961,120.41741826996571,71.72496360661786,5.2,/home/aojwang/data/MergeDataset/cropped_images/642BrownRicethirdcup/brown rice boiled_0.jpg
906SweetPotatoroundcut.jpg,sweet potato,15922.855384615385,1.3693415637860082,156.0722448698803,142.2226425179249,55.021854603580955,2.98,/home/aojwang/data/MergeDataset/cropped_images/906SweetPotatoroundcut/sweet potato_0.jpg
1479FriedGitheri1Cup.JPG,githeri,1008.1499342393687,1.1452095808383234,173.89227014380825,148.93127013945966,106.03760561665341,16.56,/home/aojwang/data/MergeDataset/cropped_images/1479FriedGitheri1Cup/githeri_0.jpg
433MangoCarrots.jpg,mango,604.6034197462769,1.2044025157232705,194.31590864720576,122.88420064480462,27.103825585277875,0.82,/home/aojwang/data/MergeDataset/cropped_images/433MangoCarrots/mango_0.jpg
433MangoCarrots.jpg,carrot,1901.1980143408714,1.1884908984145626,193.62874948649093,103.25020743445072,42.034461099802954,1.05,/home/aojwang/data/MergeDataset/cropped_images/433MangoCarrots/carrot_1.jpg
3AvocadoPawpaw.jpg,avocado pawpaw,3641.7565789473683,1.3668306394940266,197.67528177372472,161.62569140470458,131.60381792331998,15.0,/home/aojwang/data/MergeDataset/cropped_images/3AvocadoPawpaw/avocado pawpaw_0.jpg
358TomatoOnionsCarrots.jpg,tomato,738.120777027027,1.0974643423137875,176.47057161001678,61.93248639772981,61.206854056651814,1.5,/home/aojwang/data/MergeDataset/cropped_images/358TomatoOnionsCarrots/tomato_0.jpg
358TomatoOnionsCarrots.jpg,onions,873.4864864864865,1.9649122807017543,172.85421162860857,115.46381675639716,130.98266161159071,2.25,/home/aojwang/data/MergeDataset/cropped_images/358TomatoOnionsCarrots/onions_1.jpg
358TomatoOnionsCarrots.jpg,carrot,929.5798141891892,1.1848862802641233,202.34286051757073,119.29949642134338,67.3520662170726,1.05,/home/aojwang/data/MergeDataset/cropped_images/358TomatoOnionsCarrots/carrot_2.jpg
2MatumboFried.jpg,matumbo fry,1069.4102564102564,1.382832618025751,142.64314809930653,131.27850054480595,135.8574878184584,4.0,/home/aojwang/data/MergeDataset/cropped_images/2MatumboFried/matumbo fry_0.jpg
1645WholeFishKachumbari1CupBrownUgaliquoterCup.JPG,brown ugali,961.2402234636871,1.021097046413502,163.82351129244108,135.26194046332137,59.130538216844315,1.14,/home/aojwang/data/MergeDataset/cropped_images/1645WholeFishKachumbari1CupBrownUgaliquoterCup/brown ugali_0.jpg
1645WholeFishKachumbari1CupBrownUgaliquoterCup.JPG,kachumbari,4381.7504655493485,1.3923076923076922,170.7457131321717,115.01499745006375,41.480921376965576,1.99,/home/aojwang/data/MergeDataset/cropped_images/1645WholeFishKachumbari1CupBrownUgaliquoterCup/kachumbari_1.jpg
1645WholeFishKachumbari1CupBrownUgaliquoterCup.JPG,fish fry,7736.28677839851,2.4356814701378253,151.2905353522759,134.21439509954058,83.97624077300472,126.43,/home/aojwang/data/MergeDataset/cropped_images/1645WholeFishKachumbari1CupBrownUgaliquoterCup/fish fry_2.jpg
1Pear.jpg,pear,99.92877621850008,1.3286118980169972,182.81058940425353,176.66923174495793,154.1509872732654,7.0,/home/aojwang/data/MergeDataset/cropped_images/1Pear/pear_0.jpg
65Mango.jpg,mango,24787.43859649123,1.6618098159509203,159.29594750878346,119.31208975754556,47.144465239184534,2.87,/home/aojwang/data/MergeDataset/cropped_images/65Mango/mango_0.jpg
1150Boiledcorn.jpg,boiled yellow maize,835.611493706958,1.2893462469733656,191.92461691050255,171.53843342541123,114.8607549250304,9.47,/home/aojwang/data/MergeDataset/cropped_images/1150Boiledcorn/boiled yellow maize_0.jpg
1519FriedGitheriWhiteRiceCabbage.JPG,githeri,867.9439923408329,1.0980544747081713,161.03196066481536,90.58842832993682,34.64054910417592,6.9,/home/aojwang/data/MergeDataset/cropped_images/1519FriedGitheriWhiteRiceCabbage/githeri_0.jpg
1519FriedGitheriWhiteRiceCabbage.JPG,green cabbage cooked,1461.4887505983725,1.493006993006993,165.42407723424117,102.0098160855538,40.88813710879285,1.1,/home/aojwang/data/MergeDataset/cropped_images/1519FriedGitheriWhiteRiceCabbage/green cabbage cooked_1.jpg
1519FriedGitheriWhiteRiceCabbage.JPG,white rice boiled,1612.6716132120632,1.050251256281407,184.47339598340216,135.52270033491934,90.70684036283966,2.4,/home/aojwang/data/MergeDataset/cropped_images/1519FriedGitheriWhiteRiceCabbage/white rice boiled_2.jpg
287Lettuceshreded.jpg,lettuce,3534.6315789473683,1.5095332018408942,167.6345884676091,150.77264378835673,94.47971488590626,2.4,/home/aojwang/data/MergeDataset/cropped_images/287Lettuceshreded/lettuce_0.jpg
1131MincedMeatBrownRiceKales.jpg,brown rice boiled,281.8423724285333,1.611866501854141,197.5770605989368,170.5160948152305,94.35208107411255,20.0,/home/aojwang/data/MergeDataset/cropped_images/1131MincedMeatBrownRiceKales/brown rice boiled_0.jpg
1131MincedMeatBrownRiceKales.jpg,mincemeat,441.09617953513225,0.8707334785766159,163.91146458892456,122.25486622536452,45.206140071943274,96.95,/home/aojwang/data/MergeDataset/cropped_images/1131MincedMeatBrownRiceKales/mincemeat_1.jpg
1131MincedMeatBrownRiceKales.jpg,sukumawiki,310.2741116751269,0.9241748438893844,97.06310984745419,101.95303162854457,35.676206951184646,4.0,/home/aojwang/data/MergeDataset/cropped_images/1131MincedMeatBrownRiceKales/sukumawiki_2.jpg
554Pigeonpea.jpg,mbaazi,2214.3212875797144,1.4467706013363029,168.40777356906975,137.6207441001898,93.26242292670082,22.8,/home/aojwang/data/MergeDataset/cropped_images/554Pigeonpea/mbaazi_0.jpg
479GrapesCucumber.jpg,red grapes,1296.1522428636158,1.779179810725552,138.57029484641026,79.07407830782826,63.20892691343938,1.770147,/home/aojwang/data/MergeDataset/cropped_images/479GrapesCucumber/red grapes_0.jpg
479GrapesCucumber.jpg,cucumber,1262.0194834617128,2.2565256525652564,166.7859954324112,135.31263605020254,96.72207539860487,0.9,/home/aojwang/data/MergeDataset/cropped_images/479GrapesCucumber/cucumber_1.jpg
932Plantain.jpg,plantain,1692.2321510824504,1.3350383631713556,175.3557405665359,139.86141175055175,67.865937265572,6.175,/home/aojwang/data/MergeDataset/cropped_images/932Plantain/plantain_0.jpg
790BrownRice1cupMonkeynutsthirdcup.jpg,brown rice boiled,811.3300239643958,1.2907749077490775,191.28231208555653,140.40403393399285,87.55481276596643,14.0,/home/aojwang/data/MergeDataset/cropped_images/790BrownRice1cupMonkeynutsthirdcup/brown rice boiled_0.jpg
790BrownRice1cupMonkeynutsthirdcup.jpg,monkeynut beans,792.2245806230743,1.5963455149501662,143.50677588752026,78.92601923522355,48.68120270274942,7.02,/home/aojwang/data/MergeDataset/cropped_images/790BrownRice1cupMonkeynutsthirdcup/monkeynut beans_1.jpg
672BrownChapati.jpg,brown chapati,1713.418558518845,1.2538152610441766,194.57570898584729,161.31315987846324,83.75019488588563,29.2,/home/aojwang/data/MergeDataset/cropped_images/672BrownChapati/brown chapati_0.jpg
75Bananapeeled.jpg,ripe banana,24653.31210191083,1.5406940063091483,180.42977210075003,168.50320392086954,129.2501964826886,2.1,/home/aojwang/data/MergeDataset/cropped_images/75Bananapeeled/ripe banana_0.jpg
472GrapesShreddedCarrots.jpg,carrot,669.0843742034158,1.828881469115192,189.7990363522347,101.10099062106401,38.30099610715867,1.05,/home/aojwang/data/MergeDataset/cropped_images/472GrapesShreddedCarrots/carrot_0.jpg
472GrapesShreddedCarrots.jpg,red grapes,713.0043334183023,1.4129353233830846,139.10390201907964,62.5722494168994,40.13540732668935,2.360196,/home/aojwang/data/MergeDataset/cropped_images/472GrapesShreddedCarrots/red grapes_1.jpg
1109ScrambledEggs.jpg,scrambled eggs,1844.5619753086419,1.494186046511628,208.447262128946,178.09917975775573,74.36615176864233,38.1,/home/aojwang/data/MergeDataset/cropped_images/1109ScrambledEggs/scrambled eggs_0.jpg
122Mango1cup.jpg,mango,4898.921465968587,1.513215859030837,165.0311358912921,122.769687882292,82.63513071581094,1.312,/home/aojwang/data/MergeDataset/cropped_images/122Mango1cup/mango_0.jpg
318CabbageTomato.jpg,green cabbage,1037.058064516129,0.9964788732394366,206.3822669033439,187.4218215160614,164.97369143206313,2.75,/home/aojwang/data/MergeDataset/cropped_images/318CabbageTomato/green cabbage_0.jpg
318CabbageTomato.jpg,tomato,807.899641577061,0.9717662508207485,172.70471020922432,76.49157069084843,68.73349629997693,2.5,/home/aojwang/data/MergeDataset/cropped_images/318CabbageTomato/tomato_1.jpg
3WMelon.jpg,water melon,577.8251908396946,1.3583389149363698,200.91256633520533,153.12007018948387,142.3350913731536,15.0,/home/aojwang/data/MergeDataset/cropped_images/3WMelon/water melon_0.jpg
3WMelon.jpg,water melon,355.81259541984736,2.212418300653595,206.96338453319947,143.60130450779798,132.25891331421786,15.0,/home/aojwang/data/MergeDataset/cropped_images/3WMelon/water melon_1.jpg
3WMelon.jpg,water melon,352.94465648854964,1.890798786653185,190.31817100403907,140.57475330236883,126.32674391569294,15.0,/home/aojwang/data/MergeDataset/cropped_images/3WMelon/water melon_2.jpg
2RiceWBroccoliCarrot.jpg,carrot,576.8953771289538,1.4683908045977012,219.22559158287783,158.53185240794477,123.00871066423736,7.0,/home/aojwang/data/MergeDataset/cropped_images/2RiceWBroccoliCarrot/carrot_0.jpg
2RiceWBroccoliCarrot.jpg,broccoli,661.3138686131387,1.0066666666666666,141.84144468972283,164.6475840078489,136.23693524650477,2.0,/home/aojwang/data/MergeDataset/cropped_images/2RiceWBroccoliCarrot/broccoli_1.jpg
2RiceWBroccoliCarrot.jpg,white rice boiled,1444.4379562043796,1.3420138888888888,201.7923123742274,194.5439710004312,191.2283727271094,85.0,/home/aojwang/data/MergeDataset/cropped_images/2RiceWBroccoliCarrot/white rice boiled_2.jpg
888WhiteChapati2Greengrams.jpg,white chapati,495.71114130434785,1.5269899359560841,197.72175404570837,160.5769735727712,104.37055350322906,24.57,/home/aojwang/data/MergeDataset/cropped_images/888WhiteChapati2Greengrams/white chapati_0.jpg
1473FriedGitheri.JPG,githeri,3068.270015698587,1.2393018018018018,171.14315564997074,140.96097929483324,23.019205797119245,17.25,/home/aojwang/data/MergeDataset/cropped_images/1473FriedGitheri/githeri_0.jpg
1525Njahi.JPG,black beans,455.664385026738,1.0520028109627548,137.25826823475953,151.0109410669547,172.00235044931748,4.75,/home/aojwang/data/MergeDataset/cropped_images/1525Njahi/black beans_0.jpg
173WatermelonPawpaw.jpg,water melon,4390.732336956522,1.0397050482132728,195.7556083264559,89.38125634558214,84.40000445602598,1.5,/home/aojwang/data/MergeDataset/cropped_images/173WatermelonPawpaw/water melon_0.jpg
173WatermelonPawpaw.jpg,pawpaw,4234.625,0.9803701626472238,202.08413557486097,105.98461056687171,71.87645779937908,1.177245,/home/aojwang/data/MergeDataset/cropped_images/173WatermelonPawpaw/pawpaw_1.jpg
3Flax.jpg,flax,2508.958609271523,1.4083162917518746,193.7758947902582,167.05742468544838,149.31594663097997,44.0,/home/aojwang/data/MergeDataset/cropped_images/3Flax/flax_0.jpg
1512FriedGitheriWhiteRice.JPG,githeri,3095.7025411061286,1.1844919786096257,149.28992165715044,123.05293876220712,60.182763607392474,13.8,/home/aojwang/data/MergeDataset/cropped_images/1512FriedGitheriWhiteRice/githeri_0.jpg
1512FriedGitheriWhiteRice.JPG,white rice boiled,4476.457399103139,1.5277777777777777,177.263914016195,168.94400500876534,102.0870631939227,4.8,/home/aojwang/data/MergeDataset/cropped_images/1512FriedGitheriWhiteRice/white rice boiled_1.jpg
3Almond.jpg,almond,1161.1473214285713,1.3855254001391788,187.45876835460336,142.7325966151789,125.6913218040682,13.0,/home/aojwang/data/MergeDataset/cropped_images/3Almond/almond_0.jpg
1117PlantainsFriedEggs.jpg,egg fry,895.050284629981,0.6903336184773311,225.85023182525018,178.64156127468908,89.84140243146209,19.5,/home/aojwang/data/MergeDataset/cropped_images/1117PlantainsFriedEggs/egg fry_0.jpg
1117PlantainsFriedEggs.jpg,egg fry,294.46821631878555,0.9084687767322498,220.09089971791687,178.85152294281494,87.15792708368573,19.5,/home/aojwang/data/MergeDataset/cropped_images/1117PlantainsFriedEggs/egg fry_1.jpg
1117PlantainsFriedEggs.jpg,plantain,649.3237666034156,0.8969662278191185,190.71995167940372,128.25122290048506,39.17545183666119,4.55,/home/aojwang/data/MergeDataset/cropped_images/1117PlantainsFriedEggs/plantain_2.jpg
1184MincedMeatCabbageBrownRice.JPG,mincemeat,436.7639198218263,0.9625918503674015,158.62910229434118,81.62761238414836,43.818929091122335,41.55,/home/aojwang/data/MergeDataset/cropped_images/1184MincedMeatCabbageBrownRice/mincemeat_0.jpg
1184MincedMeatCabbageBrownRice.JPG,brown rice boiled,338.11176351488155,1.197290431837426,184.77197182643147,118.01493412314498,83.80993081163686,8.0,/home/aojwang/data/MergeDataset/cropped_images/1184MincedMeatCabbageBrownRice/brown rice boiled_1.jpg
1184MincedMeatCabbageBrownRice.JPG,green cabbage cooked,384.57825470743063,1.525089605734767,186.83644952806944,142.74675955759406,83.71577292580098,1.2,/home/aojwang/data/MergeDataset/cropped_images/1184MincedMeatCabbageBrownRice/green cabbage cooked_2.jpg
293Lettuceshreded.jpg,lettuce,4338.497981157469,1.4944631680308136,169.61069227772015,171.62592709672455,122.73639461902327,6.0,/home/aojwang/data/MergeDataset/cropped_images/293Lettuceshreded/lettuce_0.jpg
1111ScrambledEggsquotercup.jpg,scrambled eggs,411.7866176132444,1.27318718381113,194.2182956791709,169.61851289324682,71.16455613504127,3.8,/home/aojwang/data/MergeDataset/cropped_images/1111ScrambledEggsquotercup/scrambled eggs_0.jpg
338CabbageOnions.jpg,green cabbage,1088.368912936547,0.9979852249832102,204.33092973415637,192.0291920923922,171.35348138479853,2.2,/home/aojwang/data/MergeDataset/cropped_images/338CabbageOnions/green cabbage_0.jpg
338CabbageOnions.jpg,onions,1209.1406787998033,1.0271493212669682,162.65699014271922,136.0719893514844,152.53651009709205,3.0,/home/aojwang/data/MergeDataset/cropped_images/338CabbageOnions/onions_1.jpg
32Pawpaw.jpg,pawpaw,45065.419913419915,1.4580838323353293,195.13942827896568,119.74615460429244,63.1259012391029,2.119,/home/aojwang/data/MergeDataset/cropped_images/32Pawpaw/pawpaw_0.jpg
139AppleMango.jpg,mango,1378.686703096539,1.002301495972382,191.30784424341954,150.96801686882927,84.19515021158702,0.41,/home/aojwang/data/MergeDataset/cropped_images/139AppleMango/mango_0.jpg
139AppleMango.jpg,apple,1783.624772313297,1.1955801104972377,179.53792342806958,143.21212610165338,113.52542355572349,0.15,/home/aojwang/data/MergeDataset/cropped_images/139AppleMango/apple_1.jpg
1113ScrambledEggshalfcup.jpg,scrambled eggs,1826.7642276422764,0.9822515212981744,170.39359473517212,148.7292940087398,75.67779082686783,12.06,/home/aojwang/data/MergeDataset/cropped_images/1113ScrambledEggshalfcup/scrambled eggs_0.jpg
2CabbageGreen.jpg,green cabbage cooked,2430.7671232876714,1.3278546712802768,185.34319229512076,155.52630715823406,121.32806769383362,2.0,/home/aojwang/data/MergeDataset/cropped_images/2CabbageGreen/green cabbage cooked_0.jpg
933Plantain.jpg,plantain,1822.450846712118,1.3269307723089236,193.66067585055734,153.9193516972531,73.16697076900724,7.774,/home/aojwang/data/MergeDataset/cropped_images/933Plantain/plantain_0.jpg
863WhiteChapati1GreenBeans.jpg,green beans,320.83883346124327,1.2719033232628398,151.73107476803182,89.15351083873735,39.49365909745096,0.9,/home/aojwang/data/MergeDataset/cropped_images/863WhiteChapati1GreenBeans/green beans_0.jpg
161MangoPawpaw.jpg,mango,1605.479219677693,0.9387323943661972,192.48057331234216,143.00555244444914,81.57630516784126,1.23,/home/aojwang/data/MergeDataset/cropped_images/161MangoPawpaw/mango_0.jpg
161MangoPawpaw.jpg,pawpaw,1570.1526717557251,1.2728026533996684,180.8677961981623,109.25155871024897,88.94971235030062,0.706347,/home/aojwang/data/MergeDataset/cropped_images/161MangoPawpaw/pawpaw_1.jpg
1092WhiteChapatiFriedEggs.jpg,egg fry,3175.421947449768,1.1156963890935887,210.591060200594,187.09004048677585,92.72212433402223,9.6,/home/aojwang/data/MergeDataset/cropped_images/1092WhiteChapatiFriedEggs/egg fry_0.jpg
1092WhiteChapatiFriedEggs.jpg,egg fry,2032.2658423493044,1.4630801687763713,195.11662012235374,168.9960277623137,53.35143694158232,9.6,/home/aojwang/data/MergeDataset/cropped_images/1092WhiteChapatiFriedEggs/egg fry_1.jpg
1092WhiteChapatiFriedEggs.jpg,white chapati,9029.304482225656,1.280430711610487,201.44941697649418,173.17166173681434,91.79769392464173,5.9,/home/aojwang/data/MergeDataset/cropped_images/1092WhiteChapatiFriedEggs/white chapati_2.jpg
1BreadBaconSpinach.jpg,brown bread,186.06283611661476,1.2680555555555555,211.89508336375806,192.90010496531582,160.62545484970184,13.0,/home/aojwang/data/MergeDataset/cropped_images/1BreadBaconSpinach/brown bread_0.jpg
1BreadBaconSpinach.jpg,bacon,252.1460515142938,1.3781094527363185,196.19945960630062,156.43765603390986,137.26140057833575,0.0,/home/aojwang/data/MergeDataset/cropped_images/1BreadBaconSpinach/bacon_1.jpg
470GrapesShreddedCarrots.jpg,red grapes,931.366874443455,1.5817391304347825,143.48349594856228,65.46215264000764,42.99426201687501,1.180098,/home/aojwang/data/MergeDataset/cropped_images/470GrapesShreddedCarrots/red grapes_0.jpg
470GrapesShreddedCarrots.jpg,carrot,1435.1032947462154,1.8668188736681888,191.51928772335432,97.5086552607592,32.342620566497956,1.05,/home/aojwang/data/MergeDataset/cropped_images/470GrapesShreddedCarrots/carrot_1.jpg
1324ChickenWetfryWhiteUgali1CupSpinach.JPG,white ugali,305.29279020845286,1.0119426751592357,183.25469563561467,172.8448629896716,113.93270382416172,9.66,/home/aojwang/data/MergeDataset/cropped_images/1324ChickenWetfryWhiteUgali1CupSpinach/white ugali_0.jpg
1324ChickenWetfryWhiteUgali1CupSpinach.JPG,spinach cooked,367.3734939759036,1.3611111111111112,84.74742269114563,88.28221662096121,20.25286518035436,2.91,/home/aojwang/data/MergeDataset/cropped_images/1324ChickenWetfryWhiteUgali1CupSpinach/spinach cooked_1.jpg
1201MincedMeatCabbagePasta.JPG,pasta,514.6280991735537,1.4738461538461538,192.46105427974948,164.12825558053638,41.679485707403245,4.4,/home/aojwang/data/MergeDataset/cropped_images/1201MincedMeatCabbagePasta/pasta_0.jpg
1201MincedMeatCabbagePasta.JPG,mincemeat,283.83264462809916,1.7942857142857143,153.64478180163786,112.2659246587807,32.85472247497725,27.7,/home/aojwang/data/MergeDataset/cropped_images/1201MincedMeatCabbagePasta/mincemeat_1.jpg
1201MincedMeatCabbagePasta.JPG,green cabbage cooked,330.90247933884297,0.9081325301204819,187.75706994645248,181.73442089252532,81.53115634178505,1.2,/home/aojwang/data/MergeDataset/cropped_images/1201MincedMeatCabbagePasta/green cabbage cooked_2.jpg
323TomatoLettuce.jpg,lettuce,1987.9546742209632,0.9419689119170984,188.05107274976203,191.0554310094222,143.4280453952131,2.4,/home/aojwang/data/MergeDataset/cropped_images/323TomatoLettuce/lettuce_0.jpg
323TomatoLettuce.jpg,tomato,1110.441926345609,0.8372549019607843,165.2870490272612,78.26493395172277,67.72539325384069,2.0,/home/aojwang/data/MergeDataset/cropped_images/323TomatoLettuce/tomato_1.jpg
752WhiteRice1cupButterBeans1cup.jpg,white rice boiled,8459.481081081081,1.0831946755407653,195.3309122532594,135.89121753043443,106.38119327490537,4.8,/home/aojwang/data/MergeDataset/cropped_images/752WhiteRice1cupButterBeans1cup/white rice boiled_0.jpg
752WhiteRice1cupButterBeans1cup.jpg,butternut beans,22127.297297297297,1.7038709677419355,189.19417815832225,105.29657827557988,49.06713537149906,10.164,/home/aojwang/data/MergeDataset/cropped_images/752WhiteRice1cupButterBeans1cup/butternut beans_1.jpg
233Zucchini.jpg,zucchini,1757.047619047619,1.565396498455201,171.99717870887312,175.01291194644696,140.51469591847797,0.99,/home/aojwang/data/MergeDataset/cropped_images/233Zucchini/zucchini_0.jpg
278Cabbagesliced.jpg,green cabbage,6067.770700636943,1.3762019230769231,206.6843818231441,212.08352919255964,183.0758544675848,2.2,/home/aojwang/data/MergeDataset/cropped_images/278Cabbagesliced/green cabbage_0.jpg
490PineappleRedCabbage.jpg,pineapple,5405.639455782313,0.855465884079237,184.44957143522322,125.02388221421569,83.46464199016144,0.768275,/home/aojwang/data/MergeDataset/cropped_images/490PineappleRedCabbage/pineapple_0.jpg
490PineappleRedCabbage.jpg,red cabbage,16548.336734693876,1.0322432058959006,130.454123983523,51.98822990410899,100.11465278689866,1.95,/home/aojwang/data/MergeDataset/cropped_images/490PineappleRedCabbage/red cabbage_1.jpg
524Greengrams.jpg,ndengu,820.9905841660261,1.3113573407202217,151.66955214064112,144.079960724973,107.61522340304768,7.4,/home/aojwang/data/MergeDataset/cropped_images/524Greengrams/ndengu_0.jpg
1145MincedMeatBrownChapatiKales.JPG,sukumawiki,333.62979189485213,1.2961254612546125,93.48189124239997,82.63256950007222,24.763050386731624,2.0,/home/aojwang/data/MergeDataset/cropped_images/1145MincedMeatBrownChapatiKales/sukumawiki_0.jpg
1145MincedMeatBrownChapatiKales.JPG,mincemeat,341.06133625410735,1.2751131221719456,165.39038373224489,112.2388022698297,37.42682496812668,41.55,/home/aojwang/data/MergeDataset/cropped_images/1145MincedMeatBrownChapatiKales/mincemeat_1.jpg
1542NjahiWhiteRice.JPG,black beans,646.8305186972256,1.2871600253004427,134.39843845915954,123.75824743149221,59.63612772682981,14.25,/home/aojwang/data/MergeDataset/cropped_images/1542NjahiWhiteRice/black beans_0.jpg
1542NjahiWhiteRice.JPG,white rice boiled,841.7392440691597,1.539721043056398,182.82792464240683,180.50364298746706,103.7083818686824,3.6,/home/aojwang/data/MergeDataset/cropped_images/1542NjahiWhiteRice/white rice boiled_1.jpg
1679BeefSausage.JPG,sausage,366.931909212283,1.8445595854922279,101.27077178057868,96.06445574023404,87.1099608124236,3.1,/home/aojwang/data/MergeDataset/cropped_images/1679BeefSausage/sausage_0.jpg
1590WhiteUgali1CupSpinach.JPG,white ugali,1119.6738382099827,1.0449936628643852,184.354737787083,202.24171695254873,206.45087009755883,9.73,/home/aojwang/data/MergeDataset/cropped_images/1590WhiteUgali1CupSpinach/white ugali_0.jpg
1590WhiteUgali1CupSpinach.JPG,spinach cooked,1632.1652323580035,1.175946547884187,103.04436574120942,127.37324183159546,125.12596964213404,2.91,/home/aojwang/data/MergeDataset/cropped_images/1590WhiteUgali1CupSpinach/spinach cooked_1.jpg
467GrapesShreddedCarrots.jpg,carrot,566.0993873383254,1.6369047619047619,199.6629274891775,110.60424783549783,44.88888107263107,0.35,/home/aojwang/data/MergeDataset/cropped_images/467GrapesShreddedCarrots/carrot_0.jpg
467GrapesShreddedCarrots.jpg,red grapes,321.3614703880191,1.338095238095238,143.39860087273343,67.74968543467209,53.49507498729029,0.590049,/home/aojwang/data/MergeDataset/cropped_images/467GrapesShreddedCarrots/red grapes_1.jpg
3PotatoSausage.jpg,potato chips,307.4314381270903,1.76045197740113,206.8683006607051,174.6387321134585,83.12294699128972,26.0,/home/aojwang/data/MergeDataset/cropped_images/3PotatoSausage/potato chips_0.jpg
3PotatoSausage.jpg,sausage,137.196878483835,1.4298780487804879,166.7955935696084,115.84308531384887,55.32312360237142,9.0,/home/aojwang/data/MergeDataset/cropped_images/3PotatoSausage/sausage_1.jpg
1317BeefstewPastaSpinach.JPG,spinach cooked,681.2100770351864,1.266957062850031,97.28386736319369,87.08836738336575,38.95362687554327,3.29,/home/aojwang/data/MergeDataset/cropped_images/1317BeefstewPastaSpinach/spinach cooked_0.jpg
1090Mincedbeef.jpg,mincemeat,499.51690317195323,1.3310961968680088,156.4291266394701,121.00927983423048,71.1401299669756,27.7,/home/aojwang/data/MergeDataset/cropped_images/1090Mincedbeef/mincemeat_0.jpg
242Zucchini.jpg,zucchini,3323.9478827361563,1.2604355716878404,169.565362538692,174.20021781197613,147.7055611957577,4.5,/home/aojwang/data/MergeDataset/cropped_images/242Zucchini/zucchini_0.jpg
1UgaliWOmenaVegies.jpg,sukumawiki,206.08695652173913,1.1411111111111112,110.57819539110679,111.13432976306395,54.50487071297198,2.0,/home/aojwang/data/MergeDataset/cropped_images/1UgaliWOmenaVegies/sukumawiki_0.jpg
1UgaliWOmenaVegies.jpg,omena,211.88428093645484,1.0376175548589341,145.89960970261,110.0953234817179,56.11453949853783,0.0,/home/aojwang/data/MergeDataset/cropped_images/1UgaliWOmenaVegies/omena_1.jpg
1UgaliWOmenaVegies.jpg,white ugali,96.7473801560758,1.2722602739726028,209.9069511790409,200.01322618411106,152.41623186268183,48.0,/home/aojwang/data/MergeDataset/cropped_images/1UgaliWOmenaVegies/white ugali_2.jpg
244Tomato.jpg,tomato,1282.568345323741,1.7151230949589684,189.7657489668966,102.15993730462787,86.06394222794543,2.3,/home/aojwang/data/MergeDataset/cropped_images/244Tomato/tomato_0.jpg
563WhiteRice.jpg,white rice boiled,1093.8117524700988,1.2446153846153847,196.37334030617097,189.56505277170297,121.29379956261292,2.4,/home/aojwang/data/MergeDataset/cropped_images/563WhiteRice/white rice boiled_0.jpg
495PineappleRedCabbage.jpg,pineapple,1451.388002201431,1.5749613601236476,200.91154843142579,115.05867421616793,38.58872193395046,0.960343,/home/aojwang/data/MergeDataset/cropped_images/495PineappleRedCabbage/pineapple_0.jpg
495PineappleRedCabbage.jpg,red cabbage,1473.852504127683,2.053415061295972,153.51619983644449,40.75440460942722,63.22544445647669,1.3,/home/aojwang/data/MergeDataset/cropped_images/495PineappleRedCabbage/red cabbage_1.jpg
647Arrowroots.jpg,arrowroots,675.9049085659287,1.5078636959370904,167.83507484067272,159.91951729916278,140.77824816038157,7.04,/home/aojwang/data/MergeDataset/cropped_images/647Arrowroots/arrowroots_0.jpg
80Bananapeeled.jpg,ripe banana,14518.477142857142,1.5531665363565286,179.54405686389384,157.67173308416645,108.40840587964067,7.0,/home/aojwang/data/MergeDataset/cropped_images/80Bananapeeled/ripe banana_0.jpg
1HamburgerSalad.jpg,onion tomato avocado,297.364994425864,1.7300683371298406,191.33034336520998,151.8820978314171,71.04691673127478,7.0,/home/aojwang/data/MergeDataset/cropped_images/1HamburgerSalad/onion tomato avocado_0.jpg
1HamburgerSalad.jpg,hamburger,106.09364548494983,1.229903536977492,201.38213437572242,141.42043586995356,64.38979467456865,23.0,/home/aojwang/data/MergeDataset/cropped_images/1HamburgerSalad/hamburger_1.jpg
92Grapes.jpg,red grapes,30971.993442622952,1.8478549314462627,139.5182038601135,87.70245651862317,69.03172395410004,4.720393,/home/aojwang/data/MergeDataset/cropped_images/92Grapes/red grapes_0.jpg
2Paneel.jpg,paneel,649.8622112211222,0.43153219837157664,178.72384346516716,139.59744830396897,137.42142342943984,5.0,/home/aojwang/data/MergeDataset/cropped_images/2Paneel/paneel_0.jpg
2Paneel.jpg,paneel,610.3490099009902,0.44384198295894656,179.47174626863654,134.8561946513857,131.43985951877883,5.0,/home/aojwang/data/MergeDataset/cropped_images/2Paneel/paneel_1.jpg
1148Boiledcorn.jpg,boiled yellow maize,196.82905447714464,0.8456439393939394,178.56110128440056,157.3531019885303,95.04372709457395,2.53,/home/aojwang/data/MergeDataset/cropped_images/1148Boiledcorn/boiled yellow maize_0.jpg
499PineappleCarrots.jpg,carrot,4386.206896551724,1.956923076923077,210.68346698113209,113.01316823899371,33.853124092888244,1.4,/home/aojwang/data/MergeDataset/cropped_images/499PineappleCarrots/carrot_0.jpg
499PineappleCarrots.jpg,pineapple,1213.9336870026525,1.43734335839599,203.4895958291544,130.68148684702166,46.10607600081284,0.2400861,/home/aojwang/data/MergeDataset/cropped_images/499PineappleCarrots/pineapple_1.jpg
235Zucchinihalfcup.jpg,zucchini,2619.854922279793,1.3774173424828446,175.56017052492157,182.12012067500248,142.10638623685662,1.08,/home/aojwang/data/MergeDataset/cropped_images/235Zucchinihalfcup/zucchini_0.jpg
1BirianiLamb.jpg,biryani lamb,335.3121516164994,1.1674008810572687,206.3470428060843,142.66569761449588,39.739671182777826,24.0,/home/aojwang/data/MergeDataset/cropped_images/1BirianiLamb/biryani lamb_0.jpg
663SweetPotatosliced.jpg,sweet potato,1138.209339263024,1.1580443433769188,223.87685130375155,202.7589355312171,121.66636999477824,4.5,/home/aojwang/data/MergeDataset/cropped_images/663SweetPotatosliced/sweet potato_0.jpg
196AvocadoPawpaw.jpg,avocado,7359.866295264624,1.1406044678055192,190.67842155301355,173.06187627545614,91.72019974324348,3.2,/home/aojwang/data/MergeDataset/cropped_images/196AvocadoPawpaw/avocado_0.jpg
196AvocadoPawpaw.jpg,pawpaw,6644.637883008357,0.9495268138801262,198.15621451104101,109.57092677405494,66.81005355439807,0.941798,/home/aojwang/data/MergeDataset/cropped_images/196AvocadoPawpaw/pawpaw_1.jpg
210AvocadoApple.jpg,apple,6869.108545034642,0.8478376935397758,208.54445749689677,192.79408900980525,147.61706962657735,0.45,/home/aojwang/data/MergeDataset/cropped_images/210AvocadoApple/apple_0.jpg
210AvocadoApple.jpg,avocado,5415.658198614318,0.8990712074303405,174.11732680022857,174.59829891939376,77.85836467688424,2.4,/home/aojwang/data/MergeDataset/cropped_images/210AvocadoApple/avocado_1.jpg
3Chickpeas.jpg,chick peas,1153.1076545231274,1.36230876216968,210.80998756852046,158.3560316104623,118.40101390039624,103.0,/home/aojwang/data/MergeDataset/cropped_images/3Chickpeas/chick peas_0.jpg
1082Chickendrumstick.jpg,chicken drumstick,696.3952271299979,1.4285714285714286,144.74757145261944,113.57491733500066,82.95910848052714,40.8664,/home/aojwang/data/MergeDataset/cropped_images/1082Chickendrumstick/chicken drumstick_0.jpg
1206MincedMeatCabbagePasta.JPG,pasta,825.656,1.5093729799612152,200.18985644661421,168.184075277286,62.00408914677714,11.0,/home/aojwang/data/MergeDataset/cropped_images/1206MincedMeatCabbagePasta/pasta_0.jpg
1206MincedMeatCabbagePasta.JPG,green cabbage cooked,285.2553142857143,0.8467874794069192,195.86308566080552,182.2156263822204,95.73147263764511,1.8,/home/aojwang/data/MergeDataset/cropped_images/1206MincedMeatCabbagePasta/green cabbage cooked_1.jpg
1206MincedMeatCabbagePasta.JPG,mincemeat,399.20457142857146,1.976595744680851,173.33733023383644,130.75097794471293,57.03384272725191,69.25,/home/aojwang/data/MergeDataset/cropped_images/1206MincedMeatCabbagePasta/mincemeat_2.jpg
753BrownRiceCowpeas.jpg,brown rice boiled,675.7952871870398,1.734006734006734,194.9189049793149,184.62964706395127,111.39028109211496,4.0,/home/aojwang/data/MergeDataset/cropped_images/753BrownRiceCowpeas/brown rice boiled_0.jpg
753BrownRiceCowpeas.jpg,cowpeas,734.3755522827688,1.6540483701366981,129.71648741278796,109.98081986840232,68.17634330109237,4.75,/home/aojwang/data/MergeDataset/cropped_images/753BrownRiceCowpeas/cowpeas_1.jpg
2Poppy.jpg,poppy seeds,199.59795365633462,1.3055555555555556,114.5645248347566,115.23895311670768,127.6743461125585,18.0,/home/aojwang/data/MergeDataset/cropped_images/2Poppy/poppy seeds_0.jpg
1092Mincedbeef.jpg,mincemeat,1251.5875209380235,1.255346727154893,147.45324681451464,110.77655480092118,65.36447546850884,55.4,/home/aojwang/data/MergeDataset/cropped_images/1092Mincedbeef/mincemeat_0.jpg
991Spinach.jpg,spinach cooked,657.4095293773751,1.3369313801079414,102.82277485351254,107.51806804630328,67.04664121533234,1.1,/home/aojwang/data/MergeDataset/cropped_images/991Spinach/spinach cooked_0.jpg
846WhiteChapatihalfMonkeynutBeans.jpg,monkeynut beans,7507.914110429448,1.9168141592920354,130.48543009830118,87.38245287181624,28.701776448573693,15.6,/home/aojwang/data/MergeDataset/cropped_images/846WhiteChapatihalfMonkeynutBeans/monkeynut beans_0.jpg
846WhiteChapatihalfMonkeynutBeans.jpg,white chapati,10968.800613496933,2.125674633770239,210.3259907003383,181.70567776031797,76.92493125370369,5.928,/home/aojwang/data/MergeDataset/cropped_images/846WhiteChapatihalfMonkeynutBeans/white chapati_1.jpg
1351YellowMaizeboiled.JPG,boiled yellow maize,1033.5652173913043,1.3171378091872792,206.44067881967896,141.53540086218132,62.29106263019815,1.58125,/home/aojwang/data/MergeDataset/cropped_images/1351YellowMaizeboiled/boiled yellow maize_0.jpg
1118BrownRiceFriedEggs.jpg,egg fry,1289.3412563667232,1.362722351121423,177.41252777331533,153.76753372959962,57.469397339906756,5.1,/home/aojwang/data/MergeDataset/cropped_images/1118BrownRiceFriedEggs/egg fry_0.jpg
1118BrownRiceFriedEggs.jpg,brown rice boiled,1015.3684210526316,1.5045787545787546,157.54227391598056,131.41566117996427,42.87975961956485,4.0,/home/aojwang/data/MergeDataset/cropped_images/1118BrownRiceFriedEggs/brown rice boiled_1.jpg
1649WholeFishKachumbarihalfCupBrownUgali1Cup.JPG,kachumbari,499.4019138755981,1.403443113772455,177.5508131736527,119.57661636726547,48.633198802395206,1.43,/home/aojwang/data/MergeDataset/cropped_images/1649WholeFishKachumbarihalfCupBrownUgali1Cup/kachumbari_0.jpg
1649WholeFishKachumbarihalfCupBrownUgali1Cup.JPG,brown ugali,310.9712918660287,1.0210355987055015,156.37189453736045,127.43454872063145,60.33117733191779,2.93,/home/aojwang/data/MergeDataset/cropped_images/1649WholeFishKachumbarihalfCupBrownUgali1Cup/brown ugali_1.jpg
1PeasBoiled.jpg,boiled peas,514.2143727161997,1.3241308793456033,153.42501756796236,160.32022250120409,134.44727084665735,13.0,/home/aojwang/data/MergeDataset/cropped_images/1PeasBoiled/boiled peas_0.jpg
948BananaCooked.jpg,boiled banana,1448.3218045112783,1.2200337647720878,194.26293874995588,136.94434730785125,30.892859923956582,4.83,/home/aojwang/data/MergeDataset/cropped_images/948BananaCooked/boiled banana_0.jpg
2Chickpeas.jpg,chick peas,648.200568412505,1.3738404452690167,214.17358088039094,160.3606216779266,122.3314131127867,69.0,/home/aojwang/data/MergeDataset/cropped_images/2Chickpeas/chick peas_0.jpg
1MilkFermented.jpg,fermented milk,906.8488175675676,0.7493734335839599,218.60697730949448,214.96025086871768,202.97916940251037,9.02,/home/aojwang/data/MergeDataset/cropped_images/1MilkFermented/fermented milk_0.jpg
1238MincedMeatButterBeansSpinach.JPG,butternut beans,354.9550033579584,1.2115384615384615,201.14374135965045,170.8142539278903,84.85650775991685,6.93,/home/aojwang/data/MergeDataset/cropped_images/1238MincedMeatButterBeansSpinach/butternut beans_0.jpg
1238MincedMeatButterBeansSpinach.JPG,spinach cooked,373.521379001567,1.1983050847457628,94.58988384915973,101.8272570901158,39.138980054179754,3.29,/home/aojwang/data/MergeDataset/cropped_images/1238MincedMeatButterBeansSpinach/spinach cooked_1.jpg
1238MincedMeatButterBeansSpinach.JPG,mincemeat,573.7691963286322,1.5003825554705432,151.01105996932534,113.28502118783766,37.87813433100783,55.4,/home/aojwang/data/MergeDataset/cropped_images/1238MincedMeatButterBeansSpinach/mincemeat_2.jpg
517RoscocoBeanshalfcup.jpg,rosecoco,592.2044484385532,1.2872117400419287,172.73349767935227,137.1276124833169,127.9279665935987,9.1035,/home/aojwang/data/MergeDataset/cropped_images/517RoscocoBeanshalfcup/rosecoco_0.jpg
993Spinach.jpg,spinach cooked,986.5286009648519,1.1883219358232509,111.21603224136594,123.2122400572472,79.54917113357314,4.38,/home/aojwang/data/MergeDataset/cropped_images/993Spinach/spinach cooked_0.jpg
1217MincedMeatRoscocoBeansSpinach.JPG,mincemeat,392.1818818585104,1.2812227074235807,183.06762813929745,132.7594407384586,73.78941546631422,69.25,/home/aojwang/data/MergeDataset/cropped_images/1217MincedMeatRoscocoBeansSpinach/mincemeat_0.jpg
2UgaliBMatumbo.jpg,brown ugali,79.03729029180249,1.8964088397790055,176.70339278025696,150.65136733289606,110.04727921678142,86.0,/home/aojwang/data/MergeDataset/cropped_images/2UgaliBMatumbo/brown ugali_0.jpg
2UgaliBMatumbo.jpg,matumbo fry,113.35095809811561,1.6099893730074388,140.49585196564288,113.88537929244572,65.4232068265275,4.0,/home/aojwang/data/MergeDataset/cropped_images/2UgaliBMatumbo/matumbo fry_1.jpg
847WhiteChapatihalfMonkeynutBeans.jpg,monkeynut beans,283.5365853658537,1.2717948717948717,124.17028784119107,80.27737634408602,25.143023159636062,7.8,/home/aojwang/data/MergeDataset/cropped_images/847WhiteChapatihalfMonkeynutBeans/monkeynut beans_0.jpg
1772BrownChapatiWhiteRiceSpinach(2).JPG,white rice boiled,726.008347245409,1.7086223984142717,206.22701602054823,195.4692264974855,168.11054741663773,3.6,/home/aojwang/data/MergeDataset/cropped_images/1772BrownChapatiWhiteRiceSpinach(2)/white rice boiled_0.jpg
1772BrownChapatiWhiteRiceSpinach(2).JPG,spinach cooked,1045.9202838063438,0.8681577398469688,86.89193084665955,94.30042677148073,34.29594557117347,3.29,/home/aojwang/data/MergeDataset/cropped_images/1772BrownChapatiWhiteRiceSpinach(2)/spinach cooked_1.jpg
1772BrownChapatiWhiteRiceSpinach(2).JPG,brown chapati,2155.392737896494,1.44420941300899,172.03645590581996,141.21642845206563,108.51146394656722,43.8,/home/aojwang/data/MergeDataset/cropped_images/1772BrownChapatiWhiteRiceSpinach(2)/brown chapati_2.jpg
2MaizeBeans.jpg,githeri,688.5757206658546,1.4092980856882407,184.73061188870977,145.60763625600103,131.54621860631312,39.0,/home/aojwang/data/MergeDataset/cropped_images/2MaizeBeans/githeri_0.jpg
1PotatoSweetEggSpinach.jpg,spinach cooked,427.18473406414944,2.093088857545839,135.37658294017237,142.20702253278031,132.43892445606926,2.0,/home/aojwang/data/MergeDataset/cropped_images/1PotatoSweetEggSpinach/spinach cooked_0.jpg
1PotatoSweetEggSpinach.jpg,boiled egg,228.0121802679659,0.9671916010498688,183.00684302182717,188.92773249001948,188.81579753344943,1.0,/home/aojwang/data/MergeDataset/cropped_images/1PotatoSweetEggSpinach/boiled egg_1.jpg
1PotatoSweetEggSpinach.jpg,sweet potato,193.26431181485992,1.1441860465116278,198.53607697317284,182.48938887838491,128.24303270939686,21.0,/home/aojwang/data/MergeDataset/cropped_images/1PotatoSweetEggSpinach/sweet potato_2.jpg
667BrownChapati.jpg,brown chapati,930.2911711711712,1.3998527245949925,191.40443096765597,165.61132657100868,82.80919196857091,2.701,/home/aojwang/data/MergeDataset/cropped_images/667BrownChapati/brown chapati_0.jpg
397BananaCabbage.jpg,green cabbage,3103.2649945474373,1.1568981064021642,210.63220149460903,173.87445944644787,116.79527753159687,3.85,/home/aojwang/data/MergeDataset/cropped_images/397BananaCabbage/green cabbage_0.jpg
1Cucumber.jpg,cucumber,337.002457002457,1.3065843621399178,176.8427043841742,189.60557418748581,175.85536437574933,1.0,/home/aojwang/data/MergeDataset/cropped_images/1Cucumber/cucumber_0.jpg
1114PlantainsFriedEggs.jpg,egg fry,2357.6434343434344,0.7523083099156965,216.17556136991783,167.35537647376876,83.28956752312594,15.3,/home/aojwang/data/MergeDataset/cropped_images/1114PlantainsFriedEggs/egg fry_0.jpg
1114PlantainsFriedEggs.jpg,plantain,1449.6575757575758,0.7859759288330717,174.6638568773817,106.75985516607544,21.999738008488247,2.6,/home/aojwang/data/MergeDataset/cropped_images/1114PlantainsFriedEggs/plantain_1.jpg
1573BrownUgaliDrumstickSpinach.JPG,brown ugali,4291.533536585366,1.1082519964507542,136.3928992350935,103.82047323750749,59.00459355949711,1.43,/home/aojwang/data/MergeDataset/cropped_images/1573BrownUgaliDrumstickSpinach/brown ugali_0.jpg
1573BrownUgaliDrumstickSpinach.JPG,spinach cooked,12061.332317073171,1.0020130850528435,114.77182752684008,108.31836899667022,54.614092555907725,3.29,/home/aojwang/data/MergeDataset/cropped_images/1573BrownUgaliDrumstickSpinach/spinach cooked_1.jpg
1573BrownUgaliDrumstickSpinach.JPG,chicken drumstick,14035.670731707318,1.2752631578947369,121.25630384256142,95.26208962356365,47.065275756456764,72.18,/home/aojwang/data/MergeDataset/cropped_images/1573BrownUgaliDrumstickSpinach/chicken drumstick_2.jpg
1480FriedGitherihalfCup.JPG,githeri,1782.1165092217723,1.1078794288736118,159.3961182791492,124.96464044607733,78.46929469955032,8.28,/home/aojwang/data/MergeDataset/cropped_images/1480FriedGitherihalfCup/githeri_0.jpg
1124Grilledchickenbreast.jpg,chicken breast grilled,1211.435389133627,1.3735483870967742,170.80366732829285,134.86016757829665,32.41969514689617,56.61,/home/aojwang/data/MergeDataset/cropped_images/1124Grilledchickenbreast/chicken breast grilled_0.jpg
1083Chickendrumstick.jpg,chicken drumstick,855.1416309012875,1.1961776278808318,155.40309801696483,120.6325391366274,83.90086990241201,63.73,/home/aojwang/data/MergeDataset/cropped_images/1083Chickendrumstick/chicken drumstick_0.jpg
1701BeefSausageChipsKachumbarihalfCup.jpg,kachumbari,142.9043698543382,1.1708428246013667,160.30525247511588,61.64500700211836,43.035164594098724,1.43,/home/aojwang/data/MergeDataset/cropped_images/1701BeefSausageChipsKachumbarihalfCup/kachumbari_0.jpg
1701BeefSausageChipsKachumbarihalfCup.jpg,potato chips,206.75269157694743,1.1491557223264541,201.24685836811273,160.32100470957613,58.26375081364628,7.2,/home/aojwang/data/MergeDataset/cropped_images/1701BeefSausageChipsKachumbarihalfCup/potato chips_1.jpg
722WhiteRiceRoscocoBeans.jpg,white rice boiled,1850.050789293068,1.3733047822983584,224.93008594989323,185.2041350772614,141.4106414930826,7.2,/home/aojwang/data/MergeDataset/cropped_images/722WhiteRiceRoscocoBeans/white rice boiled_0.jpg
722WhiteRiceRoscocoBeans.jpg,rosecoco,2571.1063829787236,1.8422159887798037,168.047530473009,94.03342647904408,53.12362023244428,26.01,/home/aojwang/data/MergeDataset/cropped_images/722WhiteRiceRoscocoBeans/rosecoco_1.jpg
1459MokimoChickenthigh.JPG,chicken thigh,281.7197748884145,1.2703461178671656,115.69315190032114,97.53571256359777,73.19371468800071,62.64,/home/aojwang/data/MergeDataset/cropped_images/1459MokimoChickenthigh/chicken thigh_0.jpg
1459MokimoChickenthigh.JPG,chicken thigh,428.23345623908403,0.7884040645546921,133.84045902296066,106.72225920576865,69.94820198786688,62.64,/home/aojwang/data/MergeDataset/cropped_images/1459MokimoChickenthigh/chicken thigh_1.jpg
1459MokimoChickenthigh.JPG,mukimo,570.3269939840869,1.2872270019854402,118.13819547823246,121.3645536842929,96.01944744538338,20.0,/home/aojwang/data/MergeDataset/cropped_images/1459MokimoChickenthigh/mukimo_2.jpg
1459MokimoChickenthigh.JPG,chicken thigh,156.41354550747138,0.6413916146297948,121.72017955357265,89.40488263633081,50.388599737716795,62.64,/home/aojwang/data/MergeDataset/cropped_images/1459MokimoChickenthigh/chicken thigh_3.jpg
1459MokimoChickenthigh.JPG,chicken thigh,529.0246458373763,1.086489898989899,130.12433016979793,103.60539444415097,70.78592028653766,62.64,/home/aojwang/data/MergeDataset/cropped_images/1459MokimoChickenthigh/chicken thigh_4.jpg
123Mangohalfcup.jpg,mango,3034.4265129683,1.8956356736242885,173.73341842791558,139.7672857867355,105.62181251460188,0.738,/home/aojwang/data/MergeDataset/cropped_images/123Mangohalfcup/mango_0.jpg
1UgaliWEggSukuma.jpg,sukumawiki,1056.0234291799786,1.078206465067779,101.5736552622715,115.04923427248322,108.8557995816887,2.0,/home/aojwang/data/MergeDataset/cropped_images/1UgaliWEggSukuma/sukumawiki_0.jpg
1UgaliWEggSukuma.jpg,white ugali,696.6602768903089,1.114882506527415,195.20124158467908,190.2297344396818,188.06654141774845,48.0,/home/aojwang/data/MergeDataset/cropped_images/1UgaliWEggSukuma/white ugali_1.jpg
1UgaliWEggSukuma.jpg,egg fry,833.0372736954207,1.1464891041162228,214.7498280539284,208.3834716998499,203.75871044281547,1.0,/home/aojwang/data/MergeDataset/cropped_images/1UgaliWEggSukuma/egg fry_2.jpg
1Butter.jpg,butter,231.71376370280146,1.2451994091580503,200.87564984729573,191.5125150908253,171.4075425215214,0.0,/home/aojwang/data/MergeDataset/cropped_images/1Butter/butter_0.jpg
1SpinachCooked.jpg,spinach cooked,1133.2748414376322,1.46139180171592,114.2601912671777,131.80635986063203,127.39546500658845,2.0,/home/aojwang/data/MergeDataset/cropped_images/1SpinachCooked/spinach cooked_0.jpg
1Carrot.jpg,carrot,719.4705643524157,1.354020979020979,224.86247048626004,166.11478644015764,119.41845517297422,4.0,/home/aojwang/data/MergeDataset/cropped_images/1Carrot/carrot_0.jpg
282Cabbagesliced.jpg,green cabbage,12678.27135678392,1.3645345813832552,198.29279271780626,201.40669094751595,178.63500267144832,4.4,/home/aojwang/data/MergeDataset/cropped_images/282Cabbagesliced/green cabbage_0.jpg
3Ham.jpg,ham,1101.6970458830924,1.1182108626198084,167.07433991328162,141.11523847558192,147.53992526243724,8.0,/home/aojwang/data/MergeDataset/cropped_images/3Ham/ham_0.jpg
893WhiteChapati1Greengrams.jpg,white chapati,1305.4885404101326,1.5592515592515592,173.04651297451298,117.74234511434511,55.525855701855704,11.31,/home/aojwang/data/MergeDataset/cropped_images/893WhiteChapati1Greengrams/white chapati_0.jpg
893WhiteChapati1Greengrams.jpg,ndengu,624.8106151990349,1.957351290684624,117.35656321111215,78.64362277206314,29.783313512289048,3.7,/home/aojwang/data/MergeDataset/cropped_images/893WhiteChapati1Greengrams/ndengu_1.jpg
1Eggplant.jpg,eggplant,239.1981323589119,0.5041628122109159,134.3862936967979,139.95965509339806,157.19397771346613,1.0,/home/aojwang/data/MergeDataset/cropped_images/1Eggplant/eggplant_0.jpg
1589WhiteUgalihalfCupSpinach.JPG,white ugali,459.59426103054614,1.0607594936708862,167.98731894638968,185.9462446586038,193.2873857453115,5.03,/home/aojwang/data/MergeDataset/cropped_images/1589WhiteUgalihalfCupSpinach/white ugali_0.jpg
1589WhiteUgalihalfCupSpinach.JPG,spinach cooked,628.2604134526381,1.2198142414860682,105.31731879901307,130.70838555499677,125.44546977888136,1.1,/home/aojwang/data/MergeDataset/cropped_images/1589WhiteUgalihalfCupSpinach/spinach cooked_1.jpg
1506FriedGitheriWhiteRice.JPG,githeri,251.04685714285714,0.9449618966977138,145.57716639504218,122.60486298896203,21.92159612017032,3.45,/home/aojwang/data/MergeDataset/cropped_images/1506FriedGitheriWhiteRice/githeri_0.jpg
1506FriedGitheriWhiteRice.JPG,white rice boiled,358.27104761904764,1.523852385238524,191.0081545071223,189.57346898304715,104.5970398575593,1.2,/home/aojwang/data/MergeDataset/cropped_images/1506FriedGitheriWhiteRice/white rice boiled_1.jpg
129Applehalfcup.jpg,apple,4656.517647058824,1.7613207547169811,169.74495053107094,167.78493244130934,143.84103040899032,0.21,/home/aojwang/data/MergeDataset/cropped_images/129Applehalfcup/apple_0.jpg
1019Cabbage1cup.jpg,green cabbage cooked,2384.485488126649,1.5635294117647058,152.34279555614572,161.22978975788962,84.8027251803656,1.727,/home/aojwang/data/MergeDataset/cropped_images/1019Cabbage1cup/green cabbage cooked_0.jpg
453MangoCucumber.jpg,mango,498.6025316455696,2.053821313240043,196.57432193043624,138.0072342840637,40.819327380267325,1.64,/home/aojwang/data/MergeDataset/cropped_images/453MangoCucumber/mango_0.jpg
453MangoCucumber.jpg,cucumber,635.6433192686358,1.2253313696612667,165.49490067760848,140.21993687691176,94.42462136767871,0.6,/home/aojwang/data/MergeDataset/cropped_images/453MangoCucumber/cucumber_1.jpg
453MangoCucumber.jpg,mango,166.04894514767932,0.8018648018648019,186.8941443730688,108.17701218355288,34.611913522523984,1.64,/home/aojwang/data/MergeDataset/cropped_images/453MangoCucumber/mango_2.jpg
2ChipsChicken.jpg,chicken,188.38626226583406,1.061659192825112,197.86310439859648,164.07132507185779,93.15822919675539,0.0,/home/aojwang/data/MergeDataset/cropped_images/2ChipsChicken/chicken_0.jpg
2ChipsChicken.jpg,potato chips,428.52163247100805,0.8620227729403884,214.79420616594092,184.7969519503344,120.9615033325683,89.0,/home/aojwang/data/MergeDataset/cropped_images/2ChipsChicken/potato chips_1.jpg
2BananaWMelonPawpaw.jpg,banana watermelon pawpaw,1880.6817769718948,1.3800978792822185,209.55716614796046,149.36984764692497,144.12239441725575,70.0,/home/aojwang/data/MergeDataset/cropped_images/2BananaWMelonPawpaw/banana watermelon pawpaw_0.jpg
3BirianiLamb.jpg,biryani lamb,633.1576506955178,1.3657694962042788,209.0234742226086,139.195337796344,62.00184825414959,72.0,/home/aojwang/data/MergeDataset/cropped_images/3BirianiLamb/biryani lamb_0.jpg
834WhiteChapati1ButterBeans.jpg,white chapati,1659.035,1.1829105473965287,183.43027874637968,123.09525492228916,57.47210238180629,11.31,/home/aojwang/data/MergeDataset/cropped_images/834WhiteChapati1ButterBeans/white chapati_0.jpg
834WhiteChapati1ButterBeans.jpg,butternut beans,1317.43125,1.3151658767772512,187.90938758663876,122.78549782009497,56.64473003809497,4.62,/home/aojwang/data/MergeDataset/cropped_images/834WhiteChapati1ButterBeans/butternut beans_1.jpg
1718GitheriWhiteChapatihalf.JPG,githeri,344.0525667351129,0.7715930902111324,166.63157103159824,134.38785558770448,17.467782249978516,3.35,/home/aojwang/data/MergeDataset/cropped_images/1718GitheriWhiteChapatihalf/githeri_0.jpg
1718GitheriWhiteChapatihalf.JPG,white chapati,860.9568788501027,0.9442953020134228,180.1240809375939,173.3057445276017,53.466963361524115,2.89,/home/aojwang/data/MergeDataset/cropped_images/1718GitheriWhiteChapatihalf/white chapati_1.jpg
1637WholeFishKachumbarihalfCupWhiteUgaliquoterCup.JPG,kachumbari,812.087559429477,1.3395311236863379,172.0710559401359,116.40631523791915,43.75745044784406,1.43,/home/aojwang/data/MergeDataset/cropped_images/1637WholeFishKachumbarihalfCupWhiteUgaliquoterCup/kachumbari_0.jpg
1637WholeFishKachumbarihalfCupWhiteUgaliquoterCup.JPG,white ugali,248.4944532488114,1.0204081632653061,201.80598852040816,200.02708227040816,136.86541294642856,2.38,/home/aojwang/data/MergeDataset/cropped_images/1637WholeFishKachumbarihalfCupWhiteUgaliquoterCup/white ugali_1.jpg
1723GitheriWhiteChapati.JPG,githeri,1223.285046728972,0.9574036511156186,149.745396473415,114.61832653380854,27.00736249107085,13.4,/home/aojwang/data/MergeDataset/cropped_images/1723GitheriWhiteChapati/githeri_0.jpg
1588WhiteUgalithirdCupSpinach.JPG,spinach cooked,591.684816428127,1.222935044105854,95.39416777314736,123.54179394481181,121.48978295450064,1.1,/home/aojwang/data/MergeDataset/cropped_images/1588WhiteUgalithirdCupSpinach/spinach cooked_0.jpg
1588WhiteUgalithirdCupSpinach.JPG,white ugali,349.5952084629745,1.0018885741265344,170.13582336758932,192.02728909513093,199.99477037626414,3.38,/home/aojwang/data/MergeDataset/cropped_images/1588WhiteUgalithirdCupSpinach/white ugali_1.jpg
2SpinachCooked.jpg,spinach cooked,774.6894031668696,1.3703389830508474,117.83328511682022,138.59662327180487,126.42543787931197,4.0,/home/aojwang/data/MergeDataset/cropped_images/2SpinachCooked/spinach cooked_0.jpg
1011Kalesquotercup.jpg,sukumawiki,774.5863636363637,0.781226343679031,103.58967469441168,115.85222098011255,47.002286410929,0.6,/home/aojwang/data/MergeDataset/cropped_images/1011Kalesquotercup/sukumawiki_0.jpg
1250MincedMeatRoscocoBeansCabbage.JPG,green cabbage cooked,6105.71581769437,1.2570579494799405,192.22939170082796,151.3434978519666,103.70276346340967,1.8,/home/aojwang/data/MergeDataset/cropped_images/1250MincedMeatRoscocoBeansCabbage/green cabbage cooked_0.jpg
1250MincedMeatRoscocoBeansCabbage.JPG,rosecoco,7451.260053619303,1.6170861937452325,145.2117510758027,75.12759559892348,54.27135162557748,13.005,/home/aojwang/data/MergeDataset/cropped_images/1250MincedMeatRoscocoBeansCabbage/rosecoco_1.jpg
1510FriedGitheriWhiteRice.JPG,githeri,1124.8113331149689,1.1381692573402418,160.66773246392233,135.90126291150767,58.771989275633516,10.35,/home/aojwang/data/MergeDataset/cropped_images/1510FriedGitheriWhiteRice/githeri_0.jpg
1510FriedGitheriWhiteRice.JPG,white rice boiled,1405.0966262692434,1.5661631419939577,179.48776178620716,172.84474772481445,103.31145798366342,3.6,/home/aojwang/data/MergeDataset/cropped_images/1510FriedGitheriWhiteRice/white rice boiled_1.jpg
1444Githeri.JPG,githeri,882.7757487216946,1.3898123324396783,161.3382980836064,140.93251042597558,41.736965875616455,20.1,/home/aojwang/data/MergeDataset/cropped_images/1444Githeri/githeri_0.jpg
1PastaBroccoli.jpg,broccoli,89.91711863514296,1.1087832393231265,177.53983799636453,126.1592196372018,88.40765781065532,4.0,/home/aojwang/data/MergeDataset/cropped_images/1PastaBroccoli/broccoli_0.jpg
1PastaBroccoli.jpg,pasta,37.24316781633405,0.8712541620421753,213.5286383848095,148.2686540786246,114.43980997759036,23.0,/home/aojwang/data/MergeDataset/cropped_images/1PastaBroccoli/pasta_1.jpg
489PineappleRedCabbage.jpg,red cabbage,1786.2300319488818,1.1880466472303206,141.21084261925628,64.56158400257561,106.7120785562253,1.3,/home/aojwang/data/MergeDataset/cropped_images/489PineappleRedCabbage/red cabbage_0.jpg
489PineappleRedCabbage.jpg,pineapple,5193.303514376997,1.0174050632911393,182.3807539077111,128.07933293304723,83.97708956729728,0.768275,/home/aojwang/data/MergeDataset/cropped_images/489PineappleRedCabbage/pineapple_1.jpg
489PineappleRedCabbage.jpg,red cabbage,9648.115015974441,1.0327485380116959,129.52143841105217,53.859354407157944,98.77153841568814,1.3,/home/aojwang/data/MergeDataset/cropped_images/489PineappleRedCabbage/red cabbage_2.jpg
496PineappleRedCabbage.jpg,pineapple,7473.6567164179105,1.3540697674418605,154.40482615555135,86.1427127123129,47.76691613328407,1.20043,/home/aojwang/data/MergeDataset/cropped_images/496PineappleRedCabbage/pineapple_0.jpg
1496FriedGitheriBeefstewCabbage.JPG,githeri,418.27047088842494,1.3016142735768903,188.86530953368634,129.61968794851717,63.74203289329201,6.9,/home/aojwang/data/MergeDataset/cropped_images/1496FriedGitheriBeefstewCabbage/githeri_0.jpg
1496FriedGitheriBeefstewCabbage.JPG,green cabbage cooked,683.4544189283229,1.709063214013709,192.1528686805332,132.08779848573093,53.849285833560735,1.1,/home/aojwang/data/MergeDataset/cropped_images/1496FriedGitheriBeefstewCabbage/green cabbage cooked_1.jpg
1496FriedGitheriBeefstewCabbage.JPG,beef stew,391.4161447459986,1.4073059360730593,161.1256208534457,107.682208374447,54.19098966157894,17.7,/home/aojwang/data/MergeDataset/cropped_images/1496FriedGitheriBeefstewCabbage/beef stew_2.jpg
1348ChickenWetfryWhiteChapatiSpinach.JPG,chicken wing,624.0723186925434,1.260115606936416,171.709933502115,132.41766753938185,50.183636819545676,137.21,/home/aojwang/data/MergeDataset/cropped_images/1348ChickenWetfryWhiteChapatiSpinach/chicken wing_0.jpg
1348ChickenWetfryWhiteChapatiSpinach.JPG,spinach cooked,423.6049029622063,1.2876280535855005,118.49913963808856,120.10008073126905,63.9554077893618,3.29,/home/aojwang/data/MergeDataset/cropped_images/1348ChickenWetfryWhiteChapatiSpinach/spinach cooked_1.jpg
1348ChickenWetfryWhiteChapatiSpinach.JPG,white chapati,561.1775280898877,0.9779236276849642,206.96614844606628,189.18952924028127,113.4647090387788,11.09,/home/aojwang/data/MergeDataset/cropped_images/1348ChickenWetfryWhiteChapatiSpinach/white chapati_2.jpg
668BrownChapati.jpg,brown chapati,1182.2577873254565,0.9616837560712358,181.45121630649604,156.52746781843743,77.40386202978395,5.84,/home/aojwang/data/MergeDataset/cropped_images/668BrownChapati/brown chapati_0.jpg
1582BrownUgaliDrumstickCabbage.JPG,brown ugali,455.7245024875622,1.147787610619469,149.61896616425926,117.30171327979477,111.25005970210356,2.9,/home/aojwang/data/MergeDataset/cropped_images/1582BrownUgaliDrumstickCabbage/brown ugali_0.jpg
1582BrownUgaliDrumstickCabbage.JPG,green cabbage cooked,694.1122512437811,1.2122328666175386,192.56719430712752,195.0548604220377,166.7432034279084,1.1,/home/aojwang/data/MergeDataset/cropped_images/1582BrownUgaliDrumstickCabbage/green cabbage cooked_1.jpg
1582BrownUgaliDrumstickCabbage.JPG,chicken drumstick,1361.1940298507463,1.3157894736842106,140.6401331779971,126.68690766630117,114.90255710891813,72.18,/home/aojwang/data/MergeDataset/cropped_images/1582BrownUgaliDrumstickCabbage/chicken drumstick_2.jpg
1RiceBean.jpg,white rice boiled,203.7913043478261,1.8547008547008548,207.104683349307,194.51229972735348,145.14707484868777,42.0,/home/aojwang/data/MergeDataset/cropped_images/1RiceBean/white rice boiled_0.jpg
1RiceBean.jpg,beans,235.32865105908584,1.4171494785631518,176.84310753053913,124.71365077801012,67.99221658270557,25.0,/home/aojwang/data/MergeDataset/cropped_images/1RiceBean/beans_1.jpg
1491FriedGitheriBeefstew.JPG,githeri,1255.5241481481482,0.882701962574167,165.60941111447272,136.65633877803197,39.85891540885743,20.7,/home/aojwang/data/MergeDataset/cropped_images/1491FriedGitheriBeefstew/githeri_0.jpg
1491FriedGitheriBeefstew.JPG,beef stew,1126.6844444444444,0.9137254901960784,137.76280295379954,114.33875152528823,21.14854545358916,44.25,/home/aojwang/data/MergeDataset/cropped_images/1491FriedGitheriBeefstew/beef stew_1.jpg
1763BrownUgalihalfCupWhiteRiceSpinach.JPG,brown ugali,173.4234549028172,1.1174377224199288,138.49110949923562,115.86678604619534,58.99174165665541,1.9,/home/aojwang/data/MergeDataset/cropped_images/1763BrownUgalihalfCupWhiteRiceSpinach/brown ugali_0.jpg
1763BrownUgalihalfCupWhiteRiceSpinach.JPG,spinach cooked,563.645992574798,1.538996138996139,83.71405246548247,102.13646876035236,33.2824170310372,4.38,/home/aojwang/data/MergeDataset/cropped_images/1763BrownUgalihalfCupWhiteRiceSpinach/spinach cooked_1.jpg
1763BrownUgalihalfCupWhiteRiceSpinach.JPG,white rice boiled,454.2651233893863,1.2384259259259258,187.3278768124303,190.93773076035538,144.11883485250567,3.6,/home/aojwang/data/MergeDataset/cropped_images/1763BrownUgalihalfCupWhiteRiceSpinach/white rice boiled_2.jpg
2PotatoPork.jpg,pork fry,187.86064659977703,1.0287292817679559,208.3093685278706,138.38063034460657,126.24630320869261,0.0,/home/aojwang/data/MergeDataset/cropped_images/2PotatoPork/pork fry_0.jpg
2PotatoPork.jpg,mashed potato,109.47736900780379,1.1950078003120126,217.66775558750808,204.90846751363526,152.05818869830512,32.0,/home/aojwang/data/MergeDataset/cropped_images/2PotatoPork/mashed potato_1.jpg
718WhiteRiceRoscocoBeans.jpg,white rice boiled,679.9581564584597,1.339258114374034,218.54805034733525,179.42673362164226,143.42997330660128,4.8,/home/aojwang/data/MergeDataset/cropped_images/718WhiteRiceRoscocoBeans/white rice boiled_0.jpg
718WhiteRiceRoscocoBeans.jpg,rosecoco,1108.0715585203154,1.540909090909091,166.66425588739116,101.99686790243048,69.14641092156894,17.34,/home/aojwang/data/MergeDataset/cropped_images/718WhiteRiceRoscocoBeans/rosecoco_1.jpg
1325ChickenWetfryWhiteUgali1CupSpinach.JPG,white ugali,821.6970802919708,1.0640920295809366,199.7807070364178,190.20664904839103,131.23403711259093,9.66,/home/aojwang/data/MergeDataset/cropped_images/1325ChickenWetfryWhiteUgali1CupSpinach/white ugali_0.jpg
1325ChickenWetfryWhiteUgali1CupSpinach.JPG,spinach cooked,965.492700729927,1.5332120109190173,101.94127275132774,105.0323758042785,32.69290236875714,2.91,/home/aojwang/data/MergeDataset/cropped_images/1325ChickenWetfryWhiteUgali1CupSpinach/spinach cooked_1.jpg
1325ChickenWetfryWhiteUgali1CupSpinach.JPG,chicken wing,2297.5620437956204,1.7969348659003832,164.30172890337585,132.42446043818492,44.459257716162845,94.39,/home/aojwang/data/MergeDataset/cropped_images/1325ChickenWetfryWhiteUgali1CupSpinach/chicken wing_2.jpg
487PineappleRedCabbage.jpg,pineapple,823.9492868462758,1.4310344827586208,174.05123046464274,121.72040653033591,68.43631486354101,0.48017,/home/aojwang/data/MergeDataset/cropped_images/487PineappleRedCabbage/pineapple_0.jpg
487PineappleRedCabbage.jpg,red cabbage,942.6418383518225,1.809667673716012,121.0884836033649,57.0762163189068,89.0252356366575,0.65,/home/aojwang/data/MergeDataset/cropped_images/487PineappleRedCabbage/red cabbage_1.jpg
1UgaliBChickenCabbage.jpg,chicken,134.35451505016724,1.3833333333333333,191.57268578446016,141.28921968867203,60.50158319227322,0.0,/home/aojwang/data/MergeDataset/cropped_images/1UgaliBChickenCabbage/chicken_0.jpg
1UgaliBChickenCabbage.jpg,brown ugali,132.0958751393534,1.2195121951219512,174.6231395054435,143.0428947590514,86.51922018735759,37.0,/home/aojwang/data/MergeDataset/cropped_images/1UgaliBChickenCabbage/brown ugali_1.jpg
1UgaliBChickenCabbage.jpg,green cabbage cooked,174.78305462653287,1.1057007125890737,215.87586203377464,199.71689063173713,124.24938959206635,2.0,/home/aojwang/data/MergeDataset/cropped_images/1UgaliBChickenCabbage/green cabbage cooked_2.jpg
1095WhiteChapatiFriedEggs.jpg,egg fry,524.7445678416224,1.3008752735229758,211.4684342063371,178.71261821989683,87.71720622850233,14.7,/home/aojwang/data/MergeDataset/cropped_images/1095WhiteChapatiFriedEggs/egg fry_0.jpg
1095WhiteChapatiFriedEggs.jpg,white chapati,2776.562047320135,1.0100586756077117,205.56598623366597,173.67543902362675,98.06581058943422,19.2,/home/aojwang/data/MergeDataset/cropped_images/1095WhiteChapatiFriedEggs/white chapati_1.jpg
1095WhiteChapatiFriedEggs.jpg,egg fry,1516.3804925156928,1.1206690561529271,215.00954043148315,189.90357480391182,107.86056850922041,14.7,/home/aojwang/data/MergeDataset/cropped_images/1095WhiteChapatiFriedEggs/egg fry_2.jpg
491PineappleRedCabbage.jpg,red cabbage,2587.4427244582043,1.0877551020408163,105.13066010644408,36.5411791170502,73.17215606692959,2.6,/home/aojwang/data/MergeDataset/cropped_images/491PineappleRedCabbage/red cabbage_0.jpg
491PineappleRedCabbage.jpg,pineapple,831.261919504644,0.8181108508977362,164.46089425007895,112.59927388550214,72.48574437909315,0.768275,/home/aojwang/data/MergeDataset/cropped_images/491PineappleRedCabbage/pineapple_1.jpg
415BananaCucumber.jpg,cucumber,1458.545866364666,1.1512008733624455,178.99174053391474,141.7262315176588,64.10671306792888,1.2,/home/aojwang/data/MergeDataset/cropped_images/415BananaCucumber/cucumber_0.jpg
1234MincedMeatButterBeansSpinach.JPG,butternut beans,329.190065681445,1.3327256153144942,200.7113829907957,169.65631426088063,70.22503170567161,4.62,/home/aojwang/data/MergeDataset/cropped_images/1234MincedMeatButterBeansSpinach/butternut beans_0.jpg
1234MincedMeatButterBeansSpinach.JPG,spinach cooked,361.63300492610836,1.0298165137614679,93.45854362054992,100.7487916289228,26.917417003239727,2.91,/home/aojwang/data/MergeDataset/cropped_images/1234MincedMeatButterBeansSpinach/spinach cooked_1.jpg
1301BeefSamosa.JPG,samosa,441.1485212869678,1.212665406427221,172.59702051106,144.59793327606758,70.0142388394403,31.692,/home/aojwang/data/MergeDataset/cropped_images/1301BeefSamosa/samosa_0.jpg
1301BeefSamosa.JPG,samosa,368.0084497887553,1.388704318936877,163.94765366552392,131.60276484021895,55.27234400306616,31.692,/home/aojwang/data/MergeDataset/cropped_images/1301BeefSamosa/samosa_1.jpg
1301BeefSamosa.JPG,samosa,331.7188820279493,1.2799552071668534,158.21263271542344,131.76402935635286,67.95221411993154,31.692,/home/aojwang/data/MergeDataset/cropped_images/1301BeefSamosa/samosa_2.jpg
1301BeefSamosa.JPG,samosa,463.2596685082873,1.1404293381037567,166.0907544985794,135.13227401873093,59.917387491669295,31.692,/home/aojwang/data/MergeDataset/cropped_images/1301BeefSamosa/samosa_3.jpg
3RiceBLiver.jpg,liver fry,222.67647714604237,1.0746887966804979,173.31019901792723,122.64520718851632,113.13978616286708,3.0,/home/aojwang/data/MergeDataset/cropped_images/3RiceBLiver/liver fry_0.jpg
3RiceBLiver.jpg,brown rice boiled,353.42251950947605,0.7633587786259542,218.31635922023847,195.6570241625134,173.87584505709418,74.0,/home/aojwang/data/MergeDataset/cropped_images/3RiceBLiver/brown rice boiled_1.jpg
1610BrownUgali2CupsCabbage.JPG,brown ugali,6484.925864909391,1.125668449197861,179.0183906410761,135.73010428442592,110.08497211884105,5.8,/home/aojwang/data/MergeDataset/cropped_images/1610BrownUgali2CupsCabbage/brown ugali_0.jpg
1610BrownUgali2CupsCabbage.JPG,green cabbage cooked,9411.459637561778,1.4660587639311045,202.51168542818914,168.65659744613632,122.49764702010728,2.75,/home/aojwang/data/MergeDataset/cropped_images/1610BrownUgali2CupsCabbage/green cabbage cooked_1.jpg
1175BrownChapatiChickendrumstick.jpg,brown chapati,821.1387591727819,1.2312588401697313,164.90142352628632,126.493751660388,43.02316012761529,5.23,/home/aojwang/data/MergeDataset/cropped_images/1175BrownChapatiChickendrumstick/brown chapati_0.jpg
1175BrownChapatiChickendrumstick.jpg,brown chapati,693.1981320880587,1.2073170731707317,154.47979653624662,119.53534727996427,35.589280283782955,5.23,/home/aojwang/data/MergeDataset/cropped_images/1175BrownChapatiChickendrumstick/brown chapati_1.jpg
360ZucchiniTomatoOnions.jpg,zucchini,379.9783986175115,1.5826944140197152,148.97950329155566,119.28645364724073,80.14835914908454,0.9,/home/aojwang/data/MergeDataset/cropped_images/360ZucchiniTomatoOnions/zucchini_0.jpg
360ZucchiniTomatoOnions.jpg,tomato,440.69700460829495,1.1045029736618521,171.96067381216915,67.7767204757859,57.43330566629632,1.0,/home/aojwang/data/MergeDataset/cropped_images/360ZucchiniTomatoOnions/tomato_1.jpg
360ZucchiniTomatoOnions.jpg,onions,691.0858294930875,1.4263685427910562,156.53515639000605,97.70558711371356,112.68383921315302,1.5,/home/aojwang/data/MergeDataset/cropped_images/360ZucchiniTomatoOnions/onions_2.jpg
1587WhiteUgaliquoterCupSpinach.JPG,spinach cooked,4819.308270676692,1.283496732026144,106.07967740459222,132.58374157004198,125.66767815761993,1.1,/home/aojwang/data/MergeDataset/cropped_images/1587WhiteUgaliquoterCupSpinach/spinach cooked_0.jpg
1587WhiteUgaliquoterCupSpinach.JPG,white ugali,1949.6842105263158,1.0,184.01313238825387,203.27051100107465,206.6859487559196,2.12,/home/aojwang/data/MergeDataset/cropped_images/1587WhiteUgaliquoterCupSpinach/white ugali_1.jpg
1Milk.jpg,milk,283.8167388167388,1.2279151943462898,211.38666903932685,213.11449017464474,198.59798408622925,13.4,/home/aojwang/data/MergeDataset/cropped_images/1Milk/milk_0.jpg
1MilkYoghurtStrawb.jpg,strawberry yoghurt,715.2539964476022,0.859504132231405,217.37000978424985,182.9026715472028,184.08889388310553,31.0,/home/aojwang/data/MergeDataset/cropped_images/1MilkYoghurtStrawb/strawberry yoghurt_0.jpg
787BrownRicehalfcupMonkeynutsquotercup.jpg,monkeynut beans,718.5410334346504,1.500952380952381,142.58496797196037,85.26947002658932,64.41347413584724,4.29,/home/aojwang/data/MergeDataset/cropped_images/787BrownRicehalfcupMonkeynutsquotercup/monkeynut beans_0.jpg
787BrownRicehalfcupMonkeynutsquotercup.jpg,brown rice boiled,913.0603560573165,1.5050761421319796,187.52060607444056,136.37098114969817,86.1374282021212,8.4,/home/aojwang/data/MergeDataset/cropped_images/787BrownRicehalfcupMonkeynutsquotercup/brown rice boiled_1.jpg
1Fanta.jpg,fanta,110.54593453009504,1.1107491856677525,208.61767936802087,149.99593072683334,89.00633794071852,52.0,/home/aojwang/data/MergeDataset/cropped_images/1Fanta/fanta_0.jpg
3RiceBLiverVeg.jpg,liver fry,318.48205128205126,1.1614066726780883,150.1452213398003,96.44645447468201,65.7372969044912,3.0,/home/aojwang/data/MergeDataset/cropped_images/3RiceBLiverVeg/liver fry_0.jpg
3RiceBLiverVeg.jpg,brown rice boiled,90.80312151616499,1.9933628318584071,218.80427106558102,197.41938161138557,166.44786274837202,25.0,/home/aojwang/data/MergeDataset/cropped_images/3RiceBLiverVeg/brown rice boiled_1.jpg
3RiceBLiverVeg.jpg,terere,266.70234113712377,0.9535714285714286,126.63385249464955,118.2440158507223,72.02811831193151,4.0,/home/aojwang/data/MergeDataset/cropped_images/3RiceBLiverVeg/terere_2.jpg
1275MincedMeatGreenGramsCabbage.JPG,ndengu,674.0874407094246,1.2006060606060607,154.44087436709344,136.03794808254173,57.11995227387454,18.0,/home/aojwang/data/MergeDataset/cropped_images/1275MincedMeatGreenGramsCabbage/ndengu_0.jpg
1275MincedMeatGreenGramsCabbage.JPG,green cabbage cooked,448.4326665291813,0.8821656050955414,209.0658511347697,198.32947549955162,115.14916645588539,3.0,/home/aojwang/data/MergeDataset/cropped_images/1275MincedMeatGreenGramsCabbage/green cabbage cooked_1.jpg
1275MincedMeatGreenGramsCabbage.JPG,mincemeat,302.45617653124356,1.6956989247311829,179.32012327749027,138.40526929449547,60.33039662896066,83.1,/home/aojwang/data/MergeDataset/cropped_images/1275MincedMeatGreenGramsCabbage/mincemeat_2.jpg
134ApplePawpaw.jpg,apple,2141.104134762634,1.1409214092140922,162.5728764123218,147.70239267713342,122.33595753218023,0.15,/home/aojwang/data/MergeDataset/cropped_images/134ApplePawpaw/apple_0.jpg
134ApplePawpaw.jpg,pawpaw,1484.6799387442572,0.9466403162055336,156.35482456864185,88.7059317418535,68.14653490060815,0.235449,/home/aojwang/data/MergeDataset/cropped_images/134ApplePawpaw/pawpaw_1.jpg
117Pineapplehalfcup.jpg,pineapple,4399.423822714682,1.6139112903225807,176.32219844955773,170.77055481956842,126.71749511394088,0.384137,/home/aojwang/data/MergeDataset/cropped_images/117Pineapplehalfcup/pineapple_0.jpg
871WhiteChapatiquoterGreenBeans.jpg,green beans,1009.758573388203,1.681500872600349,146.8922879698887,85.14628984097571,40.51258546004197,3.6,/home/aojwang/data/MergeDataset/cropped_images/871WhiteChapatiquoterGreenBeans/green beans_0.jpg
871WhiteChapatiquoterGreenBeans.jpg,white chapati,921.3644261545496,1.4545454545454546,205.56510046530462,151.28546707135993,78.68645633997411,3.12,/home/aojwang/data/MergeDataset/cropped_images/871WhiteChapatiquoterGreenBeans/white chapati_1.jpg
706WhiteRicethirdcupPigeonpeahalfcup.jpg,white rice boiled,1557.7492877492878,0.9551401869158879,200.26084002414177,183.96853247252045,117.66728331839714,1.92,/home/aojwang/data/MergeDataset/cropped_images/706WhiteRicethirdcupPigeonpeahalfcup/white rice boiled_0.jpg
706WhiteRicethirdcupPigeonpeahalfcup.jpg,mbaazi,4101.076923076923,1.4625801853171774,169.92609716855694,137.80261872706635,48.31883189600675,6.84,/home/aojwang/data/MergeDataset/cropped_images/706WhiteRicethirdcupPigeonpeahalfcup/mbaazi_1.jpg
286Lettuce1cup.jpg,lettuce,1657.2292301000434,1.5961165048543688,181.63511156255822,193.89535481906682,142.82499625981308,1.8,/home/aojwang/data/MergeDataset/cropped_images/286Lettuce1cup/lettuce_0.jpg
2Dates.jpg,dates,102.9637845178814,1.5337331334332833,154.354844571849,134.3152881037487,129.98694934057897,21.0,/home/aojwang/data/MergeDataset/cropped_images/2Dates/dates_0.jpg
813BrownRice1cupEggyolkBeans1cup.jpg,brown rice boiled,351.898672846008,1.3631436314363143,188.29486076614688,157.4023531200631,83.16635926686195,16.0,/home/aojwang/data/MergeDataset/cropped_images/813BrownRice1cupEggyolkBeans1cup/brown rice boiled_0.jpg
1147BoiledButternut.jpg,butternut boiled,1037.482042072858,2.7667493796526053,170.81640585494193,118.34245475822215,62.97877132270305,8.85,/home/aojwang/data/MergeDataset/cropped_images/1147BoiledButternut/butternut boiled_0.jpg
727WhiteRicehalfcupRoscocoBeansquotercup.jpg,white rice boiled,342.90429042904293,1.0587102983638113,213.75221541692187,165.33452095546417,126.63948551929303,2.88,/home/aojwang/data/MergeDataset/cropped_images/727WhiteRicehalfcupRoscocoBeansquotercup/white rice boiled_0.jpg
727WhiteRicehalfcupRoscocoBeansquotercup.jpg,rosecoco,468.61566156615663,1.4636979670861567,174.52165957272445,101.82576880919088,67.62117003949047,4.335,/home/aojwang/data/MergeDataset/cropped_images/727WhiteRicehalfcupRoscocoBeansquotercup/rosecoco_1.jpg
808BrownRicehalfcupEggyolkBeansquotercup.jpg,brown rice boiled,2321.2016574585637,1.2510785159620363,172.47387759959537,145.35336348219332,62.79271607509446,9.6,/home/aojwang/data/MergeDataset/cropped_images/808BrownRicehalfcupEggyolkBeansquotercup/brown rice boiled_0.jpg
474GGrapesShreddedCarrots.jpg,carrot,1446.4560729716754,1.9469453376205788,192.68288511527504,107.46597740168498,45.66540500927989,1.4,/home/aojwang/data/MergeDataset/cropped_images/474GGrapesShreddedCarrots/carrot_0.jpg
474GGrapesShreddedCarrots.jpg,red grapes,1803.2933269323091,1.750170648464164,140.41549307023476,63.97170430161916,44.73079020089131,2.950245,/home/aojwang/data/MergeDataset/cropped_images/474GGrapesShreddedCarrots/red grapes_1.jpg
3Sageti.jpg,saget,2052.6170763260025,1.3191489361702127,121.91925967102232,135.41211799784833,123.09865769443357,5.0,/home/aojwang/data/MergeDataset/cropped_images/3Sageti/saget_0.jpg
281Cabbagesliced.jpg,green cabbage,9923.95922746781,1.4449413079932922,203.0040295681864,206.11431042703475,184.56867381040163,3.85,/home/aojwang/data/MergeDataset/cropped_images/281Cabbagesliced/green cabbage_0.jpg
2Almond.jpg,almond,1999.7541463414634,1.3704006541291904,187.40916932227768,146.75969143523983,133.66320737963886,9.0,/home/aojwang/data/MergeDataset/cropped_images/2Almond/almond_0.jpg
466GrapesLettuce.jpg,red grapes,3161.4155844155844,1.8693664271717831,145.30765415971163,87.54556564747833,71.74746480949727,3.540294,/home/aojwang/data/MergeDataset/cropped_images/466GrapesLettuce/red grapes_0.jpg
466GrapesLettuce.jpg,lettuce,3911.090909090909,1.7579726651480638,195.02363482544553,184.56697606909125,156.62496799348875,1.8,/home/aojwang/data/MergeDataset/cropped_images/466GrapesLettuce/lettuce_1.jpg
707WhiteRicehalfcupPigeonpeaquotercup.jpg,mbaazi,2746.7370572207083,1.8113744075829383,184.48874388982716,152.66367922305633,52.479431378822035,2.85,/home/aojwang/data/MergeDataset/cropped_images/707WhiteRicehalfcupPigeonpeaquotercup/mbaazi_0.jpg
707WhiteRicehalfcupPigeonpeaquotercup.jpg,white rice boiled,1922.16621253406,1.2163416898792943,197.43831040421867,183.00919645325226,99.1353250122265,2.88,/home/aojwang/data/MergeDataset/cropped_images/707WhiteRicehalfcupPigeonpeaquotercup/white rice boiled_1.jpg
1486FriedGitheriBeefstew.JPG,githeri,4779.960707269155,1.0813333333333333,161.5285055487053,127.69620509658857,23.80481627620222,10.35,/home/aojwang/data/MergeDataset/cropped_images/1486FriedGitheriBeefstew/githeri_0.jpg
1486FriedGitheriBeefstew.JPG,beef stew,4394.198428290766,0.9517286366601435,133.69049876891614,111.49573178065202,13.291654874461639,26.55,/home/aojwang/data/MergeDataset/cropped_images/1486FriedGitheriBeefstew/beef stew_1.jpg
661SweetPotatowhole.jpg,sweet potato,311.8867924528302,2.1297429620563038,178.29548178786985,155.3514526090688,95.28313285217857,1.8,/home/aojwang/data/MergeDataset/cropped_images/661SweetPotatowhole/sweet potato_0.jpg
739WhiteRiceButterBeans.jpg,white rice boiled,1974.845697329377,1.3333333333333333,212.467413222383,151.95629452325466,133.53306384602786,7.2,/home/aojwang/data/MergeDataset/cropped_images/739WhiteRiceButterBeans/white rice boiled_0.jpg
739WhiteRiceButterBeans.jpg,butternut beans,2178.3827893175076,1.716360856269113,203.78640199423796,111.9941749589642,71.2068235222002,4.62,/home/aojwang/data/MergeDataset/cropped_images/739WhiteRiceButterBeans/butternut beans_1.jpg
87Grapes.jpg,red grapes,5958.8718381112985,1.3959773727215588,119.82978743274231,89.14798233308646,78.53566790458825,1.180098,/home/aojwang/data/MergeDataset/cropped_images/87Grapes/red grapes_0.jpg
191Avocadosliced.jpg,avocado,16406.768,1.4777911164465787,170.75086232705917,174.89616236421458,84.27637667577186,3.2,/home/aojwang/data/MergeDataset/cropped_images/191Avocadosliced/avocado_0.jpg
1642WholeFishKachumbari1CupBrownUgali1Cup.JPG,brown ugali,680.0896027049873,1.000788643533123,162.07679362025291,131.72728284026022,69.67104491228594,2.93,/home/aojwang/data/MergeDataset/cropped_images/1642WholeFishKachumbari1CupBrownUgali1Cup/brown ugali_0.jpg
1642WholeFishKachumbari1CupBrownUgali1Cup.JPG,kachumbari,1315.5824175824175,1.4248985115020298,173.38407147823025,114.5371035394716,44.959169111514626,1.99,/home/aojwang/data/MergeDataset/cropped_images/1642WholeFishKachumbari1CupBrownUgali1Cup/kachumbari_1.jpg
1329WhiteUgali2CupsChickenWetfrySpinach.JPG,chicken wing,472.4802197802198,1.7416741674167417,160.69583144360948,125.84796805261921,39.03360429066162,112.99,/home/aojwang/data/MergeDataset/cropped_images/1329WhiteUgali2CupsChickenWetfrySpinach/chicken wing_0.jpg
736WhiteRiceButterBeans.jpg,butternut beans,554.1973166782327,1.5211155378486056,209.24148894208395,123.26323704657536,93.70399762917945,2.31,/home/aojwang/data/MergeDataset/cropped_images/736WhiteRiceButterBeans/butternut beans_0.jpg
736WhiteRiceButterBeans.jpg,white rice boiled,479.6934998843396,1.320830007980846,205.13041280986056,137.0647268308326,121.03053746537012,4.8,/home/aojwang/data/MergeDataset/cropped_images/736WhiteRiceButterBeans/white rice boiled_1.jpg
531Greengrams1cup.jpg,ndengu,1804.008801760352,1.3739266198282591,160.93204028724008,150.56618320204385,104.65826280959477,6.855,/home/aojwang/data/MergeDataset/cropped_images/531Greengrams1cup/ndengu_0.jpg
468GrapesShreddedCarrots.jpg,red grapes,2312.6081871345027,1.410472972972973,140.4781037586988,64.4940043898689,43.291706283379185,1.180098,/home/aojwang/data/MergeDataset/cropped_images/468GrapesShreddedCarrots/red grapes_0.jpg
468GrapesShreddedCarrots.jpg,carrot,1816.1684210526316,1.7278481012658229,198.30902021091896,102.46382011097201,30.474865792903767,0.35,/home/aojwang/data/MergeDataset/cropped_images/468GrapesShreddedCarrots/carrot_1.jpg
15Pawpaw.jpg,pawpaw,42607.490196078434,1.305372616984402,176.03766924898596,153.33022988685593,83.12039740780182,4.6053,/home/aojwang/data/MergeDataset/cropped_images/15Pawpaw/pawpaw_0.jpg
222Cucumberhalfcup.jpg,cucumber,1609.4827586206898,1.3101754385964912,172.51323729785094,175.72250782285118,133.01849594527292,0.6,/home/aojwang/data/MergeDataset/cropped_images/222Cucumberhalfcup/cucumber_0.jpg
413BananaCucumber.jpg,cucumber,1211.336405529954,1.1109792284866469,174.3519119810292,139.40152964822846,79.3589867229704,0.9,/home/aojwang/data/MergeDataset/cropped_images/413BananaCucumber/cucumber_0.jpg
1441Githeri.JPG,githeri,1508.4566532258063,1.1734502191609268,120.51687362042891,103.9582829063833,19.876730248618507,10.05,/home/aojwang/data/MergeDataset/cropped_images/1441Githeri/githeri_0.jpg
3MaizeBeans.jpg,githeri,1101.6455542021924,1.362863217576187,187.72848390902325,139.74530884849852,123.39475070143841,59.0,/home/aojwang/data/MergeDataset/cropped_images/3MaizeBeans/githeri_0.jpg
1126Grilledchickenbreast.jpg,chicken breast grilled,1436.0232903865212,1.2859161563824777,147.97832771718782,118.01260432141261,36.962682567863915,109.83,/home/aojwang/data/MergeDataset/cropped_images/1126Grilledchickenbreast/chicken breast grilled_0.jpg
977MashedArrowRoot.jpg,arrowroots,171.66293706293706,1.298804780876494,167.9742882593688,136.4910487565756,103.25844406966544,3.94,/home/aojwang/data/MergeDataset/cropped_images/977MashedArrowRoot/arrowroots_0.jpg
133Bananaquotercup.jpg,ripe banana,2728.394904458599,1.3191489361702127,176.04779880380428,179.34906861394754,167.05759279232169,0.7,/home/aojwang/data/MergeDataset/cropped_images/133Bananaquotercup/ripe banana_0.jpg
2PotatoSausage.jpg,potato chips,180.72441471571906,1.2760351317440402,194.1909175139319,171.5557763935308,86.36443077469715,8.0,/home/aojwang/data/MergeDataset/cropped_images/2PotatoSausage/potato chips_0.jpg
2PotatoSausage.jpg,sausage,165.8684503901895,1.6088235294117648,169.7118198193354,127.14294547800839,60.15396548015916,9.0,/home/aojwang/data/MergeDataset/cropped_images/2PotatoSausage/sausage_1.jpg
1RiceBChickenCabbage.jpg,brown rice boiled,521.299511002445,0.9946004319654428,230.4034245338549,178.16862247111436,153.63628720777257,49.0,/home/aojwang/data/MergeDataset/cropped_images/1RiceBChickenCabbage/brown rice boiled_0.jpg
1RiceBChickenCabbage.jpg,green cabbage cooked,457.27261613691934,1.0755395683453237,231.61596609000426,177.5563829872557,138.04447545642415,2.0,/home/aojwang/data/MergeDataset/cropped_images/1RiceBChickenCabbage/green cabbage cooked_1.jpg
1RiceBChickenCabbage.jpg,chicken,375.1161369193154,1.035064935064935,224.5319281722042,122.42921670550278,82.80488194365233,0.0,/home/aojwang/data/MergeDataset/cropped_images/1RiceBChickenCabbage/chicken_2.jpg
157BananaMango.jpg,mango,6634.820143884892,0.8882720333102012,185.29625043372658,127.33353411259542,52.554491780881335,1.64,/home/aojwang/data/MergeDataset/cropped_images/157BananaMango/mango_0.jpg
157BananaMango.jpg,ripe banana,9177.892086330936,1.0298602287166454,199.2434964533948,181.5210965982534,139.34062185718417,2.8,/home/aojwang/data/MergeDataset/cropped_images/157BananaMango/ripe banana_1.jpg
157BananaMango.jpg,ripe banana,802.568345323741,0.7064056939501779,205.58385847593607,157.6736018358328,78.85996396461002,2.8,/home/aojwang/data/MergeDataset/cropped_images/157BananaMango/ripe banana_2.jpg
157BananaMango.jpg,mango,557.6618705035971,1.1324324324324324,178.0187641101722,131.96125266077533,34.09918725407986,1.64,/home/aojwang/data/MergeDataset/cropped_images/157BananaMango/mango_3.jpg
1442Githeri.JPG,githeri,2395.3398773006134,1.2690992018244014,155.2739329741492,137.19056660120214,32.21133648054863,13.4,/home/aojwang/data/MergeDataset/cropped_images/1442Githeri/githeri_0.jpg
1770BrownChapatiWhiteRiceSpinach.JPG,spinach cooked,403.12581913499344,0.9948604992657856,117.34540154212115,129.4224458279825,51.47218980119317,2.91,/home/aojwang/data/MergeDataset/cropped_images/1770BrownChapatiWhiteRiceSpinach/spinach cooked_0.jpg
1770BrownChapatiWhiteRiceSpinach.JPG,brown chapati,843.6360856269113,1.4752781211372064,202.95218175500483,167.68934116244614,132.90076604682451,28.66,/home/aojwang/data/MergeDataset/cropped_images/1770BrownChapatiWhiteRiceSpinach/brown chapati_1.jpg
1770BrownChapatiWhiteRiceSpinach.JPG,white rice boiled,344.63958060288337,1.464354527938343,224.24221237704086,208.1412470844742,184.62907349660279,2.4,/home/aojwang/data/MergeDataset/cropped_images/1770BrownChapatiWhiteRiceSpinach/white rice boiled_2.jpg
201AvocadoPineapple.jpg,pineapple,10463.8202247191,0.9898809523809524,210.31960634825188,191.10270881653923,106.17577599289866,0.960343,/home/aojwang/data/MergeDataset/cropped_images/201AvocadoPineapple/pineapple_0.jpg
201AvocadoPineapple.jpg,avocado,11260.955056179775,1.0104347826086957,175.89162380370342,174.54148918655991,79.57718110537388,3.2,/home/aojwang/data/MergeDataset/cropped_images/201AvocadoPineapple/avocado_1.jpg
1296BeefstewSpaghettiSpinach.JPG,spinach cooked,529.6238185255198,1.1073558648111332,102.54069241046837,105.4729472754536,40.132228769810816,5.48,/home/aojwang/data/MergeDataset/cropped_images/1296BeefstewSpaghettiSpinach/spinach cooked_0.jpg
1296BeefstewSpaghettiSpinach.JPG,spaghetti,501.5416929216551,1.1263736263736264,217.47647539198607,195.23614270637898,115.37683764406326,11.0,/home/aojwang/data/MergeDataset/cropped_images/1296BeefstewSpaghettiSpinach/spaghetti_1.jpg
1251MincedMeatRoscocoBeansCabbage.JPG,green cabbage cooked,453.6619028174765,1.1434720229555237,211.1191812373877,175.64657728317633,124.15035039936346,1.8,/home/aojwang/data/MergeDataset/cropped_images/1251MincedMeatRoscocoBeansCabbage/green cabbage cooked_0.jpg
1251MincedMeatRoscocoBeansCabbage.JPG,rosecoco,481.3775010208248,1.6677880571909167,147.51957661994064,72.17883846165917,50.21032519052824,17.34,/home/aojwang/data/MergeDataset/cropped_images/1251MincedMeatRoscocoBeansCabbage/rosecoco_1.jpg
1559UgaliBrownhalfCup.JPG,brown ugali,338.1165919282511,1.0188087774294672,143.40996804919217,118.71544851700024,37.301674101760305,1.43,/home/aojwang/data/MergeDataset/cropped_images/1559UgaliBrownhalfCup/brown ugali_0.jpg
1022Cabbagethirdcup.jpg,green cabbage cooked,1269.7144329896907,1.1540041067761806,162.74312025676687,171.92945974539288,88.16425683833445,0.77,/home/aojwang/data/MergeDataset/cropped_images/1022Cabbagethirdcup/green cabbage cooked_0.jpg
1489FriedGitheriBeefstew.JPG,githeri,2227.268327402135,0.9921171171171171,153.65725085897475,125.11425450706098,36.190317552228734,17.25,/home/aojwang/data/MergeDataset/cropped_images/1489FriedGitheriBeefstew/githeri_0.jpg
1489FriedGitheriBeefstew.JPG,beef stew,1888.6775800711744,0.991442542787286,131.60622394098263,108.83966563058677,20.877587436199686,35.4,/home/aojwang/data/MergeDataset/cropped_images/1489FriedGitheriBeefstew/beef stew_1.jpg
2Kamande.jpg,kamande,743.7734470158343,1.2595356550580432,172.58166540569044,138.8644821754733,120.0628583001167,40.0,/home/aojwang/data/MergeDataset/cropped_images/2Kamande/kamande_0.jpg
1106ScrambledEggs.jpg,scrambled eggs,1190.4202959830866,1.3854166666666667,197.86128604532874,172.21421165584027,78.32778694184441,21.8,/home/aojwang/data/MergeDataset/cropped_images/1106ScrambledEggs/scrambled eggs_0.jpg
734WhiteRiceButterBeans.jpg,butternut beans,412.16792842395046,2.1600877192982457,199.88203813785734,105.45256423100899,63.98391497461929,2.31,/home/aojwang/data/MergeDataset/cropped_images/734WhiteRiceButterBeans/butternut beans_0.jpg
734WhiteRiceButterBeans.jpg,white rice boiled,315.41179169534297,1.271153846153846,207.88726579774234,139.54991199231932,118.61916312696381,2.4,/home/aojwang/data/MergeDataset/cropped_images/734WhiteRiceButterBeans/white rice boiled_1.jpg
665SweetPotatosliced.jpg,sweet potato,2429.8076923076924,1.260387811634349,213.81237466134974,185.1752265684454,101.86328744939271,3.6,/home/aojwang/data/MergeDataset/cropped_images/665SweetPotatosliced/sweet potato_0.jpg
1Pumpkin.jpg,pumpkin,364.08607389362567,1.4441624365482233,209.04677589144728,172.7292449127064,143.04915784214893,11.0,/home/aojwang/data/MergeDataset/cropped_images/1Pumpkin/pumpkin_0.jpg
1342ChickenWetfryWhiteChapatiSpinach.JPG,chicken wing,452.7959272097054,1.0679056468906363,143.91162553478148,102.16792784672165,24.09791895722035,57.29,/home/aojwang/data/MergeDataset/cropped_images/1342ChickenWetfryWhiteChapatiSpinach/chicken wing_0.jpg
1342ChickenWetfryWhiteChapatiSpinach.JPG,spinach cooked,403.5207972270364,1.2192556634304208,91.57500434863839,84.02458269177495,29.424181758052498,2.91,/home/aojwang/data/MergeDataset/cropped_images/1342ChickenWetfryWhiteChapatiSpinach/spinach cooked_1.jpg
1673WholeFishKachumbarihalfCupChips.JPG,kachumbari,523.8628069384997,1.0776038121170866,178.47150437317532,117.05635352131029,54.839204584792384,1.43,/home/aojwang/data/MergeDataset/cropped_images/1673WholeFishKachumbarihalfCupChips/kachumbari_0.jpg
1673WholeFishKachumbarihalfCupChips.JPG,potato chips,773.5255688218067,1.1742690058479532,212.14885283427694,199.96725845157383,93.7376860977144,12.0,/home/aojwang/data/MergeDataset/cropped_images/1673WholeFishKachumbarihalfCupChips/potato chips_1.jpg
1673WholeFishKachumbarihalfCupChips.JPG,fish fry,1167.131786438387,2.6395431834403995,176.61311996491727,165.40996522224526,127.90126634417432,126.43,/home/aojwang/data/MergeDataset/cropped_images/1673WholeFishKachumbarihalfCupChips/fish fry_2.jpg
553Pigeonpea.jpg,mbaazi,2193.465189873418,1.4153382162860837,167.412532256277,139.0897595050682,97.32894969299566,19.95,/home/aojwang/data/MergeDataset/cropped_images/553Pigeonpea/mbaazi_0.jpg
1Poppy.jpg,poppy seeds,138.12748929834356,1.3663500678426053,121.17227305739067,123.63365936409853,138.02156007001196,9.0,/home/aojwang/data/MergeDataset/cropped_images/1Poppy/poppy seeds_0.jpg
1TreeTomato.jpg,tree tomato,68.65368945224083,1.1142410015649453,175.37258884141303,93.17917523869811,96.96980007385135,3.0,/home/aojwang/data/MergeDataset/cropped_images/1TreeTomato/tree tomato_0.jpg
963MashedIrishpotato.jpg,irish potato mashed,728.4544205222171,1.4759152215799614,145.55089748813998,134.22640572098382,65.8975390764525,12.29,/home/aojwang/data/MergeDataset/cropped_images/963MashedIrishpotato/irish potato mashed_0.jpg
1WMelonMangoKiwi.jpg,watermelon mango kiwi,711.2125560538117,1.2965641952983724,194.128909510947,169.6565046494208,143.1109032511898,17.0,/home/aojwang/data/MergeDataset/cropped_images/1WMelonMangoKiwi/watermelon mango kiwi_0.jpg
2PeasBoiled.jpg,boiled peas,3961.993322203673,1.3682611996962795,157.60637636238147,159.89694905769932,122.39656266512279,26.0,/home/aojwang/data/MergeDataset/cropped_images/2PeasBoiled/boiled peas_0.jpg
779BrownRiceMonkeynuts.jpg,brown rice boiled,1131.9855500821018,1.2097156398104265,198.1711360017825,152.63052613133672,100.1805557812014,24.0,/home/aojwang/data/MergeDataset/cropped_images/779BrownRiceMonkeynuts/brown rice boiled_0.jpg
779BrownRiceMonkeynuts.jpg,monkeynut beans,485.46305418719214,1.690909090909091,147.36550007272186,89.1590552246429,59.844301481158276,3.9,/home/aojwang/data/MergeDataset/cropped_images/779BrownRiceMonkeynuts/monkeynut beans_1.jpg
850WhiteChapati2MonkeynutBeans.jpg,monkeynut beans,479.7029425502102,1.4349881796690307,132.9681152900947,94.72185612300933,25.878754951102387,3.9,/home/aojwang/data/MergeDataset/cropped_images/850WhiteChapati2MonkeynutBeans/monkeynut beans_0.jpg
1369BeefstewSpinachNjahi.JPG,black beans,1246.0716029292107,1.703206562266965,115.79536437376504,111.26789252080746,108.15316712179921,14.25,/home/aojwang/data/MergeDataset/cropped_images/1369BeefstewSpinachNjahi/black beans_0.jpg
1369BeefstewSpinachNjahi.JPG,beef stew,991.4096826688365,1.105050505050505,117.68212779839837,105.2311881767092,87.17320021256646,25.55,/home/aojwang/data/MergeDataset/cropped_images/1369BeefstewSpinachNjahi/beef stew_1.jpg
2SausageBacon.jpg,sausage,81.432,0.879948914431673,160.49391551603654,112.64186718122957,103.14126383026839,6.0,/home/aojwang/data/MergeDataset/cropped_images/2SausageBacon/sausage_0.jpg
2SausageBacon.jpg,bacon,191.5942641509434,0.8785357737104825,193.74126061992638,139.74470106640447,139.41980379922353,0.0,/home/aojwang/data/MergeDataset/cropped_images/2SausageBacon/bacon_1.jpg
3BananaWMelonPawpaw.jpg,banana watermelon pawpaw,493.42890149128334,1.3260706235912847,209.8444067486373,156.25386139625365,141.75012929851036,101.0,/home/aojwang/data/MergeDataset/cropped_images/3BananaWMelonPawpaw/banana watermelon pawpaw_0.jpg
1204MincedMeatCabbagePasta.JPG,pasta,620.5238393977415,1.5074839629365646,197.16158619911064,163.4696676658764,33.2548382476591,6.6,/home/aojwang/data/MergeDataset/cropped_images/1204MincedMeatCabbagePasta/pasta_0.jpg
1204MincedMeatCabbagePasta.JPG,green cabbage cooked,315.6060225846926,0.8207964601769911,190.07350446718453,177.67878146973155,76.86469903818376,1.8,/home/aojwang/data/MergeDataset/cropped_images/1204MincedMeatCabbagePasta/green cabbage cooked_1.jpg
1204MincedMeatCabbagePasta.JPG,mincemeat,390.85633626097865,1.6856600189933524,159.32917191658976,109.87805090753447,21.94391236306729,41.55,/home/aojwang/data/MergeDataset/cropped_images/1204MincedMeatCabbagePasta/mincemeat_2.jpg
12Watermelon.jpg,water melon,34625.34027777778,1.6832374691865242,176.5510331928146,65.6198081888084,62.81962120709203,2.4,/home/aojwang/data/MergeDataset/cropped_images/12Watermelon/water melon_0.jpg
1025Beefstew.jpg,beef stew,652.3176661264182,1.3436692506459949,152.63119937636654,133.63624714271518,113.47769671784934,26.55,/home/aojwang/data/MergeDataset/cropped_images/1025Beefstew/beef stew_0.jpg
312CabbageCucumber.jpg,cucumber,3104.0242792109257,0.9364005412719891,151.60590784296855,146.53226121848772,107.42285358670911,1.2,/home/aojwang/data/MergeDataset/cropped_images/312CabbageCucumber/cucumber_0.jpg
312CabbageCucumber.jpg,green cabbage,3936.0804248861914,1.0483153210425937,208.5845982673812,201.86205938061056,175.4310285337354,2.2,/home/aojwang/data/MergeDataset/cropped_images/312CabbageCucumber/green cabbage_1.jpg
598ButterBeans.jpg,butternut beans,3924.251497005988,1.2598039215686274,185.4203208209354,113.72517891203174,70.34299248493171,23.1,/home/aojwang/data/MergeDataset/cropped_images/598ButterBeans/butternut beans_0.jpg
1643WholeFishKachumbari1CupBrownUgalihalfCup.JPG,fish fry,5603.10701107011,2.7416602017067495,154.0323550937957,138.99312387302248,97.55118843305617,126.43,/home/aojwang/data/MergeDataset/cropped_images/1643WholeFishKachumbari1CupBrownUgalihalfCup/fish fry_0.jpg
1643WholeFishKachumbari1CupBrownUgalihalfCup.JPG,brown ugali,1454.8118081180812,1.087248322147651,158.93069949829297,129.69453871531212,55.15037513886987,1.9,/home/aojwang/data/MergeDataset/cropped_images/1643WholeFishKachumbari1CupBrownUgalihalfCup/brown ugali_1.jpg
1643WholeFishKachumbari1CupBrownUgalihalfCup.JPG,kachumbari,3629.1070110701107,1.399449035812672,172.70068538372269,118.67154589922127,46.707011846272316,1.99,/home/aojwang/data/MergeDataset/cropped_images/1643WholeFishKachumbari1CupBrownUgalihalfCup/kachumbari_2.jpg
93Grapes.jpg,red grapes,9734.54132231405,1.954007285974499,138.8565919731178,96.28510344224516,81.94462007786025,5.310442,/home/aojwang/data/MergeDataset/cropped_images/93Grapes/red grapes_0.jpg
394BananaCabbage.jpg,green cabbage,2512.744470314319,1.2200956937799043,220.1259379716208,177.81507055418305,116.47948676073891,2.2,/home/aojwang/data/MergeDataset/cropped_images/394BananaCabbage/green cabbage_0.jpg
1186MincedMeatCabbageBrownRice.JPG,brown rice boiled,1461.4504623513872,1.0060687795010115,216.52558983944942,170.38211481689714,128.37603971010142,12.0,/home/aojwang/data/MergeDataset/cropped_images/1186MincedMeatCabbageBrownRice/brown rice boiled_0.jpg
1186MincedMeatCabbageBrownRice.JPG,green cabbage cooked,1913.8031704095113,1.7224363916730918,205.51637343666846,177.3059229031392,115.22199187022734,1.8,/home/aojwang/data/MergeDataset/cropped_images/1186MincedMeatCabbageBrownRice/green cabbage cooked_1.jpg
1186MincedMeatCabbageBrownRice.JPG,mincemeat,1577.8071334214003,0.933125,193.34509293369055,128.39888521433355,78.68370437039518,41.55,/home/aojwang/data/MergeDataset/cropped_images/1186MincedMeatCabbageBrownRice/mincemeat_2.jpg
1020Cabbagehalfcup.jpg,green cabbage cooked,561.0524001465739,1.3483742534837426,162.86822485879543,173.05041597218232,88.17962369833167,0.99,/home/aojwang/data/MergeDataset/cropped_images/1020Cabbagehalfcup/green cabbage cooked_0.jpg
264Carrots.jpg,carrot,2550.818046603867,1.4634666666666667,199.50828707482992,130.8892116618076,73.54305150631681,2.8,/home/aojwang/data/MergeDataset/cropped_images/264Carrots/carrot_0.jpg
1UgaliWFishSpinach.jpg,white ugali,129.77146042363432,0.9690322580645161,197.8764726601091,182.10820497401315,142.14061595292299,48.0,/home/aojwang/data/MergeDataset/cropped_images/1UgaliWFishSpinach/white ugali_0.jpg
1UgaliWFishSpinach.jpg,fish fry,221.38060200668897,1.3645955451348182,152.24588172731777,119.08875789108987,72.71220233419143,0.0,/home/aojwang/data/MergeDataset/cropped_images/1UgaliWFishSpinach/fish fry_1.jpg
1UgaliWFishSpinach.jpg,spinach cooked,70.63545150501672,1.292929292929293,130.79770517676766,117.69049873737374,75.52645517676768,1.0,/home/aojwang/data/MergeDataset/cropped_images/1UgaliWFishSpinach/spinach cooked_2.jpg
1599WhiteUgali1CupSpinach.JPG,white ugali,433.49456066945606,0.9896337249481686,194.9732991201214,207.62984483404307,209.35188195187115,9.73,/home/aojwang/data/MergeDataset/cropped_images/1599WhiteUgali1CupSpinach/white ugali_0.jpg
1599WhiteUgali1CupSpinach.JPG,spinach cooked,1379.0661087866108,1.3327338129496402,126.628350760687,143.969256831377,133.0918645144613,5.48,/home/aojwang/data/MergeDataset/cropped_images/1599WhiteUgali1CupSpinach/spinach cooked_1.jpg
42Pineapple.jpg,pineapple,7792.721417069243,1.3018672199170125,197.59929493643682,176.40764369906267,82.63329028285199,1.48853,/home/aojwang/data/MergeDataset/cropped_images/42Pineapple/pineapple_0.jpg
638BrownRice.jpg,brown rice boiled,1207.3002968714318,1.3323293172690762,211.15324334262445,158.2040891523895,94.15603446188673,32.0,/home/aojwang/data/MergeDataset/cropped_images/638BrownRice/brown rice boiled_0.jpg
1151Boiledcorn.jpg,boiled yellow maize,707.4346477625166,2.5686098654708522,193.12282705363629,166.91659098880177,78.5749890397575,9.47,/home/aojwang/data/MergeDataset/cropped_images/1151Boiledcorn/boiled yellow maize_0.jpg
270Carrotsgrated.jpg,carrot,5560.757164404224,1.3927473878303627,195.00378866990238,108.88521887109137,37.834349305166405,1.75,/home/aojwang/data/MergeDataset/cropped_images/270Carrotsgrated/carrot_0.jpg
36Pineapple.jpg,pineapple,2339.1862170087975,1.7902621722846441,207.75695359879649,186.86131948035666,95.88925391377933,0.72025,/home/aojwang/data/MergeDataset/cropped_images/36Pineapple/pineapple_0.jpg
1021Cabbagequotercup.jpg,green cabbage cooked,1360.9506933744221,1.0501156515034695,184.8796788477193,191.76098915717623,116.81818259011817,0.396,/home/aojwang/data/MergeDataset/cropped_images/1021Cabbagequotercup/green cabbage cooked_0.jpg
1596WhiteUgali1CupSpinach.JPG,spinach cooked,3081.120412105602,1.090214797136038,97.18894039264532,113.0317669039369,102.49735108610695,4.38,/home/aojwang/data/MergeDataset/cropped_images/1596WhiteUgali1CupSpinach/spinach cooked_0.jpg
1596WhiteUgali1CupSpinach.JPG,white ugali,1326.7726980038635,0.9813664596273292,159.94347719315616,173.05198745145543,177.94232357734467,9.73,/home/aojwang/data/MergeDataset/cropped_images/1596WhiteUgali1CupSpinach/white ugali_1.jpg
2Sunflower.jpg,sunflower seeds,946.1484375,1.4203767123287672,181.34483504256568,160.68080137812018,114.35074871807575,15.0,/home/aojwang/data/MergeDataset/cropped_images/2Sunflower/sunflower seeds_0.jpg
363LettuceOnionsCarrots.jpg,carrot,881.7674563591022,1.550785340314136,184.85903539069045,106.14781366771426,57.67046109357269,0.7,/home/aojwang/data/MergeDataset/cropped_images/363LettuceOnionsCarrots/carrot_0.jpg
363LettuceOnionsCarrots.jpg,onions,946.5679551122195,1.3187325256290774,156.8450459232231,104.02708762131206,110.55542368248595,1.5,/home/aojwang/data/MergeDataset/cropped_images/363LettuceOnionsCarrots/onions_1.jpg
363LettuceOnionsCarrots.jpg,lettuce,1272.958229426434,1.1630188679245284,188.86458339965472,183.27104183757177,130.84343956999254,1.2,/home/aojwang/data/MergeDataset/cropped_images/363LettuceOnionsCarrots/lettuce_2.jpg
3Sunflower.jpg,sunflower seeds,3512.4097788125728,1.4449826989619377,188.46602500364583,168.4642180063371,140.7935044876639,22.0,/home/aojwang/data/MergeDataset/cropped_images/3Sunflower/sunflower seeds_0.jpg
511RoscocoBeans.jpg,rosecoco,1036.9855072463768,1.2093023255813953,163.33090949395,130.4757029852415,121.73329555971725,17.34,/home/aojwang/data/MergeDataset/cropped_images/511RoscocoBeans/rosecoco_0.jpg
1Terere.jpg,terere,1195.1804915514592,1.3981042654028435,130.13999775082337,150.77105116876857,144.69154470238573,1.0,/home/aojwang/data/MergeDataset/cropped_images/1Terere/terere_0.jpg
234Zucchiniquotercup.jpg,zucchini,668.4574468085107,1.1633802816901408,154.53423440833325,163.46337005081335,130.60780956928008,0.45,/home/aojwang/data/MergeDataset/cropped_images/234Zucchiniquotercup/zucchini_0.jpg
159MangoPawpaw.jpg,mango,1078.6216216216217,0.8879716981132075,180.4786764890125,145.82835795184045,84.07213441830163,0.41,/home/aojwang/data/MergeDataset/cropped_images/159MangoPawpaw/mango_0.jpg
159MangoPawpaw.jpg,pawpaw,1263.8513513513512,0.9885057471264368,173.99510157711842,104.28755680299385,77.04513632718525,0.235449,/home/aojwang/data/MergeDataset/cropped_images/159MangoPawpaw/pawpaw_1.jpg
2RiceWLamb.jpg,white rice boiled,231.85685618729096,0.7480916030534351,214.92180428858,209.24196107620318,170.9113367144992,85.0,/home/aojwang/data/MergeDataset/cropped_images/2RiceWLamb/white rice boiled_0.jpg
2RiceWLamb.jpg,lamb stew,255.3382385730212,1.083657587548638,164.44842262258206,102.15001676574758,82.62546891700256,6.0,/home/aojwang/data/MergeDataset/cropped_images/2RiceWLamb/lamb stew_1.jpg
1OliveOil.jpg,olive oil,808.0946314831665,1.8333333333333333,211.77717836810436,179.75987280654343,94.36469931178611,0.0,/home/aojwang/data/MergeDataset/cropped_images/1OliveOil/olive oil_0.jpg
715WhiteRiceRoscocoBeans.jpg,rosecoco,669.3307493540052,1.394431554524362,161.47962942230424,87.12066766783384,50.296753413040655,8.67,/home/aojwang/data/MergeDataset/cropped_images/715WhiteRiceRoscocoBeans/rosecoco_0.jpg
715WhiteRiceRoscocoBeans.jpg,white rice boiled,415.34338214183174,1.329817833173538,204.86626191294178,155.83187190187476,116.4792508991519,2.4,/home/aojwang/data/MergeDataset/cropped_images/715WhiteRiceRoscocoBeans/white rice boiled_1.jpg
521Greengrams.jpg,ndengu,751.6666666666666,1.314868804664723,173.6489268421971,165.28275203144293,127.72074133929783,3.7,/home/aojwang/data/MergeDataset/cropped_images/521Greengrams/ndengu_0.jpg
1129Grilledchickenbreast.jpg,chicken breast grilled,1674.47803514377,1.343875100080064,171.82512575446117,132.61965556955545,60.90285037085373,182.73,/home/aojwang/data/MergeDataset/cropped_images/1129Grilledchickenbreast/chicken breast grilled_0.jpg
708WhiteRiceuphalfcupPigeonpeahalfcup.jpg,white rice boiled,6469.109243697479,1.0909090909090908,204.67778998836098,189.77156596832523,107.03105774826454,2.88,/home/aojwang/data/MergeDataset/cropped_images/708WhiteRiceuphalfcupPigeonpeahalfcup/white rice boiled_0.jpg
708WhiteRiceuphalfcupPigeonpeahalfcup.jpg,mbaazi,12364.600840336134,1.7279693486590038,174.0515346908955,136.6523696171131,41.33340673344038,6.84,/home/aojwang/data/MergeDataset/cropped_images/708WhiteRiceuphalfcupPigeonpeahalfcup/mbaazi_1.jpg
946BananaCooked.jpg,boiled banana,583.195053400787,2.0016038492381716,197.67134745183313,140.1620527085518,41.87127535572554,3.54,/home/aojwang/data/MergeDataset/cropped_images/946BananaCooked/boiled banana_0.jpg
1015Cabbage.jpg,green cabbage cooked,1754.70110701107,1.165966386554622,168.32344781756547,178.3499226116873,95.59495167436344,0.55,/home/aojwang/data/MergeDataset/cropped_images/1015Cabbage/green cabbage cooked_0.jpg
532Greengramshalfcup.jpg,ndengu,1147.335960591133,1.3368471490177287,181.81973782057557,171.30375167661904,121.18350000772833,3.7,/home/aojwang/data/MergeDataset/cropped_images/532Greengramshalfcup/ndengu_0.jpg
1099PlantainsFriedEggs.jpg,plantain,1627.9611650485438,0.9825,196.706818543257,128.3519592875318,30.611403466921118,1.3,/home/aojwang/data/MergeDataset/cropped_images/1099PlantainsFriedEggs/plantain_0.jpg
1099PlantainsFriedEggs.jpg,egg fry,765.5456310679612,1.2215447154471544,212.49791844216278,154.29700245525748,55.81229370425984,5.0,/home/aojwang/data/MergeDataset/cropped_images/1099PlantainsFriedEggs/egg fry_1.jpg
126Grapeshalfcup.jpg,red grapes,11616.114649681529,1.3862249346120314,127.11668448728705,99.86920212970122,115.35353149863192,1.062088,/home/aojwang/data/MergeDataset/cropped_images/126Grapeshalfcup/red grapes_0.jpg
2Zucchini.jpg,zucchini,98.55385225976087,1.412310286677909,170.39843799551988,179.2572444690544,165.27334071631722,6.0,/home/aojwang/data/MergeDataset/cropped_images/2Zucchini/zucchini_0.jpg
1518FriedGitheriWhiteRiceCabbage.JPG,githeri,545.1880431004519,1.0874271440466279,158.12025966110426,87.93905665646163,32.3154549616004,6.9,/home/aojwang/data/MergeDataset/cropped_images/1518FriedGitheriWhiteRiceCabbage/githeri_0.jpg
1518FriedGitheriWhiteRiceCabbage.JPG,green cabbage cooked,666.3378519290928,1.3791348600508906,170.68971661726795,92.49584414419208,26.138791604201028,0.55,/home/aojwang/data/MergeDataset/cropped_images/1518FriedGitheriWhiteRiceCabbage/green cabbage cooked_1.jpg
1518FriedGitheriWhiteRiceCabbage.JPG,white rice boiled,840.2884949600278,1.0602649006622518,185.05204694086063,127.39335514641098,81.83389892906338,1.2,/home/aojwang/data/MergeDataset/cropped_images/1518FriedGitheriWhiteRiceCabbage/white rice boiled_2.jpg
1DalmakhnilcuminRice.jpg,dalmakhi,112.3917502787068,1.112927191679049,188.57642185618468,161.77804184678135,147.0002241721007,14.0,/home/aojwang/data/MergeDataset/cropped_images/1DalmakhnilcuminRice/dalmakhi_0.jpg
1DalmakhnilcuminRice.jpg,white rice boiled,256.45484949832775,2.2816901408450705,218.47599460963312,211.27881238045558,168.54433402886454,42.0,/home/aojwang/data/MergeDataset/cropped_images/1DalmakhnilcuminRice/white rice boiled_1.jpg
1185FriedEggsBrownChapati.jpg,egg fry,1208.0851063829787,1.1051470588235295,194.76908829400023,174.77275546945324,79.70108997690893,5.1,/home/aojwang/data/MergeDataset/cropped_images/1185FriedEggsBrownChapati/egg fry_0.jpg
1EggOmelettePlain.jpg,omelette,749.3666260657734,1.3835497835497836,212.66244114667143,190.3604115534028,165.87749351191152,1.0,/home/aojwang/data/MergeDataset/cropped_images/1EggOmelettePlain/omelette_0.jpg
396BananaCabbage.jpg,green cabbage,739.242585157363,1.1644083107497742,219.40676599227848,186.554414639052,131.70797741013357,3.3,/home/aojwang/data/MergeDataset/cropped_images/396BananaCabbage/green cabbage_0.jpg
721WhiteRiceRoscocoBeans.jpg,rosecoco,2313.9710144927535,1.6442577030812324,169.80901291521718,97.95779321098115,62.357754260136765,17.34,/home/aojwang/data/MergeDataset/cropped_images/721WhiteRiceRoscocoBeans/rosecoco_0.jpg
721WhiteRiceRoscocoBeans.jpg,white rice boiled,1773.0041407867495,1.3163922691481746,218.8685316901011,178.73602565584684,141.81394411936088,7.2,/home/aojwang/data/MergeDataset/cropped_images/721WhiteRiceRoscocoBeans/white rice boiled_1.jpg
1665WholeFishKachumbari1CupChips.JPG,kachumbari,1042.4976851851852,1.3514851485148516,164.36919583413825,108.07966015260418,54.1479578884105,1.99,/home/aojwang/data/MergeDataset/cropped_images/1665WholeFishKachumbari1CupChips/kachumbari_0.jpg
1665WholeFishKachumbari1CupChips.JPG,potato chips,682.6003086419753,0.9551800146950772,209.3635788164811,194.5000723449952,88.88826767648223,4.8,/home/aojwang/data/MergeDataset/cropped_images/1665WholeFishKachumbari1CupChips/potato chips_1.jpg
251Tomatoslices.jpg,tomato,5988.149122807017,1.3278861360042171,198.05085336681077,110.75054509292896,100.16123973353385,3.5,/home/aojwang/data/MergeDataset/cropped_images/251Tomatoslices/tomato_0.jpg
3BlackBeans.jpg,black beans,3069.680957128614,1.3503311258278146,153.05139806878452,127.09007174663596,128.2792918876608,72.0,/home/aojwang/data/MergeDataset/cropped_images/3BlackBeans/black beans_0.jpg
758BrownRiceCowpeas.jpg,brown rice boiled,3788.0926916221033,1.6209606986899563,204.0673557257943,170.6649318626713,76.14542049390153,16.0,/home/aojwang/data/MergeDataset/cropped_images/758BrownRiceCowpeas/brown rice boiled_0.jpg
758BrownRiceCowpeas.jpg,cowpeas,5209.361853832442,1.710788064269319,149.2087363624792,98.6666884520259,35.97146847920855,19.0,/home/aojwang/data/MergeDataset/cropped_images/758BrownRiceCowpeas/cowpeas_1.jpg
518RoscocoBeans1cup.jpg,rosecoco,1089.744576495001,1.3455598455598456,162.60806569661483,127.78480408313622,118.13335212133634,16.473,/home/aojwang/data/MergeDataset/cropped_images/518RoscocoBeans1cup/rosecoco_0.jpg
1766BrownChapatihalfWhiteRiceSpinach.JPG,brown chapati,903.6049011177988,1.2532818532818533,184.5503916908723,128.03966342894253,82.61083079382524,8.59,/home/aojwang/data/MergeDataset/cropped_images/1766BrownChapatihalfWhiteRiceSpinach/brown chapati_0.jpg
1766BrownChapatihalfWhiteRiceSpinach.JPG,white rice boiled,507.58383490971624,1.3361702127659574,229.56685780593577,203.6020666757013,178.75655746036048,1.2,/home/aojwang/data/MergeDataset/cropped_images/1766BrownChapatihalfWhiteRiceSpinach/white rice boiled_1.jpg
1766BrownChapatihalfWhiteRiceSpinach.JPG,spinach cooked,665.2239896818572,1.0244100895036614,108.19408380086486,106.0116912501753,38.385452569005196,1.1,/home/aojwang/data/MergeDataset/cropped_images/1766BrownChapatihalfWhiteRiceSpinach/spinach cooked_2.jpg
1224MincedMeatPegionpeasSpinach.JPG,mbaazi,469.58666362183146,1.6392857142857142,153.52197372004358,99.43782776999689,44.95814124260816,5.7,/home/aojwang/data/MergeDataset/cropped_images/1224MincedMeatPegionpeasSpinach/mbaazi_0.jpg
1224MincedMeatPegionpeasSpinach.JPG,spinach cooked,404.90294587805437,1.260539629005059,89.61107288488328,79.22392686131963,35.63737923488638,3.29,/home/aojwang/data/MergeDataset/cropped_images/1224MincedMeatPegionpeasSpinach/spinach cooked_1.jpg
1224MincedMeatPegionpeasSpinach.JPG,mincemeat,355.2728933546472,1.0696517412935322,151.2502179027344,101.67296720531708,47.949628472623964,41.55,/home/aojwang/data/MergeDataset/cropped_images/1224MincedMeatPegionpeasSpinach/mincemeat_2.jpg
764BrownRicequotercupCowpeashalfcup.jpg,brown rice boiled,2228.804177545692,1.2331730769230769,200.94567448268106,175.46566436122356,81.95277824636378,3.2,/home/aojwang/data/MergeDataset/cropped_images/764BrownRicequotercupCowpeashalfcup/brown rice boiled_0.jpg
764BrownRicequotercupCowpeashalfcup.jpg,cowpeas,5956.0678851174935,1.3858144972720188,137.2806103348539,100.07944111233952,53.631673427805154,114.0,/home/aojwang/data/MergeDataset/cropped_images/764BrownRicequotercupCowpeashalfcup/cowpeas_1.jpg
504PineappleCarrotsRedCabbage.jpg,pineapple,1061.462118491921,1.149002493765586,190.51055892552938,129.28510316720408,41.44309092975646,1.20043,/home/aojwang/data/MergeDataset/cropped_images/504PineappleCarrotsRedCabbage/pineapple_0.jpg
1140MincedMeatKalesSpaghetti.JPG,spaghetti,1696.784090909091,1.1407736207989854,195.17359217743387,170.8426195346319,91.69851072761836,13.2,/home/aojwang/data/MergeDataset/cropped_images/1140MincedMeatKalesSpaghetti/spaghetti_0.jpg
262Carrots.jpg,carrot,5638.802850356295,1.4270833333333333,205.05868144718306,141.37176613017368,80.53184500340363,2.1,/home/aojwang/data/MergeDataset/cropped_images/262Carrots/carrot_0.jpg
1Strawberry.jpg,strawberry,1824.1117647058823,1.260768335273574,197.98527029540028,130.97099743415274,142.04878979508695,4.0,/home/aojwang/data/MergeDataset/cropped_images/1Strawberry/strawberry_0.jpg
2Guava.jpg,guava,90.74151199637845,0.9808429118773946,155.76683063271605,164.77695295870583,107.77842133620689,1.0,/home/aojwang/data/MergeDataset/cropped_images/2Guava/guava_0.jpg
1576BrownUgaliDrumstickCabbage.JPG,chicken drumstick,439.25,1.5107480653482372,123.522443820101,122.54572717605197,120.31858905123885,25.08,/home/aojwang/data/MergeDataset/cropped_images/1576BrownUgaliDrumstickCabbage/chicken drumstick_0.jpg
1576BrownUgaliDrumstickCabbage.JPG,brown ugali,423.640369733448,1.0303687635574836,133.2042333599726,121.01307759637706,123.42581623980413,2.9,/home/aojwang/data/MergeDataset/cropped_images/1576BrownUgaliDrumstickCabbage/brown ugali_1.jpg
1576BrownUgaliDrumstickCabbage.JPG,green cabbage cooked,315.85038693035256,1.146643109540636,177.42030345679953,187.36596802909614,167.10342018435537,0.55,/home/aojwang/data/MergeDataset/cropped_images/1576BrownUgaliDrumstickCabbage/green cabbage cooked_2.jpg
197AvocadoPawpaw.jpg,avocado,7733.09405940594,1.1433756805807622,177.40568214917883,163.9598133264195,85.57499655908609,4.0,/home/aojwang/data/MergeDataset/cropped_images/197AvocadoPawpaw/avocado_0.jpg
197AvocadoPawpaw.jpg,pawpaw,5893.789603960396,0.8842169408897014,187.4538553965388,103.12951793946556,65.95479047209871,1.177245,/home/aojwang/data/MergeDataset/cropped_images/197AvocadoPawpaw/pawpaw_1.jpg
1572BrownUgaliDrumstickSpinach.JPG,chicken drumstick,2431.8731521220793,1.27109335996006,124.61177185517874,97.96745984714994,51.69231031692838,72.18,/home/aojwang/data/MergeDataset/cropped_images/1572BrownUgaliDrumstickSpinach/chicken drumstick_0.jpg
1572BrownUgaliDrumstickSpinach.JPG,brown ugali,1016.3776824034335,1.0221606648199446,150.61696704051528,115.4267457529146,89.14152853786156,2.9,/home/aojwang/data/MergeDataset/cropped_images/1572BrownUgaliDrumstickSpinach/brown ugali_1.jpg
1572BrownUgaliDrumstickSpinach.JPG,spinach cooked,2027.5536480686694,0.9922705314009662,119.10849173757815,110.4500268122998,58.10643001284168,3.29,/home/aojwang/data/MergeDataset/cropped_images/1572BrownUgaliDrumstickSpinach/spinach cooked_2.jpg
327TomatoOnions.jpg,tomato,4945.577395577396,0.8114285714285714,181.44513451076833,98.32970166679087,64.25467223091636,1.5,/home/aojwang/data/MergeDataset/cropped_images/327TomatoOnions/tomato_0.jpg
327TomatoOnions.jpg,onions,8209.002457002456,1.0884703196347032,181.81439505498847,152.2162556598736,136.2638204476179,2.25,/home/aojwang/data/MergeDataset/cropped_images/327TomatoOnions/onions_1.jpg
53Apple.jpg,apple,8857.837278106508,1.710506424792139,174.64561253381405,151.5226174527355,110.09012678572681,0.225,/home/aojwang/data/MergeDataset/cropped_images/53Apple/apple_0.jpg
1086BrownChapatiFriedEggs.jpg,brown chapati,474.62894248608535,1.122962962962963,164.3062112772403,127.26552086387179,37.84728720805238,5.67,/home/aojwang/data/MergeDataset/cropped_images/1086BrownChapatiFriedEggs/brown chapati_0.jpg
1611BrownUgali2CupsCabbage.JPG,green cabbage cooked,4630.274045801527,1.593541773449513,196.28946302454523,163.60093256149085,116.75728886177083,3.85,/home/aojwang/data/MergeDataset/cropped_images/1611BrownUgali2CupsCabbage/green cabbage cooked_0.jpg
1611BrownUgali2CupsCabbage.JPG,brown ugali,2503.9091603053434,1.4715338245144005,172.20170475418436,128.83739197425948,103.32182867644212,5.8,/home/aojwang/data/MergeDataset/cropped_images/1611BrownUgali2CupsCabbage/brown ugali_1.jpg
994Spinach.jpg,spinach cooked,7075.871886120996,1.1159169550173011,114.06459288913923,124.18422587913415,84.13091135565033,5.48,/home/aojwang/data/MergeDataset/cropped_images/994Spinach/spinach cooked_0.jpg
33Pawpaw.jpg,pawpaw,28215.326424870465,1.6670579029733958,192.3638089062682,115.05516725742339,73.59959980226085,2.354497,/home/aojwang/data/MergeDataset/cropped_images/33Pawpaw/pawpaw_0.jpg
60Mango.jpg,mango,12747.412921348314,1.3302652950730915,170.29101608852557,138.1465102304301,49.71724401448278,0.82,/home/aojwang/data/MergeDataset/cropped_images/60Mango/mango_0.jpg
845WhiteChapatihalfMonkeynutBeans.jpg,monkeynut beans,5590.129411764706,1.5853840417598808,124.93904522186514,80.83561045624536,42.80798157536779,23.4,/home/aojwang/data/MergeDataset/cropped_images/845WhiteChapatihalfMonkeynutBeans/monkeynut beans_0.jpg
1334ChickenWetfryBrownRiceCabbage(2).JPG,green cabbage cooked,362.8254847645429,1.4882882882882882,213.30334838470432,182.62077907205025,98.52113245206465,1.2,/home/aojwang/data/MergeDataset/cropped_images/1334ChickenWetfryBrownRiceCabbage(2)/green cabbage cooked_0.jpg
1202MincedMeatCabbagePasta.JPG,pasta,479.3772468215695,1.5263157894736843,195.48336906853888,167.4230559065059,39.51110809316669,4.4,/home/aojwang/data/MergeDataset/cropped_images/1202MincedMeatCabbagePasta/pasta_0.jpg
1202MincedMeatCabbagePasta.JPG,mincemeat,356.01950898728626,1.6945863125638407,156.40726812181796,115.0025373100327,39.33767649882001,41.55,/home/aojwang/data/MergeDataset/cropped_images/1202MincedMeatCabbagePasta/mincemeat_1.jpg
1202MincedMeatCabbagePasta.JPG,green cabbage cooked,293.4875054800526,0.8792544570502431,189.97786076526077,179.76644683282422,77.31638297395604,1.2,/home/aojwang/data/MergeDataset/cropped_images/1202MincedMeatCabbagePasta/green cabbage cooked_2.jpg
2Asparagus.jpg,asparagus,718.9482706766918,1.3993879112471308,168.33095545163508,183.02031622633396,169.24788716015,8.0,/home/aojwang/data/MergeDataset/cropped_images/2Asparagus/asparagus_0.jpg
1626WholeFishWhiteUgalithirdCup.JPG,white ugali,636.9190751445087,1.022038567493113,198.69013503490348,195.2602509617947,135.13009206662724,3.74,/home/aojwang/data/MergeDataset/cropped_images/1626WholeFishWhiteUgalithirdCup/white ugali_0.jpg
1276BeefstewBrownRiceSpinach.JPG,spinach cooked,194.4252239834597,1.3016330451488953,109.89941547830463,88.56696052263116,44.48620507530724,1.1,/home/aojwang/data/MergeDataset/cropped_images/1276BeefstewBrownRiceSpinach/spinach cooked_1.jpg
1276BeefstewBrownRiceSpinach.JPG,brown rice boiled,201.25706409372847,0.7622832369942196,217.51550899926033,172.5755622825521,112.71890324082952,4.0,/home/aojwang/data/MergeDataset/cropped_images/1276BeefstewBrownRiceSpinach/brown rice boiled_2.jpg
1157MincedMeatKalesPasta.JPG,sukumawiki,348.91509433962267,0.8336996336996337,93.27550744510323,86.14078551793841,33.598398964831304,3.0,/home/aojwang/data/MergeDataset/cropped_images/1157MincedMeatKalesPasta/sukumawiki_0.jpg
1157MincedMeatKalesPasta.JPG,mincemeat,428.1455525606469,1.7897286821705427,152.28712336787498,99.01982420686385,51.94034585730894,55.4,/home/aojwang/data/MergeDataset/cropped_images/1157MincedMeatKalesPasta/mincemeat_1.jpg
1157MincedMeatKalesPasta.JPG,pasta,677.199460916442,1.3507362784471217,191.43080116966047,139.0039925144914,57.72933856337142,8.8,/home/aojwang/data/MergeDataset/cropped_images/1157MincedMeatKalesPasta/pasta_2.jpg
631BrownRice.jpg,brown rice boiled,1010.2102102102102,1.4016666666666666,182.897507431629,116.3507312722949,69.7328027150218,4.0,/home/aojwang/data/MergeDataset/cropped_images/631BrownRice/brown rice boiled_0.jpg
502PineappleCarrotsRedCabbage.jpg,pineapple,1908.0602409638554,0.818241469816273,183.2978381711909,118.7890480460191,60.10340039191172,0.48017,/home/aojwang/data/MergeDataset/cropped_images/502PineappleCarrotsRedCabbage/pineapple_0.jpg
502PineappleCarrotsRedCabbage.jpg,carrot,1890.140562248996,1.3294117647058823,190.3057893954042,90.73331863718938,26.2136073898586,0.7,/home/aojwang/data/MergeDataset/cropped_images/502PineappleCarrotsRedCabbage/carrot_1.jpg
502PineappleCarrotsRedCabbage.jpg,red cabbage,1652.4096385542168,1.4786729857819905,122.61421618665695,47.30882914084336,75.85770810548061,0.65,/home/aojwang/data/MergeDataset/cropped_images/502PineappleCarrotsRedCabbage/red cabbage_2.jpg
836WhiteChapati2ButterBeans.jpg,white chapati,2155.101884870097,1.027599802858551,195.3386743537649,140.86672812563157,69.4128326318738,24.57,/home/aojwang/data/MergeDataset/cropped_images/836WhiteChapati2ButterBeans/white chapati_0.jpg
2Raspberry.jpg,raspberry,1325.3726752503576,1.393755420641804,169.4994211685541,108.22816806998436,132.4490981833058,7.0,/home/aojwang/data/MergeDataset/cropped_images/2Raspberry/raspberry_0.jpg
1PastaSukumaMushrooms.jpg,sukumawiki,348.73761904761903,1.341001353179973,115.84664688556958,120.57103512123318,110.20595508425627,4.0,/home/aojwang/data/MergeDataset/cropped_images/1PastaSukumaMushrooms/sukumawiki_0.jpg
1PastaSukumaMushrooms.jpg,pasta,446.5366666666667,1.6107470511140236,181.96770701920707,163.62047589543653,133.36395454114043,45.0,/home/aojwang/data/MergeDataset/cropped_images/1PastaSukumaMushrooms/pasta_1.jpg
1Sesame.jpg,sesame seeds,1327.181446111869,1.2619589977220957,206.72077888703404,196.18575302418526,143.69099240972673,2.0,/home/aojwang/data/MergeDataset/cropped_images/1Sesame/sesame seeds_0.jpg
1023Beefstew.jpg,beef stew,295.5920783993467,1.7483516483516484,148.32040806459412,130.37738860762116,110.4049364212155,8.85,/home/aojwang/data/MergeDataset/cropped_images/1023Beefstew/beef stew_0.jpg
289Lettuceshreded.jpg,lettuce,6533.9143968871595,1.3751306165099269,173.00478775015642,159.99858267191357,115.23909689601179,3.6,/home/aojwang/data/MergeDataset/cropped_images/289Lettuceshreded/lettuce_0.jpg
1556NjahiWhiteRiceSpinach.JPG,black beans,3640.849945235487,1.7155172413793103,136.0031253610004,116.60326416565587,95.50102313531258,19.0,/home/aojwang/data/MergeDataset/cropped_images/1556NjahiWhiteRiceSpinach/black beans_0.jpg
1556NjahiWhiteRiceSpinach.JPG,white rice boiled,5174.913472070099,0.9316163410301954,184.35456037806455,162.72118100296822,137.4813516044207,6.0,/home/aojwang/data/MergeDataset/cropped_images/1556NjahiWhiteRiceSpinach/white rice boiled_1.jpg
1556NjahiWhiteRiceSpinach.JPG,spinach cooked,3562.20591456736,1.1441281138790036,106.65027669700218,97.70407164911906,62.43483245979607,4.38,/home/aojwang/data/MergeDataset/cropped_images/1556NjahiWhiteRiceSpinach/spinach cooked_2.jpg
3RiceWButternutSpinach.jpg,spinach cooked,109.48035032562318,1.293159609120521,123.33076042632447,115.87668507290017,79.83344751761993,1.0,/home/aojwang/data/MergeDataset/cropped_images/3RiceWButternutSpinach/spinach cooked_0.jpg
3RiceWButternutSpinach.jpg,white rice boiled,497.9294857399506,1.951219512195122,214.6714510571511,206.44352675349978,181.5201201472074,170.0,/home/aojwang/data/MergeDataset/cropped_images/3RiceWButternutSpinach/white rice boiled_1.jpg
3RiceWButternutSpinach.jpg,butternut beans,87.02245677071637,1.6889352818371608,204.58824136605153,155.49089961317227,90.67451762659641,17.0,/home/aojwang/data/MergeDataset/cropped_images/3RiceWButternutSpinach/butternut beans_2.jpg
1218MincedMeatRoscocoBeansSpinach.JPG,rosecoco,724.209597924773,1.4702467343976777,116.53794897106842,58.4219070802356,36.77681648009835,26.01,/home/aojwang/data/MergeDataset/cropped_images/1218MincedMeatRoscocoBeansSpinach/rosecoco_0.jpg
2LambStew.jpg,lamb stew,1409.3427922814983,1.224428997020854,185.26179356024454,139.84696661085297,133.25796311464518,6.0,/home/aojwang/data/MergeDataset/cropped_images/2LambStew/lamb stew_0.jpg
306LettuceCucumber.jpg,lettuce,903.722700198544,1.100952380952381,193.78911297852474,192.6411720766738,141.25403489500374,1.8,/home/aojwang/data/MergeDataset/cropped_images/306LettuceCucumber/lettuce_0.jpg
306LettuceCucumber.jpg,cucumber,465.1542025148908,1.0519031141868511,150.09010483063193,142.99376109770535,93.28606185121107,0.9,/home/aojwang/data/MergeDataset/cropped_images/306LettuceCucumber/cucumber_1.jpg
1319BeefstewPastaSpinach.JPG,spinach cooked,993.6884916201117,1.3909395973154361,89.32099377613703,80.5715456391131,39.022092059919636,4.38,/home/aojwang/data/MergeDataset/cropped_images/1319BeefstewPastaSpinach/spinach cooked_0.jpg
968MashedIrishpotato.jpg,irish potato mashed,762.5683407501589,1.1294117647058823,193.78196028411364,181.2858393357343,99.45964969321062,35.36,/home/aojwang/data/MergeDataset/cropped_images/968MashedIrishpotato/irish potato mashed_0.jpg
1Raspberry.jpg,raspberry,1179.1242603550295,1.2321428571428572,178.49842928258863,109.0414171871326,137.07477575517743,3.0,/home/aojwang/data/MergeDataset/cropped_images/1Raspberry/raspberry_0.jpg
1574BrownUgaliDrumstickSpinach.JPG,spinach cooked,6546.292682926829,0.9915632754342432,101.98492661395888,97.73061771448869,61.251602222569964,4.38,/home/aojwang/data/MergeDataset/cropped_images/1574BrownUgaliDrumstickSpinach/spinach cooked_0.jpg
1574BrownUgaliDrumstickSpinach.JPG,chicken drumstick,5869.848780487805,0.9368313805399898,110.5605823005648,84.59864979001135,43.06609746321078,72.18,/home/aojwang/data/MergeDataset/cropped_images/1574BrownUgaliDrumstickSpinach/chicken drumstick_1.jpg
1574BrownUgaliDrumstickSpinach.JPG,brown ugali,1729.8666666666666,1.0681362725450902,137.24395789703235,109.82607616734407,73.8701963025488,1.43,/home/aojwang/data/MergeDataset/cropped_images/1574BrownUgaliDrumstickSpinach/brown ugali_2.jpg
1524FriedGitheriWhiteRiceCabbage.JPG,white rice boiled,2298.380727444497,1.0506505576208178,188.6362196218734,153.47570037602205,110.37788634334579,6.0,/home/aojwang/data/MergeDataset/cropped_images/1524FriedGitheriWhiteRiceCabbage/white rice boiled_0.jpg
1524FriedGitheriWhiteRiceCabbage.JPG,green cabbage cooked,2253.308927727917,1.5452475811041548,165.81824808107743,114.60139300729206,54.169075447748604,2.75,/home/aojwang/data/MergeDataset/cropped_images/1524FriedGitheriWhiteRiceCabbage/green cabbage cooked_1.jpg
1524FriedGitheriWhiteRiceCabbage.JPG,githeri,1629.4520547945206,1.1023176936122103,165.5866527518082,115.30200084068936,64.66540331347566,17.25,/home/aojwang/data/MergeDataset/cropped_images/1524FriedGitheriWhiteRiceCabbage/githeri_2.jpg
1101Mincedbeefhalfcup.jpg,mincemeat,608.8466757123474,1.3352112676056338,148.20934584299044,118.36278637011945,80.05400621025733,41.55,/home/aojwang/data/MergeDataset/cropped_images/1101Mincedbeefhalfcup/mincemeat_0.jpg
1678WholeFishKachumbarithirdCupChips.JPG,kachumbari,2304.9298013245034,1.3823529411764706,147.60719781728997,110.01864704618147,44.17546152157598,0.92,/home/aojwang/data/MergeDataset/cropped_images/1678WholeFishKachumbarithirdCupChips/kachumbari_0.jpg
1678WholeFishKachumbarithirdCupChips.JPG,potato chips,3950.4278145695366,1.239845261121857,201.97181795717992,187.61913086452537,84.57105827753419,12.0,/home/aojwang/data/MergeDataset/cropped_images/1678WholeFishKachumbarithirdCupChips/potato chips_1.jpg
1263MincedMeatGreenBeansCabbage.JPG,green cabbage cooked,1710.7692307692307,1.3237410071942446,202.99260947763528,190.03024319674694,102.76230059430716,2.4,/home/aojwang/data/MergeDataset/cropped_images/1263MincedMeatGreenBeansCabbage/green cabbage cooked_0.jpg
1366BeefstewSpinachNjahi.JPG,black beans,482.72727272727275,1.5317307692307693,132.11732881838813,135.55685148969047,144.26432287894153,4.75,/home/aojwang/data/MergeDataset/cropped_images/1366BeefstewSpinachNjahi/black beans_0.jpg
1366BeefstewSpinachNjahi.JPG,beef stew,538.3939393939394,1.0866564417177915,131.6860964147014,126.44522905472981,113.06534911309213,17.7,/home/aojwang/data/MergeDataset/cropped_images/1366BeefstewSpinachNjahi/beef stew_1.jpg
1366BeefstewSpinachNjahi.JPG,spinach cooked,446.25,1.148051948051948,107.71593308652132,130.71606041017805,123.30296043825456,1.1,/home/aojwang/data/MergeDataset/cropped_images/1366BeefstewSpinachNjahi/spinach cooked_2.jpg
1738GitheriChips.JPG,githeri,5004.0,1.2690647482014388,151.72188738804874,112.75661266904844,29.723384149822998,13.4,/home/aojwang/data/MergeDataset/cropped_images/1738GitheriChips/githeri_0.jpg
186Avocadowithoutseed.jpg,avocado,810.316898251905,1.485947416137806,163.53024393508855,169.08007447656482,114.7070262089581,2.08,/home/aojwang/data/MergeDataset/cropped_images/186Avocadowithoutseed/avocado_0.jpg
6Watermelon.jpg,water melon,953.9864947820749,1.979683972911964,127.78072564225981,99.93950171295022,87.61170340093331,0.6,/home/aojwang/data/MergeDataset/cropped_images/6Watermelon/water melon_0.jpg
1644WholeFishKachumbari1CupBrownUgalithirdCup.JPG,kachumbari,1406.1082606464854,1.3804116394606103,151.76690974838579,94.1027642715485,34.16818469588634,1.99,/home/aojwang/data/MergeDataset/cropped_images/1644WholeFishKachumbari1CupBrownUgalithirdCup/kachumbari_0.jpg
1644WholeFishKachumbari1CupBrownUgalithirdCup.JPG,brown ugali,430.35761929194456,1.0378197997775307,141.48859099130033,110.69797929579967,45.43664092650283,1.43,/home/aojwang/data/MergeDataset/cropped_images/1644WholeFishKachumbari1CupBrownUgalithirdCup/brown ugali_1.jpg
1644WholeFishKachumbari1CupBrownUgalithirdCup.JPG,fish fry,2458.1959979476655,2.545189504373178,142.21614669431838,126.04551740922192,80.77575858522103,126.43,/home/aojwang/data/MergeDataset/cropped_images/1644WholeFishKachumbari1CupBrownUgalithirdCup/fish fry_2.jpg
2AvocadoPawpaw.jpg,avocado pawpaw,2158.9147788565265,1.537248028045574,196.24781718411003,159.23313632943157,127.57851841340239,10.0,/home/aojwang/data/MergeDataset/cropped_images/2AvocadoPawpaw/avocado pawpaw_0.jpg
3Pineapple.jpg,pineapple,346.2138364779874,1.5263975155279503,214.25287654094765,203.73380385813488,174.26576805696845,19.0,/home/aojwang/data/MergeDataset/cropped_images/3Pineapple/pineapple_0.jpg
1170PlantainsChickendrumstick.jpg,chicken drumstick,303.5890529973936,2.1462205700123915,126.55876267417602,80.63752214314128,21.423150063961124,55.19,/home/aojwang/data/MergeDataset/cropped_images/1170PlantainsChickendrumstick/chicken drumstick_0.jpg
1170PlantainsChickendrumstick.jpg,plantain,509.5829713292789,1.805263157894737,166.75710108604846,119.99555436209572,12.260744974681602,2.6,/home/aojwang/data/MergeDataset/cropped_images/1170PlantainsChickendrumstick/plantain_1.jpg
1170PlantainsChickendrumstick.jpg,chicken drumstick,268.1950477845352,0.5054382597568778,144.02237339747484,100.68660560266284,18.212767559950436,55.19,/home/aojwang/data/MergeDataset/cropped_images/1170PlantainsChickendrumstick/chicken drumstick_2.jpg
1170PlantainsChickendrumstick.jpg,plantain,65.9860990443093,1.9770408163265305,156.985181040158,105.77140882159316,7.716020408163265,2.6,/home/aojwang/data/MergeDataset/cropped_images/1170PlantainsChickendrumstick/plantain_3.jpg
1068Beefstew.jpg,beef stew,872.3797095348348,1.3816397228637414,144.7454585111116,123.47143178381133,100.95552824877024,53.1,/home/aojwang/data/MergeDataset/cropped_images/1068Beefstew/beef stew_0.jpg
1077BeefChops.jpg,beef roast,694.0393181818182,1.495451364590623,152.8097576342446,133.26387979722134,51.2110291105462,63.75,/home/aojwang/data/MergeDataset/cropped_images/1077BeefChops/beef roast_0.jpg
1136MincedMeatKalesSpaghetti.JPG,spaghetti,675.4511834319527,1.1811550151975685,205.21157299134762,177.95115471797286,93.36788440149112,11.0,/home/aojwang/data/MergeDataset/cropped_images/1136MincedMeatKalesSpaghetti/spaghetti_0.jpg
1UgaliBMatumbo.jpg,brown ugali,130.91801075268816,0.9831387808041504,177.03688284755088,158.24288095164763,106.38953112327135,37.0,/home/aojwang/data/MergeDataset/cropped_images/1UgaliBMatumbo/brown ugali_0.jpg
1UgaliBMatumbo.jpg,matumbo fry,207.05040322580646,1.2410196987253765,144.64672558865183,122.63094886467526,57.43651280519933,2.0,/home/aojwang/data/MergeDataset/cropped_images/1UgaliBMatumbo/matumbo fry_1.jpg
1466MokimoChickenthighCabbage.JPG,green cabbage cooked,369.4278819379989,1.4148397976391232,140.84993025504144,108.74804583469842,30.38148381896862,1.65,/home/aojwang/data/MergeDataset/cropped_images/1466MokimoChickenthighCabbage/green cabbage cooked_0.jpg
1466MokimoChickenthighCabbage.JPG,chicken thigh,170.53870428810097,1.011542497376705,111.1755310811458,83.09733077026904,19.771051669112172,49.44,/home/aojwang/data/MergeDataset/cropped_images/1466MokimoChickenthighCabbage/chicken thigh_1.jpg
1466MokimoChickenthighCabbage.JPG,mukimo,281.0930016706887,1.5418768920282544,103.5456351931784,104.43392297694962,57.75447284724827,15.0,/home/aojwang/data/MergeDataset/cropped_images/1466MokimoChickenthighCabbage/mukimo_2.jpg
1466MokimoChickenthighCabbage.JPG,chicken thigh,174.0961574160015,1.2621809744779582,110.51794945066193,82.66773470554115,23.95241486966016,49.44,/home/aojwang/data/MergeDataset/cropped_images/1466MokimoChickenthighCabbage/chicken thigh_3.jpg
1466MokimoChickenthighCabbage.JPG,chicken thigh,185.73454612957119,1.1039915966386555,118.76874865074478,92.71813259080987,23.003759924521663,49.44,/home/aojwang/data/MergeDataset/cropped_images/1466MokimoChickenthighCabbage/chicken thigh_4.jpg
1466MokimoChickenthighCabbage.JPG,green cabbage cooked,65.04733617969185,1.2810707456978967,134.67216118261464,108.19877286607117,16.329799377871637,1.65,/home/aojwang/data/MergeDataset/cropped_images/1466MokimoChickenthighCabbage/green cabbage cooked_5.jpg
1SconesSausage.jpg,hotdog,189.6153846153846,0.618073316283035,206.18871975776818,163.22729811564807,68.59759061645647,26.0,/home/aojwang/data/MergeDataset/cropped_images/1SconesSausage/hotdog_0.jpg
31Pawpaw.jpg,pawpaw,37270.895752895754,1.3173254525304765,178.43430815726495,106.62495563629824,61.06978366259678,1.8835,/home/aojwang/data/MergeDataset/cropped_images/31Pawpaw/pawpaw_0.jpg
876WhiteChapatiquoterGreenBeans.jpg,green beans,590.6568047337278,1.9058629232039637,126.84975212773722,69.58224650696175,30.434458394812427,5.4,/home/aojwang/data/MergeDataset/cropped_images/876WhiteChapatiquoterGreenBeans/green beans_0.jpg
876WhiteChapatiquoterGreenBeans.jpg,white chapati,428.97527472527474,1.3887510339123241,193.67640403938893,137.51330969682908,60.65028516028535,3.12,/home/aojwang/data/MergeDataset/cropped_images/876WhiteChapatiquoterGreenBeans/white chapati_1.jpg
520Greengrams.jpg,ndengu,451.06100526955817,1.290936785986291,166.96215966048612,161.5687917736634,116.9437137587142,1.85,/home/aojwang/data/MergeDataset/cropped_images/520Greengrams/ndengu_0.jpg
1ChapatiPeasSukuma.jpg,brown chapati,1343.4329896907216,2.286092715231788,190.55067951777644,159.80884332338294,126.09062411271324,61.0,/home/aojwang/data/MergeDataset/cropped_images/1ChapatiPeasSukuma/brown chapati_0.jpg
1ChapatiPeasSukuma.jpg,sukumawiki,777.7484536082475,1.3629032258064515,109.99268705859897,117.32569431189158,101.1853658989205,2.0,/home/aojwang/data/MergeDataset/cropped_images/1ChapatiPeasSukuma/sukumawiki_1.jpg
733WhiteRiceButterBeans.jpg,white rice boiled,912.9497716894978,1.6389244558258642,202.25560879481435,124.17868617957747,102.35026208386684,1.2,/home/aojwang/data/MergeDataset/cropped_images/733WhiteRiceButterBeans/white rice boiled_0.jpg
733WhiteRiceButterBeans.jpg,butternut beans,1368.6255707762557,1.6093264248704664,193.03491086948543,91.62700706304695,49.388436220719385,2.31,/home/aojwang/data/MergeDataset/cropped_images/733WhiteRiceButterBeans/butternut beans_1.jpg
978MashedArrowRoot.jpg,arrowroots,273.51527290936406,1.05,177.81526336024606,152.83807052232657,129.7899260357738,2.14,/home/aojwang/data/MergeDataset/cropped_images/978MashedArrowRoot/arrowroots_0.jpg
3Mango.jpg,mango,388.23268447261205,1.3869309838472834,217.290435623507,172.92332337538062,93.35248509610862,43.0,/home/aojwang/data/MergeDataset/cropped_images/3Mango/mango_0.jpg
325TomatoOnions.jpg,onions,2187.686567164179,1.3876923076923078,159.03674417723198,146.290051736881,120.89427558890974,0.75,/home/aojwang/data/MergeDataset/cropped_images/325TomatoOnions/onions_0.jpg
325TomatoOnions.jpg,tomato,1578.6666666666667,1.2072072072072073,154.19031216384295,95.15495369436601,48.656135496503964,0.5,/home/aojwang/data/MergeDataset/cropped_images/325TomatoOnions/tomato_1.jpg
951BananaCookedhalfcup.jpg,boiled banana,312.98695368558384,1.411663807890223,191.6649119753902,130.40134928690375,44.77358177941639,1.47,/home/aojwang/data/MergeDataset/cropped_images/951BananaCookedhalfcup/boiled banana_0.jpg
1628WholeFishKachumbari1Cup.JPG,kachumbari,1707.0423892100193,1.5983881799865682,149.18822485340678,99.74831453064772,43.33664971697208,1.99,/home/aojwang/data/MergeDataset/cropped_images/1628WholeFishKachumbari1Cup/kachumbari_0.jpg
907SweetPotatoroundcut.jpg,sweet potato,2380.165438713999,1.3600174978127735,170.60865500127053,154.94470136794175,68.74940827394967,4.63,/home/aojwang/data/MergeDataset/cropped_images/907SweetPotatoroundcut/sweet potato_0.jpg
2Eggplant.jpg,eggplant,191.28786033292732,0.5542299349240781,128.41168267740935,135.34232354576753,152.74715478560603,3.0,/home/aojwang/data/MergeDataset/cropped_images/2Eggplant/eggplant_0.jpg
2Eggplant.jpg,eggplant,252.4531059683313,0.4759405074365704,136.78583674283362,142.41275860737997,159.26141539292882,3.0,/home/aojwang/data/MergeDataset/cropped_images/2Eggplant/eggplant_1.jpg
485RedCabbage.jpg,red cabbage,5035.72794117647,1.356198867212083,121.03574925641628,49.316685624340195,84.41379758461231,1.3,/home/aojwang/data/MergeDataset/cropped_images/485RedCabbage/red cabbage_0.jpg
992Spinach.jpg,spinach cooked,1286.6860260471665,1.0975342465753424,113.86728564687216,119.14121612102394,75.51064444429247,2.91,/home/aojwang/data/MergeDataset/cropped_images/992Spinach/spinach cooked_0.jpg
311CabbageCucumber.jpg,cucumber,716.7672688629118,1.012022630834512,160.2053113667162,148.09668168074668,104.55169232107397,0.9,/home/aojwang/data/MergeDataset/cropped_images/311CabbageCucumber/cucumber_0.jpg
311CabbageCucumber.jpg,green cabbage,848.6284094934467,1.1254283755997259,208.99557870465063,193.29788185223558,169.18116040636514,1.65,/home/aojwang/data/MergeDataset/cropped_images/311CabbageCucumber/green cabbage_1.jpg
3ChickenDrumsticks.jpg,chicken drumstick,90.22492894843687,0.4694767441860465,176.57458240334077,126.37985546115631,100.59272175822593,0.0,/home/aojwang/data/MergeDataset/cropped_images/3ChickenDrumsticks/chicken drumstick_0.jpg
3ChickenDrumsticks.jpg,chicken drumstick,102.32155907429963,0.48885793871866295,162.33675372394035,109.24554595306684,82.44577768254649,0.0,/home/aojwang/data/MergeDataset/cropped_images/3ChickenDrumsticks/chicken drumstick_1.jpg
3ChickenDrumsticks.jpg,chicken drumstick,163.02517255379618,0.529276693455798,178.32884135969576,130.76708647651117,109.69481310284884,0.0,/home/aojwang/data/MergeDataset/cropped_images/3ChickenDrumsticks/chicken drumstick_2.jpg
3ChickenDrumsticks.jpg,chicken drumstick,185.84165651644335,0.5727069351230425,163.7837777020414,121.76912926454139,102.3381986682047,0.0,/home/aojwang/data/MergeDataset/cropped_images/3ChickenDrumsticks/chicken drumstick_3.jpg
3ChickenDrumsticks.jpg,chicken drumstick,168.42387332521315,0.605072463768116,171.83161454868042,120.13954217169525,92.78056447491491,0.0,/home/aojwang/data/MergeDataset/cropped_images/3ChickenDrumsticks/chicken drumstick_4.jpg
3ChickenDrumsticks.jpg,chicken drumstick,200.8830694275274,0.9208731241473397,185.36004648577637,155.94042544590977,148.25637309888333,0.0,/home/aojwang/data/MergeDataset/cropped_images/3ChickenDrumsticks/chicken drumstick_5.jpg
3ChickenDrumsticks.jpg,chicken drumstick,200.2574096630126,0.9541029207232267,172.9381287583581,147.18833657047162,138.56308567535896,0.0,/home/aojwang/data/MergeDataset/cropped_images/3ChickenDrumsticks/chicken drumstick_6.jpg
3ChickenDrumsticks.jpg,chicken drumstick,77.71660576532683,0.42136498516320475,167.74136958248005,111.4295826890124,81.30204371630376,0.0,/home/aojwang/data/MergeDataset/cropped_images/3ChickenDrumsticks/chicken drumstick_7.jpg
3ChickenDrumsticks.jpg,chicken drumstick,96.72675598863175,0.5871271585557299,181.00248491004794,130.8827265171803,105.0912113096987,0.0,/home/aojwang/data/MergeDataset/cropped_images/3ChickenDrumsticks/chicken drumstick_8.jpg
3ChickenDrumsticks.jpg,chicken drumstick,149.11977263499796,0.5488997555012225,174.46866168230406,122.93439101290016,96.17852494813249,0.0,/home/aojwang/data/MergeDataset/cropped_images/3ChickenDrumsticks/chicken drumstick_9.jpg
3ChickenDrumsticks.jpg,chicken drumstick,84.31262687779132,0.5117739403453689,166.66078049908023,118.0861014533232,95.51951729252343,0.0,/home/aojwang/data/MergeDataset/cropped_images/3ChickenDrumsticks/chicken drumstick_10.jpg
3ChickenDrumsticks.jpg,chicken drumstick,86.81607795371498,0.44653179190751446,163.38146080026937,109.83287034438895,83.49553379351629,0.0,/home/aojwang/data/MergeDataset/cropped_images/3ChickenDrumsticks/chicken drumstick_11.jpg
3ChickenDrumsticks.jpg,chicken drumstick,99.98944376776289,0.4777158774373259,177.1324500353265,123.22540747297725,95.82801676181813,0.0,/home/aojwang/data/MergeDataset/cropped_images/3ChickenDrumsticks/chicken drumstick_12.jpg
3ChickenDrumsticks.jpg,chicken drumstick,88.12667478684531,0.4806547619047619,167.0795462922011,109.7750211926876,78.10800899307091,0.0,/home/aojwang/data/MergeDataset/cropped_images/3ChickenDrumsticks/chicken drumstick_13.jpg
3ChickenDrumsticks.jpg,chicken drumstick,97.32034104750305,0.48226950354609927,160.10126408010012,109.06929495202336,83.00989570296204,0.0,/home/aojwang/data/MergeDataset/cropped_images/3ChickenDrumsticks/chicken drumstick_14.jpg
3ChickenDrumsticks.jpg,chicken drumstick,81.20706455542022,0.5087719298245614,182.73627714198577,134.4999975001625,111.07164534305271,0.0,/home/aojwang/data/MergeDataset/cropped_images/3ChickenDrumsticks/chicken drumstick_15.jpg
3ChickenDrumsticks.jpg,chicken drumstick,94.81973203410475,0.4862914862914863,176.27686787330705,112.88685070287444,81.28842473056123,0.0,/home/aojwang/data/MergeDataset/cropped_images/3ChickenDrumsticks/chicken drumstick_16.jpg
3ChickenDrumsticks.jpg,chicken drumstick,101.61104344295575,0.5064011379800853,164.02754647018395,116.70637876196717,91.40109802291943,0.0,/home/aojwang/data/MergeDataset/cropped_images/3ChickenDrumsticks/chicken drumstick_17.jpg
705WhiteRicethirdcupPigeonpeaquotercup.jpg,white rice boiled,1111.408945686901,0.8997214484679665,196.74048809280836,180.71353078200445,99.81594901558336,1.92,/home/aojwang/data/MergeDataset/cropped_images/705WhiteRicethirdcupPigeonpeaquotercup/white rice boiled_0.jpg
705WhiteRicethirdcupPigeonpeaquotercup.jpg,mbaazi,1728.839190628328,1.5183752417794971,169.86505993667532,135.3659106309059,49.79705983811554,2.85,/home/aojwang/data/MergeDataset/cropped_images/705WhiteRicethirdcupPigeonpeaquotercup/mbaazi_1.jpg
3RiceBBroccoliCarrot.jpg,carrot,151.93446808510637,0.7811038353601497,210.1421082997709,146.02387703545202,103.54082443158585,4.0,/home/aojwang/data/MergeDataset/cropped_images/3RiceBBroccoliCarrot/carrot_0.jpg
3RiceBBroccoliCarrot.jpg,broccoli,175.01514893617022,1.2951739618406286,131.49452254102746,143.62447214295858,103.21651815672612,2.0,/home/aojwang/data/MergeDataset/cropped_images/3RiceBBroccoliCarrot/broccoli_1.jpg
3RiceBBroccoliCarrot.jpg,brown rice boiled,134.42842553191488,1.7540983606557377,188.67994864308082,170.36805285609555,152.77334960817558,74.0,/home/aojwang/data/MergeDataset/cropped_images/3RiceBBroccoliCarrot/brown rice boiled_2.jpg
3OliveOil.jpg,olive oil,1104.3128167994207,1.198581560283688,223.25950522472618,173.9727682131017,76.01437520982836,0.0,/home/aojwang/data/MergeDataset/cropped_images/3OliveOil/olive oil_0.jpg
1752WhiteRiceWhiteChapatiquoterBeefstew.JPG,white chapati,1174.2679245283018,1.444021325209444,201.14513900270262,153.83981509153836,92.45729776239551,2.89,/home/aojwang/data/MergeDataset/cropped_images/1752WhiteRiceWhiteChapatiquoterBeefstew/white chapati_0.jpg
1752WhiteRiceWhiteChapatiquoterBeefstew.JPG,beef stew,976.9358490566037,0.872160934458144,164.39112859614968,108.65524039352925,64.36000751290133,35.4,/home/aojwang/data/MergeDataset/cropped_images/1752WhiteRiceWhiteChapatiquoterBeefstew/beef stew_1.jpg
1752WhiteRiceWhiteChapatiquoterBeefstew.JPG,white rice boiled,1354.0754716981132,1.6252821670428894,223.52714063762784,200.0830797313491,177.93115193824374,4.8,/home/aojwang/data/MergeDataset/cropped_images/1752WhiteRiceWhiteChapatiquoterBeefstew/white rice boiled_2.jpg
1213MincedMeatRoscocoBeansSpinach.JPG,mincemeat,348.3855319148936,1.221070811744387,186.516275683823,130.2519817858914,73.20189420866588,41.55,/home/aojwang/data/MergeDataset/cropped_images/1213MincedMeatRoscocoBeansSpinach/mincemeat_0.jpg
1213MincedMeatRoscocoBeansSpinach.JPG,rosecoco,537.7510638297872,1.4615969581749049,156.38997004862648,87.58938209960316,55.496457666483344,12.9,/home/aojwang/data/MergeDataset/cropped_images/1213MincedMeatRoscocoBeansSpinach/rosecoco_1.jpg
1213MincedMeatRoscocoBeansSpinach.JPG,spinach cooked,511.95063829787233,1.1397109428768066,127.81233355276939,107.18817430869332,51.94177089879011,3.29,/home/aojwang/data/MergeDataset/cropped_images/1213MincedMeatRoscocoBeansSpinach/spinach cooked_2.jpg
818WhiteChapati2EggyolkBeans.jpg,white chapati,790.7530349013657,1.0866425992779782,199.56684169495185,154.61686364345084,100.66291087470165,24.57,/home/aojwang/data/MergeDataset/cropped_images/818WhiteChapati2EggyolkBeans/white chapati_0.jpg
818WhiteChapati2EggyolkBeans.jpg,white chapati,943.6069802731412,1.1700960219478738,175.5729298835547,127.27211632630416,70.66097265038908,24.57,/home/aojwang/data/MergeDataset/cropped_images/818WhiteChapati2EggyolkBeans/white chapati_2.jpg
1616SpaghettiNjahi.JPG,black beans,3849.8385093167703,0.982545045045045,142.62838257311753,97.75356810965694,69.47114955213092,14.25,/home/aojwang/data/MergeDataset/cropped_images/1616SpaghettiNjahi/black beans_0.jpg
1616SpaghettiNjahi.JPG,spaghetti,5525.823602484472,1.2016632016632016,194.06281854951837,160.90678818457798,131.55725798329604,6.6,/home/aojwang/data/MergeDataset/cropped_images/1616SpaghettiNjahi/spaghetti_1.jpg
1602BrownUgalithirdCupCabbage.JPG,brown ugali,728.475,1.0464326160815403,165.24186902188035,96.40496291175793,61.4167941345178,1.07,/home/aojwang/data/MergeDataset/cropped_images/1602BrownUgalithirdCupCabbage/brown ugali_0.jpg
1602BrownUgalithirdCupCabbage.JPG,green cabbage cooked,1921.0,1.1632352941176471,215.9818876887038,169.90521538261322,108.77609968766268,1.2,/home/aojwang/data/MergeDataset/cropped_images/1602BrownUgalithirdCupCabbage/green cabbage cooked_1.jpg
515RoscocoBeans(2).jpg,rosecoco,1649.3636544983044,1.2735478806907379,166.5503177210199,120.85072977869588,105.52058655630084,39.015,/home/aojwang/data/MergeDataset/cropped_images/515RoscocoBeans(2)/rosecoco_0.jpg
3CustardApple.jpg,custard apple,920.4163750874737,1.15962441314554,144.64536085609473,152.90005132006615,141.4150105491247,80.0,/home/aojwang/data/MergeDataset/cropped_images/3CustardApple/custard apple_0.jpg
125Grapes1cup.jpg,red grapes,5283.533057851239,1.6497991967871486,130.54780837077618,106.23497026078999,113.30455962115258,2.006167,/home/aojwang/data/MergeDataset/cropped_images/125Grapes1cup/red grapes_0.jpg
1781BrownChapatiWhiteUgalihalfCupSpinach.JPG,brown chapati,4275.434093161546,1.0038591413410516,160.15053247480884,137.43610962947096,94.88853808595583,43.8,/home/aojwang/data/MergeDataset/cropped_images/1781BrownChapatiWhiteUgalihalfCupSpinach/brown chapati_0.jpg
1781BrownChapatiWhiteUgalihalfCupSpinach.JPG,white ugali,719.5332011892963,1.09840098400984,191.52882953241627,193.2862994811359,134.2868890055082,5.54,/home/aojwang/data/MergeDataset/cropped_images/1781BrownChapatiWhiteUgalihalfCupSpinach/white ugali_1.jpg
1781BrownChapatiWhiteUgalihalfCupSpinach.JPG,spinach cooked,1818.7938553022796,0.812375249500998,67.76166803711713,80.56156101665084,17.812397590840703,2.91,/home/aojwang/data/MergeDataset/cropped_images/1781BrownChapatiWhiteUgalihalfCupSpinach/spinach cooked_2.jpg
1CustardApple.jpg,custard apple,1801.8748451053284,1.4003925417075564,165.00191869545213,165.8278235597921,162.11442095628055,28.0,/home/aojwang/data/MergeDataset/cropped_images/1CustardApple/custard apple_0.jpg
2Plum.jpg,plum,438.9305420318079,1.688268156424581,192.9151333424533,113.01476324458626,133.70905723021863,17.0,/home/aojwang/data/MergeDataset/cropped_images/2Plum/plum_0.jpg
137ApplePawpaw.jpg,apple,3911.913154533844,1.2618741976893453,169.0536332021777,144.20665041259826,111.43486543381255,0.6,/home/aojwang/data/MergeDataset/cropped_images/137ApplePawpaw/apple_0.jpg
137ApplePawpaw.jpg,pawpaw,3058.735632183908,1.071571906354515,163.3530415575848,82.84087532724563,67.53060973114711,0.941798,/home/aojwang/data/MergeDataset/cropped_images/137ApplePawpaw/pawpaw_1.jpg
350TomatoCucumberCarrots.jpg,carrot,428.5219638242894,1.2878270762229806,201.22689210755877,123.27564349947941,63.757964599991155,0.35,/home/aojwang/data/MergeDataset/cropped_images/350TomatoCucumberCarrots/carrot_0.jpg
350TomatoCucumberCarrots.jpg,tomato,393.57751937984494,0.9854620976116303,169.68847680293078,66.12956853527844,56.19826192953833,0.5,/home/aojwang/data/MergeDataset/cropped_images/350TomatoCucumberCarrots/tomato_1.jpg
350TomatoCucumberCarrots.jpg,cucumber,383.521533161068,1.7517531556802244,164.79204345243375,139.90420049924933,102.22428377484596,0.3,/home/aojwang/data/MergeDataset/cropped_images/350TomatoCucumberCarrots/cucumber_2.jpg
1594WhiteUgalihalfCupSpinach.JPG,white ugali,390.50138350857776,1.0615784908933217,175.98094768407506,194.91752475780714,200.52685945728393,5.03,/home/aojwang/data/MergeDataset/cropped_images/1594WhiteUgalihalfCupSpinach/white ugali_0.jpg
1594WhiteUgalihalfCupSpinach.JPG,spinach cooked,1183.3231876037632,1.045994065281899,101.53020579769112,125.01206375262187,117.46074784930774,3.29,/home/aojwang/data/MergeDataset/cropped_images/1594WhiteUgalihalfCupSpinach/spinach cooked_1.jpg
35Pineapple.jpg,pineapple,14846.268844221106,1.6316342616920652,205.6822110693938,179.4769218531973,74.458866456303,1.584568,/home/aojwang/data/MergeDataset/cropped_images/35Pineapple/pineapple_0.jpg
534Greengramsquotercup.jpg,ndengu,705.3083333333333,1.2320872274143302,169.30490063447428,161.84183877421617,123.53844703459086,1.48,/home/aojwang/data/MergeDataset/cropped_images/534Greengramsquotercup/ndengu_0.jpg
1667WholeFishKachumbari1CupChips.JPG,kachumbari,279.49838187702267,1.148468708388815,171.0584959184855,113.38140759180996,62.52168393832378,1.99,/home/aojwang/data/MergeDataset/cropped_images/1667WholeFishKachumbari1CupChips/kachumbari_0.jpg
1667WholeFishKachumbari1CupChips.JPG,potato chips,295.4822006472492,1.0488861386138615,206.35358764858788,190.06236638044336,92.42155546306843,9.6,/home/aojwang/data/MergeDataset/cropped_images/1667WholeFishKachumbari1CupChips/potato chips_1.jpg
1667WholeFishKachumbari1CupChips.JPG,fish fry,516.1974110032362,2.4873828406633023,170.1070083487456,158.33468522407867,118.96978130257149,126.43,/home/aojwang/data/MergeDataset/cropped_images/1667WholeFishKachumbari1CupChips/fish fry_2.jpg
482GrapesCucumber.jpg,red grapes,1450.077975811585,1.8650031989763276,143.91832415342355,78.18567451211496,63.81608925967018,2.950245,/home/aojwang/data/MergeDataset/cropped_images/482GrapesCucumber/red grapes_0.jpg
482GrapesCucumber.jpg,cucumber,1059.6865054105665,2.3631002527379947,170.95511985907942,139.72884742163694,100.23118934025322,1.2,/home/aojwang/data/MergeDataset/cropped_images/482GrapesCucumber/cucumber_1.jpg
1PlumTomato.jpg,plum tomato,348.6398700771417,1.4296774193548387,201.39511121462675,150.21786071969257,146.0081506929079,2.0,/home/aojwang/data/MergeDataset/cropped_images/1PlumTomato/plum tomato_0.jpg
1298BeefSamosa.JPG,samosa,310.0407399709,1.6252609603340293,158.555151293304,139.72828749683228,82.47481171301268,8.648,/home/aojwang/data/MergeDataset/cropped_images/1298BeefSamosa/samosa_0.jpg
1613SpaghettiNjahi.JPG,spaghetti,1449.3359683794467,1.0538286580742988,185.48302943695083,132.29150817329457,90.99251394941666,2.2,/home/aojwang/data/MergeDataset/cropped_images/1613SpaghettiNjahi/spaghetti_0.jpg
1613SpaghettiNjahi.JPG,black beans,1767.7517786561266,1.0799166087560805,130.70581914188585,78.23390510534361,45.83546506896055,9.5,/home/aojwang/data/MergeDataset/cropped_images/1613SpaghettiNjahi/black beans_1.jpg
1713ChipsBeefstew.JPG,beef stew,421.3644578313253,0.8183581124757595,150.43954410054215,90.61670552289453,47.16255944594389,26.55,/home/aojwang/data/MergeDataset/cropped_images/1713ChipsBeefstew/beef stew_0.jpg
1713ChipsBeefstew.JPG,potato chips,614.9864457831326,0.9628554846198492,213.0762799650301,172.0884718573692,79.2957928001016,9.6,/home/aojwang/data/MergeDataset/cropped_images/1713ChipsBeefstew/potato chips_1.jpg
754BrownRiceCowpeas.jpg,cowpeas,279.1568938193344,1.6223175965665235,129.9013386470468,110.6367990269546,74.07519529032405,4.75,/home/aojwang/data/MergeDataset/cropped_images/754BrownRiceCowpeas/cowpeas_0.jpg
754BrownRiceCowpeas.jpg,brown rice boiled,332.13312202852615,1.416360294117647,203.46674058575408,189.7789274535252,134.49159195232278,8.0,/home/aojwang/data/MergeDataset/cropped_images/754BrownRiceCowpeas/brown rice boiled_1.jpg
928Plantain.jpg,plantain,977.3887908208296,1.2577241899020346,191.06433961557062,166.8635289644987,113.61190339553262,0.585,/home/aojwang/data/MergeDataset/cropped_images/928Plantain/plantain_0.jpg
1682BeefSausage.JPG,sausage,803.6800976800977,1.1102863202545068,119.21706466286041,101.79391479569462,88.45852969804147,14.3,/home/aojwang/data/MergeDataset/cropped_images/1682BeefSausage/sausage_0.jpg
881WhiteChapatiquoterGreengrams.jpg,white chapati,294.3150872391379,1.4271402550091075,199.92283178907405,148.44960030594584,86.46003756903252,3.12,/home/aojwang/data/MergeDataset/cropped_images/881WhiteChapatiquoterGreengrams/white chapati_0.jpg
881WhiteChapatiquoterGreengrams.jpg,ndengu,234.85237769414985,1.1326067211625794,140.8994425859119,105.31571502760121,47.23555679862369,1.85,/home/aojwang/data/MergeDataset/cropped_images/881WhiteChapatiquoterGreengrams/ndengu_1.jpg
3Paneel.jpg,paneel,323.02897617514486,0.47470817120622566,179.51705524016074,134.71362904254642,126.92642485807234,9.0,/home/aojwang/data/MergeDataset/cropped_images/3Paneel/paneel_0.jpg
3Paneel.jpg,paneel,352.762395363812,0.5224609375,180.7039007739486,150.34865289135513,154.0402508031542,9.0,/home/aojwang/data/MergeDataset/cropped_images/3Paneel/paneel_1.jpg
3Paneel.jpg,paneel,361.1609787508049,0.42632955536181344,174.5585603414616,128.3448936765778,122.91581131893817,9.0,/home/aojwang/data/MergeDataset/cropped_images/3Paneel/paneel_2.jpg
3Paneel.jpg,paneel,415.9072762395364,0.40427215189873417,177.96405038519657,128.73650883103372,124.94551047833734,9.0,/home/aojwang/data/MergeDataset/cropped_images/3Paneel/paneel_3.jpg
1646WholeFishKachumbarihalfCupBrownUgaliquoterCup.JPG,kachumbari,1701.5052700922265,1.3903154805575935,163.63742404326945,101.13167020599059,30.145225977927783,1.43,/home/aojwang/data/MergeDataset/cropped_images/1646WholeFishKachumbarihalfCupBrownUgaliquoterCup/kachumbari_0.jpg
1646WholeFishKachumbarihalfCupBrownUgaliquoterCup.JPG,brown ugali,430.933465085639,0.9564691656590084,152.1962648110469,125.45238069760012,44.33883150375216,1.14,/home/aojwang/data/MergeDataset/cropped_images/1646WholeFishKachumbarihalfCupBrownUgaliquoterCup/brown ugali_1.jpg
1646WholeFishKachumbarihalfCupBrownUgaliquoterCup.JPG,fish fry,3537.296442687747,2.3180026281208934,146.66954638841958,129.52842158545417,72.86043080175565,126.43,/home/aojwang/data/MergeDataset/cropped_images/1646WholeFishKachumbarihalfCupBrownUgaliquoterCup/fish fry_2.jpg
1503FriedGitheriBeefstewCabbage.JPG,githeri,1583.2023121387283,1.1122745782431647,150.77575327194705,95.51830178828305,45.08965055824516,17.25,/home/aojwang/data/MergeDataset/cropped_images/1503FriedGitheriBeefstewCabbage/githeri_0.jpg
1503FriedGitheriBeefstewCabbage.JPG,green cabbage cooked,1261.9224470134875,1.701047542304593,188.28517137697438,133.14895194237926,57.6463560849867,2.2,/home/aojwang/data/MergeDataset/cropped_images/1503FriedGitheriBeefstewCabbage/green cabbage cooked_1.jpg
1503FriedGitheriBeefstewCabbage.JPG,beef stew,1697.9595375722542,1.0069481560662747,133.1269956232177,88.17796578915416,42.71742009280095,35.4,/home/aojwang/data/MergeDataset/cropped_images/1503FriedGitheriBeefstewCabbage/beef stew_2.jpg
334OnionsCucumber.jpg,cucumber,869.8426411601357,1.048170731707317,168.30859582286922,160.58710750720073,122.82817434980633,1.5,/home/aojwang/data/MergeDataset/cropped_images/334OnionsCucumber/cucumber_0.jpg
334OnionsCucumber.jpg,onions,884.4665226781857,0.8808203991130821,177.383779001701,147.1270221129467,158.90900648722717,3.75,/home/aojwang/data/MergeDataset/cropped_images/334OnionsCucumber/onions_1.jpg
3UgaliBeefRoast.jpg,beef roast,421.61106155218556,0.9841269841269841,181.71126059505823,136.72373610423463,111.9085989767808,0.0,/home/aojwang/data/MergeDataset/cropped_images/3UgaliBeefRoast/beef roast_0.jpg
3UgaliBeefRoast.jpg,white ugali,299.23595004460304,0.6390614216701174,208.74258258097117,190.43530803250025,161.51679418441555,131.0,/home/aojwang/data/MergeDataset/cropped_images/3UgaliBeefRoast/white ugali_1.jpg
2Banana.jpg,ripe banana,250.22302701071374,2.0840807174887894,198.65218232957108,172.21839517846763,108.38634132338858,53.0,/home/aojwang/data/MergeDataset/cropped_images/2Banana/ripe banana_0.jpg
574WhiteRice1cup.jpg,white rice boiled,1957.0168175937904,1.4039509536784742,207.7175698418931,199.02037019409377,106.24235642600944,3.84,/home/aojwang/data/MergeDataset/cropped_images/574WhiteRice1cup/white rice boiled_0.jpg
2RiceBean.jpg,white rice boiled,332.50746934225197,1.7316810344827587,212.22697103727228,194.6649900489239,165.8115297030234,85.0,/home/aojwang/data/MergeDataset/cropped_images/2RiceBean/white rice boiled_0.jpg
2RiceBean.jpg,beans,183.7520624303233,2.0632911392405062,177.80276486176905,127.21891502290906,75.41372092684631,49.0,/home/aojwang/data/MergeDataset/cropped_images/2RiceBean/beans_2.jpg
778BrownRiceMonkeynuts.jpg,brown rice boiled,587.405268935236,1.7485852869846403,198.4566717159429,151.3189258907525,93.99700145498389,16.0,/home/aojwang/data/MergeDataset/cropped_images/778BrownRiceMonkeynuts/brown rice boiled_0.jpg
778BrownRiceMonkeynuts.jpg,monkeynut beans,720.4873765093304,1.889226100151745,146.59608509912184,82.91633971393922,47.97678757518694,15.6,/home/aojwang/data/MergeDataset/cropped_images/778BrownRiceMonkeynuts/monkeynut beans_1.jpg
410BananaCarrots.jpg,carrot,2162.8627618640444,1.4028436018957346,208.51971837556357,125.80138274135115,38.78774884679308,3.5,/home/aojwang/data/MergeDataset/cropped_images/410BananaCarrots/carrot_0.jpg
399BananaCabbage.jpg,ripe banana,1764.1633266533065,0.7582366589327146,170.03709883081956,123.61629270121291,61.22542946152951,5.012,/home/aojwang/data/MergeDataset/cropped_images/399BananaCabbage/ripe banana_0.jpg
399BananaCabbage.jpg,green cabbage,2934.4599198396795,1.06877402819308,202.93906933402445,177.71720171918852,140.9582181328837,4.95,/home/aojwang/data/MergeDataset/cropped_images/399BananaCabbage/green cabbage_1.jpg
735WhiteRiceButterBeans.jpg,butternut beans,1942.2588055130168,1.5361867704280157,211.6627771930032,137.8586878447049,91.32866446686299,4.62,/home/aojwang/data/MergeDataset/cropped_images/735WhiteRiceButterBeans/butternut beans_0.jpg
735WhiteRiceButterBeans.jpg,white rice boiled,1173.6416539050535,1.3044280442804428,209.89554572879533,133.04883688157958,112.70437102355464,2.4,/home/aojwang/data/MergeDataset/cropped_images/735WhiteRiceButterBeans/white rice boiled_1.jpg
1UgaliDenguCabbage.jpg,white ugali,222.35485180673976,1.1338129496402878,223.33423839608517,209.32966256436475,193.74685388744842,48.0,/home/aojwang/data/MergeDataset/cropped_images/1UgaliDenguCabbage/white ugali_0.jpg
1UgaliDenguCabbage.jpg,green cabbage cooked,388.5383678440926,1.1064516129032258,210.9941346123703,177.13749124841948,131.99995297658234,2.0,/home/aojwang/data/MergeDataset/cropped_images/1UgaliDenguCabbage/green cabbage cooked_1.jpg
1UgaliDenguCabbage.jpg,ndengu,425.59967519285425,0.9654510556621881,177.1546870409024,153.5451360932295,118.354883176946,14.0,/home/aojwang/data/MergeDataset/cropped_images/1UgaliDenguCabbage/ndengu_2.jpg
1122Chickenwings.jpg,chicken wing,1916.6107960988886,1.4158821121571838,155.5373992776856,120.93490839477762,52.66930892815281,160.73,/home/aojwang/data/MergeDataset/cropped_images/1122Chickenwings/chicken wing_0.jpg
1483FriedGitheriBeefstew.JPG,githeri,352.79263370332995,1.1770642201834862,135.65223351233848,115.19798279548364,11.414282036797356,3.45,/home/aojwang/data/MergeDataset/cropped_images/1483FriedGitheriBeefstew/githeri_0.jpg
1483FriedGitheriBeefstew.JPG,beef stew,248.3234106962664,0.9479882237487733,103.41816460338455,91.7096105669302,6.119132954201436,8.85,/home/aojwang/data/MergeDataset/cropped_images/1483FriedGitheriBeefstew/beef stew_1.jpg
2Beetroot.jpg,beetroot,186.8483472117083,1.0697115384615385,89.16789109766638,71.03603743517718,82.13585242005186,13.0,/home/aojwang/data/MergeDataset/cropped_images/2Beetroot/beetroot_0.jpg
477GrapesCucumber.jpg,red grapes,1439.5886524822695,1.823696682464455,150.87587766402933,84.34159925510636,69.22321831492448,1.180098,/home/aojwang/data/MergeDataset/cropped_images/477GrapesCucumber/red grapes_0.jpg
477GrapesCucumber.jpg,cucumber,1515.3531914893617,2.0698818897637796,183.93783065811496,142.0934557306585,99.72449650106148,0.6,/home/aojwang/data/MergeDataset/cropped_images/477GrapesCucumber/cucumber_1.jpg
782BrownRiceMonkeynuts.jpg,monkeynut beans,869.6590909090909,1.8896296296296295,128.64537886377164,75.59515629310219,52.71390217343961,23.4,/home/aojwang/data/MergeDataset/cropped_images/782BrownRiceMonkeynuts/monkeynut beans_0.jpg
782BrownRiceMonkeynuts.jpg,brown rice boiled,697.6368686868686,1.4740686632578524,183.8672260104639,140.45711351669888,93.33011515788148,24.0,/home/aojwang/data/MergeDataset/cropped_images/782BrownRiceMonkeynuts/brown rice boiled_1.jpg
1655WholeFishChips.JPG,potato chips,1459.4230171073095,1.7648456057007127,212.73048780791035,204.33899255726092,78.80676300703283,4.8,/home/aojwang/data/MergeDataset/cropped_images/1655WholeFishChips/potato chips_0.jpg
1467MokimoChickenthighCabbage.JPG,green cabbage cooked,372.87142857142857,1.2397034596375618,186.08351787287845,153.60839157777207,44.96421045718007,2.2,/home/aojwang/data/MergeDataset/cropped_images/1467MokimoChickenthighCabbage/green cabbage cooked_0.jpg
1467MokimoChickenthighCabbage.JPG,chicken thigh,159.96693877551022,0.9634146341463414,148.30249235173594,114.50450348158675,29.55047216389101,49.44,/home/aojwang/data/MergeDataset/cropped_images/1467MokimoChickenthighCabbage/chicken thigh_1.jpg
1467MokimoChickenthighCabbage.JPG,mukimo,265.0022448979592,1.4602332979851538,143.85373939843404,143.46879464247897,80.639159776082,15.0,/home/aojwang/data/MergeDataset/cropped_images/1467MokimoChickenthighCabbage/mukimo_2.jpg
1467MokimoChickenthighCabbage.JPG,chicken thigh,164.67448979591836,1.0834298957126303,153.955894436148,120.82067033913533,30.092023224543162,49.44,/home/aojwang/data/MergeDataset/cropped_images/1467MokimoChickenthighCabbage/chicken thigh_3.jpg
1467MokimoChickenthighCabbage.JPG,chicken thigh,149.15714285714284,1.3274932614555257,144.82453924774583,112.2192140873206,32.00267352607167,49.44,/home/aojwang/data/MergeDataset/cropped_images/1467MokimoChickenthighCabbage/chicken thigh_4.jpg
602ButterBeans1cup.jpg,butternut beans,1522.4562478719781,1.98202396804261,186.8221884872348,100.15952640908304,65.48739492791383,10.395,/home/aojwang/data/MergeDataset/cropped_images/602ButterBeans1cup/butternut beans_0.jpg
3BeefFry.jpg,beef fry,1527.2193308550186,1.3454172366621067,163.25489662884934,106.88310022345443,76.56885533324478,9.0,/home/aojwang/data/MergeDataset/cropped_images/3BeefFry/beef fry_0.jpg
3SpaghettiMincedCarrot.jpg,spaghetti,280.9763815638615,1.4414316702819956,225.6748693013683,198.6615831713372,135.14032617938886,74.0,/home/aojwang/data/MergeDataset/cropped_images/3SpaghettiMincedCarrot/spaghetti_0.jpg
3SpaghettiMincedCarrot.jpg,carrot,93.47626691125889,0.6787096774193548,212.8533594995707,160.05200049061696,60.436195265546424,4.0,/home/aojwang/data/MergeDataset/cropped_images/3SpaghettiMincedCarrot/carrot_2.jpg
108PawpawPineapple.jpg,pineapple,6970.079002079002,1.212266987372219,194.468984444349,168.7362310177629,94.40933088509006,0.72025,/home/aojwang/data/MergeDataset/cropped_images/108PawpawPineapple/pineapple_0.jpg
108PawpawPineapple.jpg,pawpaw,7676.802494802495,1.0930359085963004,172.2394350558504,93.11092629413558,77.22900782171197,0.706347,/home/aojwang/data/MergeDataset/cropped_images/108PawpawPineapple/pawpaw_1.jpg
3GitheriVegies.jpg,githeri,456.5453734671126,1.5700525394045535,168.5327592320007,117.0712104770156,71.58777567559385,78.0,/home/aojwang/data/MergeDataset/cropped_images/3GitheriVegies/githeri_0.jpg
3GitheriVegies.jpg,sukumawiki,191.30434782608697,2.3833333333333333,125.95093123543124,115.50646503496503,62.80602097902098,3.0,/home/aojwang/data/MergeDataset/cropped_images/3GitheriVegies/sukumawiki_1.jpg
2ButternutBeans.jpg,butternut beans,785.9683313032887,1.380912162162162,199.43931161666254,159.5322041077775,135.52584356145135,34.0,/home/aojwang/data/MergeDataset/cropped_images/2ButternutBeans/butternut beans_0.jpg
1622SpaghettiNjahi.JPG,spaghetti,2745.1309707241912,1.1184812442817933,184.97830982437037,158.00598042572457,135.79893054331617,13.2,/home/aojwang/data/MergeDataset/cropped_images/1622SpaghettiNjahi/spaghetti_0.jpg
1622SpaghettiNjahi.JPG,black beans,1908.6594761171032,1.0337552742616034,125.01804443296305,90.6069574507018,69.400731400155,28.5,/home/aojwang/data/MergeDataset/cropped_images/1622SpaghettiNjahi/black beans_1.jpg
228Cucumber.jpg,cucumber,4696.265676567657,1.2931363203050523,186.0700797312098,193.53875735829712,157.04288253745602,2.1,/home/aojwang/data/MergeDataset/cropped_images/228Cucumber/cucumber_0.jpg
1182MincedMeatCabbageBrownRice.JPG,mincemeat,679.784637822071,1.2707340324118208,183.31900849378218,107.40099133458293,62.614041022171655,27.7,/home/aojwang/data/MergeDataset/cropped_images/1182MincedMeatCabbageBrownRice/mincemeat_0.jpg
1182MincedMeatCabbageBrownRice.JPG,green cabbage cooked,624.1895964997569,1.1384180790960452,210.48615686805954,166.9196975290469,115.77293182487277,0.5,/home/aojwang/data/MergeDataset/cropped_images/1182MincedMeatCabbageBrownRice/green cabbage cooked_1.jpg
1182MincedMeatCabbageBrownRice.JPG,brown rice boiled,426.3223140495868,1.0707182320441988,213.12583913472338,148.99853810672278,110.21133480434919,4.0,/home/aojwang/data/MergeDataset/cropped_images/1182MincedMeatCabbageBrownRice/brown rice boiled_2.jpg
3Guava.jpg,guava,164.14818168100197,1.3281767955801105,166.34850755187028,174.06331896195107,117.60239471966612,1.0,/home/aojwang/data/MergeDataset/cropped_images/3Guava/guava_0.jpg
569WhiteRice.jpg,white rice boiled,1450.8820704375667,1.150943396226415,176.93327541888365,169.610781797258,103.68728440690222,3.6,/home/aojwang/data/MergeDataset/cropped_images/569WhiteRice/white rice boiled_0.jpg
498PineappleCarrots.jpg,pineapple,445.5135579293344,1.5542521994134897,199.53002207098373,131.89372667638037,47.17143006449154,0.48017,/home/aojwang/data/MergeDataset/cropped_images/498PineappleCarrots/pineapple_0.jpg
498PineappleCarrots.jpg,carrot,494.0936729663106,1.8442871587462082,200.9380565607649,103.64279719457896,40.46574102407181,0.7,/home/aojwang/data/MergeDataset/cropped_images/498PineappleCarrots/carrot_1.jpg
1Lemon.jpg,lemon,163.28136419001217,1.1872852233676976,197.24573181951553,197.9335964113964,183.37997374192489,2.0,/home/aojwang/data/MergeDataset/cropped_images/1Lemon/lemon_0.jpg
1189MincedMeatCabbageBrownRice.JPG,green cabbage cooked,629.0873567921441,1.5984138428262438,193.50210912009481,171.7193177579424,100.38553596626188,2.4,/home/aojwang/data/MergeDataset/cropped_images/1189MincedMeatCabbageBrownRice/green cabbage cooked_0.jpg
1189MincedMeatCabbageBrownRice.JPG,brown rice boiled,507.31382978723406,1.0648754914809961,211.214500655308,174.95188264946063,127.79702873273516,24.0,/home/aojwang/data/MergeDataset/cropped_images/1189MincedMeatCabbageBrownRice/brown rice boiled_1.jpg
1189MincedMeatCabbageBrownRice.JPG,mincemeat,573.2884615384615,1.138304652644997,183.223749337136,130.215730377977,73.9290387597895,83.1,/home/aojwang/data/MergeDataset/cropped_images/1189MincedMeatCabbageBrownRice/mincemeat_2.jpg
1127MincedMeatBrownRiceKales.JPG,brown rice boiled,393.62502660140456,1.5975836431226766,186.2931785792293,162.59927910451958,94.1593636397058,16.0,/home/aojwang/data/MergeDataset/cropped_images/1127MincedMeatBrownRiceKales/brown rice boiled_0.jpg
1127MincedMeatBrownRiceKales.JPG,mincemeat,518.8895509682911,0.9942528735632183,159.13848716831907,118.28999918794617,45.00795607691052,55.4,/home/aojwang/data/MergeDataset/cropped_images/1127MincedMeatBrownRiceKales/mincemeat_1.jpg
1127MincedMeatBrownRiceKales.JPG,sukumawiki,418.14088103851884,0.9358178053830227,98.85016367711636,105.51477420090347,38.184130139593776,3.0,/home/aojwang/data/MergeDataset/cropped_images/1127MincedMeatBrownRiceKales/sukumawiki_2.jpg
1SpaghettiMinced.jpg,spaghetti,179.89297658862876,1.7551622418879056,209.39244689026052,187.73078753625344,122.8383679135371,25.0,/home/aojwang/data/MergeDataset/cropped_images/1SpaghettiMinced/spaghetti_0.jpg
1SpaghettiMinced.jpg,mincemeat,322.60133779264214,1.155495978552279,165.54752579193527,130.1754985081559,79.13653293633762,0.0,/home/aojwang/data/MergeDataset/cropped_images/1SpaghettiMinced/mincemeat_1.jpg
811BrownRice1cupEggyolkBeans1cup.jpg,brown rice boiled,425.9059196617336,1.2470495672698663,174.30678096930558,144.2166768013462,60.7183335112073,16.0,/home/aojwang/data/MergeDataset/cropped_images/811BrownRice1cupEggyolkBeans1cup/brown rice boiled_0.jpg
1632WholeFishWhiteUgali1CupKachumbarithirdCup.JPG,white ugali,1501.9006211180124,1.086255924170616,209.24263086937464,207.1529019131039,151.76787011074995,9.14,/home/aojwang/data/MergeDataset/cropped_images/1632WholeFishWhiteUgali1CupKachumbarithirdCup/white ugali_0.jpg
1632WholeFishWhiteUgali1CupKachumbarithirdCup.JPG,kachumbari,2634.544099378882,1.5652920962199313,169.4650718028223,126.19062074454642,58.95840217502008,0.92,/home/aojwang/data/MergeDataset/cropped_images/1632WholeFishWhiteUgali1CupKachumbarithirdCup/kachumbari_1.jpg
421BananaTomato.jpg,tomato,827.4258219727345,1.197139303482587,185.28103120759837,64.35161465400272,41.092951799444336,1.5,/home/aojwang/data/MergeDataset/cropped_images/421BananaTomato/tomato_0.jpg
260Carrots1cup.jpg,carrot,2230.9655172413795,1.4290240811153359,201.23919412992956,129.37761262818296,59.96998755054955,1.4,/home/aojwang/data/MergeDataset/cropped_images/260Carrots1cup/carrot_0.jpg
1509FriedGitheriWhiteRice.JPG,githeri,1356.1865971107545,1.053601340033501,163.2348695133206,137.5988202213446,58.34746452038796,10.35,/home/aojwang/data/MergeDataset/cropped_images/1509FriedGitheriWhiteRice/githeri_0.jpg
1509FriedGitheriWhiteRice.JPG,white rice boiled,1539.255216693419,1.64505566470203,181.43238793020743,174.03507121286066,93.15187714556247,2.4,/home/aojwang/data/MergeDataset/cropped_images/1509FriedGitheriWhiteRice/white rice boiled_1.jpg
3UgaliBChickenCabbage.jpg,chicken,320.85172798216274,1.2928909952606635,206.27358063126294,153.77567024780754,93.23366457728176,0.0,/home/aojwang/data/MergeDataset/cropped_images/3UgaliBChickenCabbage/chicken_0.jpg
3UgaliBChickenCabbage.jpg,green cabbage cooked,142.96900780379042,1.3546511627906976,211.7380586261104,189.1082256213195,129.97357364756962,1.0,/home/aojwang/data/MergeDataset/cropped_images/3UgaliBChickenCabbage/green cabbage cooked_1.jpg
3UgaliBChickenCabbage.jpg,brown ugali,246.3933110367893,0.6400304414003044,182.15981463684784,151.6800476710157,113.00771894008908,111.0,/home/aojwang/data/MergeDataset/cropped_images/3UgaliBChickenCabbage/brown ugali_2.jpg
767BrownRicehalfcupCowpeashalfcup.jpg,cowpeas,333.2205638474295,1.270912547528517,145.76544659031768,113.89829181727436,65.2662898038,4.75,/home/aojwang/data/MergeDataset/cropped_images/767BrownRicehalfcupCowpeashalfcup/cowpeas_0.jpg
767BrownRicehalfcupCowpeashalfcup.jpg,brown rice boiled,343.5498696991234,1.3748782862706914,189.28757747613307,163.37807870223511,79.79979781039414,8.0,/home/aojwang/data/MergeDataset/cropped_images/767BrownRicehalfcupCowpeashalfcup/brown rice boiled_1.jpg
1684BeefSausageChips.JPG,potato chips,240.7865863584568,1.6116910229645094,211.9128662909559,159.14569902214242,70.52462492022457,2.4,/home/aojwang/data/MergeDataset/cropped_images/1684BeefSausageChips/potato chips_0.jpg
1700BeefSausageChipsKachumbarihalfCup.JPG,kachumbari,241.5389721221316,1.217008797653959,172.62395427261342,72.01784577214038,52.58529720053234,1.43,/home/aojwang/data/MergeDataset/cropped_images/1700BeefSausageChipsKachumbarihalfCup/kachumbari_0.jpg
1700BeefSausageChipsKachumbarihalfCup.JPG,potato chips,325.0855300587901,1.2916666666666667,209.57783564814815,171.14570965875149,71.29927732041517,7.2,/home/aojwang/data/MergeDataset/cropped_images/1700BeefSausageChipsKachumbarihalfCup/potato chips_1.jpg
185Avocado.jpg,avocado,5746.473039215686,1.1513665031534688,132.4946687247634,150.02704429528598,118.16366773993084,6.08,/home/aojwang/data/MergeDataset/cropped_images/185Avocado/avocado_0.jpg
478GrapesCucumber.jpg,red grapes,722.3766707168894,1.6579536967886483,139.28511831472997,74.27152271763923,56.399969386862594,1.770147,/home/aojwang/data/MergeDataset/cropped_images/478GrapesCucumber/red grapes_0.jpg
478GrapesCucumber.jpg,cucumber,499.16208991494534,2.104251012145749,169.5006845006845,127.99677515466989,87.36927205348258,0.6,/home/aojwang/data/MergeDataset/cropped_images/478GrapesCucumber/cucumber_1.jpg
1Sunflower.jpg,sunflower seeds,756.9282945736434,1.3873775843307943,179.32835349591414,159.48324564210887,103.9996620367407,7.0,/home/aojwang/data/MergeDataset/cropped_images/1Sunflower/sunflower seeds_0.jpg
208AvocadoApple.jpg,apple,2419.0194690265484,1.16528162511542,198.45695103552526,193.72993665245772,147.3712796671803,0.15,/home/aojwang/data/MergeDataset/cropped_images/208AvocadoApple/apple_0.jpg
208AvocadoApple.jpg,avocado,2281.953982300885,0.9868766404199475,179.17153983854854,179.9287057202956,108.92280098409685,0.8,/home/aojwang/data/MergeDataset/cropped_images/208AvocadoApple/avocado_1.jpg
1OnionTomatoCarrot.jpg,onion tomato carrot,2796.565961732125,1.4795620437956205,221.81750420419232,151.07661244729005,118.54815681727338,14.0,/home/aojwang/data/MergeDataset/cropped_images/1OnionTomatoCarrot/onion tomato carrot_0.jpg
464GrapesLettuce.jpg,lettuce,8806.283783783783,1.7622093023255814,188.5365828301351,179.3355226611833,147.92992718651453,1.8,/home/aojwang/data/MergeDataset/cropped_images/464GrapesLettuce/lettuce_0.jpg
464GrapesLettuce.jpg,red grapes,5942.625,1.8526850507982584,130.31645913598334,74.49589003403605,52.73275585170581,2.360196,/home/aojwang/data/MergeDataset/cropped_images/464GrapesLettuce/red grapes_1.jpg
880WhiteChapati3GreenBeans.jpg,white chapati,778.1020929045432,0.7038054138877992,180.34189462892962,136.4931887950463,76.88334201490255,33.54,/home/aojwang/data/MergeDataset/cropped_images/880WhiteChapati3GreenBeans/white chapati_0.jpg
880WhiteChapati3GreenBeans.jpg,green beans,528.6506721116216,0.7436399217221135,148.3404074183747,96.84946473632712,51.333124871253474,5.4,/home/aojwang/data/MergeDataset/cropped_images/880WhiteChapati3GreenBeans/green beans_1.jpg
1237MincedMeatButterBeansSpinach.JPG,butternut beans,929.8892307692307,1.1531100478468899,202.3230977607479,171.96010553228285,83.62049353548589,6.93,/home/aojwang/data/MergeDataset/cropped_images/1237MincedMeatButterBeansSpinach/butternut beans_0.jpg
1237MincedMeatButterBeansSpinach.JPG,spinach cooked,984.5753846153846,1.1377983063895305,97.82992069469489,105.32940244447431,38.574021757133885,3.29,/home/aojwang/data/MergeDataset/cropped_images/1237MincedMeatButterBeansSpinach/spinach cooked_1.jpg
843WhiteChapatiquoterMonkeynutBeans.jpg,white chapati,5004.840909090909,1.0360429447852761,204.92990593198402,181.43368806564553,93.69142602843611,3.12,/home/aojwang/data/MergeDataset/cropped_images/843WhiteChapatiquoterMonkeynutBeans/white chapati_0.jpg
775BrownRiceMonkeynuts.jpg,brown rice boiled,1176.0731021555764,1.4535768645357687,210.38234916764287,155.56591878043145,89.80708559452374,8.0,/home/aojwang/data/MergeDataset/cropped_images/775BrownRiceMonkeynuts/brown rice boiled_0.jpg
775BrownRiceMonkeynuts.jpg,monkeynut beans,1233.0154639175257,1.5738592420726991,147.98150274298766,83.40238745389557,47.586653897094735,7.8,/home/aojwang/data/MergeDataset/cropped_images/775BrownRiceMonkeynuts/monkeynut beans_1.jpg
2DalmakhnilcuminRice.jpg,dalmakhi,149.5901895206243,1.3536931818181819,185.8311492416293,158.50432545549938,140.10467691739007,28.0,/home/aojwang/data/MergeDataset/cropped_images/2DalmakhnilcuminRice/dalmakhi_0.jpg
2DalmakhnilcuminRice.jpg,white rice boiled,189.59464882943143,2.102201257861635,219.48395450247668,212.9590936246078,168.58379668176664,85.0,/home/aojwang/data/MergeDataset/cropped_images/2DalmakhnilcuminRice/white rice boiled_1.jpg
1016Cabbage.jpg,green cabbage cooked,1847.3415051311288,1.0665519219736088,173.93300057989586,183.14087117701575,95.28059120366812,1.1,/home/aojwang/data/MergeDataset/cropped_images/1016Cabbage/green cabbage cooked_0.jpg
290Lettuceshreded.jpg,lettuce,4200.2849829351535,1.3795659078877713,166.45945119114702,159.90821055941677,119.66719327105629,4.2,/home/aojwang/data/MergeDataset/cropped_images/290Lettuceshreded/lettuce_0.jpg
254Tomatoslices.jpg,tomato,5235.580610021787,1.4622173193601764,197.43006760137763,111.34558907825061,101.03846585174387,5.0,/home/aojwang/data/MergeDataset/cropped_images/254Tomatoslices/tomato_0.jpg
1346ChickenWetfryWhiteChapatiSpinach.JPG,spinach cooked,383.8120998012806,1.3982062780269058,123.00156993818621,120.83843615977817,42.07526901514999,2.91,/home/aojwang/data/MergeDataset/cropped_images/1346ChickenWetfryWhiteChapatiSpinach/spinach cooked_0.jpg
1346ChickenWetfryWhiteChapatiSpinach.JPG,chicken wing,570.9057187017002,1.0516581632653061,160.73580888540982,122.9858026973676,37.260392816920586,137.21,/home/aojwang/data/MergeDataset/cropped_images/1346ChickenWetfryWhiteChapatiSpinach/chicken wing_1.jpg
402BananaCarrots.jpg,carrot,790.9537183544304,1.3500410846343467,191.7243763662579,92.19580141543192,19.42644850217376,0.7,/home/aojwang/data/MergeDataset/cropped_images/402BananaCarrots/carrot_0.jpg
1546NjahiWhiteRice.JPG,black beans,3071.658255227109,1.4552893045002921,137.03383516532523,126.89669255631527,79.8713852487683,23.75,/home/aojwang/data/MergeDataset/cropped_images/1546NjahiWhiteRice/black beans_0.jpg
1546NjahiWhiteRice.JPG,white rice boiled,4356.15933669791,1.4005777563793933,173.7740626313205,169.18950683987882,124.02316090071604,6.0,/home/aojwang/data/MergeDataset/cropped_images/1546NjahiWhiteRice/white rice boiled_1.jpg
541Lentils.jpg,kamande,1159.5094300518135,1.428499242041435,177.62062319369295,158.85620593879884,129.97607617872342,32.1,/home/aojwang/data/MergeDataset/cropped_images/541Lentils/kamande_0.jpg
523Greengrams.jpg,ndengu,839.8134550506053,1.2664113785557987,174.04849426487894,163.91437773818356,124.05650004017184,5.55,/home/aojwang/data/MergeDataset/cropped_images/523Greengrams/ndengu_0.jpg
950BananaCookedthirdcup.jpg,boiled banana,546.4136933461909,1.3289124668435013,194.0791461580229,132.4786954237708,52.94831910008453,0.97,/home/aojwang/data/MergeDataset/cropped_images/950BananaCookedthirdcup/boiled banana_0.jpg
567WhiteRice.jpg,white rice boiled,3136.1942728804042,1.338228095937347,188.6904836075582,178.59901295518696,110.46131920118334,10.8,/home/aojwang/data/MergeDataset/cropped_images/567WhiteRice/white rice boiled_0.jpg
1345ChickenWetfryWhiteChapatiSpinach.JPG,chicken wing,604.2938322938323,1.0559085133418042,137.45546692110207,101.17990449497475,29.342154856979466,137.21,/home/aojwang/data/MergeDataset/cropped_images/1345ChickenWetfryWhiteChapatiSpinach/chicken wing_0.jpg
1345ChickenWetfryWhiteChapatiSpinach.JPG,spinach cooked,384.6257796257796,1.292511013215859,110.37342414168987,103.07926992964154,41.33927071040122,2.91,/home/aojwang/data/MergeDataset/cropped_images/1345ChickenWetfryWhiteChapatiSpinach/spinach cooked_1.jpg
745WhiteRicethirdcupButterBeansquotercup.jpg,white rice boiled,1435.2650176678446,1.0419026047565119,198.84306465113988,122.41207100300359,104.86172263528485,1.92,/home/aojwang/data/MergeDataset/cropped_images/745WhiteRicethirdcupButterBeansquotercup/white rice boiled_0.jpg
745WhiteRicethirdcupButterBeansquotercup.jpg,butternut beans,3952.5265017667843,1.8059299191374663,207.98075167737235,109.13621604466437,78.76392520774385,2.31,/home/aojwang/data/MergeDataset/cropped_images/745WhiteRicethirdcupButterBeansquotercup/butternut beans_1.jpg
2Coconut.jpg,coconut,151.1825959423124,1.5782747603833867,215.6513933980934,205.8700864042633,207.78807672905538,20.0,/home/aojwang/data/MergeDataset/cropped_images/2Coconut/coconut_0.jpg
25Pawpaw.jpg,pawpaw,13131.987804878048,1.3473154362416107,144.9429142486741,86.38120401403016,47.26920232015846,0.470898,/home/aojwang/data/MergeDataset/cropped_images/25Pawpaw/pawpaw_0.jpg
1229MincedMeatPegionpeasSpinach.JPG,mbaazi,733.9867310012063,1.7978947368421052,144.70533848281906,94.679301258611,30.817673418518975,14.5,/home/aojwang/data/MergeDataset/cropped_images/1229MincedMeatPegionpeasSpinach/mbaazi_0.jpg
1229MincedMeatPegionpeasSpinach.JPG,mincemeat,362.7611580217129,1.0893550893550894,164.1613529124228,112.92723016403473,47.928440556115305,69.25,/home/aojwang/data/MergeDataset/cropped_images/1229MincedMeatPegionpeasSpinach/mincemeat_1.jpg
1264MincedMeatGreenBeansCabbage.JPG,green beans,635.4085106382979,1.6265682656826568,145.13673060051835,104.8697370095298,37.38947937664495,4.5,/home/aojwang/data/MergeDataset/cropped_images/1264MincedMeatGreenBeansCabbage/green beans_0.jpg
1264MincedMeatGreenBeansCabbage.JPG,green cabbage cooked,541.1221276595745,1.3471615720524017,202.86179231966355,186.78161220536992,108.46919443205883,3.0,/home/aojwang/data/MergeDataset/cropped_images/1264MincedMeatGreenBeansCabbage/green cabbage cooked_1.jpg
1113PlantainsFriedEggs.jpg,egg fry,2381.258817427386,0.7446637132501007,210.42713621909678,157.07457547450298,69.93196614207547,15.3,/home/aojwang/data/MergeDataset/cropped_images/1113PlantainsFriedEggs/egg fry_0.jpg
1113PlantainsFriedEggs.jpg,plantain,1405.5404564315352,0.82808181315644,170.17562203815515,99.72189453267707,17.145282340707087,1.95,/home/aojwang/data/MergeDataset/cropped_images/1113PlantainsFriedEggs/plantain_1.jpg
1Sukumawiki.jpg,sukumawiki,327.214455288842,1.2656565656565657,117.53011681056374,139.39409981700484,129.75356034406315,2.0,/home/aojwang/data/MergeDataset/cropped_images/1Sukumawiki/sukumawiki_0.jpg
1Broccoli.jpg,broccoli,459.31790499390985,1.6109785202863962,132.81231768761603,158.4464739680014,143.09862547511713,2.0,/home/aojwang/data/MergeDataset/cropped_images/1Broccoli/broccoli_0.jpg
828WhiteChapatiquoterEggyolkBeans.jpg,white chapati,1615.8445945945946,1.0771812080536913,203.69521880030945,140.76463902653202,74.37503313889063,3.12,/home/aojwang/data/MergeDataset/cropped_images/828WhiteChapatiquoterEggyolkBeans/white chapati_0.jpg
2Dalmakhni.jpg,dalmakhi,183.50501672240802,1.0873563218390805,175.6136533741586,144.6997691429127,124.42878787878787,28.0,/home/aojwang/data/MergeDataset/cropped_images/2Dalmakhni/dalmakhi_0.jpg
3PumpkinLeaves.jpg,pumpkin leaves,4902.0,1.3992248062015504,107.33908197155475,122.15930840974325,105.23324767787823,8.0,/home/aojwang/data/MergeDataset/cropped_images/3PumpkinLeaves/pumpkin leaves_0.jpg
1154MincedMeatKalesPasta.JPG,pasta,576.2827030378178,1.2246520874751492,205.38579920190259,138.9007133246696,71.24397876808413,4.4,/home/aojwang/data/MergeDataset/cropped_images/1154MincedMeatKalesPasta/pasta_0.jpg
1154MincedMeatKalesPasta.JPG,sukumawiki,308.8505889646621,0.8273809523809523,99.39924042908531,81.52637488223706,30.79234045799075,2.0,/home/aojwang/data/MergeDataset/cropped_images/1154MincedMeatKalesPasta/sukumawiki_1.jpg
1154MincedMeatKalesPasta.JPG,mincemeat,337.15809051456915,1.8154008438818565,165.90739365053682,85.8395343449128,43.560534793577474,41.55,/home/aojwang/data/MergeDataset/cropped_images/1154MincedMeatKalesPasta/mincemeat_2.jpg
1581BrownUgaliDrumstickCabbage.JPG,brown ugali,401.52777777777777,1.0750728862973762,139.99670850422493,117.58974205662895,115.38075307604882,2.9,/home/aojwang/data/MergeDataset/cropped_images/1581BrownUgaliDrumstickCabbage/brown ugali_0.jpg
1581BrownUgaliDrumstickCabbage.JPG,green cabbage cooked,557.8222222222222,1.1434948979591837,180.6994160254732,182.00162479938993,154.50219034909,1.1,/home/aojwang/data/MergeDataset/cropped_images/1581BrownUgaliDrumstickCabbage/green cabbage cooked_1.jpg
1581BrownUgaliDrumstickCabbage.JPG,chicken drumstick,841.6964285714286,1.4439906651108518,130.90171964687718,122.74778944638922,112.07784260339686,52.39,/home/aojwang/data/MergeDataset/cropped_images/1581BrownUgaliDrumstickCabbage/chicken drumstick_2.jpg
1096WhiteChapatiFriedEggs.jpg,egg fry,597.1851480180633,1.2649484536082474,223.62988934539862,192.1276880161991,96.94683537922516,14.7,/home/aojwang/data/MergeDataset/cropped_images/1096WhiteChapatiFriedEggs/egg fry_0.jpg
1096WhiteChapatiFriedEggs.jpg,white chapati,2956.319116909182,0.9767915309446255,216.981651726493,185.1274691341262,104.77042534688042,23.8,/home/aojwang/data/MergeDataset/cropped_images/1096WhiteChapatiFriedEggs/white chapati_1.jpg
1096WhiteChapatiFriedEggs.jpg,egg fry,1581.4350225790265,1.0279840091376355,225.38890697379276,197.8474915921061,106.39838060790659,14.7,/home/aojwang/data/MergeDataset/cropped_images/1096WhiteChapatiFriedEggs/egg fry_2.jpg
187Avocado.jpg,avocado,1153.6625,2.0669398907103824,157.84008899194234,169.44239812336798,125.47464144987522,1.2,/home/aojwang/data/MergeDataset/cropped_images/187Avocado/avocado_0.jpg
802BrownRiceEggyolkBeans.jpg,brown rice boiled,1049.887775551102,1.187461585740627,164.9306962222638,135.00710480873357,69.36515751914192,24.0,/home/aojwang/data/MergeDataset/cropped_images/802BrownRiceEggyolkBeans/brown rice boiled_0.jpg
1560UgaliBrownthirdCup.JPG,brown ugali,263.12084210526314,0.9822695035460993,149.29523036843588,123.01091593696393,36.43751920270374,1.07,/home/aojwang/data/MergeDataset/cropped_images/1560UgaliBrownthirdCup/brown ugali_0.jpg
2StrawberryBananaWMelon.jpg,strawberry banana watermelon,903.9641255605382,1.4675767918088738,201.21505575839353,140.73707040241288,146.20809786490992,20.0,/home/aojwang/data/MergeDataset/cropped_images/2StrawberryBananaWMelon/strawberry banana watermelon_0.jpg
1742WhiteRiceWhiteChapatihalfBeefstew.JPG,white rice boiled,473.9980906921241,1.093389296956978,228.72942501001987,201.45227113892284,177.80525182623617,1.2,/home/aojwang/data/MergeDataset/cropped_images/1742WhiteRiceWhiteChapatihalfBeefstew/white rice boiled_0.jpg
1742WhiteRiceWhiteChapatihalfBeefstew.JPG,beef stew,335.7909307875895,1.2374005305039788,150.48716953667613,79.75825109953063,34.85669427220597,8.85,/home/aojwang/data/MergeDataset/cropped_images/1742WhiteRiceWhiteChapatihalfBeefstew/beef stew_1.jpg
59Mango.jpg,mango,2146.686175580222,1.2321156773211568,178.06071404732424,143.610338324482,50.02378105130946,0.41,/home/aojwang/data/MergeDataset/cropped_images/59Mango/mango_0.jpg
1635WholeFishKachumbarihalfCupWhiteUgalihalfCup.JPG,white ugali,3236.225352112676,1.0341555977229602,180.14092839858642,174.5928015598071,120.4330266525077,5.83,/home/aojwang/data/MergeDataset/cropped_images/1635WholeFishKachumbarihalfCupWhiteUgalihalfCup/white ugali_0.jpg
1635WholeFishKachumbarihalfCupWhiteUgalihalfCup.JPG,kachumbari,5501.633802816901,1.2620578778135048,149.21398048211032,95.59773793188195,38.65288672251009,1.43,/home/aojwang/data/MergeDataset/cropped_images/1635WholeFishKachumbarihalfCupWhiteUgalihalfCup/kachumbari_1.jpg
1227MincedMeatPegionpeasSpinach.JPG,mbaazi,541.0248648648649,1.7290108063175396,149.155684506682,102.74629971545495,45.74588129036383,11.4,/home/aojwang/data/MergeDataset/cropped_images/1227MincedMeatPegionpeasSpinach/mbaazi_0.jpg
1227MincedMeatPegionpeasSpinach.JPG,spinach cooked,368.33643243243245,1.1869782971619365,95.80802979180021,89.73314643017312,40.82657922604247,3.29,/home/aojwang/data/MergeDataset/cropped_images/1227MincedMeatPegionpeasSpinach/spinach cooked_1.jpg
1227MincedMeatPegionpeasSpinach.JPG,mincemeat,302.70443243243244,1.1321942446043165,161.68676893274895,117.10444511745648,60.48836363792207,55.4,/home/aojwang/data/MergeDataset/cropped_images/1227MincedMeatPegionpeasSpinach/mincemeat_2.jpg
1232MincedMeatButterBeansSpinach.JPG,butternut beans,211.4283197533583,1.2511415525114156,208.9827902626404,184.20794795520447,73.04839620204646,2.31,/home/aojwang/data/MergeDataset/cropped_images/1232MincedMeatButterBeansSpinach/butternut beans_0.jpg
1232MincedMeatButterBeansSpinach.JPG,spinach cooked,264.38890112310065,1.0786729857819906,112.95280653678608,120.05264911418553,24.84773819538727,1.1,/home/aojwang/data/MergeDataset/cropped_images/1232MincedMeatButterBeansSpinach/spinach cooked_1.jpg
1232MincedMeatButterBeansSpinach.JPG,mincemeat,282.05329222638187,1.177372962607862,181.7268309593037,144.52245230339693,49.63491369483543,13.85,/home/aojwang/data/MergeDataset/cropped_images/1232MincedMeatButterBeansSpinach/mincemeat_2.jpg
346OnionsCarrots.jpg,carrot,548.1953376205788,0.9362054681027341,197.30016936601388,116.68287496975607,57.62179909231548,0.7,/home/aojwang/data/MergeDataset/cropped_images/346OnionsCarrots/carrot_0.jpg
346OnionsCarrots.jpg,onions,908.5369774919615,1.011371237458194,173.9064372423068,125.30746359115925,131.50781838934012,0.7,/home/aojwang/data/MergeDataset/cropped_images/346OnionsCarrots/onions_1.jpg
1228MincedMeatPegionpeasSpinach.JPG,mbaazi,686.4628820960698,1.6842857142857144,128.41135072094997,82.62418090391373,33.025431964134256,11.4,/home/aojwang/data/MergeDataset/cropped_images/1228MincedMeatPegionpeasSpinach/mbaazi_0.jpg
1228MincedMeatPegionpeasSpinach.JPG,mincemeat,322.87481804949056,1.0800667222685572,151.37794687335972,103.06527447261392,50.4325754087222,55.4,/home/aojwang/data/MergeDataset/cropped_images/1228MincedMeatPegionpeasSpinach/mincemeat_1.jpg
221Cucumberquotercup.jpg,cucumber,1103.3670284938942,1.2276281494352737,201.13069837422518,207.10452525051295,176.7920039991072,0.3,/home/aojwang/data/MergeDataset/cropped_images/221Cucumberquotercup/cucumber_0.jpg
3Passion.jpg,passion,137.5169760072431,1.7337931034482759,123.6962291169451,111.49981290977423,100.51239349299098,7.0,/home/aojwang/data/MergeDataset/cropped_images/3Passion/passion_0.jpg
3Kitojo.jpg,kitojo,3160.3968565815326,1.426098535286285,124.45670416413347,132.66258962528642,122.0120903221475,4.0,/home/aojwang/data/MergeDataset/cropped_images/3Kitojo/kitojo_0.jpg
124Mangoquotercup.jpg,mango,2646.16,1.3364573570759137,169.85951817301134,130.187409877611,83.80105117045734,0.574,/home/aojwang/data/MergeDataset/cropped_images/124Mangoquotercup/mango_0.jpg
885WhiteChapatiquoterGreengrams.jpg,white chapati,437.7479239712124,1.6095551894563427,205.7155043766093,152.56053353995267,76.7969935366814,3.12,/home/aojwang/data/MergeDataset/cropped_images/885WhiteChapatiquoterGreengrams/white chapati_0.jpg
20Pawpaw.jpg,pawpaw,7577.173333333333,1.753707627118644,163.90229409927872,112.29804094210874,77.88006225396597,1.9777,/home/aojwang/data/MergeDataset/cropped_images/20Pawpaw/pawpaw_0.jpg
729WhiteRice1cupRoscocoBeansquoterup.jpg,rosecoco,645.3708439897698,1.1508282476024412,170.86392235343848,93.58945074106364,55.149721936012256,4.335,/home/aojwang/data/MergeDataset/cropped_images/729WhiteRice1cupRoscocoBeansquoterup/rosecoco_0.jpg
729WhiteRice1cupRoscocoBeansquoterup.jpg,white rice boiled,700.62063086104,1.1452420701168615,210.0516385423714,161.06301440204032,117.4767664280117,4.8,/home/aojwang/data/MergeDataset/cropped_images/729WhiteRice1cupRoscocoBeansquoterup/white rice boiled_1.jpg
969MashedIrishpotatoquotercup.jpg,irish potato mashed,410.32894736842104,0.9428571428571428,187.06127946127947,177.9214425263808,110.16513637254378,4.57,/home/aojwang/data/MergeDataset/cropped_images/969MashedIrishpotatoquotercup/irish potato mashed_0.jpg
135ApplePawpaw.jpg,apple,3302.8273026315787,1.1369450714823175,173.0507997783,149.52025054292102,127.61646296857906,0.3,/home/aojwang/data/MergeDataset/cropped_images/135ApplePawpaw/apple_0.jpg
135ApplePawpaw.jpg,pawpaw,2327.7138157894738,1.1486486486486487,167.97443349231585,96.6756304539834,86.355939233351,0.470898,/home/aojwang/data/MergeDataset/cropped_images/135ApplePawpaw/pawpaw_1.jpg
461GrapesLettuce.jpg,lettuce,699.7591948764867,1.839112343966713,221.6641701863718,203.41488694058654,156.647783422555,1.2,/home/aojwang/data/MergeDataset/cropped_images/461GrapesLettuce/lettuce_0.jpg
461GrapesLettuce.jpg,red grapes,280.124428179323,1.4599609375,175.35434260033446,102.64416348766723,68.85546744356188,1.180098,/home/aojwang/data/MergeDataset/cropped_images/461GrapesLettuce/red grapes_1.jpg
940Frenchfries.jpg,potato chips,2208.213080793134,1.5058400718778078,153.11643046915708,134.37866693149093,30.019146150827602,40.42,/home/aojwang/data/MergeDataset/cropped_images/940Frenchfries/potato chips_0.jpg
316CabbageTomato.jpg,tomato,899.3016627078384,1.0621722846441948,185.2149807451546,80.7048815919452,71.97457568025864,1.5,/home/aojwang/data/MergeDataset/cropped_images/316CabbageTomato/tomato_0.jpg
316CabbageTomato.jpg,green cabbage,1166.4422802850356,1.1074546675621222,213.63935649381088,193.73979875057069,171.04954261308214,1.65,/home/aojwang/data/MergeDataset/cropped_images/316CabbageTomato/green cabbage_1.jpg
1Dates.jpg,dates,51.168854685378,1.051056338028169,154.93853657961168,133.45041522164814,128.67196310189445,11.0,/home/aojwang/data/MergeDataset/cropped_images/1Dates/dates_0.jpg
84Grapes.jpg,red grapes,4445.023255813953,1.299043062200957,129.5945091728568,98.83845396389013,97.92979619912413,1.5341277,/home/aojwang/data/MergeDataset/cropped_images/84Grapes/red grapes_0.jpg
3DalmakhnilcuminRice.jpg,dalmakhi,185.97725752508362,1.3674775928297056,174.69283474082494,145.62229231706206,116.01193850196857,48.0,/home/aojwang/data/MergeDataset/cropped_images/3DalmakhnilcuminRice/dalmakhi_0.jpg
3DalmakhnilcuminRice.jpg,white rice boiled,226.53823857302118,2.0042134831460676,211.56680255584513,205.2211246978418,156.1892583246065,127.0,/home/aojwang/data/MergeDataset/cropped_images/3DalmakhnilcuminRice/white rice boiled_1.jpg
643BrownRicehalfcup.jpg,brown rice boiled,672.7269692923899,1.2496062992125985,189.80182337793786,132.13301083111304,82.04824186674209,8.0,/home/aojwang/data/MergeDataset/cropped_images/643BrownRicehalfcup/brown rice boiled_0.jpg
115Pawpawquotercup.jpg,pawpaw,5207.744680851064,1.6762820512820513,177.72886127044828,106.17006313564632,92.98824990603194,0.329629,/home/aojwang/data/MergeDataset/cropped_images/115Pawpawquotercup/pawpaw_0.jpg
902IrishPotato.jpg,irish potato,2791.304347826087,1.1570983533600356,167.6862989969532,148.11896015199753,46.64721012632228,35.13,/home/aojwang/data/MergeDataset/cropped_images/902IrishPotato/irish potato_0.jpg
1214MincedMeatRoscocoBeansSpinach.JPG,mincemeat,373.5076612903226,1.3372982158028888,173.27426565288314,119.02131007374508,63.602186227125365,55.4,/home/aojwang/data/MergeDataset/cropped_images/1214MincedMeatRoscocoBeansSpinach/mincemeat_0.jpg
1214MincedMeatRoscocoBeansSpinach.JPG,rosecoco,597.1235887096774,1.504632929436921,137.25617467881136,68.73461348474018,44.21722484774961,12.9,/home/aojwang/data/MergeDataset/cropped_images/1214MincedMeatRoscocoBeansSpinach/rosecoco_1.jpg
1214MincedMeatRoscocoBeansSpinach.JPG,spinach cooked,549.0625,1.1335483870967742,111.95728716470524,90.64873850221235,44.0282593129785,3.29,/home/aojwang/data/MergeDataset/cropped_images/1214MincedMeatRoscocoBeansSpinach/spinach cooked_2.jpg
2Mango.jpg,mango,116.01025795745964,1.226010101010101,158.5882460027671,129.08005388592412,94.94119230409137,25.0,/home/aojwang/data/MergeDataset/cropped_images/2Mango/mango_0.jpg
1354YellowMaizeboiled.JPG,boiled yellow maize,2732.373670212766,1.2984822934232716,203.5412859016569,142.29085117618,73.68187755658245,6.325,/home/aojwang/data/MergeDataset/cropped_images/1354YellowMaizeboiled/boiled yellow maize_0.jpg
702WhiteRicePigeonpea(2).jpg,white rice boiled,578.1870701513068,1.5686119873817035,199.5579654979358,179.1285338288029,113.28651193551917,7.2,/home/aojwang/data/MergeDataset/cropped_images/702WhiteRicePigeonpea(2)/white rice boiled_0.jpg
702WhiteRicePigeonpea(2).jpg,mbaazi,947.6591013296653,2.0471498944405346,151.71889225338433,112.56474713022678,40.47738400252172,17.1,/home/aojwang/data/MergeDataset/cropped_images/702WhiteRicePigeonpea(2)/mbaazi_1.jpg
2Bacon.jpg,bacon,922.5676004872107,1.3912363067292646,194.97217513303795,162.55088008365152,172.71803040465014,0.0,/home/aojwang/data/MergeDataset/cropped_images/2Bacon/bacon_0.jpg
2PotatoPorkCarrot.jpg,carrot,234.94871794871796,1.518607442977191,216.34190245268067,135.6106781052342,44.03699282084375,7.0,/home/aojwang/data/MergeDataset/cropped_images/2PotatoPorkCarrot/carrot_2.jpg
552Pigeonpea.jpg,mbaazi,2982.111620158267,1.4462921348314606,166.59576776698486,140.0500578906572,98.8896034245571,17.1,/home/aojwang/data/MergeDataset/cropped_images/552Pigeonpea/mbaazi_0.jpg
1153MincedMeatKalesPasta(2).JPG,pasta,451.4576713819369,1.2902208201892744,210.80494570121786,137.88482430024757,84.1407029725498,2.2,/home/aojwang/data/MergeDataset/cropped_images/1153MincedMeatKalesPasta(2)/pasta_0.jpg
1153MincedMeatKalesPasta(2).JPG,sukumawiki,250.0544069640914,0.8703220191470844,109.21565187119234,80.53613228894692,32.53887206266319,1.0,/home/aojwang/data/MergeDataset/cropped_images/1153MincedMeatKalesPasta(2)/sukumawiki_1.jpg
1153MincedMeatKalesPasta(2).JPG,mincemeat,343.5423286180631,1.8937568455640745,166.13411952663697,85.99177930503232,47.188608474594524,13.85,/home/aojwang/data/MergeDataset/cropped_images/1153MincedMeatKalesPasta(2)/mincemeat_2.jpg
533Greengramsthirdcup.jpg,ndengu,2086.0864864864866,1.2450780719619823,188.44648678021915,176.7662616297277,132.38729519574812,2.59,/home/aojwang/data/MergeDataset/cropped_images/533Greengramsthirdcup/ndengu_0.jpg
644BrownRice1cup.jpg,brown rice boiled,705.1163227016885,1.4723582925122463,190.0247337870882,126.92102084203636,71.46008668882224,14.16,/home/aojwang/data/MergeDataset/cropped_images/644BrownRice1cup/brown rice boiled_0.jpg
777BrownRiceMonkeynuts.jpg,monkeynut beans,355.9362745098039,1.5426829268292683,151.93997220019793,88.23255183689209,56.03954389043769,7.8,/home/aojwang/data/MergeDataset/cropped_images/777BrownRiceMonkeynuts/monkeynut beans_0.jpg
777BrownRiceMonkeynuts.jpg,brown rice boiled,475.2226890756302,1.6619718309859155,201.45761054083445,151.81812448240393,92.67635142303918,16.0,/home/aojwang/data/MergeDataset/cropped_images/777BrownRiceMonkeynuts/brown rice boiled_1.jpg
1356YellowMaizeboiled.JPG,boiled yellow maize,2141.898001665279,1.3970818134445024,207.51205761735207,152.1254917792374,85.58782616909878,9.4875,/home/aojwang/data/MergeDataset/cropped_images/1356YellowMaizeboiled/boiled yellow maize_0.jpg
265Carrots.jpg,carrot,11210.508583690988,1.406850025947068,199.1166505905231,129.50125543227853,69.84266697191879,3.15,/home/aojwang/data/MergeDataset/cropped_images/265Carrots/carrot_0.jpg
1220MincedMeatPegionpeasSpinach.jpg,mincemeat,152.41769629334397,1.2866407263294424,169.96121762687753,109.43937099912138,47.19762379189155,13.85,/home/aojwang/data/MergeDataset/cropped_images/1220MincedMeatPegionpeasSpinach/mincemeat_0.jpg
1220MincedMeatPegionpeasSpinach.jpg,spinach cooked,209.77022718214428,1.013738959764475,114.22079141044263,94.08039504971846,42.960594778587286,1.1,/home/aojwang/data/MergeDataset/cropped_images/1220MincedMeatPegionpeasSpinach/spinach cooked_1.jpg
1706BeefSausageChipsKachumbari1Cup.JPG,kachumbari,2197.9788199697427,1.1418439716312057,156.64742123144356,81.55903098982424,58.33589035174662,1.99,/home/aojwang/data/MergeDataset/cropped_images/1706BeefSausageChipsKachumbari1Cup/kachumbari_0.jpg
1706BeefSausageChipsKachumbari1Cup.JPG,potato chips,3217.815431164902,1.0977011494252873,206.4183775463381,165.4113219895288,64.03763277065656,7.2,/home/aojwang/data/MergeDataset/cropped_images/1706BeefSausageChipsKachumbari1Cup/potato chips_1.jpg
1706BeefSausageChipsKachumbari1Cup.JPG,sausage,2757.1558245083206,1.2677231025854878,155.3615030068917,79.6851696589263,41.00315504148194,10.4,/home/aojwang/data/MergeDataset/cropped_images/1706BeefSausageChipsKachumbari1Cup/sausage_2.jpg
792BrownRice1cupMonkeynuts1cup.jpg,brown rice boiled,1701.6185737976782,1.4889267461669506,185.98380480588182,135.53079645172483,93.59252677189603,14.0,/home/aojwang/data/MergeDataset/cropped_images/792BrownRice1cupMonkeynuts1cup/brown rice boiled_0.jpg
792BrownRice1cupMonkeynuts1cup.jpg,monkeynut beans,2961.9850746268658,1.6004016064257027,136.35877344593766,73.99238862602228,52.26343881030885,18.72,/home/aojwang/data/MergeDataset/cropped_images/792BrownRice1cupMonkeynuts1cup/monkeynut beans_1.jpg
603GreenBeans.jpg,green beans,226.89372822299651,1.6339468302658486,170.3173502921597,99.08265316307961,58.1095291660588,0.9,/home/aojwang/data/MergeDataset/cropped_images/603GreenBeans/green beans_0.jpg
3Sukumawiki.jpg,sukumawiki,678.9143360493283,1.3169934640522876,126.29279683420101,142.21040367180785,124.2399815112149,5.0,/home/aojwang/data/MergeDataset/cropped_images/3Sukumawiki/sukumawiki_0.jpg
664SweetPotatosliced.jpg,sweet potato,558.3830227743272,1.1878279118572928,222.23487480487506,203.91485137134362,128.33061116281485,0.9,/home/aojwang/data/MergeDataset/cropped_images/664SweetPotatosliced/sweet potato_0.jpg
1156BoiledEggs.jpg,boiled egg,1592.6162046908316,1.8691275167785235,163.10447132756846,148.91490982505888,59.554321850437184,10.54,/home/aojwang/data/MergeDataset/cropped_images/1156BoiledEggs/boiled egg_0.jpg
1136FriedEggs.jpg,egg fry,11119.253731343284,1.3083397092578424,191.8968012993463,170.7389441469013,58.65945404188871,5.0,/home/aojwang/data/MergeDataset/cropped_images/1136FriedEggs/egg fry_0.jpg
220Cucumber.jpg,cucumber,1958.859450726979,1.5011801730920535,159.39961147481225,166.07924272638954,145.2768594530133,1.44,/home/aojwang/data/MergeDataset/cropped_images/220Cucumber/cucumber_0.jpg
1733GitheriChips.JPG,githeri,1327.8824027072758,1.3786316776007497,162.0711277131063,125.92234879013633,27.495584422865814,6.7,/home/aojwang/data/MergeDataset/cropped_images/1733GitheriChips/githeri_0.jpg
1733GitheriChips.JPG,potato chips,1194.7732656514384,1.2981783317353788,187.9308508152401,184.81187518676242,44.447723516557595,2.4,/home/aojwang/data/MergeDataset/cropped_images/1733GitheriChips/potato chips_1.jpg
365CabbageCarrotsgratedOnions.jpg,green cabbage,239.05612701252235,1.7891332470892627,208.30628431171712,183.35432001414327,162.0293098884159,0.55,/home/aojwang/data/MergeDataset/cropped_images/365CabbageCarrotsgratedOnions/green cabbage_0.jpg
365CabbageCarrotsgratedOnions.jpg,carrot,283.1952146690519,1.4241781548250265,199.7767569005937,119.39563298640529,54.42341223373385,0.35,/home/aojwang/data/MergeDataset/cropped_images/365CabbageCarrotsgratedOnions/carrot_1.jpg
365CabbageCarrotsgratedOnions.jpg,onions,252.74418604651163,1.1578947368421053,156.59213003595596,98.94206881175505,118.90488307239319,0.75,/home/aojwang/data/MergeDataset/cropped_images/365CabbageCarrotsgratedOnions/onions_2.jpg
822WhiteChapati1EggyolkBeans.jpg,white chapati,474.0146913172664,1.0458660229330115,209.12694853462256,153.4762205906781,84.29458476010254,11.31,/home/aojwang/data/MergeDataset/cropped_images/822WhiteChapati1EggyolkBeans/white chapati_0.jpg
1302BeefSamosa.JPG,samosa,8387.306451612903,1.2209944751381216,183.85103922697792,158.4659135000915,98.10199064550014,39.816,/home/aojwang/data/MergeDataset/cropped_images/1302BeefSamosa/samosa_0.jpg
1302BeefSamosa.JPG,samosa,1689.6575682382133,0.9914675767918089,173.42671514923663,140.80046465726386,64.86330573390588,39.816,/home/aojwang/data/MergeDataset/cropped_images/1302BeefSamosa/samosa_1.jpg
540Lentils.jpg,kamande,1152.8263845675172,1.4676258992805755,196.78970257167614,176.87125119832106,144.6593085075757,26.75,/home/aojwang/data/MergeDataset/cropped_images/540Lentils/kamande_0.jpg
13Watermelon.jpg,water melon,49530.16463414634,1.5262245340268747,176.46467162718162,71.964320092203,70.22783996990255,2.7,/home/aojwang/data/MergeDataset/cropped_images/13Watermelon/water melon_0.jpg
1481FriedGitherithirdCup.JPG,githeri,981.641865844256,1.1123595505617978,145.77683958279582,122.84299509224668,83.98080529253501,6.417,/home/aojwang/data/MergeDataset/cropped_images/1481FriedGitherithirdCup/githeri_0.jpg
1256MincedMeatGreenBeansCabbage.JPG,green cabbage cooked,279.8056930693069,1.2961876832844574,193.91417090183694,183.34176460267543,67.77125436233595,0.5,/home/aojwang/data/MergeDataset/cropped_images/1256MincedMeatGreenBeansCabbage/green cabbage cooked_0.jpg
1256MincedMeatGreenBeansCabbage.JPG,mincemeat,270.34158415841586,1.361875637104995,171.17322312561421,135.02877272976983,22.87423394800613,13.85,/home/aojwang/data/MergeDataset/cropped_images/1256MincedMeatGreenBeansCabbage/mincemeat_1.jpg
1WineWhite.jpg,white wine,41.416248746238715,1.4919354838709677,221.1484064709871,212.18298944105396,185.5660079434273,1.4,/home/aojwang/data/MergeDataset/cropped_images/1WineWhite/white wine_0.jpg
1WaterFlvrd.jpg,flavored water,2032.5,0.7162995594713656,220.55841908198818,218.07964627663898,220.33530677156992,5.0,/home/aojwang/data/MergeDataset/cropped_images/1WaterFlvrd/flavored water_0.jpg
3ChipsChicken.jpg,potato chips,261.9770041520281,1.761658031088083,216.39185675099054,184.6120701005791,123.76364157269126,133.0,/home/aojwang/data/MergeDataset/cropped_images/3ChipsChicken/potato chips_0.jpg
3ChipsChicken.jpg,chicken,228.65027147876077,1.5798319327731092,192.06073859064904,155.0159595420615,106.38952988110138,0.0,/home/aojwang/data/MergeDataset/cropped_images/3ChipsChicken/chicken_1.jpg
229Cucumber.jpg,cucumber,4068.9886363636365,1.3124073158675236,188.99577830467516,197.34581502923535,157.99943810026502,2.4,/home/aojwang/data/MergeDataset/cropped_images/229Cucumber/cucumber_0.jpg
599ButterBeansquotercup.jpg,butternut beans,746.5103092783505,1.3689400164338537,192.77466385074982,82.76568984208309,59.512387535129086,2.4024,/home/aojwang/data/MergeDataset/cropped_images/599ButterBeansquotercup/butternut beans_0.jpg
1315BeefstewPastaSpinach.JPG,spinach cooked,340.54265923297856,1.4186241610738255,92.75200082156223,77.71851719922685,25.6517270667053,2.91,/home/aojwang/data/MergeDataset/cropped_images/1315BeefstewPastaSpinach/spinach cooked_0.jpg
1315BeefstewPastaSpinach.JPG,pasta,423.476938672073,1.3876488095238095,205.67978504404442,165.14491454423592,75.29807385420656,4.4,/home/aojwang/data/MergeDataset/cropped_images/1315BeefstewPastaSpinach/pasta_2.jpg
1127Grilledchickenbreast.jpg,chicken breast grilled,1417.5932749884846,1.1686274509803922,160.08684378548836,126.31067408154745,46.392151988809445,138.26,/home/aojwang/data/MergeDataset/cropped_images/1127Grilledchickenbreast/chicken breast grilled_0.jpg
1683BeefSausage.JPG,sausage,2398.202936746988,1.1967923710446466,146.7549283498076,134.73110984363763,119.72586558051202,17.7,/home/aojwang/data/MergeDataset/cropped_images/1683BeefSausage/sausage_0.jpg
900IrishPotato.jpg,irish potato,196.42048028998641,1.2,162.42774971164937,144.95989042675893,51.512843137254904,15.92,/home/aojwang/data/MergeDataset/cropped_images/900IrishPotato/irish potato_0.jpg
900IrishPotato.jpg,irish potato,242.3271409152696,1.4328703703703705,168.85678999880332,147.85300645455632,33.86040900047867,15.92,/home/aojwang/data/MergeDataset/cropped_images/900IrishPotato/irish potato_1.jpg
213MangoAvocado.jpg,avocado,1316.1295336787564,1.0142984807864164,189.97460523673985,169.690104837154,72.73267194986083,0.8,/home/aojwang/data/MergeDataset/cropped_images/213MangoAvocado/avocado_0.jpg
929Plantain.jpg,plantain,778.3149448345035,1.478395061728395,203.21743369674476,179.23235238021599,106.80820227325447,1.599,/home/aojwang/data/MergeDataset/cropped_images/929Plantain/plantain_0.jpg
424MangoLettuce.jpg,mango,364.04693261816965,1.3526785714285714,189.93369136020746,125.10537298149458,51.56653885254597,0.984,/home/aojwang/data/MergeDataset/cropped_images/424MangoLettuce/mango_0.jpg
424MangoLettuce.jpg,lettuce,1576.366744887697,0.9912764003673095,190.31461888241122,180.07436719291957,147.89761737974294,1.2,/home/aojwang/data/MergeDataset/cropped_images/424MangoLettuce/lettuce_1.jpg
837WhiteChapati1ButterBeans.jpg,white chapati,1265.810888252149,1.1301859799713876,179.77819579507795,120.09014505351224,55.338369008167184,11.31,/home/aojwang/data/MergeDataset/cropped_images/837WhiteChapati1ButterBeans/white chapati_0.jpg
3TadhikadalNan.jpg,tadhikaldal,163.66488294314382,1.1555834378920953,220.78721236122973,166.11002987587818,118.34338732243742,34.0,/home/aojwang/data/MergeDataset/cropped_images/3TadhikadalNan/tadhikaldal_0.jpg
2RiceWMeatballsVegies.jpg,saget,141.47335562987737,1.1874145006839945,117.42857300459569,111.08698865892944,72.22324383616913,3.0,/home/aojwang/data/MergeDataset/cropped_images/2RiceWMeatballsVegies/saget_0.jpg
2RiceWMeatballsVegies.jpg,meatballs,203.52820512820512,0.9741735537190083,172.34380559669773,117.46647108314417,75.8238291280685,48.0,/home/aojwang/data/MergeDataset/cropped_images/2RiceWMeatballsVegies/meatballs_1.jpg
2RiceWMeatballsVegies.jpg,white rice boiled,310.2880713489409,1.61248654467169,218.84579942255263,203.80894942808567,182.06321956365215,28.0,/home/aojwang/data/MergeDataset/cropped_images/2RiceWMeatballsVegies/white rice boiled_2.jpg
2Avocado.jpg,avocado,159.54428851667421,1.1237113402061856,109.04005485671048,92.51865695639837,84.87005107348908,0.0,/home/aojwang/data/MergeDataset/cropped_images/2Avocado/avocado_0.jpg
1760BrownUgali1CupWhiteRiceSpinach.JPG,brown ugali,281.95586206896553,1.0633147113594041,137.0138914707446,112.82663790207647,59.58711317007309,2.94,/home/aojwang/data/MergeDataset/cropped_images/1760BrownUgali1CupWhiteRiceSpinach/brown ugali_0.jpg
1760BrownUgali1CupWhiteRiceSpinach.JPG,white rice boiled,433.227816091954,1.1202775636083269,191.48302902404353,193.91578585979292,141.0273960608976,2.4,/home/aojwang/data/MergeDataset/cropped_images/1760BrownUgali1CupWhiteRiceSpinach/white rice boiled_1.jpg
987MashedBananathirdcup.jpg,boiled mashed banana,487.03420523138834,1.1000870322019147,164.88803899373147,142.59578912868648,60.3524976314021,1.55,/home/aojwang/data/MergeDataset/cropped_images/987MashedBananathirdcup/boiled mashed banana_0.jpg
1MeatMinced.jpg,mincemeat,357.47549811523965,1.3767820773930755,177.2976634148399,154.25459076995384,154.90307864037888,0.0,/home/aojwang/data/MergeDataset/cropped_images/1MeatMinced/mincemeat_0.jpg
1269MincedMeatGreenGramsCabbage.JPG,ndengu,1034.9737206085754,1.1148696264975335,157.05357488090561,141.93237612356774,57.38346167107229,6.0,/home/aojwang/data/MergeDataset/cropped_images/1269MincedMeatGreenGramsCabbage/ndengu_0.jpg
1269MincedMeatGreenGramsCabbage.JPG,green cabbage cooked,1056.7611802674044,0.9881812212738017,200.76144652428,192.89999454652144,108.91101537226535,1.8,/home/aojwang/data/MergeDataset/cropped_images/1269MincedMeatGreenGramsCabbage/green cabbage cooked_1.jpg
1269MincedMeatGreenGramsCabbage.JPG,mincemeat,805.5647763946519,1.4706422018348624,173.2010107195797,139.15995123821733,65.59914209023219,41.55,/home/aojwang/data/MergeDataset/cropped_images/1269MincedMeatGreenGramsCabbage/mincemeat_2.jpg
868WhiteChapati1GreenBeans.jpg,white chapati,651.2842377260982,0.8914223669923995,184.47395922189116,117.66231694882303,49.303668561815854,11.31,/home/aojwang/data/MergeDataset/cropped_images/868WhiteChapati1GreenBeans/white chapati_0.jpg
868WhiteChapati1GreenBeans.jpg,green beans,388.8570198105082,1.033282904689864,144.56693848665338,75.43640397994963,28.41714880289193,1.8,/home/aojwang/data/MergeDataset/cropped_images/868WhiteChapati1GreenBeans/green beans_1.jpg
1355YellowMaizeboiled.JPG,boiled yellow maize,4751.7192982456145,1.2,202.68754972038437,147.2014564134373,76.5280130060649,7.90625,/home/aojwang/data/MergeDataset/cropped_images/1355YellowMaizeboiled/boiled yellow maize_0.jpg
1457MokimoChickenthigh.JPG,chicken thigh,279.1531313131313,1.2024253731343284,155.68394234220673,136.2822997116821,113.05583264824057,50.4,/home/aojwang/data/MergeDataset/cropped_images/1457MokimoChickenthigh/chicken thigh_0.jpg
1457MokimoChickenthigh.JPG,chicken thigh,557.0678787878788,0.8225013653741126,161.40265190829618,139.6178660562556,111.46039182066563,50.4,/home/aojwang/data/MergeDataset/cropped_images/1457MokimoChickenthigh/chicken thigh_1.jpg
1457MokimoChickenthigh.JPG,mukimo,402.14949494949497,1.1152694610778444,138.42286400353655,141.38005113933207,117.39620172406865,15.0,/home/aojwang/data/MergeDataset/cropped_images/1457MokimoChickenthigh/mukimo_2.jpg
1069Beefstew.jpg,beef stew,1986.890824129142,1.1918223119636546,146.15457690927,124.0316400553244,102.16181936785742,61.95,/home/aojwang/data/MergeDataset/cropped_images/1069Beefstew/beef stew_0.jpg
770BrownRice1CupCowpeasthirdcup.jpg,brown rice boiled,3887.412915851272,1.3523102310231023,183.43382576512684,154.26030572855944,61.960032077033205,13.6,/home/aojwang/data/MergeDataset/cropped_images/770BrownRice1CupCowpeasthirdcup/brown rice boiled_0.jpg
770BrownRice1CupCowpeasthirdcup.jpg,cowpeas,3867.553816046967,1.884765625,139.6261501173899,107.7229679404145,39.40372206930052,7.6,/home/aojwang/data/MergeDataset/cropped_images/770BrownRice1CupCowpeasthirdcup/cowpeas_1.jpg
1247MincedMeatRoscocoBeansCabbage.JPG,green cabbage cooked,2062.6002227171493,1.142969363707777,194.1962779698901,154.00313408540586,111.91237842259133,1.2,/home/aojwang/data/MergeDataset/cropped_images/1247MincedMeatRoscocoBeansCabbage/green cabbage cooked_0.jpg
1247MincedMeatRoscocoBeansCabbage.JPG,rosecoco,1780.9955456570156,1.4617590822179731,146.74853970465207,73.02138327578855,56.958200100791956,8.67,/home/aojwang/data/MergeDataset/cropped_images/1247MincedMeatRoscocoBeansCabbage/rosecoco_1.jpg
1604BrownUgali1CupCabbage.JPG,brown ugali,529.1487247432925,1.0224,161.02572143974962,97.08494522691706,64.85749671361502,2.9,/home/aojwang/data/MergeDataset/cropped_images/1604BrownUgali1CupCabbage/brown ugali_0.jpg
1604BrownUgali1CupCabbage.JPG,green cabbage cooked,688.4647234183504,1.2393822393822393,217.0469522125597,174.7383143891555,119.38128627960404,1.2,/home/aojwang/data/MergeDataset/cropped_images/1604BrownUgali1CupCabbage/green cabbage cooked_1.jpg
1007Kales.jpg,sukumawiki,4303.165327210103,1.11796832332059,101.67330539530215,112.22593706552489,37.4032473358863,3.1,/home/aojwang/data/MergeDataset/cropped_images/1007Kales/sukumawiki_0.jpg
16Pawpaw.jpg,pawpaw,6501.887850467289,1.6415770609318996,166.20515456969284,129.67492355443375,88.98477684730275,2.23206,/home/aojwang/data/MergeDataset/cropped_images/16Pawpaw/pawpaw_0.jpg
1RiceNdengu.jpg,white rice boiled,120.37101449275362,1.053072625698324,211.1289621089756,204.66228161166515,164.14331942859684,14.0,/home/aojwang/data/MergeDataset/cropped_images/1RiceNdengu/white rice boiled_0.jpg
1RiceNdengu.jpg,ndengu,336.32441471571906,1.1709251101321585,165.3703403904098,140.6613730306315,70.05440810387061,18.0,/home/aojwang/data/MergeDataset/cropped_images/1RiceNdengu/ndengu_1.jpg
1Ndengu.jpg,ndengu,727.0232558139535,1.3181818181818181,166.60538353272344,154.00678317303934,134.46655595362492,9.0,/home/aojwang/data/MergeDataset/cropped_images/1Ndengu/ndengu_0.jpg
105PineapplePawpaw.jpg,pawpaw,2125.9447674418607,1.0259631490787269,174.16086008272657,100.05040371927666,81.37080641301746,0.235449,/home/aojwang/data/MergeDataset/cropped_images/105PineapplePawpaw/pawpaw_0.jpg
105PineapplePawpaw.jpg,pineapple,2325.8023255813955,1.3394327538883806,183.64801468860458,155.80109327113925,87.9963084756948,0.2400861,/home/aojwang/data/MergeDataset/cropped_images/105PineapplePawpaw/pineapple_1.jpg
1598WhiteUgalihalfCupSpinach.JPG,white ugali,1843.0234857849196,1.0546677880571909,173.80389951482422,189.64857351345333,196.3021832239441,5.03,/home/aojwang/data/MergeDataset/cropped_images/1598WhiteUgalihalfCupSpinach/white ugali_0.jpg
1598WhiteUgalihalfCupSpinach.JPG,spinach cooked,8735.636588380718,1.3301518438177875,109.85899749969224,128.65445180716924,120.86830297447479,3.29,/home/aojwang/data/MergeDataset/cropped_images/1598WhiteUgalihalfCupSpinach/spinach cooked_1.jpg
56Mango.jpg,mango,9764.395061728395,1.3700607902735562,171.80183778471206,128.98714949923044,46.52181479027693,1.107,/home/aojwang/data/MergeDataset/cropped_images/56Mango/mango_0.jpg
1693BeefSausageChipsKachumbarithirdCup.JPG,kachumbari,508.76536312849163,0.9599589322381931,178.91635023992797,78.77476309172167,46.97547903238204,0.92,/home/aojwang/data/MergeDataset/cropped_images/1693BeefSausageChipsKachumbarithirdCup/kachumbari_0.jpg
1693BeefSausageChipsKachumbarithirdCup.JPG,potato chips,844.0301675977654,1.2623400365630713,217.4434649136161,175.35365438763475,77.51672078760191,4.8,/home/aojwang/data/MergeDataset/cropped_images/1693BeefSausageChipsKachumbarithirdCup/potato chips_1.jpg
1SpaghettiCarrotZuccini.jpg,zucchini,484.2455892731122,1.5945121951219512,178.11021516345662,176.16700963018235,138.07579688010074,3.0,/home/aojwang/data/MergeDataset/cropped_images/1SpaghettiCarrotZuccini/zucchini_0.jpg
1SpaghettiCarrotZuccini.jpg,carrot,505.1347918136909,1.4649499284692418,218.5659996982296,148.0255009947246,106.57044382600144,4.0,/home/aojwang/data/MergeDataset/cropped_images/1SpaghettiCarrotZuccini/carrot_2.jpg
967MashedIrishpotato.jpg,irish potato mashed,1094.1164049810504,1.0941869021339221,178.39049095100881,167.7340463066468,87.31062586567025,11.43,/home/aojwang/data/MergeDataset/cropped_images/967MashedIrishpotato/irish potato mashed_0.jpg
1157BoiledEggs.jpg,boiled egg,1322.9987587918909,1.1576413959085439,168.1691253180423,154.3402229986165,69.45006235755334,16.0,/home/aojwang/data/MergeDataset/cropped_images/1157BoiledEggs/boiled egg_0.jpg
1685BeefSausageChips.JPG,sausage,303.72030848329047,1.8740554156171285,171.879735617941,94.35219370412503,50.263234338181526,7.5,/home/aojwang/data/MergeDataset/cropped_images/1685BeefSausageChips/sausage_0.jpg
1685BeefSausageChips.JPG,potato chips,490.2159383033419,1.6971698113207547,224.59863760789537,178.38849360755975,86.09109043808405,4.8,/home/aojwang/data/MergeDataset/cropped_images/1685BeefSausageChips/potato chips_1.jpg
1Orange.jpg,orange,85.63573260902369,1.2492581602373887,213.82164304291746,188.16818617534906,126.83518822642148,8.0,/home/aojwang/data/MergeDataset/cropped_images/1Orange/orange_0.jpg
1Honey.jpg,honey,105.28,1.175,207.0206768345636,174.46354211897525,119.17460377768128,4.0,/home/aojwang/data/MergeDataset/cropped_images/1Honey/honey_0.jpg
493PineappleRedCabbage.jpg,red cabbage,1584.595744680851,0.8937644341801386,147.16389023160332,23.578418998514064,70.45123857946781,1.3,/home/aojwang/data/MergeDataset/cropped_images/493PineappleRedCabbage/red cabbage_0.jpg
493PineappleRedCabbage.jpg,pineapple,2707.971631205674,1.3771929824561404,202.58470918538384,105.17245380070399,55.08849365152531,0.2400861,/home/aojwang/data/MergeDataset/cropped_images/493PineappleRedCabbage/pineapple_1.jpg
493PineappleRedCabbage.jpg,red cabbage,6281.796690307328,0.7978082191780822,148.27987543278638,24.908490892668976,65.23703108535301,1.3,/home/aojwang/data/MergeDataset/cropped_images/493PineappleRedCabbage/red cabbage_2.jpg
793BrownRiceEggyolkBeans.jpg,brown rice boiled,222.57748234316577,1.850197109067017,166.514134549337,137.6690592895114,56.60414395681519,4.0,/home/aojwang/data/MergeDataset/cropped_images/793BrownRiceEggyolkBeans/brown rice boiled_0.jpg
1UgaliWChickenCabbage.jpg,white ugali,105.28294314381272,1.0645645645645645,211.02906220748253,199.87701453216263,152.3259825410742,48.0,/home/aojwang/data/MergeDataset/cropped_images/1UgaliWChickenCabbage/white ugali_0.jpg
1UgaliWChickenCabbage.jpg,green cabbage cooked,186.32329988851728,1.0573678290213724,212.12972381111936,196.9983785271522,122.57029294210564,2.0,/home/aojwang/data/MergeDataset/cropped_images/1UgaliWChickenCabbage/green cabbage cooked_1.jpg
1UgaliWChickenCabbage.jpg,chicken,131.99910813823857,1.392638036809816,190.57668542742087,145.17030282965325,61.478750574308805,0.0,/home/aojwang/data/MergeDataset/cropped_images/1UgaliWChickenCabbage/chicken_2.jpg
1200MincedMeatCabbagePasta.JPG,pasta,356.7447225244831,1.3021390374331552,198.389667297446,173.46539498133893,59.693743815739225,2.2,/home/aojwang/data/MergeDataset/cropped_images/1200MincedMeatCabbagePasta/pasta_0.jpg
1200MincedMeatCabbagePasta.JPG,mincemeat,313.8346028291621,1.614814814814815,151.8661902681562,113.1110389925593,36.59900628956986,27.7,/home/aojwang/data/MergeDataset/cropped_images/1200MincedMeatCabbagePasta/mincemeat_1.jpg
1200MincedMeatCabbagePasta.JPG,green cabbage cooked,247.1973884657236,0.9595588235294118,186.1093741196191,181.41877782003607,82.50184439796034,0.5,/home/aojwang/data/MergeDataset/cropped_images/1200MincedMeatCabbagePasta/green cabbage cooked_2.jpg
55Mango.jpg,mango,11864.12213740458,1.1613691931540342,173.9979291596963,116.2895238708017,68.74701421953417,2.87,/home/aojwang/data/MergeDataset/cropped_images/55Mango/mango_0.jpg
1724GitheriWhiteChapatihalf.JPG,githeri,7304.107744107744,0.9099740932642487,170.97297033171685,130.91639085058912,36.03479108660778,13.4,/home/aojwang/data/MergeDataset/cropped_images/1724GitheriWhiteChapatihalf/githeri_0.jpg
149PineappleAppleBanana.jpg,ripe banana,1528.2030456852792,1.3333333333333333,163.42987517272533,145.65819648171768,123.46530711894133,0.7,/home/aojwang/data/MergeDataset/cropped_images/149PineappleAppleBanana/ripe banana_0.jpg
149PineappleAppleBanana.jpg,apple,2213.1776649746193,1.6185286103542234,163.02928581913596,138.83932880118167,109.33218997421994,0.15,/home/aojwang/data/MergeDataset/cropped_images/149PineappleAppleBanana/apple_2.jpg
2Fish.jpg,fish fry,491.09971724787937,1.9328165374677002,171.34534200494073,162.91344283387147,166.15599143893718,0.0,/home/aojwang/data/MergeDataset/cropped_images/2Fish/fish fry_0.jpg
48Apple.jpg,apple,28612.87,1.3524550315994166,152.89683977874293,93.85299482365802,73.47843313166418,0.9,/home/aojwang/data/MergeDataset/cropped_images/48Apple/apple_0.jpg
862WhiteChapatihalfGreenBeans.jpg,green beans,456.6866779089376,1.337972166998012,157.02820521152432,90.73588188550717,40.522983938863106,0.9,/home/aojwang/data/MergeDataset/cropped_images/862WhiteChapatihalfGreenBeans/green beans_0.jpg
1MangoGrapeApple.jpg,mango grape apple,2725.719237435009,1.4211026615969582,171.4237865127103,155.57117705405852,134.99384450068035,39.0,/home/aojwang/data/MergeDataset/cropped_images/1MangoGrapeApple/mango grape apple_0.jpg
741WhiteRiceButterBeans.jpg,white rice boiled,545.1700577744285,1.2666157372039726,210.8902116828747,155.65057535241314,132.34413879599433,7.2,/home/aojwang/data/MergeDataset/cropped_images/741WhiteRiceButterBeans/white rice boiled_0.jpg
741WhiteRiceButterBeans.jpg,butternut beans,1119.8256719417232,2.016139878950908,194.77244255641398,116.86246962220498,66.1654683036842,13.86,/home/aojwang/data/MergeDataset/cropped_images/741WhiteRiceButterBeans/butternut beans_1.jpg
776BrownRiceMonkeynuts.jpg,brown rice boiled,1124.619362846504,1.6208494208494209,197.36205363465965,145.03250049205266,83.03290333142644,16.0,/home/aojwang/data/MergeDataset/cropped_images/776BrownRiceMonkeynuts/brown rice boiled_0.jpg
776BrownRiceMonkeynuts.jpg,monkeynut beans,497.72445179975176,1.8703241895261846,152.32211637572735,87.49123857024107,53.5221961762261,3.9,/home/aojwang/data/MergeDataset/cropped_images/776BrownRiceMonkeynuts/monkeynut beans_1.jpg
990MashedBanana1cup.jpg,boiled mashed banana,831.4424707307227,1.2167563412759417,163.56444554288626,140.19361266881057,59.26693009847617,3.65,/home/aojwang/data/MergeDataset/cropped_images/990MashedBanana1cup/boiled mashed banana_0.jpg
1ColaSugarless.jpg,cola sugarless,44.50402403691383,0.3994111874386654,157.65144080649478,136.418869489527,136.66976826054352,0.0,/home/aojwang/data/MergeDataset/cropped_images/1ColaSugarless/cola sugarless_0.jpg
1372BeefstewSpinachNjahi.JPG,beef stew,3464.6767955801106,1.1238286479250335,173.22709579632806,124.65711605604471,72.67703013762416,35.4,/home/aojwang/data/MergeDataset/cropped_images/1372BeefstewSpinachNjahi/beef stew_0.jpg
1372BeefstewSpinachNjahi.JPG,spinach cooked,5118.767955801105,1.497774952320407,133.76569594936626,116.43378203059481,70.83578468143988,4.38,/home/aojwang/data/MergeDataset/cropped_images/1372BeefstewSpinachNjahi/spinach cooked_1.jpg
1372BeefstewSpinachNjahi.JPG,black beans,3890.191988950276,1.266934942991281,152.72998357180316,108.90341129182009,73.52487361081967,14.25,/home/aojwang/data/MergeDataset/cropped_images/1372BeefstewSpinachNjahi/black beans_2.jpg
454MangoCucumber.jpg,cucumber,1440.0357025876187,1.1938509640437729,179.513007033663,152.35433894190035,91.3949728290847,0.9,/home/aojwang/data/MergeDataset/cropped_images/454MangoCucumber/cucumber_0.jpg
454MangoCucumber.jpg,mango,1086.5663282017688,0.6773610483506552,205.92714679194174,155.80155319693472,67.2703745560755,0.82,/home/aojwang/data/MergeDataset/cropped_images/454MangoCucumber/mango_1.jpg
1259MincedMeatGreenBeansCabbage.JPG,green cabbage cooked,563.1684612712747,1.2541776605101143,202.25499734174107,193.1622734466455,105.38704373236821,1.2,/home/aojwang/data/MergeDataset/cropped_images/1259MincedMeatGreenBeansCabbage/green cabbage cooked_0.jpg
1259MincedMeatGreenBeansCabbage.JPG,mincemeat,661.9583188607155,1.0021754894851342,171.19859343533193,134.8528616659443,51.087647144630694,41.55,/home/aojwang/data/MergeDataset/cropped_images/1259MincedMeatGreenBeansCabbage/mincemeat_1.jpg
1163MincedMeatWhiteChapatihalfCabbage.JPG,mincemeat,671.1069894572432,0.993916349809886,156.1191525014473,97.89139439287138,34.73811445245112,27.7,/home/aojwang/data/MergeDataset/cropped_images/1163MincedMeatWhiteChapatihalfCabbage/mincemeat_0.jpg
1163MincedMeatWhiteChapatihalfCabbage.JPG,green cabbage cooked,578.119875048809,1.295603367633302,186.42361058109574,161.50007395825241,74.29555743922084,1.2,/home/aojwang/data/MergeDataset/cropped_images/1163MincedMeatWhiteChapatihalfCabbage/green cabbage cooked_1.jpg
29Pawpaw.jpg,pawpaw,43933.31491712707,1.3611915597848572,148.4466152242286,86.583482751986,53.00474677216726,1.412694,/home/aojwang/data/MergeDataset/cropped_images/29Pawpaw/pawpaw_0.jpg
1270MincedMeatGreenGramsCabbage.JPG,ndengu,1315.26852248394,1.180409175449473,161.38593824076437,145.70999383944527,60.92537914111708,9.0,/home/aojwang/data/MergeDataset/cropped_images/1270MincedMeatGreenGramsCabbage/ndengu_0.jpg
1270MincedMeatGreenGramsCabbage.JPG,green cabbage cooked,1054.2766595289079,0.9936467598475223,209.0267949122083,200.88173508450947,115.13977412687632,1.8,/home/aojwang/data/MergeDataset/cropped_images/1270MincedMeatGreenGramsCabbage/green cabbage cooked_1.jpg
1270MincedMeatGreenGramsCabbage.JPG,mincemeat,752.6119914346895,1.5435801312089972,181.91544024550615,145.09946288415108,68.79076153911375,41.55,/home/aojwang/data/MergeDataset/cropped_images/1270MincedMeatGreenGramsCabbage/mincemeat_2.jpg
1129MincedMeatBrownRiceKales.JPG,brown rice boiled,343.16510238907847,1.8091198303287381,198.07763690996407,171.57450343681273,101.8925612180328,20.0,/home/aojwang/data/MergeDataset/cropped_images/1129MincedMeatBrownRiceKales/brown rice boiled_0.jpg
1129MincedMeatBrownRiceKales.JPG,mincemeat,510.4891211604096,1.0077871512005192,163.712555256139,122.16278346780614,48.20101680906478,69.25,/home/aojwang/data/MergeDataset/cropped_images/1129MincedMeatBrownRiceKales/mincemeat_1.jpg
1129MincedMeatBrownRiceKales.JPG,sukumawiki,354.8711604095563,0.8598130841121495,100.60565171708234,107.01319579523405,39.059152362656256,3.0,/home/aojwang/data/MergeDataset/cropped_images/1129MincedMeatBrownRiceKales/sukumawiki_2.jpg
1536NjahihalfCup.JPG,black beans,1299.010960105217,1.3204272363150868,111.17016183357386,121.24088201187698,130.83365079965063,10.355,/home/aojwang/data/MergeDataset/cropped_images/1536NjahihalfCup/black beans_0.jpg
2RiceWLentilKitojo.jpg,kamande,220.57274983081436,1.3501762632197414,156.68760655308503,116.67132713369517,77.35586761696422,90.0,/home/aojwang/data/MergeDataset/cropped_images/2RiceWLentilKitojo/kamande_0.jpg
2RiceWLentilKitojo.jpg,kitojo,249.1529438303632,1.7923566878980892,108.26808179303664,101.2342880683027,68.11421690455819,1.0,/home/aojwang/data/MergeDataset/cropped_images/2RiceWLentilKitojo/kitojo_1.jpg
2RiceWLentilKitojo.jpg,white rice boiled,205.43356643356643,1.1268075639599555,217.3898639159228,210.06871515679921,182.7536189711723,71.0,/home/aojwang/data/MergeDataset/cropped_images/2RiceWLentilKitojo/white rice boiled_2.jpg
2Lettuce.jpg,lettuce,843.6845310596833,1.0526690391459075,197.5777068760993,211.12332753447433,187.94965194815194,2.0,/home/aojwang/data/MergeDataset/cropped_images/2Lettuce/lettuce_0.jpg
109BananaPineapple.jpg,ripe banana,17548.0,1.6155632984901278,176.37329405644883,157.3490756071677,120.77165384573637,2.1,/home/aojwang/data/MergeDataset/cropped_images/109BananaPineapple/ripe banana_0.jpg
109BananaPineapple.jpg,pineapple,3378.6593406593406,1.1412680756395996,188.11358082513166,171.03535875902833,115.49375632877769,0.72025,/home/aojwang/data/MergeDataset/cropped_images/109BananaPineapple/pineapple_1.jpg
109BananaPineapple.jpg,pineapple,10560.934065934065,2.404566210045662,185.68324653545534,163.03683420998323,99.77682592039568,0.72025,/home/aojwang/data/MergeDataset/cropped_images/109BananaPineapple/pineapple_2.jpg
460GrapesLettuce.jpg,lettuce,1602.1859612362493,1.9481245011971269,201.40783234534535,175.13677129824922,122.20960362888184,0.6,/home/aojwang/data/MergeDataset/cropped_images/460GrapesLettuce/lettuce_0.jpg
460GrapesLettuce.jpg,red grapes,926.330015715034,1.4694621695533272,143.98905202774995,78.38935762094229,57.110006763313436,1.180098,/home/aojwang/data/MergeDataset/cropped_images/460GrapesLettuce/red grapes_1.jpg
1439Githeri.JPG,githeri,256.35115456625755,1.2883435582822085,129.7761701885935,115.13064969000551,16.827256792287468,3.35,/home/aojwang/data/MergeDataset/cropped_images/1439Githeri/githeri_0.jpg
1178MincedMeatCabbageWhiteRice.JPG,mincemeat,919.5965665236051,1.6969981238273921,189.2669164081614,121.16129380199274,40.82595880302469,27.7,/home/aojwang/data/MergeDataset/cropped_images/1178MincedMeatCabbageWhiteRice/mincemeat_0.jpg
1178MincedMeatCabbageWhiteRice.JPG,green cabbage cooked,718.2880305197901,1.037344398340249,220.5452089626556,190.20529593360996,94.86116780082988,1.2,/home/aojwang/data/MergeDataset/cropped_images/1178MincedMeatCabbageWhiteRice/green cabbage cooked_1.jpg
1178MincedMeatCabbageWhiteRice.JPG,white rice boiled,616.0429184549356,1.2465618860510805,239.80954636867358,207.7379710521875,160.746966734322,2.6,/home/aojwang/data/MergeDataset/cropped_images/1178MincedMeatCabbageWhiteRice/white rice boiled_2.jpg
1169PlantainsChickendrumstick.jpg,chicken drumstick,298.1092869394756,2.2704918032786887,133.32380008285494,85.48492829101814,15.236933906742157,55.19,/home/aojwang/data/MergeDataset/cropped_images/1169PlantainsChickendrumstick/chicken drumstick_0.jpg
1169PlantainsChickendrumstick.jpg,plantain,478.91252144082335,1.8822374877330716,169.35937009130996,123.81127759227442,11.161782237590064,1.95,/home/aojwang/data/MergeDataset/cropped_images/1169PlantainsChickendrumstick/plantain_1.jpg
1169PlantainsChickendrumstick.jpg,chicken drumstick,250.53859348198972,0.5014005602240896,146.38769110996353,100.37147414831854,12.481119822230568,55.19,/home/aojwang/data/MergeDataset/cropped_images/1169PlantainsChickendrumstick/chicken drumstick_2.jpg
1PastaChickenBroccoli.jpg,chicken,354.889662027833,1.2559681697612732,206.99257042342285,129.41950428408572,97.16252776462878,0.0,/home/aojwang/data/MergeDataset/cropped_images/1PastaChickenBroccoli/chicken_0.jpg
1PastaChickenBroccoli.jpg,broccoli,715.7256461232604,1.3416988416988418,165.28179981111637,133.28813574622927,93.67923113246854,8.0,/home/aojwang/data/MergeDataset/cropped_images/1PastaChickenBroccoli/broccoli_1.jpg
1PastaChickenBroccoli.jpg,pasta,372.8503976143141,0.8767567567567568,200.08076382177492,144.9478788282734,111.15743259906021,23.0,/home/aojwang/data/MergeDataset/cropped_images/1PastaChickenBroccoli/pasta_2.jpg
377CucumberCarrotsgrated.jpg,cucumber,819.6004378762999,1.2534309240622141,160.65643344174273,138.4965219946441,91.12205408004488,0.6,/home/aojwang/data/MergeDataset/cropped_images/377CucumberCarrotsgrated/cucumber_0.jpg
377CucumberCarrotsgrated.jpg,carrot,1011.1034482758621,1.1507498026835044,204.0261405109983,117.18159234682665,37.60496425567021,0.7,/home/aojwang/data/MergeDataset/cropped_images/377CucumberCarrotsgrated/carrot_1.jpg
3Strawberry.jpg,strawberry,4894.645161290323,1.2543859649122806,191.87417403533107,117.2474395982443,123.53130529033095,10.0,/home/aojwang/data/MergeDataset/cropped_images/3Strawberry/strawberry_0.jpg
1501FriedGitheriBeefstewCabbage.JPG,githeri,1371.3861720067453,1.1308962264150944,167.44700804936352,106.44699114151928,46.98122614456883,13.8,/home/aojwang/data/MergeDataset/cropped_images/1501FriedGitheriBeefstewCabbage/githeri_0.jpg
1501FriedGitheriBeefstewCabbage.JPG,green cabbage cooked,1230.6745362563238,1.6354790419161678,202.87736917469408,147.91475013360008,64.61903869606326,1.65,/home/aojwang/data/MergeDataset/cropped_images/1501FriedGitheriBeefstewCabbage/green cabbage cooked_1.jpg
1501FriedGitheriBeefstewCabbage.JPG,beef stew,1581.7322934232716,1.0103788271925271,149.78610020765652,99.59189539933297,46.44780108260709,35.4,/home/aojwang/data/MergeDataset/cropped_images/1501FriedGitheriBeefstewCabbage/beef stew_2.jpg
1608BrownUgali1CupCabbage.JPG,green cabbage cooked,1830.812101910828,1.3808219178082193,195.5176977603827,153.61812502717981,105.08717286366601,2.4,/home/aojwang/data/MergeDataset/cropped_images/1608BrownUgali1CupCabbage/green cabbage cooked_0.jpg
1608BrownUgali1CupCabbage.JPG,brown ugali,442.24004777070064,0.9943235572374646,153.49518186490857,90.92296384845896,60.895253158005126,2.9,/home/aojwang/data/MergeDataset/cropped_images/1608BrownUgali1CupCabbage/brown ugali_1.jpg
2RiceBChicken.jpg,chicken,221.55669414123412,1.4648058252427185,207.45289914817286,143.75136441148317,112.4858079085593,0.0,/home/aojwang/data/MergeDataset/cropped_images/2RiceBChicken/chicken_0.jpg
2RiceBChicken.jpg,brown rice boiled,361.06527066161726,1.4899328859060403,207.06636262340962,180.48583743310493,142.18872522707613,49.0,/home/aojwang/data/MergeDataset/cropped_images/2RiceBChicken/brown rice boiled_1.jpg
2Ndengu.jpg,ndengu,681.7498984977669,1.4530232558139535,170.8024452848167,155.97066551529048,127.5801155346455,18.0,/home/aojwang/data/MergeDataset/cropped_images/2Ndengu/ndengu_0.jpg
409BananaCarrots.jpg,carrot,2238.559224694903,1.3281033687125057,210.28224411725185,123.16142638663919,28.56077917771564,3.15,/home/aojwang/data/MergeDataset/cropped_images/409BananaCarrots/carrot_0.jpg
592ButterBeans.jpg,butternut beans,2409.634419551935,1.1119728550654386,193.58805896729058,111.27381362410993,67.88865619642128,13.86,/home/aojwang/data/MergeDataset/cropped_images/592ButterBeans/butternut beans_0.jpg
266Carrots.jpg,carrot,4702.803410230692,1.4584495259341885,198.76442144349335,126.10810108143097,67.2943627171313,3.5,/home/aojwang/data/MergeDataset/cropped_images/266Carrots/carrot_0.jpg
3RiceWChickenMakhni.jpg,white rice boiled,354.9609810479376,1.6080402010050252,214.8381048994975,204.64623492462312,168.77797613065326,127.0,/home/aojwang/data/MergeDataset/cropped_images/3RiceWChickenMakhni/white rice boiled_0.jpg
3RiceWChickenMakhni.jpg,chicken makhni,176.549386845039,1.1833740831295843,225.3354950089919,157.2658229606579,86.78021757360221,58.0,/home/aojwang/data/MergeDataset/cropped_images/3RiceWChickenMakhni/chicken makhni_1.jpg
1PotatoAvocadoLettuce.jpg,potato chips,153.57859531772576,1.8211382113821137,194.18530052264808,177.2163632404181,88.28331881533101,8.0,/home/aojwang/data/MergeDataset/cropped_images/1PotatoAvocadoLettuce/potato chips_0.jpg
1PotatoAvocadoLettuce.jpg,avocado,136.94715719063547,0.7352297592997812,173.40614417265812,182.7224344196103,72.69517980879442,0.0,/home/aojwang/data/MergeDataset/cropped_images/1PotatoAvocadoLettuce/avocado_1.jpg
1PotatoAvocadoLettuce.jpg,lettuce,410.7826086956522,1.3209144792548688,172.65611715408497,184.9362817256128,105.61657602205867,2.0,/home/aojwang/data/MergeDataset/cropped_images/1PotatoAvocadoLettuce/lettuce_2.jpg
785BrownRicethirdcupMonkeynutsquotercup.jpg,brown rice boiled,924.9444101297097,1.3712918660287081,196.45598052735085,143.77754368157278,92.07437002707873,5.6,/home/aojwang/data/MergeDataset/cropped_images/785BrownRicethirdcupMonkeynutsquotercup/brown rice boiled_0.jpg
785BrownRicethirdcupMonkeynutsquotercup.jpg,monkeynut beans,1027.2229771463867,1.1903553299492386,158.5072859054979,98.12194406262138,75.99777340034177,4.29,/home/aojwang/data/MergeDataset/cropped_images/785BrownRicethirdcupMonkeynutsquotercup/monkeynut beans_1.jpg
1RiceWBeanTerere.jpg,terere,164.44147157190636,1.0452380952380953,105.09623332248617,102.25588051849441,66.99664958238421,1.0,/home/aojwang/data/MergeDataset/cropped_images/1RiceWBeanTerere/terere_0.jpg
1RiceWBeanTerere.jpg,white rice boiled,177.41984392419175,1.8490853658536586,195.0037990368568,185.15789817626123,148.89618563127098,28.0,/home/aojwang/data/MergeDataset/cropped_images/1RiceWBeanTerere/white rice boiled_1.jpg
1RiceWBeanTerere.jpg,rosecoco,210.34960981047936,1.2966002344665886,164.99492695708582,111.10637172494059,69.97824082220183,49.0,/home/aojwang/data/MergeDataset/cropped_images/1RiceWBeanTerere/rosecoco_2.jpg
1079BeefChops.jpg,beef roast,1122.920822308162,1.2690647482014388,124.1929210373198,109.55900114375619,34.78400046402787,118.83,/home/aojwang/data/MergeDataset/cropped_images/1079BeefChops/beef roast_0.jpg
1Coconut.jpg,coconut,562.0525727069352,1.015075376884422,197.1887576496343,193.08096721229913,203.0816030648291,10.0,/home/aojwang/data/MergeDataset/cropped_images/1Coconut/coconut_0.jpg
1Coconut.jpg,coconut,389.00671140939596,0.906392694063927,199.6417020346664,188.12189451709742,191.5846919821032,10.0,/home/aojwang/data/MergeDataset/cropped_images/1Coconut/coconut_1.jpg
349OnionsCarrots.jpg,onions,1438.0670032124829,1.0385722510074842,189.26400712546928,152.80747765791364,152.61764938657393,3.75,/home/aojwang/data/MergeDataset/cropped_images/349OnionsCarrots/onions_0.jpg
821WhiteChapati2EggyolkBeans.jpg,white chapati,2224.8706009745533,0.8840445269016698,198.9617354239225,154.65897458859533,101.87541296209412,24.57,/home/aojwang/data/MergeDataset/cropped_images/821WhiteChapati2EggyolkBeans/white chapati_1.jpg
1531Njahi.JPG,black beans,1016.2578490313962,1.2265422498703993,108.80350958607927,113.20049544107445,127.07808827930852,33.25,/home/aojwang/data/MergeDataset/cropped_images/1531Njahi/black beans_0.jpg
1WaterTonic.jpg,water tonic,343.6125,1.0481283422459893,212.00579928941272,208.78932785235307,213.49898141074613,0.0,/home/aojwang/data/MergeDataset/cropped_images/1WaterTonic/water tonic_0.jpg
657SweetPotatowhole.jpg,sweet potato,421.34879867439935,1.3940397350993377,200.71426977316702,169.78827315127967,85.26419574176904,3.87,/home/aojwang/data/MergeDataset/cropped_images/657SweetPotatowhole/sweet potato_0.jpg
1274MincedMeatGreenGramsCabbage.JPG,ndengu,936.7589315525877,1.215931533903884,154.4406540791911,136.93509643059417,58.062517977482834,15.0,/home/aojwang/data/MergeDataset/cropped_images/1274MincedMeatGreenGramsCabbage/ndengu_0.jpg
1274MincedMeatGreenGramsCabbage.JPG,green cabbage cooked,751.4774624373956,0.9073015873015873,204.72003510058093,194.07417241494218,115.73648971975074,3.0,/home/aojwang/data/MergeDataset/cropped_images/1274MincedMeatGreenGramsCabbage/green cabbage cooked_1.jpg
1274MincedMeatGreenGramsCabbage.JPG,mincemeat,534.7579298831386,1.5984015984015985,176.27142045454545,137.83852522477522,64.84500124875125,69.25,/home/aojwang/data/MergeDataset/cropped_images/1274MincedMeatGreenGramsCabbage/mincemeat_2.jpg
147ApplePineapple.jpg,apple,1389.3300553165334,1.213186813186813,165.9662627630019,143.38902691511387,100.2050468050468,0.6,/home/aojwang/data/MergeDataset/cropped_images/147ApplePineapple/apple_0.jpg
147ApplePineapple.jpg,pineapple,971.120467117394,0.9904988123515439,187.94497956662383,171.2597788752371,99.93834987433648,0.960343,/home/aojwang/data/MergeDataset/cropped_images/147ApplePineapple/pineapple_1.jpg
147ApplePineapple.jpg,apple,118.25568531038722,1.3465608465608465,185.82189894075944,144.39008430265798,53.53909522770034,0.6,/home/aojwang/data/MergeDataset/cropped_images/147ApplePineapple/apple_2.jpg
851WhiteChapati3MonkeynutBeans.jpg,monkeynut beans,409.0084210526316,1.6228323699421965,122.64894301494243,81.00247067361887,25.376162632090963,3.9,/home/aojwang/data/MergeDataset/cropped_images/851WhiteChapati3MonkeynutBeans/monkeynut beans_0.jpg
548Pigeonpea.jpg,mbaazi,1160.4039788875355,1.3086124401913874,186.6779911303937,159.70877618676906,129.61230933407975,8.55,/home/aojwang/data/MergeDataset/cropped_images/548Pigeonpea/mbaazi_0.jpg
3Bacon.jpg,bacon,689.9930442847207,1.3494949494949495,196.63582128671948,155.86031136380439,162.0115550044692,0.0,/home/aojwang/data/MergeDataset/cropped_images/3Bacon/bacon_0.jpg
199AvocadoPineapple.jpg,avocado,2128.54094292804,1.0670347003154574,176.13314319621546,178.21227975686696,71.57496660068408,1.6,/home/aojwang/data/MergeDataset/cropped_images/199AvocadoPineapple/avocado_0.jpg
199AvocadoPineapple.jpg,pineapple,1972.0272952853597,0.8568281938325991,216.012005380464,201.09527925941865,109.33033230279077,0.48017,/home/aojwang/data/MergeDataset/cropped_images/199AvocadoPineapple/pineapple_1.jpg
3Butter.jpg,butter,413.60535931790497,1.1407407407407408,201.91166082594654,192.57001894552914,178.32497079639936,0.0,/home/aojwang/data/MergeDataset/cropped_images/3Butter/butter_0.jpg
1PotatoBacon.jpg,bacon,179.94871794871796,2.2049586776859504,206.3518121104737,159.85050367378295,95.20437260708489,0.0,/home/aojwang/data/MergeDataset/cropped_images/1PotatoBacon/bacon_0.jpg
1PotatoBacon.jpg,potato chips,55.41181716833891,2.536741214057508,209.06278719791408,171.52728128696856,93.13122781886513,8.0,/home/aojwang/data/MergeDataset/cropped_images/1PotatoBacon/potato chips_1.jpg
1071Beefstew.jpg,beef stew,1162.9337912612098,1.2789738891433806,141.36085743968437,120.31814312734375,96.92577362584284,79.65,/home/aojwang/data/MergeDataset/cropped_images/1071Beefstew/beef stew_0.jpg
1305BeefSamosa.JPG,samosa,2041.3586981971434,1.418717224687374,196.33511843528862,172.3171417845644,116.57323049011183,61.596,/home/aojwang/data/MergeDataset/cropped_images/1305BeefSamosa/samosa_0.jpg
1174MincedMeatCabbageWhiteRice.JPG,green cabbage cooked,585.7253623188406,0.983619344773791,208.23304375473987,182.9978448622481,83.05174866788487,1.8,/home/aojwang/data/MergeDataset/cropped_images/1174MincedMeatCabbageWhiteRice/green cabbage cooked_0.jpg
1174MincedMeatCabbageWhiteRice.JPG,white rice boiled,1205.5688405797102,1.5760495526496903,229.66866654444803,200.76912035631744,139.65325677637293,5.2,/home/aojwang/data/MergeDataset/cropped_images/1174MincedMeatCabbageWhiteRice/white rice boiled_1.jpg
1174MincedMeatCabbageWhiteRice.JPG,mincemeat,771.4648550724638,1.4235486508585447,180.41135887261342,123.34584122150454,55.36081039129869,55.4,/home/aojwang/data/MergeDataset/cropped_images/1174MincedMeatCabbageWhiteRice/mincemeat_2.jpg
1242MincedMeatButterBeansSpinach.JPG,mincemeat,897.745280191789,1.3566621803499328,151.09021168471875,110.54878902828516,44.17421796556218,83.1,/home/aojwang/data/MergeDataset/cropped_images/1242MincedMeatButterBeansSpinach/mincemeat_0.jpg
852WhiteChapati1MonkeynutBeans.jpg,white chapati,26029.128440366974,1.3971929824561404,172.12378369328647,138.36231815097764,52.362557121079945,11.31,/home/aojwang/data/MergeDataset/cropped_images/852WhiteChapati1MonkeynutBeans/white chapati_0.jpg
1RiceWButternutSpinach.jpg,butternut beans,297.143143812709,1.5711183496199783,206.25792477903664,142.34622908454872,65.20877895559873,43.0,/home/aojwang/data/MergeDataset/cropped_images/1RiceWButternutSpinach/butternut beans_0.jpg
1RiceWButternutSpinach.jpg,white rice boiled,86.77391304347826,1.1294718909710393,204.80502645298716,181.21362810620252,143.81540979647002,14.0,/home/aojwang/data/MergeDataset/cropped_images/1RiceWButternutSpinach/white rice boiled_1.jpg
1RiceWButternutSpinach.jpg,spinach cooked,99.39264214046823,1.7689243027888446,113.6076616955601,102.98167240946125,51.729945084526754,1.0,/home/aojwang/data/MergeDataset/cropped_images/1RiceWButternutSpinach/spinach cooked_2.jpg
2SconesSausage.jpg,hotdog,376.97658862876256,1.150990099009901,200.85876657558228,153.84799910098536,65.87161716171617,51.0,/home/aojwang/data/MergeDataset/cropped_images/2SconesSausage/hotdog_0.jpg
291Lettuceshreded.jpg,lettuce,3685.7158818834796,1.4875141884222474,174.77730120943173,170.78730272084243,129.9582757532044,4.8,/home/aojwang/data/MergeDataset/cropped_images/291Lettuceshreded/lettuce_0.jpg
1086Chickendrumstick.jpg,chicken drumstick,5967.089607965152,1.3582988332706059,174.256361250514,139.46657151709445,111.2346206578231,121.83,/home/aojwang/data/MergeDataset/cropped_images/1086Chickendrumstick/chicken drumstick_0.jpg
2TreeTomato.jpg,tree tomato,120.44228157537347,1.469470827679783,163.05431292292002,88.48715751386608,92.08777693000623,7.0,/home/aojwang/data/MergeDataset/cropped_images/2TreeTomato/tree tomato_0.jpg
1158MincedMeatKalesPasta.JPG,sukumawiki,419.7162162162162,0.8529411764705882,103.87943108277794,97.67244656483282,39.30318909172865,3.0,/home/aojwang/data/MergeDataset/cropped_images/1158MincedMeatKalesPasta/sukumawiki_0.jpg
1726GitheriWhiteChapati.JPG,githeri,499.58504040593874,0.8760045924225028,156.12823685283632,116.73852985300336,31.64230641329094,16.75,/home/aojwang/data/MergeDataset/cropped_images/1726GitheriWhiteChapati/githeri_0.jpg
1726GitheriWhiteChapati.JPG,white chapati,525.8541627513625,1.196860693263571,186.18435457297352,172.67486588970255,78.94271301289818,12.75,/home/aojwang/data/MergeDataset/cropped_images/1726GitheriWhiteChapati/white chapati_1.jpg
398BananaCabbage.jpg,ripe banana,3105.0124069478907,0.789908256880734,187.18679554390565,135.4821330008844,60.77728745111828,5.012,/home/aojwang/data/MergeDataset/cropped_images/398BananaCabbage/ripe banana_0.jpg
398BananaCabbage.jpg,green cabbage,4719.126550868486,1.1210106382978724,215.68509877618212,181.40314619912562,128.1258057245176,4.4,/home/aojwang/data/MergeDataset/cropped_images/398BananaCabbage/green cabbage_1.jpg
1149Boiledcorn.jpg,boiled yellow maize,1492.0019083969466,1.5278450363196125,179.09913205569816,160.7361836458777,107.1938785560156,6.0,/home/aojwang/data/MergeDataset/cropped_images/1149Boiledcorn/boiled yellow maize_0.jpg
492PineappleRedCabbageShreddedCarrots.jpg,pineapple,301.0221518987342,1.2035995500562429,181.6207152844212,121.3310461192351,61.48759711110878,0.2400861,/home/aojwang/data/MergeDataset/cropped_images/492PineappleRedCabbageShreddedCarrots/pineapple_0.jpg
492PineappleRedCabbageShreddedCarrots.jpg,red cabbage,585.9177215189874,1.4,123.61046124763705,50.03866000540103,79.92188117742371,0.65,/home/aojwang/data/MergeDataset/cropped_images/492PineappleRedCabbageShreddedCarrots/red cabbage_1.jpg
562WhiteRice.jpg,white rice boiled,539.7836644591612,1.1524271844660194,191.45508952159724,184.46115114386436,94.84330816859014,1.2,/home/aojwang/data/MergeDataset/cropped_images/562WhiteRice/white rice boiled_0.jpg
1558UgaliBrown1Cup.JPG,brown ugali,495.28776978417267,0.95578231292517,120.31046795942576,99.59078316023918,35.70593071392258,2.9,/home/aojwang/data/MergeDataset/cropped_images/1558UgaliBrown1Cup/brown ugali_0.jpg
634BrownRice.jpg,brown rice boiled,1173.2614934114201,1.3294930875576036,184.92346970864713,121.8166323407263,67.77161710619843,16.0,/home/aojwang/data/MergeDataset/cropped_images/634BrownRice/brown rice boiled_0.jpg
774BrownRiceMonkeynuts.jpg,brown rice boiled,913.10164487558,1.4356677524429968,210.96429825161064,163.09833050341715,104.41087657808629,8.0,/home/aojwang/data/MergeDataset/cropped_images/774BrownRiceMonkeynuts/brown rice boiled_0.jpg
774BrownRiceMonkeynuts.jpg,monkeynut beans,601.3159004639392,1.875,165.37582975619335,107.47651081558791,81.92342746121258,3.9,/home/aojwang/data/MergeDataset/cropped_images/774BrownRiceMonkeynuts/monkeynut beans_1.jpg
1511FriedGitheriWhiteRice.JPG,githeri,1355.7471264367816,1.1554285714285715,155.46299335876785,130.71714172672037,61.05735255051575,13.8,/home/aojwang/data/MergeDataset/cropped_images/1511FriedGitheriWhiteRice/githeri_0.jpg
1511FriedGitheriWhiteRice.JPG,white rice boiled,1623.3310344827587,1.51194743130227,180.44673598159406,172.6149476479704,100.92555773167797,3.6,/home/aojwang/data/MergeDataset/cropped_images/1511FriedGitheriWhiteRice/white rice boiled_1.jpg
1449Githeri1Cup.JPG,githeri,922.0313942751616,1.28,125.54040237942637,113.0450208299952,20.545951169684347,13.266,/home/aojwang/data/MergeDataset/cropped_images/1449Githeri1Cup/githeri_0.jpg
1551NjahiWhiteRiceSpinach.JPG,white rice boiled,2540.821142857143,1.036697247706422,187.11905599921914,161.2849704156384,134.0728108820613,3.6,/home/aojwang/data/MergeDataset/cropped_images/1551NjahiWhiteRiceSpinach/white rice boiled_0.jpg
1551NjahiWhiteRiceSpinach.JPG,black beans,1562.4,1.7222222222222223,141.30477653426962,107.64087521029917,76.64042059834686,9.5,/home/aojwang/data/MergeDataset/cropped_images/1551NjahiWhiteRiceSpinach/black beans_1.jpg
1551NjahiWhiteRiceSpinach.JPG,spinach cooked,1388.4251428571429,1.158839779005525,115.49693136396262,97.99926823566598,54.81316138654937,2.91,/home/aojwang/data/MergeDataset/cropped_images/1551NjahiWhiteRiceSpinach/spinach cooked_2.jpg
1185MincedMeatCabbageBrownRice.JPG,mincemeat,253.30494123594084,0.9377564979480164,165.78456267754672,95.27937459651308,57.11170314138581,41.55,/home/aojwang/data/MergeDataset/cropped_images/1185MincedMeatCabbageBrownRice/mincemeat_0.jpg
1185MincedMeatCabbageBrownRice.JPG,green cabbage cooked,219.51409073676228,1.531455399061033,196.37533354634243,159.58156492603692,103.73240875870387,1.2,/home/aojwang/data/MergeDataset/cropped_images/1185MincedMeatCabbageBrownRice/green cabbage cooked_1.jpg
1185MincedMeatCabbageBrownRice.JPG,brown rice boiled,232.32427650701376,1.1326530612244898,196.91356203444116,144.96768081932916,107.75544255764036,12.0,/home/aojwang/data/MergeDataset/cropped_images/1185MincedMeatCabbageBrownRice/brown rice boiled_2.jpg
3Kamande.jpg,kamande,1136.1144945188794,1.3588850174216027,176.65740230501206,140.3491996783704,118.00675993924774,60.0,/home/aojwang/data/MergeDataset/cropped_images/3Kamande/kamande_0.jpg
1288BeefstewSpaghettiSpinach.JPG,spinach cooked,307.3525294941012,1.2842778793418648,98.80463869570026,102.15774037617025,22.202662207967105,1.1,/home/aojwang/data/MergeDataset/cropped_images/1288BeefstewSpaghettiSpinach/spinach cooked_1.jpg
1288BeefstewSpaghettiSpinach.JPG,spaghetti,291.9928014397121,1.10801393728223,207.06047912146911,191.72231718274057,103.25308644511647,2.2,/home/aojwang/data/MergeDataset/cropped_images/1288BeefstewSpaghettiSpinach/spaghetti_2.jpg
1751WhiteRiceWhiteChapatihalfBeefstew.JPG,white rice boiled,1189.1678765880217,1.5971896955503513,206.69634472701634,182.4640264547721,158.576859094839,4.8,/home/aojwang/data/MergeDataset/cropped_images/1751WhiteRiceWhiteChapatihalfBeefstew/white rice boiled_0.jpg
1751WhiteRiceWhiteChapatihalfBeefstew.JPG,beef stew,889.9060798548095,0.887020847343645,143.196652005019,89.64978308341232,50.05732828307806,35.4,/home/aojwang/data/MergeDataset/cropped_images/1751WhiteRiceWhiteChapatihalfBeefstew/beef stew_1.jpg
858WhiteChapati1MonkeynutBeans.jpg,white chapati,10392.39416058394,1.2228047182175623,176.22293254893037,142.23275479400291,70.43171522126653,11.31,/home/aojwang/data/MergeDataset/cropped_images/858WhiteChapati1MonkeynutBeans/white chapati_0.jpg
858WhiteChapati1MonkeynutBeans.jpg,monkeynut beans,9778.744525547445,1.547112462006079,120.81771240766507,81.27791284239315,41.98385556935645,23.4,/home/aojwang/data/MergeDataset/cropped_images/858WhiteChapati1MonkeynutBeans/monkeynut beans_1.jpg
834WhiteChapati1ButterBeans(2).jpg,white chapati,1659.035,1.1829105473965287,183.43027874637968,123.09525492228916,57.47210238180629,11.31,/home/aojwang/data/MergeDataset/cropped_images/834WhiteChapati1ButterBeans(2)/white chapati_0.jpg
834WhiteChapati1ButterBeans(2).jpg,butternut beans,1317.43125,1.3151658767772512,187.90938758663876,122.78549782009497,56.64473003809497,4.62,/home/aojwang/data/MergeDataset/cropped_images/834WhiteChapati1ButterBeans(2)/butternut beans_1.jpg
259Carrotshalfcupcut.jpg,carrot,1294.582338902148,1.4341463414634146,187.68239726785023,116.8841564810206,57.28203086112494,0.7,/home/aojwang/data/MergeDataset/cropped_images/259Carrotshalfcupcut/carrot_0.jpg
3SoyaBeans.jpg,soya beans,895.5615103532277,1.391580619539317,192.54487552634728,137.1239046898858,116.60157777245838,14.0,/home/aojwang/data/MergeDataset/cropped_images/3SoyaBeans/soya beans_0.jpg
700WhiteRicePigeonpea.jpg,white rice boiled,8443.877094972067,1.3726415094339623,209.35809095083277,191.9858007587396,123.61358532909371,7.2,/home/aojwang/data/MergeDataset/cropped_images/700WhiteRicePigeonpea/white rice boiled_0.jpg
700WhiteRicePigeonpea.jpg,mbaazi,5544.427374301676,1.7901234567901234,173.4092085011625,139.86914990893771,49.68584088407254,5.7,/home/aojwang/data/MergeDataset/cropped_images/700WhiteRicePigeonpea/mbaazi_1.jpg
435MangoCarrots.jpg,carrot,1199.0098286998034,1.2638737758433078,191.6481251261806,104.11978783391893,39.498470375021604,1.4,/home/aojwang/data/MergeDataset/cropped_images/435MangoCarrots/carrot_0.jpg
435MangoCarrots.jpg,mango,221.96012356079754,1.235,185.17365511133605,109.81709767206478,46.552825151821864,0.82,/home/aojwang/data/MergeDataset/cropped_images/435MangoCarrots/mango_1.jpg
435MangoCarrots.jpg,mango,169.83993260320136,0.945,190.06784060846562,113.79630456349206,31.89256779100529,0.82,/home/aojwang/data/MergeDataset/cropped_images/435MangoCarrots/mango_2.jpg
1CabbageRed.jpg,red cabbage cooked,2534.4230171073095,1.2495621716287215,135.55687350656652,126.51182105920716,165.27495192171983,4.0,/home/aojwang/data/MergeDataset/cropped_images/1CabbageRed/red cabbage cooked_0.jpg
640BrownRice.jpg,brown rice boiled,1223.6377674829032,1.3634110064452156,192.13498949835488,139.72210429530807,79.05567350250146,40.0,/home/aojwang/data/MergeDataset/cropped_images/640BrownRice/brown rice boiled_0.jpg
1615SpaghettiNjahi.JPG,black beans,830.625,0.9650112866817155,148.50727297928796,99.44398109645823,65.65883364355207,9.5,/home/aojwang/data/MergeDataset/cropped_images/1615SpaghettiNjahi/black beans_0.jpg
1615SpaghettiNjahi.JPG,spaghetti,910.0986842105264,1.08162100456621,205.2383766460645,158.69002602378285,114.35169937711593,6.6,/home/aojwang/data/MergeDataset/cropped_images/1615SpaghettiNjahi/spaghetti_1.jpg
1PotatoPorkCarrot.jpg,carrot,155.51839464882943,1.24,220.28732329749104,149.13956559139785,60.171032258064514,4.0,/home/aojwang/data/MergeDataset/cropped_images/1PotatoPorkCarrot/carrot_1.jpg
5Watermelon.jpg,water melon,2057.9298969072165,1.4409515717926933,136.55165434988217,97.44706220644106,81.09907213334188,0.3,/home/aojwang/data/MergeDataset/cropped_images/5Watermelon/water melon_0.jpg
1RiceBLiverVeg.jpg,liver fry,191.8830794565665,1.2259174311926606,151.2582152573356,102.05645548871018,65.65548806652878,1.0,/home/aojwang/data/MergeDataset/cropped_images/1RiceBLiverVeg/liver fry_0.jpg
1RiceBLiverVeg.jpg,brown rice boiled,182.03314121037465,0.6583261432269197,219.0385585711911,196.2676619357086,153.65642637199105,49.0,/home/aojwang/data/MergeDataset/cropped_images/1RiceBLiverVeg/brown rice boiled_1.jpg
1RiceBLiverVeg.jpg,terere,158.49444215726638,1.4291553133514987,117.96584134883878,108.58144645347977,68.22895556427167,3.0,/home/aojwang/data/MergeDataset/cropped_images/1RiceBLiverVeg/terere_2.jpg
314CabbageTomato.jpg,green cabbage,456.9937219730942,1.1150627615062763,226.79053298217244,200.6576544309859,170.77339328188904,0.55,/home/aojwang/data/MergeDataset/cropped_images/314CabbageTomato/green cabbage_0.jpg
314CabbageTomato.jpg,tomato,372.6762331838565,1.0586907449209932,197.01330336386434,85.92695663892727,67.67978312244004,0.5,/home/aojwang/data/MergeDataset/cropped_images/314CabbageTomato/tomato_1.jpg
651Arrowroots.jpg,arrowroots,225.37790244662614,1.08038029386344,192.1096062229905,184.4747471045808,168.31621642178047,3.2,/home/aojwang/data/MergeDataset/cropped_images/651Arrowroots/arrowroots_0.jpg
1484FriedGitheriBeefstew.JPG,githeri,745.9725806451613,1.1506309148264984,134.08671457266223,106.52855440937681,14.300678049655895,6.9,/home/aojwang/data/MergeDataset/cropped_images/1484FriedGitheriBeefstew/githeri_0.jpg
1484FriedGitheriBeefstew.JPG,beef stew,443.28709677419357,0.9990467111534795,110.0355718641527,93.12770795887032,8.650254877418698,8.85,/home/aojwang/data/MergeDataset/cropped_images/1484FriedGitheriBeefstew/beef stew_1.jpg
177WatermelonBanana.jpg,water melon,15052.415492957747,1.001368925393566,158.40742185873495,72.95378870921938,75.55458180639204,1.2,/home/aojwang/data/MergeDataset/cropped_images/177WatermelonBanana/water melon_0.jpg
177WatermelonBanana.jpg,ripe banana,20384.028169014084,1.2762284196547145,179.68555642155624,165.0088580813755,139.88788308438117,2.8,/home/aojwang/data/MergeDataset/cropped_images/177WatermelonBanana/ripe banana_1.jpg
1146MincedMeatBrownChapati1andhalfKales.jpg,sukumawiki,289.25954005559765,1.2164948453608246,91.36682334439979,78.33273545343351,21.681692294251267,2.0,/home/aojwang/data/MergeDataset/cropped_images/1146MincedMeatBrownChapati1andhalfKales/sukumawiki_0.jpg
1146MincedMeatBrownChapati1andhalfKales.jpg,mincemeat,324.75865554713164,1.122429906542056,160.9456621040099,106.14289805224618,34.61857486362611,41.55,/home/aojwang/data/MergeDataset/cropped_images/1146MincedMeatBrownChapati1andhalfKales/mincemeat_1.jpg
106PineapplePawpaw.jpg,pineapple,20459.521367521367,0.9601013299556681,172.83402875137233,140.68332801395627,66.03553316032826,0.48017,/home/aojwang/data/MergeDataset/cropped_images/106PineapplePawpaw/pineapple_0.jpg
106PineapplePawpaw.jpg,pawpaw,21207.863247863246,0.9225609756097561,165.17679783341126,85.23335200619026,70.82889994035433,0.470898,/home/aojwang/data/MergeDataset/cropped_images/106PineapplePawpaw/pawpaw_1.jpg
1265MincedMeatGreenBeansCabbage.JPG,green beans,655.5416101311623,1.5111913357400721,153.9321786046319,113.23238817374745,47.62645848892906,5.4,/home/aojwang/data/MergeDataset/cropped_images/1265MincedMeatGreenBeansCabbage/green beans_0.jpg
1265MincedMeatGreenBeansCabbage.JPG,green cabbage cooked,462.41519674355493,1.2519561815336464,206.96048562206573,190.75967723004695,123.75802034428796,3.0,/home/aojwang/data/MergeDataset/cropped_images/1265MincedMeatGreenBeansCabbage/green cabbage cooked_1.jpg
1265MincedMeatGreenBeansCabbage.JPG,mincemeat,510.1628222523745,0.9894039735099338,170.50287197354538,127.05704761651462,58.69309822069736,83.1,/home/aojwang/data/MergeDataset/cropped_images/1265MincedMeatGreenBeansCabbage/mincemeat_2.jpg
537Lentils(2).jpg,kamande,1376.8467889908256,1.5095541401273886,197.69798673519182,172.93049002407443,132.58113128677434,21.4,/home/aojwang/data/MergeDataset/cropped_images/537Lentils(2)/kamande_0.jpg
740WhiteRiceButterBeans.jpg,white rice boiled,802.7585139318885,1.414327917282127,203.82426154397953,148.97193462171845,127.21215236934565,7.2,/home/aojwang/data/MergeDataset/cropped_images/740WhiteRiceButterBeans/white rice boiled_0.jpg
740WhiteRiceButterBeans.jpg,butternut beans,1114.3684210526317,1.9289897510980967,188.88182563253423,108.20492580728508,57.2169077709958,9.24,/home/aojwang/data/MergeDataset/cropped_images/740WhiteRiceButterBeans/butternut beans_1.jpg
3UgaliWOmena.jpg,omena,246.37391304347827,1.157625383828045,180.5528336532466,139.12401955860113,108.59790748669441,0.0,/home/aojwang/data/MergeDataset/cropped_images/3UgaliWOmena/omena_0.jpg
3UgaliWOmena.jpg,white ugali,284.68294314381274,0.6217725052337753,208.15933938125144,194.78971853919515,153.1587394453177,131.0,/home/aojwang/data/MergeDataset/cropped_images/3UgaliWOmena/white ugali_1.jpg
268Carrotsgratedhalfcup.jpg,carrot,4208.25919117647,1.311884935654807,210.50719414247106,142.73112310219793,65.1149927073555,0.84,/home/aojwang/data/MergeDataset/cropped_images/268Carrotsgratedhalfcup/carrot_0.jpg
2RiceWMeatballs.jpg,meatballs,230.27644230769232,1.0347826086956522,213.27107140993044,153.3867425230962,132.83801719445543,24.0,/home/aojwang/data/MergeDataset/cropped_images/2RiceWMeatballs/meatballs_0.jpg
2RiceWMeatballs.jpg,white rice boiled,322.3008241758242,2.1032934131736525,223.87259893025336,215.3099431031176,186.6475451232766,42.0,/home/aojwang/data/MergeDataset/cropped_images/2RiceWMeatballs/white rice boiled_1.jpg
1AvocadoCabbage.jpg,avocado green cabbage,976.1639198218263,1.4070512820512822,199.88258708238422,206.65430200849835,174.4114884498569,1.0,/home/aojwang/data/MergeDataset/cropped_images/1AvocadoCabbage/avocado green cabbage_0.jpg
1671WholeFishKachumbarihalfCupChips.JPG,kachumbari,400.46934183386463,1.2091798344620015,174.111896644805,111.57002495197132,50.691491279452244,1.43,/home/aojwang/data/MergeDataset/cropped_images/1671WholeFishKachumbarihalfCupChips/kachumbari_0.jpg
1671WholeFishKachumbarihalfCupChips.JPG,potato chips,494.59497468591786,1.2989473684210526,218.29032803510668,206.23816808363426,101.7379055418124,7.2,/home/aojwang/data/MergeDataset/cropped_images/1671WholeFishKachumbarihalfCupChips/potato chips_1.jpg
833WhiteChapatihalfButterBeans.jpg,butternut beans,861.9144966964633,1.306216423637759,181.8025387495006,117.63240122901773,53.490537519400675,4.62,/home/aojwang/data/MergeDataset/cropped_images/833WhiteChapatihalfButterBeans/butternut beans_0.jpg
2RedGreenYellowCapsicum.jpg,red green yellow bell pepper,2194.648708487085,1.456263121063681,205.61150319008092,159.27003052375974,118.63803535537129,6.0,/home/aojwang/data/MergeDataset/cropped_images/2RedGreenYellowCapsicum/red green yellow bell pepper_0.jpg
1316BeefstewPastaSpinach.JPG,spinach cooked,638.5565749235474,1.3234011627906976,103.81420691097404,91.75934710355925,32.91704779829636,2.91,/home/aojwang/data/MergeDataset/cropped_images/1316BeefstewPastaSpinach/spinach cooked_0.jpg
529Greengrams.jpg,ndengu,1470.020726652036,1.34261444077395,171.55234396965773,159.30072231239492,111.04856155413694,16.65,/home/aojwang/data/MergeDataset/cropped_images/529Greengrams/ndengu_0.jpg
751WhiteRice1cupButterBeanshalfcup.jpg,white rice boiled,2376.242424242424,1.1655172413793105,203.86746582330136,131.35568442664763,110.48811084472557,4.8,/home/aojwang/data/MergeDataset/cropped_images/751WhiteRice1cupButterBeanshalfcup/white rice boiled_0.jpg
751WhiteRice1cupButterBeanshalfcup.jpg,butternut beans,4568.469696969697,1.476557032890133,207.12747820203703,109.05925165578289,58.59455457201702,6.006,/home/aojwang/data/MergeDataset/cropped_images/751WhiteRice1cupButterBeanshalfcup/butternut beans_1.jpg
248Tomatohalfcup.jpg,tomato,670.5839878388649,1.6804780876494023,200.68154012683263,128.7569585101982,110.32930242047458,1.2,/home/aojwang/data/MergeDataset/cropped_images/248Tomatohalfcup/tomato_0.jpg
1495FriedGitheriBeefstewCabbage.JPG,green cabbage cooked,1623.4889753566797,1.5818759936406994,181.10183788577226,118.86209465451263,46.93992697989151,0.55,/home/aojwang/data/MergeDataset/cropped_images/1495FriedGitheriBeefstewCabbage/green cabbage cooked_0.jpg
1495FriedGitheriBeefstewCabbage.JPG,githeri,872.7470817120623,1.1041666666666667,174.32986916098963,112.80882776925729,54.73232692513464,6.9,/home/aojwang/data/MergeDataset/cropped_images/1495FriedGitheriBeefstewCabbage/githeri_1.jpg
1495FriedGitheriBeefstewCabbage.JPG,beef stew,1103.1134889753566,1.2929380993897124,152.46771988964144,98.99499706349378,48.72520592286542,17.7,/home/aojwang/data/MergeDataset/cropped_images/1495FriedGitheriBeefstewCabbage/beef stew_2.jpg
2BlackBeans.jpg,black beans,2271.1161103047893,1.272317403065825,142.0905234474204,127.22933680300153,134.48650082215033,48.0,/home/aojwang/data/MergeDataset/cropped_images/2BlackBeans/black beans_0.jpg
1631WholeFishWhiteUgali1CupKachumbarithirdCup.JPG,kachumbari,829.3849525200876,1.6420068027210883,158.54229814660198,121.90160670689819,60.76422767449807,0.92,/home/aojwang/data/MergeDataset/cropped_images/1631WholeFishWhiteUgali1CupKachumbarithirdCup/kachumbari_0.jpg
1631WholeFishWhiteUgali1CupKachumbarithirdCup.JPG,white ugali,596.1504747991235,1.0513643659711076,195.88724161591904,192.72093600284268,147.4784066263953,9.14,/home/aojwang/data/MergeDataset/cropped_images/1631WholeFishWhiteUgali1CupKachumbarithirdCup/white ugali_1.jpg
3RiceWLamb.jpg,lamb stew,178.95250836120402,1.250936329588015,200.18079820384202,133.25542049484054,113.66661059902667,9.0,/home/aojwang/data/MergeDataset/cropped_images/3RiceWLamb/lamb stew_0.jpg
3RiceWLamb.jpg,white rice boiled,353.68294314381274,1.0135891286970424,225.77370280431805,213.1303184581672,194.4897823066468,127.0,/home/aojwang/data/MergeDataset/cropped_images/3RiceWLamb/white rice boiled_1.jpg
809BrownRicehalfcupEggyolkBeanshalfcup.jpg,brown rice boiled,341.8881539386651,1.3994565217391304,173.31825488954553,141.88743785469725,69.28310234041555,9.6,/home/aojwang/data/MergeDataset/cropped_images/809BrownRicehalfcupEggyolkBeanshalfcup/brown rice boiled_0.jpg
1112PlantainsFriedEggs.jpg,egg fry,1676.1322781232334,0.7457372116349047,224.96512503212395,172.13833835062687,60.15820224628155,10.1,/home/aojwang/data/MergeDataset/cropped_images/1112PlantainsFriedEggs/egg fry_0.jpg
1112PlantainsFriedEggs.jpg,plantain,1527.6693046919163,0.979530403371463,190.41146301851617,115.17688931549814,18.848081386980024,1.95,/home/aojwang/data/MergeDataset/cropped_images/1112PlantainsFriedEggs/plantain_1.jpg
2Cabbagesprout.jpg,cabbage sprout,659.4997969955339,1.337568058076225,153.18222942374416,180.3591711874549,140.6152277713889,18.0,/home/aojwang/data/MergeDataset/cropped_images/2Cabbagesprout/cabbage sprout_0.jpg
272Carrotsgrated.jpg,carrot,4210.426,1.411696583671106,199.85130744489987,118.74018614743497,43.94735900832838,2.45,/home/aojwang/data/MergeDataset/cropped_images/272Carrotsgrated/carrot_0.jpg
2TadhikadalNan.jpg,tadhikaldal,177.49297658862875,1.2163164400494437,206.70599053332933,148.439384917644,105.81916347593636,17.0,/home/aojwang/data/MergeDataset/cropped_images/2TadhikadalNan/tadhikaldal_0.jpg
1485FriedGitheriBeefstew.JPG,githeri,1125.8574456809752,1.1884816753926701,156.6233844969129,126.7926427622967,19.974396714886797,10.35,/home/aojwang/data/MergeDataset/cropped_images/1485FriedGitheriBeefstew/githeri_0.jpg
1485FriedGitheriBeefstew.JPG,beef stew,961.1727609962904,1.0393641180923543,125.67944510024353,105.74741486205522,13.452848903339135,17.7,/home/aojwang/data/MergeDataset/cropped_images/1485FriedGitheriBeefstew/beef stew_1.jpg
1171PlantainsChickendrumstick.jpg,plantain,1345.426599749059,2.0857988165680474,157.81759107716556,110.72520691407762,11.942110686791537,2.6,/home/aojwang/data/MergeDataset/cropped_images/1171PlantainsChickendrumstick/plantain_0.jpg
1171PlantainsChickendrumstick.jpg,plantain,197.75658720200752,1.6812933025404158,130.1857726569043,85.19675849554602,2.879780727355785,2.6,/home/aojwang/data/MergeDataset/cropped_images/1171PlantainsChickendrumstick/plantain_1.jpg
1171PlantainsChickendrumstick.jpg,chicken drumstick,944.5238393977415,1.8546059933407326,114.60125228235665,73.66256324012618,16.010788597814383,82.54,/home/aojwang/data/MergeDataset/cropped_images/1171PlantainsChickendrumstick/chicken drumstick_2.jpg
1171PlantainsChickendrumstick.jpg,plantain,315.0664993726474,2.6059225512528474,138.71048512990427,88.74435103620753,5.108873472768689,2.6,/home/aojwang/data/MergeDataset/cropped_images/1171PlantainsChickendrumstick/plantain_3.jpg
1171PlantainsChickendrumstick.jpg,plantain,213.01693851944793,2.1328320802005014,140.0033456143296,90.59135794833735,3.2116925686719737,2.6,/home/aojwang/data/MergeDataset/cropped_images/1171PlantainsChickendrumstick/plantain_4.jpg
1171PlantainsChickendrumstick.jpg,chicken drumstick,689.004391468005,0.5245335176226675,126.8283896626795,86.33917067978544,13.717639421163955,82.54,/home/aojwang/data/MergeDataset/cropped_images/1171PlantainsChickendrumstick/chicken drumstick_5.jpg
23Pawpaw.jpg,pawpaw,5729.800229621125,1.8737745098039216,167.88817101399096,137.82906155022505,112.24406390662871,0.423809,/home/aojwang/data/MergeDataset/cropped_images/23Pawpaw/pawpaw_0.jpg
1353YellowMaizeboiled.JPG,boiled yellow maize,1718.6468531468531,1.3266264252179745,212.00659128346078,150.0940133554953,66.23181895552621,4.74375,/home/aojwang/data/MergeDataset/cropped_images/1353YellowMaizeboiled/boiled yellow maize_0.jpg
903IrishPotato.jpg,irish potato,2916.8571428571427,1.0796747967479674,154.743565114115,137.17451513370554,53.88320767827407,43.26,/home/aojwang/data/MergeDataset/cropped_images/903IrishPotato/irish potato_0.jpg
717WhiteRiceRoscocoBeans.jpg,white rice boiled,1007.3073222875468,1.2518337408312958,216.53834619498778,173.89988390552838,132.9595590107987,4.8,/home/aojwang/data/MergeDataset/cropped_images/717WhiteRiceRoscocoBeans/white rice boiled_0.jpg
717WhiteRiceRoscocoBeans.jpg,rosecoco,1171.4382683057188,1.5767599660729432,164.2962166039089,88.25243628297063,47.22984166613057,8.67,/home/aojwang/data/MergeDataset/cropped_images/717WhiteRiceRoscocoBeans/rosecoco_1.jpg
422MangoLettuce.jpg,mango,237.6079734219269,1.4317673378076063,201.80243812919463,123.530744022651,21.42479725950783,1.312,/home/aojwang/data/MergeDataset/cropped_images/422MangoLettuce/mango_0.jpg
422MangoLettuce.jpg,lettuce,695.3164451827242,1.017640573318633,193.18725549804637,157.44302230992605,84.75135756443504,0.6,/home/aojwang/data/MergeDataset/cropped_images/422MangoLettuce/lettuce_1.jpg
2Mozzarella.jpg,mozzarella,129.35755740600555,1.1385991058122205,191.34639828028807,199.94001295245823,198.08238660747028,2.0,/home/aojwang/data/MergeDataset/cropped_images/2Mozzarella/mozzarella_0.jpg
1268MincedMeatGreenGramsCabbage.JPG,green cabbage cooked,1049.786810687891,1.0842911877394636,206.86846188213315,199.61845199897107,113.38595128819571,1.2,/home/aojwang/data/MergeDataset/cropped_images/1268MincedMeatGreenGramsCabbage/green cabbage cooked_0.jpg
1268MincedMeatGreenGramsCabbage.JPG,ndengu,1164.802728823195,1.1635267520723436,157.41108640394205,141.4291586460558,55.37958346185833,6.0,/home/aojwang/data/MergeDataset/cropped_images/1268MincedMeatGreenGramsCabbage/ndengu_1.jpg
1268MincedMeatGreenGramsCabbage.JPG,mincemeat,898.2444570778852,1.512720156555773,172.93267772649827,136.47794383840122,61.0307440702982,41.55,/home/aojwang/data/MergeDataset/cropped_images/1268MincedMeatGreenGramsCabbage/mincemeat_2.jpg
1Zucchini.jpg,zucchini,65.17658749875783,1.3770491803278688,171.57084995242974,180.43898352117486,165.55577917642466,3.0,/home/aojwang/data/MergeDataset/cropped_images/1Zucchini/zucchini_0.jpg
3ButternutSpinach.jpg,butternut spinach,2039.6430976430977,1.3551839464882942,164.2415267079802,147.22584099020426,116.06839382343911,56.0,/home/aojwang/data/MergeDataset/cropped_images/3ButternutSpinach/butternut spinach_0.jpg
2Kitojo.jpg,kitojo,1979.5899581589958,1.373083475298126,121.94717958581508,133.01624898017846,128.24255160402603,2.0,/home/aojwang/data/MergeDataset/cropped_images/2Kitojo/kitojo_0.jpg
3Poppy.jpg,poppy seeds,838.8068916008615,1.3680183626625861,103.20082151005856,101.529435375512,111.3345516056204,27.0,/home/aojwang/data/MergeDataset/cropped_images/3Poppy/poppy seeds_0.jpg
206AvocadoBanana.jpg,ripe banana,5022.287535410765,1.0669226549643445,201.16102810841758,191.10156540181373,153.6517238315892,2.8,/home/aojwang/data/MergeDataset/cropped_images/206AvocadoBanana/ripe banana_0.jpg
206AvocadoBanana.jpg,avocado,4315.988668555241,0.831765935214211,176.05345004804587,171.99020638721296,89.0231939477954,3.2,/home/aojwang/data/MergeDataset/cropped_images/206AvocadoBanana/avocado_1.jpg
1BreadSausageSpinach.jpg,brown bread,153.12737987307344,1.2042723631508678,206.35994629942658,186.0901394024257,149.03368127199903,13.0,/home/aojwang/data/MergeDataset/cropped_images/1BreadSausageSpinach/brown bread_0.jpg
1BreadSausageSpinach.jpg,spinach cooked,339.1840435176791,1.5115577889447236,120.80741272853629,122.75551560996472,81.20486140810435,5.0,/home/aojwang/data/MergeDataset/cropped_images/1BreadSausageSpinach/spinach cooked_1.jpg
1BreadSausageSpinach.jpg,sausage,50.48549410698096,0.5128983308042488,162.04121360138635,116.14507816217866,58.669801833511414,6.0,/home/aojwang/data/MergeDataset/cropped_images/1BreadSausageSpinach/sausage_2.jpg
1BreadSausageSpinach.jpg,sausage,64.53445149592022,1.3111587982832618,166.67641522024684,128.9830679319767,65.07546202313803,6.0,/home/aojwang/data/MergeDataset/cropped_images/1BreadSausageSpinach/sausage_3.jpg
982MashedBanana.jpg,boiled mashed banana,660.8942632170979,1.6454106280193237,179.57604795175322,159.77829292439316,82.62148127345606,1.47,/home/aojwang/data/MergeDataset/cropped_images/982MashedBanana/boiled mashed banana_0.jpg
1517FriedGitheriWhiteRiceCabbage.JPG,green cabbage cooked,854.0262529832936,1.3653314917127073,181.79673915777295,106.02630946492397,39.53674997275296,0.55,/home/aojwang/data/MergeDataset/cropped_images/1517FriedGitheriWhiteRiceCabbage/green cabbage cooked_0.jpg
1517FriedGitheriWhiteRiceCabbage.JPG,githeri,469.6434964200477,1.2220264317180616,172.44111050058916,100.3204393217066,46.85753932837646,3.45,/home/aojwang/data/MergeDataset/cropped_images/1517FriedGitheriWhiteRiceCabbage/githeri_1.jpg
1517FriedGitheriWhiteRiceCabbage.JPG,white rice boiled,943.5608591885441,1.1875,197.2144920855339,141.95956894109554,96.4823280899047,1.2,/home/aojwang/data/MergeDataset/cropped_images/1517FriedGitheriWhiteRiceCabbage/white rice boiled_2.jpg
3Ndengu.jpg,ndengu,1303.4428223844282,1.3641693811074918,172.17765447423847,155.16487653572017,124.19986217796153,27.0,/home/aojwang/data/MergeDataset/cropped_images/3Ndengu/ndengu_0.jpg
113Pawpaw1cup.jpg,pawpaw,2620.2931677018632,1.8286778398510242,185.15804167757057,109.2639432503878,90.91106964466543,0.753439,/home/aojwang/data/MergeDataset/cropped_images/113Pawpaw1cup/pawpaw_0.jpg
337CabbageOnions.jpg,onions,898.8113821138211,1.095003518648839,146.39648614520712,112.32600191038209,130.69184098601767,2.25,/home/aojwang/data/MergeDataset/cropped_images/337CabbageOnions/onions_0.jpg
337CabbageOnions.jpg,green cabbage,978.1390243902439,1.0401051939513477,190.9952830619951,177.13058936374117,157.89034802275103,1.65,/home/aojwang/data/MergeDataset/cropped_images/337CabbageOnions/green cabbage_1.jpg
1447Githeri.JPG,githeri,1951.668172237278,1.3563586459286368,171.70003425138356,152.3808175280684,49.4748247702303,30.15,/home/aojwang/data/MergeDataset/cropped_images/1447Githeri/githeri_0.jpg
324TomatoLettuce.jpg,tomato,994.3880597014926,1.0028818443804035,179.13863131024544,86.15440123058067,75.85999142899732,2.5,/home/aojwang/data/MergeDataset/cropped_images/324TomatoLettuce/tomato_0.jpg
1Dalmakhni.jpg,dalmakhi,130.54983277591973,1.1680790960451977,178.6617991651808,149.96145621981296,133.0748894991768,14.0,/home/aojwang/data/MergeDataset/cropped_images/1Dalmakhni/dalmakhi_0.jpg
1553NjahiWhiteRiceSpinach.JPG,spinach cooked,398.81409413620827,1.1209726443768997,111.86678259894903,100.47191944299757,63.61116774027652,3.29,/home/aojwang/data/MergeDataset/cropped_images/1553NjahiWhiteRiceSpinach/spinach cooked_0.jpg
1553NjahiWhiteRiceSpinach.JPG,black beans,357.54115172232446,1.5213163799551235,136.31552831483333,111.78224557981774,87.6908755347573,19.0,/home/aojwang/data/MergeDataset/cropped_images/1553NjahiWhiteRiceSpinach/black beans_1.jpg
1553NjahiWhiteRiceSpinach.JPG,white rice boiled,574.8235603470944,0.9388322520852641,177.6049546351554,156.42399021250162,131.4841605010672,3.6,/home/aojwang/data/MergeDataset/cropped_images/1553NjahiWhiteRiceSpinach/white rice boiled_2.jpg
1179BrownChapatiChickendrumstick.jpg,chicken drumstick,398.61976549413737,1.9569536423841059,154.82852612588385,114.5374001299851,63.23108492733161,85.88,/home/aojwang/data/MergeDataset/cropped_images/1179BrownChapatiChickendrumstick/chicken drumstick_0.jpg
393BananaCabbage.jpg,green cabbage,1687.3182173573105,1.1708333333333334,221.68355274132563,182.32387330404805,124.40603846938019,1.65,/home/aojwang/data/MergeDataset/cropped_images/393BananaCabbage/green cabbage_0.jpg
3Peanut.jpg,peanut,2107.477742448331,1.320395201129146,182.03223663787853,148.22799766295125,146.51709428950662,30.0,/home/aojwang/data/MergeDataset/cropped_images/3Peanut/peanut_0.jpg
593ButterBeans.jpg,butternut beans,2004.2001912655403,1.326596233348645,184.9669996513538,102.4884814740354,63.77618600147348,18.48,/home/aojwang/data/MergeDataset/cropped_images/593ButterBeans/butternut beans_0.jpg
3Kiwi.jpg,kiwi,133.54760826920176,1.8861313868613139,161.74835483943866,131.99620347562768,96.7642595647556,22.0,/home/aojwang/data/MergeDataset/cropped_images/3Kiwi/kiwi_0.jpg
271Carrotsgrated.jpg,carrot,11034.076335877862,1.5255041518386714,214.137825408773,139.5071368086649,61.407660562052506,2.1,/home/aojwang/data/MergeDataset/cropped_images/271Carrotsgrated/carrot_0.jpg
887WhiteChapati1Greengrams.jpg,white chapati,541.3855443732846,1.828616352201258,197.99283394712222,144.20220051428478,79.85830500981521,11.31,/home/aojwang/data/MergeDataset/cropped_images/887WhiteChapati1Greengrams/white chapati_0.jpg
1080BeefChops.jpg,beef roast,1886.5647058823529,1.4000922934933087,140.47844076926657,118.96088857887793,49.399065627244404,185.83,/home/aojwang/data/MergeDataset/cropped_images/1080BeefChops/beef roast_0.jpg
369LettuceCarrotsGrapes.jpg,red grapes,1270.2615803814713,1.4154929577464788,135.35813459291643,70.42180874872547,46.932437553537284,1.180098,/home/aojwang/data/MergeDataset/cropped_images/369LettuceCarrotsGrapes/red grapes_0.jpg
369LettuceCarrotsGrapes.jpg,carrot,1322.7520435967303,1.3209523809523809,193.77335324612903,113.1622796717822,43.32454904384248,0.7,/home/aojwang/data/MergeDataset/cropped_images/369LettuceCarrotsGrapes/carrot_1.jpg
369LettuceCarrotsGrapes.jpg,lettuce,2383.4468664850137,0.981651376146789,198.00143511770366,184.30323320662686,141.04962092848228,1.2,/home/aojwang/data/MergeDataset/cropped_images/369LettuceCarrotsGrapes/lettuce_2.jpg
406BananaCarrots.jpg,carrot,1722.447265625,1.2049137480397283,213.21979763984973,123.01339164728601,29.014975286117476,2.1,/home/aojwang/data/MergeDataset/cropped_images/406BananaCarrots/carrot_0.jpg
406BananaCarrots.jpg,ripe banana,1238.11796875,0.9301191765980499,201.5180910290379,141.14078449461158,63.517308906978904,4.97,/home/aojwang/data/MergeDataset/cropped_images/406BananaCarrots/ripe banana_1.jpg
238Zucchini.jpg,zucchini,10378.60248447205,1.4167995746943116,163.68767042399904,168.65029977866948,130.37299747749043,2.7,/home/aojwang/data/MergeDataset/cropped_images/238Zucchini/zucchini_0.jpg
164PineappleMango.jpg,mango,16591.59574468085,1.8744186046511628,180.63126166156923,140.6757612480043,69.17814197139029,0.41,/home/aojwang/data/MergeDataset/cropped_images/164PineappleMango/mango_0.jpg
164PineappleMango.jpg,pineapple,10301.872340425532,1.8326848249027237,195.88055672589985,178.02063248159806,109.75972349583219,0.2400861,/home/aojwang/data/MergeDataset/cropped_images/164PineappleMango/pineapple_1.jpg
1Pawpaw.jpg,pawpaw,182.8198007847872,4.280075187969925,200.2396373014222,147.69617307431952,119.64242292159912,10.0,/home/aojwang/data/MergeDataset/cropped_images/1Pawpaw/pawpaw_0.jpg
1272MincedMeatGreenGramsCabbage.JPG,ndengu,651.5323577906018,1.2090290661719234,151.6863782667217,134.7380093539392,57.41048609166987,12.0,/home/aojwang/data/MergeDataset/cropped_images/1272MincedMeatGreenGramsCabbage/ndengu_0.jpg
1272MincedMeatGreenGramsCabbage.JPG,green cabbage cooked,427.7353668590272,0.9323056300268097,203.58473131563883,196.59358707740105,107.61653284326859,1.8,/home/aojwang/data/MergeDataset/cropped_images/1272MincedMeatGreenGramsCabbage/green cabbage cooked_1.jpg
1272MincedMeatGreenGramsCabbage.JPG,mincemeat,362.5787304204452,1.677734375,172.59680928950814,136.58545717676805,66.00360611903376,55.4,/home/aojwang/data/MergeDataset/cropped_images/1272MincedMeatGreenGramsCabbage/mincemeat_2.jpg
2ChickenMakhni.jpg,chicken makhni,210.5736900780379,0.9616548940464178,233.80798222830236,163.88921913168147,79.97976754060416,32.0,/home/aojwang/data/MergeDataset/cropped_images/2ChickenMakhni/chicken makhni_0.jpg
1140FriedEggs.jpg,egg fry,58847.86842105263,1.2651372696502445,200.63701240799762,179.6774630525901,95.91231516233428,26.3,/home/aojwang/data/MergeDataset/cropped_images/1140FriedEggs/egg fry_0.jpg
1650WholeFishKachumbarithirdCupBrownUgali1Cup.JPG,brown ugali,599.2956335003579,1.0030959752321982,150.90373631177619,118.10958104001834,60.328058111646214,2.93,/home/aojwang/data/MergeDataset/cropped_images/1650WholeFishKachumbarithirdCupBrownUgali1Cup/brown ugali_0.jpg
1650WholeFishKachumbarithirdCupBrownUgali1Cup.JPG,kachumbari,752.8088761632068,1.3227597145122918,148.67875311170573,114.42416518807158,43.35973124751587,0.92,/home/aojwang/data/MergeDataset/cropped_images/1650WholeFishKachumbarithirdCupBrownUgali1Cup/kachumbari_1.jpg
1529Njahi.JPG,black beans,2267.6540962288686,1.2782995551161642,116.06121272038227,122.06497035828116,137.53907117644383,23.75,/home/aojwang/data/MergeDataset/cropped_images/1529Njahi/black beans_0.jpg
766BrownRicethirdcupCowpeashalfcup.jpg,cowpeas,2712.4214046822744,1.2032348804500703,143.6625237048929,102.99738845445331,46.228408716331245,114.0,/home/aojwang/data/MergeDataset/cropped_images/766BrownRicethirdcupCowpeashalfcup/cowpeas_0.jpg
766BrownRicethirdcupCowpeashalfcup.jpg,brown rice boiled,1528.5507246376812,1.3849246231155778,189.33275521292967,159.65154509849683,67.42065771528178,5.6,/home/aojwang/data/MergeDataset/cropped_images/766BrownRicethirdcupCowpeashalfcup/brown rice boiled_1.jpg
835WhiteChapati3ButterBeans.jpg,white chapati,603.8110328638497,1.2526168876482904,192.9651956372571,134.47389099363005,62.20241813053629,33.54,/home/aojwang/data/MergeDataset/cropped_images/835WhiteChapati3ButterBeans/white chapati_0.jpg
835WhiteChapati3ButterBeans.jpg,white chapati,637.6408450704225,1.9053601340033501,179.06358201262725,115.9542676753732,48.00425387008302,33.54,/home/aojwang/data/MergeDataset/cropped_images/835WhiteChapati3ButterBeans/white chapati_1.jpg
1StrawberryBananaWMelon.jpg,strawberry banana watermelon,562.0515695067264,1.4648648648648648,214.57306871447093,138.1142331704398,141.59050802832354,17.0,/home/aojwang/data/MergeDataset/cropped_images/1StrawberryBananaWMelon/strawberry banana watermelon_0.jpg
1339WhiteChapatihalfChickenWetfrySpinach.JPG,spinach cooked,7858.994594594595,1.321258341277407,100.83890656531267,95.93524513829566,15.478057161565264,1.1,/home/aojwang/data/MergeDataset/cropped_images/1339WhiteChapatihalfChickenWetfrySpinach/spinach cooked_0.jpg
1339WhiteChapatihalfChickenWetfrySpinach.JPG,chicken wing,6871.2108108108105,1.4571734475374731,163.14148495799947,128.65735375330206,24.13089710771303,28.06,/home/aojwang/data/MergeDataset/cropped_images/1339WhiteChapatihalfChickenWetfrySpinach/chicken wing_1.jpg
1339WhiteChapatihalfChickenWetfrySpinach.JPG,white chapati,15653.059459459459,0.8479437229437229,198.35945723070802,176.02502161739557,83.61017965229836,6.08,/home/aojwang/data/MergeDataset/cropped_images/1339WhiteChapatihalfChickenWetfrySpinach/white chapati_2.jpg
373CarrotsgratedTomato.jpg,tomato,721.4449168921531,1.3358714043993232,209.0610626571895,83.1873671892832,53.760521180596854,1.5,/home/aojwang/data/MergeDataset/cropped_images/373CarrotsgratedTomato/tomato_0.jpg
1ArrowrootEggBroccoli.jpg,scrambled eggs,584.7058823529412,0.9154929577464789,207.32858911712032,192.60180644305393,159.21819598912154,1.0,/home/aojwang/data/MergeDataset/cropped_images/1ArrowrootEggBroccoli/scrambled eggs_0.jpg
1ArrowrootEggBroccoli.jpg,arrowroots,369.8021978021978,1.1159217877094971,187.19642744771747,174.30315128547556,174.53871459436027,22.0,/home/aojwang/data/MergeDataset/cropped_images/1ArrowrootEggBroccoli/arrowroots_1.jpg
1ArrowrootEggBroccoli.jpg,broccoli,917.721396250808,1.7031763417305585,166.96370046100802,177.02557626002402,141.12826095378298,4.0,/home/aojwang/data/MergeDataset/cropped_images/1ArrowrootEggBroccoli/broccoli_2.jpg
1464MokimoChickenthighCabbage.JPG,green cabbage cooked,878.0946322067595,1.2372754491017963,181.6933967817541,152.87691585975054,38.518496129338416,1.65,/home/aojwang/data/MergeDataset/cropped_images/1464MokimoChickenthighCabbage/green cabbage cooked_0.jpg
1464MokimoChickenthighCabbage.JPG,mukimo,560.6743538767396,1.3741362290227048,142.54969519805744,146.63914371787453,71.73483933008816,10.0,/home/aojwang/data/MergeDataset/cropped_images/1464MokimoChickenthighCabbage/mukimo_1.jpg
1464MokimoChickenthighCabbage.JPG,chicken thigh,368.8795228628231,0.9504048582995951,151.33426787046258,126.54565219265909,36.870893749488,35.04,/home/aojwang/data/MergeDataset/cropped_images/1464MokimoChickenthighCabbage/chicken thigh_2.jpg
1464MokimoChickenthighCabbage.JPG,chicken thigh,526.4612326043738,1.392820512820513,148.7333537253125,124.77182432687587,28.4590604584419,35.04,/home/aojwang/data/MergeDataset/cropped_images/1464MokimoChickenthighCabbage/chicken thigh_3.jpg
1748WhiteRiceWhiteChapatihalfBeefstew.JPG,beef stew,628.8054522924411,1.0415472779369628,159.01934343752833,100.65844198200399,54.17694838465571,26.55,/home/aojwang/data/MergeDataset/cropped_images/1748WhiteRiceWhiteChapatihalfBeefstew/beef stew_0.jpg
1748WhiteRiceWhiteChapatihalfBeefstew.JPG,white rice boiled,766.8358116480794,1.6795716639209226,220.40476078899678,195.13182641941773,169.61390892424737,3.6,/home/aojwang/data/MergeDataset/cropped_images/1748WhiteRiceWhiteChapatihalfBeefstew/white rice boiled_1.jpg
190Avocadosliced.jpg,avocado,3890.5383022774326,1.5582743077913714,184.85927397252985,184.90482164618734,110.39993321377446,2.4,/home/aojwang/data/MergeDataset/cropped_images/190Avocadosliced/avocado_0.jpg
1363YellowMaizeboiledthirdCup.JPG,boiled yellow maize,643.4699548454324,1.5144665461121158,194.75212868748483,133.70343310571914,54.082047448112064,2.245375,/home/aojwang/data/MergeDataset/cropped_images/1363YellowMaizeboiledthirdCup/boiled yellow maize_0.jpg
1ChapatiSukuma.jpg,sukumawiki,829.8089887640449,1.5514792899408285,121.30401382927347,121.95569306595534,107.11588425656372,4.0,/home/aojwang/data/MergeDataset/cropped_images/1ChapatiSukuma/sukumawiki_0.jpg
1ChapatiSukuma.jpg,brown chapati,1615.7033707865169,2.001926782273603,195.80019508902328,159.37647638069063,122.5357215048559,134.0,/home/aojwang/data/MergeDataset/cropped_images/1ChapatiSukuma/brown chapati_1.jpg
1205MincedMeatCabbagePasta.jpg,green cabbage cooked,222.94486942759167,0.8588709677419355,183.10110579471453,170.83381606845373,88.51677386225958,1.8,/home/aojwang/data/MergeDataset/cropped_images/1205MincedMeatCabbagePasta/green cabbage cooked_0.jpg
1205MincedMeatCabbagePasta.jpg,pasta,510.42416249010813,1.4430051813471503,196.83995962828251,166.64426429108153,60.0700608469792,8.8,/home/aojwang/data/MergeDataset/cropped_images/1205MincedMeatCabbagePasta/pasta_1.jpg
1205MincedMeatCabbagePasta.jpg,mincemeat,294.4080717488789,1.783817951959545,159.75213443944588,117.9951043857142,46.9610483280635,55.4,/home/aojwang/data/MergeDataset/cropped_images/1205MincedMeatCabbagePasta/mincemeat_2.jpg
1091WhiteChapatiFriedEggs.jpg,egg fry,489.0552699228792,1.0564625850340137,207.9422947028135,186.71960042226806,78.63948994923146,4.6,/home/aojwang/data/MergeDataset/cropped_images/1091WhiteChapatiFriedEggs/egg fry_0.jpg
1091WhiteChapatiFriedEggs.jpg,white chapati,589.1221079691517,0.9708853238265003,195.7564179486564,171.58351424097697,55.82667884111473,3.3,/home/aojwang/data/MergeDataset/cropped_images/1091WhiteChapatiFriedEggs/white chapati_1.jpg
1722GitheriWhiteChapati.JPG,githeri,933.2330666666667,0.8702397743300423,160.20414535961578,123.71197762959677,30.796611864588883,10.05,/home/aojwang/data/MergeDataset/cropped_images/1722GitheriWhiteChapati/githeri_0.jpg
1564BrownUgaliDrumstickSpinach.JPG,brown ugali,232.15054203313562,1.0333969465648856,148.72766928873006,119.44882130496994,42.19285293889605,1.07,/home/aojwang/data/MergeDataset/cropped_images/1564BrownUgaliDrumstickSpinach/brown ugali_0.jpg
1564BrownUgaliDrumstickSpinach.JPG,chicken drumstick,500.72243812640625,1.3353028064992614,126.04937108665246,107.60343614789349,24.062279414648174,25.08,/home/aojwang/data/MergeDataset/cropped_images/1564BrownUgaliDrumstickSpinach/chicken drumstick_1.jpg
1564BrownUgaliDrumstickSpinach.JPG,spinach cooked,440.0666803027204,1.1928518242740134,112.53267509061179,115.92198322461778,26.077056044055134,1.1,/home/aojwang/data/MergeDataset/cropped_images/1564BrownUgaliDrumstickSpinach/spinach cooked_2.jpg
1753WhiteRiceWhiteChapatiBeefstew.JPG,beef stew,730.2078711985689,0.9156061620897522,153.653231784906,96.35649906831735,53.177479297438275,44.25,/home/aojwang/data/MergeDataset/cropped_images/1753WhiteRiceWhiteChapatiBeefstew/beef stew_0.jpg
1753WhiteRiceWhiteChapatiBeefstew.JPG,white rice boiled,1013.6511627906976,1.66360153256705,210.58576498638445,186.4132064782901,160.67129754637497,6.0,/home/aojwang/data/MergeDataset/cropped_images/1753WhiteRiceWhiteChapatiBeefstew/white rice boiled_1.jpg
1753WhiteRiceWhiteChapatiBeefstew.JPG,white chapati,1304.5706618962433,1.5678688524590163,191.72937230461224,160.42210859027364,114.04265586111853,12.75,/home/aojwang/data/MergeDataset/cropped_images/1753WhiteRiceWhiteChapatiBeefstew/white chapati_2.jpg
720WhiteRiceRoscocoBeans.jpg,rosecoco,1020.5545966228893,1.5633055344958302,176.20492371068522,101.23777970113737,59.50707962193973,8.67,/home/aojwang/data/MergeDataset/cropped_images/720WhiteRiceRoscocoBeans/rosecoco_0.jpg
720WhiteRiceRoscocoBeans.jpg,white rice boiled,954.3133208255159,1.2810503903477644,219.2368462338469,178.90782091383252,139.88669239495212,7.2,/home/aojwang/data/MergeDataset/cropped_images/720WhiteRiceRoscocoBeans/white rice boiled_1.jpg
1Cashewnut.jpg,cashewnut,550.0359477124183,1.1758241758241759,189.88666728343873,166.99696480240235,97.26856491002626,11.0,/home/aojwang/data/MergeDataset/cropped_images/1Cashewnut/cashewnut_0.jpg
1BlackBeans.jpg,black beans,1022.8378672470076,1.3777239709443099,140.90494133967667,128.8562917824483,137.9119680251237,24.0,/home/aojwang/data/MergeDataset/cropped_images/1BlackBeans/black beans_0.jpg
462GrapesLettuce.jpg,red grapes,2412.9,1.845953002610966,144.7256708886107,76.39013938693384,49.577526980598094,1.770147,/home/aojwang/data/MergeDataset/cropped_images/462GrapesLettuce/red grapes_0.jpg
462GrapesLettuce.jpg,lettuce,4321.390099009901,1.8427550357374918,202.69639696980528,188.14857453276403,151.42084230321927,1.2,/home/aojwang/data/MergeDataset/cropped_images/462GrapesLettuce/lettuce_1.jpg
1494FriedGitheriBeefstewCabbage.JPG,githeri,309.93541463414635,1.1086048454469508,161.1889507743234,90.3573244842828,33.36569444208361,6.9,/home/aojwang/data/MergeDataset/cropped_images/1494FriedGitheriBeefstewCabbage/githeri_0.jpg
1494FriedGitheriBeefstewCabbage.JPG,beef stew,207.17034146341464,1.0265486725663717,139.57577033345012,76.82604346794155,31.75855664432615,8.85,/home/aojwang/data/MergeDataset/cropped_images/1494FriedGitheriBeefstewCabbage/beef stew_1.jpg
107PineappleBanana.jpg,ripe banana,20757.59649122807,1.967982129560685,178.04671297677535,153.15599023988682,101.13234723622635,1.4,/home/aojwang/data/MergeDataset/cropped_images/107PineappleBanana/ripe banana_0.jpg
107PineappleBanana.jpg,pineapple,3086.5497076023394,1.5689655172413792,182.64683402804093,159.83603827207276,91.21631489200455,0.48017,/home/aojwang/data/MergeDataset/cropped_images/107PineappleBanana/pineapple_1.jpg
107PineappleBanana.jpg,pineapple,9344.830409356726,2.990424076607387,196.875975458802,175.19054535578354,109.42491141864095,0.48017,/home/aojwang/data/MergeDataset/cropped_images/107PineappleBanana/pineapple_2.jpg
1RiceWLamb.jpg,lamb stew,199.94648829431438,0.9853249475890985,202.74649739060618,147.91534747312548,132.0847863419421,3.0,/home/aojwang/data/MergeDataset/cropped_images/1RiceWLamb/lamb stew_0.jpg
1RiceWLamb.jpg,white rice boiled,247.41404682274248,1.0279114533205005,225.73342092836313,220.0898443836446,190.9789366395951,42.0,/home/aojwang/data/MergeDataset/cropped_images/1RiceWLamb/white rice boiled_1.jpg
2PlumTomato.jpg,plum tomato,1166.4082254379284,1.3203342618384402,204.18221814776945,147.828174971629,142.11169616074238,5.0,/home/aojwang/data/MergeDataset/cropped_images/2PlumTomato/plum tomato_0.jpg
970MashedIrishpotatothirdcup.jpg,irish potato mashed,534.4549763033175,1.022857142857143,173.99366054801808,165.04858827702404,103.91672253258845,7.36,/home/aojwang/data/MergeDataset/cropped_images/970MashedIrishpotatothirdcup/irish potato mashed_0.jpg
1141BoiledButternut.jpg,butternut boiled,342.70265978562924,1.621124031007752,158.70659748768634,112.63331375656227,71.85879414040599,1.23,/home/aojwang/data/MergeDataset/cropped_images/1141BoiledButternut/butternut boiled_0.jpg
1203MincedMeatCabbagePasta.JPG,pasta,606.6291666666667,1.621641791044776,195.182663420129,164.05046671840978,45.39147028319058,6.6,/home/aojwang/data/MergeDataset/cropped_images/1203MincedMeatCabbagePasta/pasta_0.jpg
1203MincedMeatCabbagePasta.JPG,green cabbage cooked,298.03125,0.88,193.7163035196253,182.44655342350845,84.9506630317011,1.2,/home/aojwang/data/MergeDataset/cropped_images/1203MincedMeatCabbagePasta/green cabbage cooked_1.jpg
1203MincedMeatCabbagePasta.JPG,mincemeat,388.226875,1.7328833172613307,158.48635543327597,115.432963113815,35.68270969133706,41.55,/home/aojwang/data/MergeDataset/cropped_images/1203MincedMeatCabbagePasta/mincemeat_2.jpg
85Grapes.jpg,red grapes,36636.048,1.4165739710789766,138.85401198295187,99.76621146473003,98.97328751179712,2.360196,/home/aojwang/data/MergeDataset/cropped_images/85Grapes/red grapes_0.jpg
437MangoTomato.jpg,tomato,855.6850393700787,1.153532608695652,173.8638799802837,67.25099021547089,60.120830692758744,1.0,/home/aojwang/data/MergeDataset/cropped_images/437MangoTomato/tomato_0.jpg
1790FishwetfryBrownUgali1CupSpinach.JPG,brown ugali,531.2977099236641,1.0175438596491229,168.42018073200242,121.64280096793708,93.3465706291591,2.93,/home/aojwang/data/MergeDataset/cropped_images/1790FishwetfryBrownUgali1CupSpinach/brown ugali_0.jpg
1790FishwetfryBrownUgali1CupSpinach.JPG,fish fry,1248.6942547207714,1.014857142857143,172.5856566924067,113.21250128700129,74.67869144144144,98.36,/home/aojwang/data/MergeDataset/cropped_images/1790FishwetfryBrownUgali1CupSpinach/fish fry_1.jpg
1790FishwetfryBrownUgali1CupSpinach.JPG,spinach cooked,1280.0080353555645,0.9503003823047516,117.68115124578617,115.52656861083385,49.175985109575194,3.29,/home/aojwang/data/MergeDataset/cropped_images/1790FishwetfryBrownUgali1CupSpinach/spinach cooked_2.jpg
1461MokimoChickenthighCabbage.JPG,green cabbage cooked,3013.0805008944544,1.487781954887218,191.05881333149676,165.5343398372748,40.01865806335168,1.1,/home/aojwang/data/MergeDataset/cropped_images/1461MokimoChickenthighCabbage/green cabbage cooked_0.jpg
1461MokimoChickenthighCabbage.JPG,mukimo,1746.0536672629696,1.0204498977505112,148.99925720561777,156.77942695206363,62.54513116211974,5.0,/home/aojwang/data/MergeDataset/cropped_images/1461MokimoChickenthighCabbage/mukimo_1.jpg
1461MokimoChickenthighCabbage.JPG,chicken thigh,2144.093023255814,1.165680473372781,170.20071619993524,141.54658720384998,30.22438400464562,19.44,/home/aojwang/data/MergeDataset/cropped_images/1461MokimoChickenthighCabbage/chicken thigh_2.jpg
1461MokimoChickenthighCabbage.JPG,chicken thigh,179.06976744186048,1.0551948051948052,117.21825174825175,76.47222777222777,8.828901098901099,19.44,/home/aojwang/data/MergeDataset/cropped_images/1461MokimoChickenthighCabbage/chicken thigh_3.jpg
1620SpaghettiNjahi.JPG,spaghetti,3164.332475553268,1.148228176318064,193.8252469219937,162.5135097550574,133.82722486776015,11.0,/home/aojwang/data/MergeDataset/cropped_images/1620SpaghettiNjahi/spaghetti_0.jpg
1620SpaghettiNjahi.JPG,black beans,2001.8353062274832,1.0356037151702786,139.34397230950702,98.37065883443037,70.36280294511008,23.75,/home/aojwang/data/MergeDataset/cropped_images/1620SpaghettiNjahi/black beans_1.jpg
1344ChickenWetfryWhiteChapatiSpinach.JPG,chicken wing,504.08096085409255,1.0180965147453083,154.45359053419864,116.0165093798481,29.035016687640205,63.72,/home/aojwang/data/MergeDataset/cropped_images/1344ChickenWetfryWhiteChapatiSpinach/chicken wing_0.jpg
1344ChickenWetfryWhiteChapatiSpinach.JPG,spinach cooked,419.7566725978648,1.3127606338615514,115.17921436012433,111.12951654968721,44.342452361296424,2.91,/home/aojwang/data/MergeDataset/cropped_images/1344ChickenWetfryWhiteChapatiSpinach/spinach cooked_1.jpg
1LambStew.jpg,lamb stew,598.0280373831775,1.4330601092896176,184.64298681544224,144.19601285637637,142.6216628378836,3.0,/home/aojwang/data/MergeDataset/cropped_images/1LambStew/lamb stew_0.jpg
765BrownRicethirdcupCowpeasquotercup.jpg,cowpeas,1616.7473806752037,1.8180778032036613,137.56108572523053,106.61620724863297,53.74326642117648,4.75,/home/aojwang/data/MergeDataset/cropped_images/765BrownRicethirdcupCowpeasquotercup/cowpeas_0.jpg
765BrownRicethirdcupCowpeasquotercup.jpg,brown rice boiled,1421.4901047729918,1.3819148936170214,185.5580200809133,160.08666650287455,75.83493440125793,5.6,/home/aojwang/data/MergeDataset/cropped_images/765BrownRicethirdcupCowpeasquotercup/brown rice boiled_1.jpg
1PumpkinLeaves.jpg,pumpkin leaves,1028.7173091458806,1.3055827619980411,103.7250720613552,127.1183466777566,117.27122182112619,3.0,/home/aojwang/data/MergeDataset/cropped_images/1PumpkinLeaves/pumpkin leaves_0.jpg
1448Githeri.JPG,githeri,1345.51095598216,1.4336363636363636,129.9991768029054,111.09149680059953,33.67700856055802,33.5,/home/aojwang/data/MergeDataset/cropped_images/1448Githeri/githeri_0.jpg
2MeatMinced.jpg,mincemeat,742.5922671353252,1.2996078431372549,172.1124011028672,144.72528950264476,143.4582498491249,0.0,/home/aojwang/data/MergeDataset/cropped_images/2MeatMinced/mincemeat_0.jpg
979MashedArrowRoot.jpg,arrowroots,226.6342692584593,1.1074270557029178,165.6166902269731,135.4620800838641,106.12300703632523,5.5,/home/aojwang/data/MergeDataset/cropped_images/979MashedArrowRoot/arrowroots_0.jpg
2ChickenDrumsticks.jpg,chicken drumstick,490.8769792935445,1.3256544502617802,185.89263211003862,164.81147035226587,162.00733976824395,0.0,/home/aojwang/data/MergeDataset/cropped_images/2ChickenDrumsticks/chicken drumstick_0.jpg
1681BeefSausage.JPG,sausage,555.7005494505495,1.6628352490421456,160.66764411956848,141.88660063209562,124.70300404329325,10.6,/home/aojwang/data/MergeDataset/cropped_images/1681BeefSausage/sausage_0.jpg
1443Githeri.JPG,githeri,2735.554524361949,1.380952380952381,149.79725094654563,131.5390719357706,31.209124453785503,16.75,/home/aojwang/data/MergeDataset/cropped_images/1443Githeri/githeri_0.jpg
1071Beefstew(2).jpg,beef stew,1321.8615751789976,1.2914364640883977,138.0845715852053,118.94672677374984,95.71558171904289,88.5,/home/aojwang/data/MergeDataset/cropped_images/1071Beefstew(2)/beef stew_0.jpg
1099Mincedbeefquotercup.jpg,mincemeat,234.14190317195326,1.0369989722507709,134.95190153979038,108.31518288130363,64.33709767284573,13.59,/home/aojwang/data/MergeDataset/cropped_images/1099Mincedbeefquotercup/mincemeat_0.jpg
1118Chickenwings.jpg,chicken wing,11488.134657836645,1.3341772151898734,146.94537352580886,119.45242475920544,41.591072082242455,99.73,/home/aojwang/data/MergeDataset/cropped_images/1118Chickenwings/chicken wing_0.jpg
996Spinach.jpg,spinach cooked,3631.511060692002,1.1369574378423937,104.338433644875,111.3546936017596,72.95175665075689,7.7,/home/aojwang/data/MergeDataset/cropped_images/996Spinach/spinach cooked_0.jpg
2GitheriVegies.jpg,sukumawiki,319.65752508361203,0.9695723684210527,137.4589443551627,122.37091466340789,77.91465643274854,1.0,/home/aojwang/data/MergeDataset/cropped_images/2GitheriVegies/sukumawiki_0.jpg
2GitheriVegies.jpg,githeri,352.0160535117057,1.000796178343949,181.14786558330673,130.99931213231383,80.95424349756016,49.0,/home/aojwang/data/MergeDataset/cropped_images/2GitheriVegies/githeri_1.jpg
3Cauliflower.jpg,cauliflower,3224.2801339285716,1.2960482250502345,200.34985730134252,199.56730374824116,187.7035519764067,4.0,/home/aojwang/data/MergeDataset/cropped_images/3Cauliflower/cauliflower_0.jpg
1BeefFry.jpg,beef fry,473.2216808769793,1.488135593220339,169.2842000952344,123.40021792380388,95.0295226696524,3.0,/home/aojwang/data/MergeDataset/cropped_images/1BeefFry/beef fry_0.jpg
1526Njahi.JPG,black beans,724.3092651757189,1.1078767123287672,130.94001526775023,141.35738944996106,160.03054785110533,9.5,/home/aojwang/data/MergeDataset/cropped_images/1526Njahi/black beans_0.jpg
336CabbageOnions.jpg,onions,2228.155216284987,1.0858267716535432,160.62520541531293,117.96194206688631,137.29382926119007,1.5,/home/aojwang/data/MergeDataset/cropped_images/336CabbageOnions/onions_0.jpg
336CabbageOnions.jpg,green cabbage,2299.8956743002545,1.0795981452859351,196.34059294646622,173.95655406429543,152.73067093429395,1.1,/home/aojwang/data/MergeDataset/cropped_images/336CabbageOnions/green cabbage_1.jpg
7Watermelon.jpg,water melon,1669.8851774530272,1.5822784810126582,145.54713392717613,101.27697546491639,84.7304135021097,0.9,/home/aojwang/data/MergeDataset/cropped_images/7Watermelon/water melon_0.jpg
1102Mincedbeefonecup.jpg,mincemeat,1255.3166197183098,1.3119913185024417,142.49617693667543,104.28691375544332,57.374424812639155,72.88,/home/aojwang/data/MergeDataset/cropped_images/1102Mincedbeefonecup/mincemeat_0.jpg
514RoscocoBeans.jpg,rosecoco,1406.1964211402415,1.383710407239819,162.15259714893654,122.005916829679,109.727710715015,30.345,/home/aojwang/data/MergeDataset/cropped_images/514RoscocoBeans/rosecoco_0.jpg
91Grapes.jpg,red grapes,13295.989232839838,1.5618290258449303,127.90015851935232,92.23291766711341,78.9271455786665,4.130343,/home/aojwang/data/MergeDataset/cropped_images/91Grapes/red grapes_0.jpg
1579BrownUgaliDrumstickCabbage.JPG,brown ugali,350.9776295133438,1.0542888165038002,126.33137871229835,116.76479915374303,120.54498032519616,1.07,/home/aojwang/data/MergeDataset/cropped_images/1579BrownUgaliDrumstickCabbage/brown ugali_0.jpg
1579BrownUgaliDrumstickCabbage.JPG,chicken drumstick,793.9968602825745,1.1753048780487805,118.19066938723861,124.25889227642277,130.3554795008067,25.08,/home/aojwang/data/MergeDataset/cropped_images/1579BrownUgaliDrumstickCabbage/chicken drumstick_1.jpg
1579BrownUgaliDrumstickCabbage.JPG,green cabbage cooked,878.2857142857143,0.9840848806366048,176.9858432475137,192.88104726275677,168.28489699142756,1.1,/home/aojwang/data/MergeDataset/cropped_images/1579BrownUgaliDrumstickCabbage/green cabbage cooked_2.jpg
1100PlantainsFriedEggs.jpg,egg fry,631.9423076923077,0.7475426797723745,217.2197924591461,158.9440251898818,54.144208493171774,10.1,/home/aojwang/data/MergeDataset/cropped_images/1100PlantainsFriedEggs/egg fry_0.jpg
1100PlantainsFriedEggs.jpg,plantain,481.7217194570136,0.9590604026845637,189.64388153352652,117.99962474344944,19.758498692003137,1.3,/home/aojwang/data/MergeDataset/cropped_images/1100PlantainsFriedEggs/plantain_1.jpg
1647WholeFishKachumbarihalfCupBrownUgalithirdCup.JPG,fish fry,2103.515425131678,2.6483138334480385,132.45323282677035,117.08124670013865,71.59076943824019,126.43,/home/aojwang/data/MergeDataset/cropped_images/1647WholeFishKachumbarihalfCupBrownUgalithirdCup/fish fry_0.jpg
1647WholeFishKachumbarihalfCupBrownUgalithirdCup.JPG,kachumbari,1023.196388261851,1.3895639742673338,152.47778469041674,95.63881498248308,31.47758172357092,1.43,/home/aojwang/data/MergeDataset/cropped_images/1647WholeFishKachumbarihalfCupBrownUgalithirdCup/kachumbari_1.jpg
1647WholeFishKachumbarihalfCupBrownUgalithirdCup.JPG,brown ugali,375.0361173814898,1.0253549695740365,132.55917563996846,103.01952257419903,46.98002600201034,1.43,/home/aojwang/data/MergeDataset/cropped_images/1647WholeFishKachumbarihalfCupBrownUgalithirdCup/brown ugali_2.jpg
209AvocadoApple.jpg,apple,5472.48362720403,1.0136612021857923,190.93387066781554,182.42226831190254,138.38281238492922,0.3,/home/aojwang/data/MergeDataset/cropped_images/209AvocadoApple/apple_0.jpg
209AvocadoApple.jpg,avocado,5110.649874055415,0.9770992366412213,167.56311017443696,169.17359758453725,90.09559185934641,1.6,/home/aojwang/data/MergeDataset/cropped_images/209AvocadoApple/avocado_1.jpg
40Pineapple.jpg,pineapple,6271.422459893048,1.601889338731444,222.8329163668032,205.56797066056367,119.04824532980433,0.48017,/home/aojwang/data/MergeDataset/cropped_images/40Pineapple/pineapple_0.jpg
3StrawberryBananaWMelon.jpg,strawberry banana watermelon,349.01600629755967,1.3286219081272084,201.05263438839185,124.23212615592813,132.01421622434404,26.0,/home/aojwang/data/MergeDataset/cropped_images/3StrawberryBananaWMelon/strawberry banana watermelon_0.jpg
666SweetPotatosliced.jpg,sweet potato,591.3852813852814,1.081203007518797,211.56504386836355,182.38467483033034,91.0408164012256,1.8,/home/aojwang/data/MergeDataset/cropped_images/666SweetPotatosliced/sweet potato_0.jpg
1716ChipsBeefstew(2).JPG,beef stew,632.2928421543484,0.9428066037735849,137.75134960529576,82.02238648565731,44.083909681168656,44.25,/home/aojwang/data/MergeDataset/cropped_images/1716ChipsBeefstew(2)/beef stew_0.jpg
1716ChipsBeefstew(2).JPG,potato chips,795.5880158545116,0.8801422041645506,195.08605661263726,158.5618433087349,73.01165350878607,12.0,/home/aojwang/data/MergeDataset/cropped_images/1716ChipsBeefstew(2)/potato chips_1.jpg
1178BrownChapatiChickendrumstick.jpg,chicken drumstick,536.2881818181818,1.8116480793060719,160.90459166289494,116.48175929834197,51.77165855535609,62.34,/home/aojwang/data/MergeDataset/cropped_images/1178BrownChapatiChickendrumstick/chicken drumstick_0.jpg
714WhiteRiceRoscocoBeans.jpg,rosecoco,629.077909270217,1.5013286093888396,174.38670972562974,102.74277808695925,67.48527817187528,4.335,/home/aojwang/data/MergeDataset/cropped_images/714WhiteRiceRoscocoBeans/rosecoco_0.jpg
714WhiteRiceRoscocoBeans.jpg,white rice boiled,536.2577251808021,1.2640845070422535,216.41308996037506,173.2224660637922,134.5700553425007,2.4,/home/aojwang/data/MergeDataset/cropped_images/714WhiteRiceRoscocoBeans/white rice boiled_1.jpg
1012Kalesthirdcup.jpg,sukumawiki,882.7192254495159,1.2175414364640884,106.6195899129748,116.51305652093525,33.74325100359445,1.1,/home/aojwang/data/MergeDataset/cropped_images/1012Kalesthirdcup/sukumawiki_0.jpg
1266MincedMeatGreenGramsCabbage.JPG,ndengu,300.38589211618256,1.0945584299732383,152.0514043593921,137.29497472494796,46.47628478182319,3.0,/home/aojwang/data/MergeDataset/cropped_images/1266MincedMeatGreenGramsCabbage/ndengu_0.jpg
1266MincedMeatGreenGramsCabbage.JPG,mincemeat,259.97423018126227,1.6020881670533642,151.272404239841,118.0397279284153,36.76068906656631,27.7,/home/aojwang/data/MergeDataset/cropped_images/1266MincedMeatGreenGramsCabbage/mincemeat_1.jpg
1266MincedMeatGreenGramsCabbage.JPG,green cabbage cooked,250.63332605372352,0.9606587374199451,192.2874639480678,184.87490349845336,85.31183984664314,0.5,/home/aojwang/data/MergeDataset/cropped_images/1266MincedMeatGreenGramsCabbage/green cabbage cooked_2.jpg
1523FriedGitheriWhiteRiceCabbage.JPG,githeri,2230.0610583446405,1.1098198721673445,197.87550218885283,146.2476890034103,82.53240901582241,17.25,/home/aojwang/data/MergeDataset/cropped_images/1523FriedGitheriWhiteRiceCabbage/githeri_0.jpg
1523FriedGitheriWhiteRiceCabbage.JPG,white rice boiled,3270.672998643148,1.035217794253939,214.7066838388607,180.87789101450912,130.35390995840672,6.0,/home/aojwang/data/MergeDataset/cropped_images/1523FriedGitheriWhiteRiceCabbage/white rice boiled_1.jpg
1523FriedGitheriWhiteRiceCabbage.JPG,green cabbage cooked,2806.990502035278,1.6743002544529262,188.89719599062624,132.4299988592156,53.014303309434865,2.2,/home/aojwang/data/MergeDataset/cropped_images/1523FriedGitheriWhiteRiceCabbage/green cabbage cooked_2.jpg
1210MincedMeatRoscocoBeansSpinach.JPG,mincemeat,284.2428294155704,1.3259779338014042,194.89083741390587,123.85044847098027,70.91421920830571,27.7,/home/aojwang/data/MergeDataset/cropped_images/1210MincedMeatRoscocoBeansSpinach/mincemeat_0.jpg
1210MincedMeatRoscocoBeansSpinach.JPG,rosecoco,420.916972180289,1.298531810766721,171.71968529433465,86.88454866092289,63.78925162107438,8.67,/home/aojwang/data/MergeDataset/cropped_images/1210MincedMeatRoscocoBeansSpinach/rosecoco_1.jpg
1210MincedMeatRoscocoBeansSpinach.JPG,spinach cooked,405.69419883545396,1.2870140612076095,128.92453450024558,103.79703636607194,50.419852923978475,2.91,/home/aojwang/data/MergeDataset/cropped_images/1210MincedMeatRoscocoBeansSpinach/spinach cooked_2.jpg
1DalmakhiNan.jpg,dalmakhi,189.93333333333334,1.1762632197414806,175.3520169607126,143.9563973042234,116.04600921992227,14.0,/home/aojwang/data/MergeDataset/cropped_images/1DalmakhiNan/dalmakhi_0.jpg
1DalmakhiNan.jpg,naan,231.97168338907468,2.012517385257302,218.54951446232337,202.41536515528267,148.7392889033279,13.0,/home/aojwang/data/MergeDataset/cropped_images/1DalmakhiNan/naan_1.jpg
1RiceBBroccoliCarrot.jpg,broccoli,117.4081826831589,1.6901709401709402,142.3042454104401,145.97618777486034,115.94952024376803,4.0,/home/aojwang/data/MergeDataset/cropped_images/1RiceBBroccoliCarrot/broccoli_0.jpg
1RiceBBroccoliCarrot.jpg,brown rice boiled,698.0729464002537,1.6470588235294117,201.06815191474513,175.95506455177227,160.56637410587072,25.0,/home/aojwang/data/MergeDataset/cropped_images/1RiceBBroccoliCarrot/brown rice boiled_1.jpg
1RiceBBroccoliCarrot.jpg,carrot,83.12971772914685,2.762987012987013,190.58393105132237,120.45834541486715,77.40102171623911,7.0,/home/aojwang/data/MergeDataset/cropped_images/1RiceBBroccoliCarrot/carrot_2.jpg
9Watermelon.jpg,water melon,3148.1970878835155,1.348277489381784,158.17118449126798,87.6970762884534,81.48866192719736,1.5,/home/aojwang/data/MergeDataset/cropped_images/9Watermelon/water melon_0.jpg
1365BeefstewSpinachNjahi.JPG,spinach cooked,571.4078638497652,1.1848673946957877,108.36734899284056,135.3103178768362,131.51085316618722,1.1,/home/aojwang/data/MergeDataset/cropped_images/1365BeefstewSpinachNjahi/spinach cooked_0.jpg
1365BeefstewSpinachNjahi.JPG,black beans,600.4492370892019,1.3907666941467436,127.72796922882955,132.76570896888137,140.5913261344328,4.75,/home/aojwang/data/MergeDataset/cropped_images/1365BeefstewSpinachNjahi/black beans_1.jpg
1365BeefstewSpinachNjahi.JPG,beef stew,484.9779929577465,1.238961038961039,134.90921131046917,135.07809269696062,125.5784245570409,8.85,/home/aojwang/data/MergeDataset/cropped_images/1365BeefstewSpinachNjahi/beef stew_2.jpg
1313BeefstewPastaSpinach.JPG,pasta,587.7096165933375,1.4189895470383276,222.52403518115688,169.7064294163068,90.14726601685906,2.2,/home/aojwang/data/MergeDataset/cropped_images/1313BeefstewPastaSpinach/pasta_0.jpg
1313BeefstewPastaSpinach.JPG,spinach cooked,541.8180389692018,1.4645161290322581,121.77566797075517,100.47487768732617,51.250287547163246,1.1,/home/aojwang/data/MergeDataset/cropped_images/1313BeefstewPastaSpinach/spinach cooked_2.jpg
1160MincedMeatWhiteChapatiquoterCabbage.JPG,green cabbage cooked,168.76527900797166,1.0920770877944326,217.71353654952344,183.311235671999,87.06460931267581,0.5,/home/aojwang/data/MergeDataset/cropped_images/1160MincedMeatWhiteChapatiquoterCabbage/green cabbage cooked_0.jpg
1160MincedMeatWhiteChapatiquoterCabbage.JPG,mincemeat,188.10876882196635,1.0146627565982405,173.32263714904028,97.90147418620289,28.685588874009532,13.85,/home/aojwang/data/MergeDataset/cropped_images/1160MincedMeatWhiteChapatiquoterCabbage/mincemeat_1.jpg
1160MincedMeatWhiteChapatiquoterCabbage.JPG,white chapati,348.7652790079716,1.8028708133971292,229.13825262345208,177.6727348916588,87.16342709698392,2.96,/home/aojwang/data/MergeDataset/cropped_images/1160MincedMeatWhiteChapatiquoterCabbage/white chapati_2.jpg
810BrownRice1cupEggyolkBeansquotercup.jpg,brown rice boiled,2211.145593869732,1.287528005974608,158.58049865796582,126.26614166474617,51.757500749425155,16.0,/home/aojwang/data/MergeDataset/cropped_images/810BrownRice1cupEggyolkBeansquotercup/brown rice boiled_0.jpg
288Lettuceshreded.jpg,lettuce,6639.866231647635,1.47352587244284,158.2208276272788,141.66790074683593,97.04611130847877,3.0,/home/aojwang/data/MergeDataset/cropped_images/288Lettuceshreded/lettuce_0.jpg
1125Grilledchickenbreast.jpg,chicken breast grilled,1033.6351351351352,1.1963129048330843,159.37425383502597,126.64969254838387,33.13895929013135,84.74,/home/aojwang/data/MergeDataset/cropped_images/1125Grilledchickenbreast/chicken breast grilled_0.jpg
1193MincedMeatSpaghettiCabbage.JPG,spaghetti,386.1346102686885,1.1823104693140793,209.06645561771433,188.44543018160775,101.85517196241078,4.4,/home/aojwang/data/MergeDataset/cropped_images/1193MincedMeatSpaghettiCabbage/spaghetti_0.jpg
1193MincedMeatSpaghettiCabbage.JPG,green cabbage cooked,422.3719074221868,1.39456419868791,197.2911407473471,183.86993920750572,94.89200829377916,1.2,/home/aojwang/data/MergeDataset/cropped_images/1193MincedMeatSpaghettiCabbage/green cabbage cooked_1.jpg
1193MincedMeatSpaghettiCabbage.JPG,mincemeat,519.3072625698323,1.0446232626188734,175.72502300115363,136.7961411338493,55.08489577250066,41.55,/home/aojwang/data/MergeDataset/cropped_images/1193MincedMeatSpaghettiCabbage/mincemeat_2.jpg
1638WholeFishKachumbari1CupWhiteUgaliquoterCup.JPG,white ugali,1437.3333333333333,1.024234693877551,176.20899147330164,172.5429289399446,110.56605173202531,2.38,/home/aojwang/data/MergeDataset/cropped_images/1638WholeFishKachumbari1CupWhiteUgaliquoterCup/white ugali_0.jpg
1638WholeFishKachumbari1CupWhiteUgaliquoterCup.JPG,kachumbari,6444.92694063927,1.506208911614317,144.67313217220155,91.98078202458626,36.80584814504913,1.99,/home/aojwang/data/MergeDataset/cropped_images/1638WholeFishKachumbari1CupWhiteUgaliquoterCup/kachumbari_1.jpg
2Pear.jpg,pear,96.28248076052512,0.8957345971563981,172.24019534090624,163.83921675568595,100.39507322149502,15.0,/home/aojwang/data/MergeDataset/cropped_images/2Pear/pear_0.jpg
1720GitheriWhiteChapatihalf.JPG,githeri,489.3362391033624,0.8472834067547724,167.03490763150327,128.7686403927347,33.446084868566714,10.05,/home/aojwang/data/MergeDataset/cropped_images/1720GitheriWhiteChapatihalf/githeri_0.jpg
1720GitheriWhiteChapatihalf.JPG,white chapati,1115.077210460772,0.759208103130755,185.2102663928247,170.8419467348368,81.58498816739204,6.16,/home/aojwang/data/MergeDataset/cropped_images/1720GitheriWhiteChapatihalf/white chapati_1.jpg
784BrownRicequotercupMonkeynutshalfcup.jpg,brown rice boiled,359.58754448398577,1.5438813349814586,205.00215747381588,154.1793434747798,100.59001069829905,4.0,/home/aojwang/data/MergeDataset/cropped_images/784BrownRicequotercupMonkeynutshalfcup/brown rice boiled_0.jpg
784BrownRicequotercupMonkeynutshalfcup.jpg,monkeynut beans,925.2811387900356,1.3593637020968907,148.64890040153227,83.95769065091307,55.824073091183216,10.14,/home/aojwang/data/MergeDataset/cropped_images/784BrownRicequotercupMonkeynutshalfcup/monkeynut beans_1.jpg
513RoscocoBeans.jpg,rosecoco,1290.096767594108,1.2141290039491004,172.72002870919775,136.563211852598,126.86337568088008,2.601,/home/aojwang/data/MergeDataset/cropped_images/513RoscocoBeans/rosecoco_0.jpg
1591WhiteUgalihalfCupSpinach.JPG,spinach cooked,621.8432299157591,1.038664323374341,102.71450227671401,129.96606488461467,125.192782051676,2.91,/home/aojwang/data/MergeDataset/cropped_images/1591WhiteUgalihalfCupSpinach/spinach cooked_0.jpg
1591WhiteUgalihalfCupSpinach.JPG,white ugali,281.9683583316211,1.0146173688736027,184.82531879854847,204.75162350437938,211.7542562338779,5.03,/home/aojwang/data/MergeDataset/cropped_images/1591WhiteUgalihalfCupSpinach/white ugali_1.jpg
757BrownRiceCowpeas.jpg,brown rice boiled,6416.455331412104,1.3442113442113441,205.7019425019425,179.01211357685347,82.651227706141,16.0,/home/aojwang/data/MergeDataset/cropped_images/757BrownRiceCowpeas/brown rice boiled_0.jpg
757BrownRiceCowpeas.jpg,cowpeas,4819.625360230548,1.4607476635514018,151.24773231444442,110.37372773422786,40.717795277473826,9.5,/home/aojwang/data/MergeDataset/cropped_images/757BrownRiceCowpeas/cowpeas_1.jpg
171WatermelonPawpaw.jpg,water melon,1606.442595673877,1.0501474926253687,162.98156860064302,79.93033044976964,83.34510011683405,0.9,/home/aojwang/data/MergeDataset/cropped_images/171WatermelonPawpaw/water melon_0.jpg
171WatermelonPawpaw.jpg,pawpaw,1542.6697171381031,1.1924619085805934,171.4016418152726,86.73278976470226,67.61892671530705,0.706347,/home/aojwang/data/MergeDataset/cropped_images/171WatermelonPawpaw/pawpaw_1.jpg
1532Njahi.JPG,black beans,1349.7704225352113,1.20659642693541,113.79517991409425,116.74473367232333,128.30243745154365,38.0,/home/aojwang/data/MergeDataset/cropped_images/1532Njahi/black beans_0.jpg
310CabbageCucumber.jpg,cucumber,667.0639229422067,1.154046997389034,179.05982512172037,160.5479011849769,113.31353449192491,0.6,/home/aojwang/data/MergeDataset/cropped_images/310CabbageCucumber/cucumber_0.jpg
310CabbageCucumber.jpg,green cabbage,805.8844133099825,1.1234375,226.0404038812587,205.93024763125868,177.8401235439847,1.1,/home/aojwang/data/MergeDataset/cropped_images/310CabbageCucumber/green cabbage_1.jpg
362LettuceOnionsCarrots.jpg,onions,403.89660159074475,1.177618069815195,154.15690606152288,99.85166285050369,105.24111556081483,0.75,/home/aojwang/data/MergeDataset/cropped_images/362LettuceOnionsCarrots/onions_0.jpg
362LettuceOnionsCarrots.jpg,carrot,319.75488069414314,1.4462915601023019,180.2122027221683,97.11767080260775,48.40734270873613,0.35,/home/aojwang/data/MergeDataset/cropped_images/362LettuceOnionsCarrots/carrot_1.jpg
362LettuceOnionsCarrots.jpg,lettuce,740.4793926247288,1.2718676122931443,180.68354029897966,159.60323333167332,107.20290005790547,0.6,/home/aojwang/data/MergeDataset/cropped_images/362LettuceOnionsCarrots/lettuce_2.jpg
1332ChickenWetfryBrownRiceCabbage.JPG,green cabbage cooked,298.83526079773424,1.224188790560472,214.9601386865061,183.69762629673068,102.59776806340406,0.5,/home/aojwang/data/MergeDataset/cropped_images/1332ChickenWetfryBrownRiceCabbage/green cabbage cooked_0.jpg
3DalmakhiNan.jpg,naan,272.1516164994426,1.6894117647058824,230.13791823693265,213.5068925118794,176.06888333606423,121.0,/home/aojwang/data/MergeDataset/cropped_images/3DalmakhiNan/naan_0.jpg
3DalmakhiNan.jpg,dalmakhi,161.42207357859533,1.329268292682927,179.88793720251167,152.7208078146021,127.31174013574999,48.0,/home/aojwang/data/MergeDataset/cropped_images/3DalmakhiNan/dalmakhi_1.jpg
788BrownRicehalfcupMonkeynutshalfcup.jpg,brown rice boiled,683.2743423300308,1.571808510638298,181.20221116191254,132.64369502346065,88.71574204077714,8.4,/home/aojwang/data/MergeDataset/cropped_images/788BrownRicehalfcupMonkeynutshalfcup/brown rice boiled_0.jpg
788BrownRicehalfcupMonkeynutshalfcup.jpg,monkeynut beans,945.9439699350871,2.064766839378238,128.4025664029402,69.26265088786461,45.927439469686625,10.14,/home/aojwang/data/MergeDataset/cropped_images/788BrownRicehalfcupMonkeynutshalfcup/monkeynut beans_1.jpg
1771BrownChapatiWhiteRiceSpinach.JPG,brown chapati,1317.8698547215497,1.5263469508584961,174.04711313702822,139.9084655836768,111.8349365974606,28.66,/home/aojwang/data/MergeDataset/cropped_images/1771BrownChapatiWhiteRiceSpinach/brown chapati_0.jpg
1771BrownChapatiWhiteRiceSpinach.JPG,white rice boiled,493.8777239709443,1.5028790786948176,198.25607744219167,182.58086791537053,156.12816864120722,2.4,/home/aojwang/data/MergeDataset/cropped_images/1771BrownChapatiWhiteRiceSpinach/white rice boiled_1.jpg
1771BrownChapatiWhiteRiceSpinach.JPG,spinach cooked,889.3220338983051,0.8603896103896104,97.46419212339023,103.6788280377903,40.56081570421193,3.29,/home/aojwang/data/MergeDataset/cropped_images/1771BrownChapatiWhiteRiceSpinach/spinach cooked_2.jpg
425MangoLettuce.jpg,mango,3366.6732869910625,0.8325074331020813,190.21417392279014,141.6154024493841,70.8519216928595,2.296,/home/aojwang/data/MergeDataset/cropped_images/425MangoLettuce/mango_0.jpg
425MangoLettuce.jpg,lettuce,5509.555114200596,0.9419035846724351,187.6740725960965,179.25663530830792,144.56711622419263,1.2,/home/aojwang/data/MergeDataset/cropped_images/425MangoLettuce/lettuce_1.jpg
305LettuceCucumber.jpg,lettuce,1748.1020134228188,1.2773109243697478,191.0762752469409,181.49574303405572,132.6076024159664,1.2,/home/aojwang/data/MergeDataset/cropped_images/305LettuceCucumber/lettuce_0.jpg
305LettuceCucumber.jpg,cucumber,729.2953020134228,1.0242718446601942,150.50287857175724,141.04123222748814,98.0444531357843,0.6,/home/aojwang/data/MergeDataset/cropped_images/305LettuceCucumber/cucumber_1.jpg
1Banana.jpg,ripe banana,175.67904028972384,2.798449612403101,190.7011505507956,166.79011359488072,112.58907685370096,25.0,/home/aojwang/data/MergeDataset/cropped_images/1Banana/ripe banana_0.jpg
1469FriedGitheri.JPG,githeri,788.7594594594594,1.3044397463002113,150.6142214424978,119.92636315665037,11.137226263616148,3.45,/home/aojwang/data/MergeDataset/cropped_images/1469FriedGitheri/githeri_0.jpg
1708BeefSausageChipsKachumbari1Cup.JPG,kachumbari,211.66628636622931,1.1289023162134946,159.6912302262133,86.86721501895966,64.81065675607935,1.99,/home/aojwang/data/MergeDataset/cropped_images/1708BeefSausageChipsKachumbari1Cup/kachumbari_0.jpg
1708BeefSausageChipsKachumbari1Cup.JPG,potato chips,334.7472903593839,1.148626817447496,211.98768600505784,171.87485770570473,73.97722552822142,7.2,/home/aojwang/data/MergeDataset/cropped_images/1708BeefSausageChipsKachumbari1Cup/potato chips_1.jpg
1190MincedMeatSpaghettiCabbage.JPG,mincemeat,814.0067817509248,1.3176823176823176,156.78271008748644,117.07342392255205,22.877223610354772,13.85,/home/aojwang/data/MergeDataset/cropped_images/1190MincedMeatSpaghettiCabbage/mincemeat_0.jpg
1190MincedMeatSpaghettiCabbage.JPG,spaghetti,846.8236744759556,1.3545183714001987,200.77344220951872,180.87408303168147,83.86383657505962,2.2,/home/aojwang/data/MergeDataset/cropped_images/1190MincedMeatSpaghettiCabbage/spaghetti_1.jpg
1190MincedMeatSpaghettiCabbage.JPG,green cabbage cooked,1050.087546239211,1.1556836902800658,198.0092746656083,190.5906653311743,83.08240402714353,0.5,/home/aojwang/data/MergeDataset/cropped_images/1190MincedMeatSpaghettiCabbage/green cabbage cooked_2.jpg
237Zucchini.jpg,zucchini,1777.6440129449838,1.3579664570230607,176.25332427925403,179.93085300916655,139.82790209942982,2.25,/home/aojwang/data/MergeDataset/cropped_images/237Zucchini/zucchini_0.jpg
1475FriedGitheri.JPG,githeri,2097.213161081954,1.3960601347848627,170.39152367262858,142.1851602670903,28.253927920571293,24.15,/home/aojwang/data/MergeDataset/cropped_images/1475FriedGitheri/githeri_0.jpg
882WhiteChapatihalfGreengrams.jpg,ndengu,265.4242896068509,1.1457378551787352,129.98747277726855,90.4870416131989,32.811103208065994,1.85,/home/aojwang/data/MergeDataset/cropped_images/882WhiteChapatihalfGreengrams/ndengu_0.jpg
3SpinachCooked.jpg,spinach cooked,1842.3127501429387,1.4225913621262458,104.33678955870282,119.63959865992388,106.81967876035199,5.0,/home/aojwang/data/MergeDataset/cropped_images/3SpinachCooked/spinach cooked_0.jpg
1BreadSausage.jpg,brown bread,164.71571906354515,1.3133333333333332,208.5207350253807,184.459710321489,124.02335972927241,13.0,/home/aojwang/data/MergeDataset/cropped_images/1BreadSausage/brown bread_0.jpg
1BreadSausage.jpg,sausage,123.63076923076923,1.6829268292682926,188.12435525641857,141.0792268126763,69.6451944510572,6.0,/home/aojwang/data/MergeDataset/cropped_images/1BreadSausage/sausage_1.jpg
1502FriedGitheriBeefstewCabbage.JPG,githeri,556.5871754107048,1.0455069124423964,167.18639473918066,110.06808279696843,53.77704548628302,13.8,/home/aojwang/data/MergeDataset/cropped_images/1502FriedGitheriBeefstewCabbage/githeri_0.jpg
1502FriedGitheriBeefstewCabbage.JPG,green cabbage cooked,424.96025437201905,1.7045454545454546,204.93346551939143,150.86771791994013,68.39640686702415,2.2,/home/aojwang/data/MergeDataset/cropped_images/1502FriedGitheriBeefstewCabbage/green cabbage cooked_1.jpg
1502FriedGitheriBeefstewCabbage.JPG,beef stew,590.2602013778485,0.988036976617727,149.5195056776029,100.71821235189496,50.31496952083563,35.4,/home/aojwang/data/MergeDataset/cropped_images/1502FriedGitheriBeefstewCabbage/beef stew_2.jpg
1618SpaghettiNjahi.JPG,black beans,1971.8241415192508,1.0884244372990353,162.65635859610126,121.6184480846979,90.66405627036032,19.0,/home/aojwang/data/MergeDataset/cropped_images/1618SpaghettiNjahi/black beans_0.jpg
1618SpaghettiNjahi.JPG,spaghetti,2961.983350676379,1.1719600725952812,214.1098166990226,183.39883473050443,151.60072630412589,8.8,/home/aojwang/data/MergeDataset/cropped_images/1618SpaghettiNjahi/spaghetti_1.jpg
3Butternut.jpg,butternut,839.9342265529841,1.2036613272311212,220.32380539434772,166.6194388130463,115.3632923715582,28.0,/home/aojwang/data/MergeDataset/cropped_images/3Butternut/butternut_0.jpg
1072Beefstewquotercup.jpg,beef stew,198.849845882871,1.0764192139737991,134.3754218446903,110.18893106105565,91.49263930839615,9.2,/home/aojwang/data/MergeDataset/cropped_images/1072Beefstewquotercup/beef stew_0.jpg
943BananaCooked.jpg,boiled banana,353.6340601060695,2.4705882352941178,174.82087242987618,106.78231494858503,28.2132167560659,1.05,/home/aojwang/data/MergeDataset/cropped_images/943BananaCooked/boiled banana_0.jpg
417BananaTomato.jpg,tomato,479.834009590557,1.3192346424974823,176.76767832845184,47.429413528285785,16.55311531868115,0.5,/home/aojwang/data/MergeDataset/cropped_images/417BananaTomato/tomato_0.jpg
417BananaTomato.jpg,ripe banana,423.99483585392846,1.8417721518987342,179.59288094305973,90.17130366697116,11.81256948975597,1.4,/home/aojwang/data/MergeDataset/cropped_images/417BananaTomato/ripe banana_1.jpg
145ApplePineapple.jpg,apple,3562.365527488856,2.0630797773654916,178.5285617517118,164.7848454538781,125.35961170766541,0.3,/home/aojwang/data/MergeDataset/cropped_images/145ApplePineapple/apple_0.jpg
145ApplePineapple.jpg,pineapple,1801.6790490341753,2.1271523178807947,200.5815468483254,185.36788698011597,122.62595812062382,0.48017,/home/aojwang/data/MergeDataset/cropped_images/145ApplePineapple/pineapple_1.jpg
1784FishwetfryWhiteUgali1CupSpinach.JPG,white ugali,574.5701078582434,1.050387596899225,216.71357429417318,193.25869947652964,165.90050040762034,9.14,/home/aojwang/data/MergeDataset/cropped_images/1784FishwetfryWhiteUgali1CupSpinach/white ugali_0.jpg
1784FishwetfryWhiteUgali1CupSpinach.JPG,spinach cooked,733.2881355932203,0.9166666666666666,113.58757928769948,102.19240365003586,44.71690088757396,1.1,/home/aojwang/data/MergeDataset/cropped_images/1784FishwetfryWhiteUgali1CupSpinach/spinach cooked_1.jpg
1Rosecoco.jpg,rosecoco,1562.719827586207,1.2980132450331126,189.22052966341286,151.83876199486417,151.39845773422223,25.0,/home/aojwang/data/MergeDataset/cropped_images/1Rosecoco/rosecoco_0.jpg
2Kiwi.jpg,kiwi,61.07152557718425,1.2072538860103628,154.22031967701207,114.80066762041011,80.06140526436731,11.0,/home/aojwang/data/MergeDataset/cropped_images/2Kiwi/kiwi_0.jpg
1161MincedMeatWhiteChapatihalfCabbage.JPG,green cabbage cooked,196.96578605456907,1.084061135371179,217.94755757551772,183.6697010074891,82.01697691702178,0.5,/home/aojwang/data/MergeDataset/cropped_images/1161MincedMeatWhiteChapatihalfCabbage/green cabbage cooked_0.jpg
1161MincedMeatWhiteChapatihalfCabbage.JPG,mincemeat,229.7104807275877,1.283828382838284,171.1458470611414,101.07309368468981,28.07994227014818,13.85,/home/aojwang/data/MergeDataset/cropped_images/1161MincedMeatWhiteChapatihalfCabbage/mincemeat_1.jpg
641BrownRicequotercup.jpg,brown rice boiled,326.44911833439556,1.5274177467597208,180.3300594300649,112.13050274763178,64.85202356377343,3.36,/home/aojwang/data/MergeDataset/cropped_images/641BrownRicequotercup/brown rice boiled_0.jpg
1539NjahiWhiteRice.JPG,black beans,736.4769422517656,1.1454983922829582,117.51276640153438,113.5965549726406,27.407082416652564,4.75,/home/aojwang/data/MergeDataset/cropped_images/1539NjahiWhiteRice/black beans_0.jpg
1539NjahiWhiteRice.JPG,white rice boiled,997.9759036144578,1.345808383233533,159.20712135240086,162.13701018430325,65.9757248572932,1.2,/home/aojwang/data/MergeDataset/cropped_images/1539NjahiWhiteRice/white rice boiled_1.jpg
255Carrots.jpg,carrot,3756.6135216952575,1.4308741475511468,205.47005402379497,141.99910014064668,77.90154007570638,3.01,/home/aojwang/data/MergeDataset/cropped_images/255Carrots/carrot_0.jpg
566WhiteRice.jpg,white rice boiled,3504.5973011363635,1.267612772427775,209.4570388773026,200.00213315586083,120.91031727197615,9.6,/home/aojwang/data/MergeDataset/cropped_images/566WhiteRice/white rice boiled_0.jpg
3Macadamia.jpg,macadamia,1896.1915057915057,1.375748502994012,203.66988085852233,175.93794266743987,121.88902852619027,3.0,/home/aojwang/data/MergeDataset/cropped_images/3Macadamia/macadamia_0.jpg
544Lentilshalfcup.jpg,kamande,602.0359192348566,1.305498981670061,183.24356213895535,162.81528917640074,128.13854406178962,0.91,/home/aojwang/data/MergeDataset/cropped_images/544Lentilshalfcup/kamande_0.jpg
899IrishPotato.jpg,irish potato,211.29070533948584,1.1950947603121516,164.82158708963544,147.11551564917886,37.54298948401804,7.43,/home/aojwang/data/MergeDataset/cropped_images/899IrishPotato/irish potato_0.jpg
347OnionsCarrots.jpg,carrot,577.9941212871287,1.120836560805577,214.63523666315683,138.80165378621973,63.94698719592394,1.05,/home/aojwang/data/MergeDataset/cropped_images/347OnionsCarrots/carrot_0.jpg
347OnionsCarrots.jpg,onions,848.8063118811881,1.0312691600245247,179.9598602726164,134.95620013837137,144.40187479359116,2.25,/home/aojwang/data/MergeDataset/cropped_images/347OnionsCarrots/onions_1.jpg
128Apple1cup.jpg,apple,7330.8,1.7541946308724832,163.21840526192472,164.58453816131134,147.38304582759605,0.39,/home/aojwang/data/MergeDataset/cropped_images/128Apple1cup/apple_0.jpg
68Mango.jpg,mango,19198.74418604651,1.6139760837070254,172.59367679087538,134.6328350310842,64.14971468233492,4.1,/home/aojwang/data/MergeDataset/cropped_images/68Mango/mango_0.jpg
738WhiteRiceButterBeans.jpg,white rice boiled,8160.633663366337,1.3059593023255813,204.75544229076885,138.04155585536617,119.22267005085996,7.2,/home/aojwang/data/MergeDataset/cropped_images/738WhiteRiceButterBeans/white rice boiled_0.jpg
738WhiteRiceButterBeans.jpg,butternut beans,4468.937293729373,1.7605473204104902,199.76676700480323,125.09246666390959,76.54692235659721,2.31,/home/aojwang/data/MergeDataset/cropped_images/738WhiteRiceButterBeans/butternut beans_1.jpg
357TomatoOnionsCarrots.jpg,onions,1132.897030953885,1.9540709812108559,147.48797630837035,87.40431119854398,100.80670868797174,1.5,/home/aojwang/data/MergeDataset/cropped_images/357TomatoOnionsCarrots/onions_0.jpg
357TomatoOnionsCarrots.jpg,carrot,1087.461781427669,1.1680395387149918,185.68326796216218,100.97086877821746,57.687560268889285,0.7,/home/aojwang/data/MergeDataset/cropped_images/357TomatoOnionsCarrots/carrot_1.jpg
357TomatoOnionsCarrots.jpg,tomato,1039.4137713202779,1.0718321226795804,153.86317242334957,55.321886820891315,53.82234203156452,1.0,/home/aojwang/data/MergeDataset/cropped_images/357TomatoOnionsCarrots/tomato_2.jpg
351TomatoCucumberCarrots.jpg,carrot,463.96735187424423,1.4523346303501945,193.05064750938882,114.87866072801478,58.935049687126174,0.7,/home/aojwang/data/MergeDataset/cropped_images/351TomatoCucumberCarrots/carrot_0.jpg
351TomatoCucumberCarrots.jpg,cucumber,388.42019347037484,1.7093425605536332,155.24066498870724,133.5445818876888,89.18287033794228,0.6,/home/aojwang/data/MergeDataset/cropped_images/351TomatoCucumberCarrots/cucumber_1.jpg
351TomatoCucumberCarrots.jpg,tomato,472.1136638452237,1.0954773869346734,164.23496112058766,61.79799929822405,51.57896516220245,1.0,/home/aojwang/data/MergeDataset/cropped_images/351TomatoCucumberCarrots/tomato_2.jpg
2Ham.jpg,ham,291.2033542976939,1.8453608247422681,162.41925178540575,134.01952967517133,139.33603603927892,4.0,/home/aojwang/data/MergeDataset/cropped_images/2Ham/ham_0.jpg
3PotatoPork.jpg,mashed potato,195.94562068197013,0.7722586691658857,210.6539556054995,196.8446567820129,150.04522024367384,48.0,/home/aojwang/data/MergeDataset/cropped_images/3PotatoPork/mashed potato_0.jpg
3PotatoPork.jpg,pork fry,211.85112547359037,1.0144628099173554,194.08350621097102,121.80819103364696,108.31954204608574,0.0,/home/aojwang/data/MergeDataset/cropped_images/3PotatoPork/pork fry_1.jpg
1171MincedMeatCabbageWhiteRice.JPG,mincemeat,507.0770128354726,1.417624521072797,177.3306007156582,102.01820556188372,33.45013519266393,13.85,/home/aojwang/data/MergeDataset/cropped_images/1171MincedMeatCabbageWhiteRice/mincemeat_0.jpg
1171MincedMeatCabbageWhiteRice.JPG,green cabbage cooked,593.8179696616103,1.1206715634837356,216.48856852596373,180.18507689103205,91.55954879328436,0.5,/home/aojwang/data/MergeDataset/cropped_images/1171MincedMeatCabbageWhiteRice/green cabbage cooked_1.jpg
1171MincedMeatCabbageWhiteRice.JPG,white rice boiled,1149.6540256709452,1.6314831665150136,238.96522164092795,204.5513860138533,152.43445214860947,2.6,/home/aojwang/data/MergeDataset/cropped_images/1171MincedMeatCabbageWhiteRice/white rice boiled_2.jpg
1265MincedMeatGreenGramsCabbage.JPG,ndengu,324.6269858080915,1.1751313485113835,163.06251941191363,145.62376448879132,33.49675902605046,3.0,/home/aojwang/data/MergeDataset/cropped_images/1265MincedMeatGreenGramsCabbage/ndengu_0.jpg
1265MincedMeatGreenGramsCabbage.JPG,mincemeat,185.61830120737133,1.4934725848563968,166.11670721576073,129.22632100275703,22.230060572586684,13.85,/home/aojwang/data/MergeDataset/cropped_images/1265MincedMeatGreenGramsCabbage/mincemeat_1.jpg
1265MincedMeatGreenGramsCabbage.JPG,green cabbage cooked,262.31073925015886,1.0365965233302836,202.73466147812164,195.26011390789014,75.54210336337553,0.5,/home/aojwang/data/MergeDataset/cropped_images/1265MincedMeatGreenGramsCabbage/green cabbage cooked_2.jpg
535Lentils.jpg,kamande,374.93444786625605,1.4241316270566728,183.75531901162367,155.33939530124638,125.33803239985637,5.35,/home/aojwang/data/MergeDataset/cropped_images/535Lentils/kamande_0.jpg
1MaizeEggCarrot.jpg,boiled yellow maize,217.010162601626,1.7084078711985689,206.56477629274414,174.15527166125,107.11482171791438,18.0,/home/aojwang/data/MergeDataset/cropped_images/1MaizeEggCarrot/boiled yellow maize_1.jpg
1MaizeEggCarrot.jpg,carrot,513.560975609756,0.9929078014184397,222.9417379052685,148.26592895136778,118.85026833206688,4.0,/home/aojwang/data/MergeDataset/cropped_images/1MaizeEggCarrot/carrot_2.jpg
600ButterBeansthirdcup.jpg,butternut beans,1205.9654218533888,1.5645784996133023,173.072182660426,78.39824424378732,61.451532052700976,3.696,/home/aojwang/data/MergeDataset/cropped_images/600ButterBeansthirdcup/butternut beans_0.jpg
178WatermelonBanana.jpg,ripe banana,16119.252380952381,1.1015402167712494,202.06539887381047,181.45005307170396,154.40254998237836,3.5,/home/aojwang/data/MergeDataset/cropped_images/178WatermelonBanana/ripe banana_0.jpg
178WatermelonBanana.jpg,water melon,11196.742857142857,0.9774339136041263,180.41330769662605,85.38031510864555,86.15969865386022,1.5,/home/aojwang/data/MergeDataset/cropped_images/178WatermelonBanana/water melon_1.jpg
1138MincedMeatKalesSpaghetti.JPG,spaghetti,1082.248522766771,1.2680280791320995,209.37580649460807,185.330602971645,102.12565658914406,11.0,/home/aojwang/data/MergeDataset/cropped_images/1138MincedMeatKalesSpaghetti/spaghetti_0.jpg
1138MincedMeatKalesSpaghetti.JPG,sukumawiki,503.5828988529718,0.8954402515723271,118.23252425442156,124.6831284752707,52.61085319793927,4.0,/home/aojwang/data/MergeDataset/cropped_images/1138MincedMeatKalesSpaghetti/sukumawiki_1.jpg
1Kamande.jpg,kamande,438.5676004872107,1.2543103448275863,173.00341605936723,141.16348297339732,124.463687011198,20.0,/home/aojwang/data/MergeDataset/cropped_images/1Kamande/kamande_0.jpg
501PineappleCarrots.jpg,pineapple,1858.5885057471264,1.5129958960328318,177.46189544407696,116.06058082638413,40.899202336218565,0.960343,/home/aojwang/data/MergeDataset/cropped_images/501PineappleCarrots/pineapple_0.jpg
501PineappleCarrots.jpg,carrot,1075.4275862068966,1.6591337099811676,179.8525077435118,78.82800906776454,26.504653054331772,1.4,/home/aojwang/data/MergeDataset/cropped_images/501PineappleCarrots/carrot_1.jpg
2Butter.jpg,butter,357.3032886723508,1.5316622691292876,202.71251582318035,192.248222235858,168.733476281706,0.0,/home/aojwang/data/MergeDataset/cropped_images/2Butter/butter_0.jpg
1026Beefstew.jpg,beef stew,852.5475504322767,1.305672268907563,169.20758094066267,147.3775776702475,123.71544472575836,35.4,/home/aojwang/data/MergeDataset/cropped_images/1026Beefstew/beef stew_0.jpg
45Apple.jpg,apple,38005.98620689655,1.6527929901423877,163.43895335544238,135.70021038428067,93.73481763671349,0.45,/home/aojwang/data/MergeDataset/cropped_images/45Apple/apple_0.jpg
526Greengrams.jpg,ndengu,1391.878695652174,1.4643711142993783,194.90013794305537,188.16120064186003,143.68633682782826,11.1,/home/aojwang/data/MergeDataset/cropped_images/526Greengrams/ndengu_0.jpg
1454MokimoChickenthigh.JPG,mukimo,352.037488284911,1.0717905405405406,143.2317663408089,150.11726420569505,127.91880444274061,10.0,/home/aojwang/data/MergeDataset/cropped_images/1454MokimoChickenthigh/mukimo_0.jpg
1454MokimoChickenthigh.JPG,chicken thigh,350.33856607310213,1.0366361365528727,164.8503402452441,146.42744700701223,123.8380900788834,19.2,/home/aojwang/data/MergeDataset/cropped_images/1454MokimoChickenthigh/chicken thigh_1.jpg
1ChipsChicken.jpg,chicken,150.10434782608695,0.9963503649635036,175.46044371956782,140.09152904408379,65.95349946079872,0.0,/home/aojwang/data/MergeDataset/cropped_images/1ChipsChicken/chicken_0.jpg
1ChipsChicken.jpg,potato chips,294.0494983277592,0.9733676975945017,208.77806161909353,186.6883331361862,101.42976709341437,45.0,/home/aojwang/data/MergeDataset/cropped_images/1ChipsChicken/potato chips_1.jpg
803BrownRiceEggyolkBeans.jpg,brown rice boiled,538.5466059766476,1.4669603524229076,158.29303091637894,129.95404545514677,67.08718593777331,24.0,/home/aojwang/data/MergeDataset/cropped_images/803BrownRiceEggyolkBeans/brown rice boiled_0.jpg
1507FriedGitheriWhiteRice.JPG,githeri,379.7388980263158,1.052075471698113,147.4069202241412,120.82171408462142,34.52333396497117,6.9,/home/aojwang/data/MergeDataset/cropped_images/1507FriedGitheriWhiteRice/githeri_0.jpg
1507FriedGitheriWhiteRice.JPG,white rice boiled,356.92105263157896,1.4452554744525548,190.62608002930767,187.3955291970803,98.51887315214185,1.2,/home/aojwang/data/MergeDataset/cropped_images/1507FriedGitheriWhiteRice/white rice boiled_1.jpg
1159BoiledEggs.jpg,boiled egg,2446.3573814295255,1.3084279736999402,163.5219017436801,147.28407947469785,55.748408673809735,27.43,/home/aojwang/data/MergeDataset/cropped_images/1159BoiledEggs/boiled egg_0.jpg
2Butternut.jpg,butternut,688.1997563946406,1.2030328559393428,213.63890324453286,163.5719683829724,129.7836104955883,22.0,/home/aojwang/data/MergeDataset/cropped_images/2Butternut/butternut_0.jpg
904SweetPotatoroundcut.jpg,sweet potato,2096.036443953617,1.2268334280841386,159.12970313931635,146.7373565631749,59.45489712380813,1.65,/home/aojwang/data/MergeDataset/cropped_images/904SweetPotatoroundcut/sweet potato_0.jpg
330OnionsCucumber.jpg,cucumber,186.64232856438085,1.0973451327433628,180.36163359096082,157.83523205858822,118.90568225471641,0.3,/home/aojwang/data/MergeDataset/cropped_images/330OnionsCucumber/cucumber_0.jpg
330OnionsCucumber.jpg,onions,226.5416872224963,0.9566666666666667,187.5510844947735,137.0040468931475,139.72736353077818,0.75,/home/aojwang/data/MergeDataset/cropped_images/330OnionsCucumber/onions_1.jpg
3Kunde.jpg,kunde,2175.1749833666,1.3929503916449086,115.53507583302542,131.01734077878731,119.2976510481793,2.0,/home/aojwang/data/MergeDataset/cropped_images/3Kunde/kunde_0.jpg
2RiceLentil.jpg,kamande,335.9328874024526,0.8792971734148205,164.8891175773682,123.77401654919926,81.38364354508883,50.0,/home/aojwang/data/MergeDataset/cropped_images/2RiceLentil/kamande_0.jpg
2RiceLentil.jpg,white rice boiled,305.66978818283167,0.8149575944487278,220.94592863671278,212.48270260531362,176.1669692595313,70.0,/home/aojwang/data/MergeDataset/cropped_images/2RiceLentil/white rice boiled_1.jpg
1541NjahiWhiteRice.JPG,black beans,1344.9617400419288,1.2780522230063514,134.88387089483345,126.96355137018463,47.75620599745849,9.5,/home/aojwang/data/MergeDataset/cropped_images/1541NjahiWhiteRice/black beans_0.jpg
1541NjahiWhiteRice.JPG,white rice boiled,1886.0377358490566,1.3511029411764706,167.79987022586812,166.60046713129697,87.43819444444445,2.4,/home/aojwang/data/MergeDataset/cropped_images/1541NjahiWhiteRice/white rice boiled_1.jpg
1312BeefstewPastaSpinach.JPG,pasta,312.2489082969432,1.4431718061674008,220.78056940612007,161.94647227466612,67.30641321478326,2.2,/home/aojwang/data/MergeDataset/cropped_images/1312BeefstewPastaSpinach/pasta_0.jpg
1312BeefstewPastaSpinach.JPG,spinach cooked,282.2514276116896,1.4761012183692597,116.96850865057051,93.49787655643325,38.56381071391381,1.1,/home/aojwang/data/MergeDataset/cropped_images/1312BeefstewPastaSpinach/spinach cooked_2.jpg
243Tomato.jpg,tomato,3805.6093294460643,1.266016713091922,186.9220890752028,118.65830360891242,101.88680396591191,3.4,/home/aojwang/data/MergeDataset/cropped_images/243Tomato/tomato_0.jpg
69Bananapeeled.jpg,ripe banana,17347.37037037037,2.5882917466410746,181.37409875336,183.3471302086558,165.2375074458932,1.26,/home/aojwang/data/MergeDataset/cropped_images/69Bananapeeled/ripe banana_0.jpg
1547NjahiWhiteRice.JPG,black beans,9583.835390946502,1.3938730853391685,129.8250618754487,120.68333596694022,76.2430781940785,28.5,/home/aojwang/data/MergeDataset/cropped_images/1547NjahiWhiteRice/black beans_0.jpg
1547NjahiWhiteRice.JPG,white rice boiled,12959.251028806584,1.430886558627264,167.48844161089937,163.64828992301923,121.01334842548565,6.0,/home/aojwang/data/MergeDataset/cropped_images/1547NjahiWhiteRice/white rice boiled_1.jpg
1669WholeFishKachumbarihalfCupChips.JPG,fish fry,6754.118155619596,2.7864302235929066,147.14607503843317,138.0951642695096,101.81051116641827,126.43,/home/aojwang/data/MergeDataset/cropped_images/1669WholeFishKachumbarihalfCupChips/fish fry_0.jpg
1669WholeFishKachumbarihalfCupChips.JPG,kachumbari,3496.443804034582,1.2362598144182726,160.14112486462162,106.13512041052827,40.83030473119662,1.43,/home/aojwang/data/MergeDataset/cropped_images/1669WholeFishKachumbarihalfCupChips/kachumbari_1.jpg
1669WholeFishKachumbarihalfCupChips.JPG,potato chips,2810.835734870317,1.2094488188976378,187.82192267470472,181.35626947998688,60.73944441026903,2.4,/home/aojwang/data/MergeDataset/cropped_images/1669WholeFishKachumbarihalfCupChips/potato chips_2.jpg
1554NjahiWhiteRiceSpinach.JPG,spinach cooked,4012.4456375838927,1.1560945273631842,113.86056671992378,101.7496122801806,63.94210128753757,3.29,/home/aojwang/data/MergeDataset/cropped_images/1554NjahiWhiteRiceSpinach/spinach cooked_0.jpg
1554NjahiWhiteRiceSpinach.JPG,black beans,3644.6174496644294,1.5326821938392186,136.01075153577585,110.53375797351246,86.5147397651773,19.0,/home/aojwang/data/MergeDataset/cropped_images/1554NjahiWhiteRiceSpinach/black beans_1.jpg
1554NjahiWhiteRiceSpinach.JPG,white rice boiled,5514.4899328859065,0.9360381861575179,180.99368302422295,158.64485388707482,132.65130473834037,4.8,/home/aojwang/data/MergeDataset/cropped_images/1554NjahiWhiteRiceSpinach/white rice boiled_2.jpg
910SweetPotatoroundcut.jpg,sweet potato,3293.370901639344,1.1878419452887539,187.49887223776028,175.3122012985599,75.30044146058432,1.68,/home/aojwang/data/MergeDataset/cropped_images/910SweetPotatoroundcut/sweet potato_0.jpg
936Frenchfries(2).jpg,potato chips,21540.776470588236,1.2651704073150458,154.6095634763289,135.1092472498124,25.02028874375603,4.5,/home/aojwang/data/MergeDataset/cropped_images/936Frenchfries(2)/potato chips_0.jpg
646Arrowroots.jpg,arrowroots,644.6534993559468,1.4602510460251046,144.46436054930138,136.30569109589862,112.47282632586429,8.32,/home/aojwang/data/MergeDataset/cropped_images/646Arrowroots/arrowroots_0.jpg
180MangoWatermelon.jpg,mango,5974.4481605351175,1.2261806130903066,186.52283358337624,147.36461463534786,90.00254651917867,0.82,/home/aojwang/data/MergeDataset/cropped_images/180MangoWatermelon/mango_0.jpg
180MangoWatermelon.jpg,water melon,5389.608695652174,1.3391066545123063,164.39193344308663,84.44224579318681,87.47805109919807,0.6,/home/aojwang/data/MergeDataset/cropped_images/180MangoWatermelon/water melon_1.jpg
2PorkFried.jpg,pork fry,710.548435171386,1.1364628820960698,172.00456292026897,152.20801924585447,153.9966567249328,0.0,/home/aojwang/data/MergeDataset/cropped_images/2PorkFried/pork fry_0.jpg
1Murenda.jpg,murenda,1474.90756302521,1.360236220472441,127.55997242385223,140.51310721651834,148.97301924632794,1.0,/home/aojwang/data/MergeDataset/cropped_images/1Murenda/murenda_0.jpg
241Zucchini.jpg,zucchini,9870.918495297805,1.2618621307072515,161.98390430329047,164.21781614908173,136.48096907955767,4.05,/home/aojwang/data/MergeDataset/cropped_images/241Zucchini/zucchini_0.jpg
801BrownRiceEggyolkBeans.jpg,brown rice boiled,2379.9927641099857,1.3343949044585988,169.13811623063708,139.77659060851587,66.5399267287901,24.0,/home/aojwang/data/MergeDataset/cropped_images/801BrownRiceEggyolkBeans/brown rice boiled_0.jpg
1773BrownChapatiWhiteRiceSpinach.JPG,brown chapati,6435.0,1.6932482721956406,156.65897828153467,126.22908586818362,95.14568439079717,43.8,/home/aojwang/data/MergeDataset/cropped_images/1773BrownChapatiWhiteRiceSpinach/brown chapati_0.jpg
1773BrownChapatiWhiteRiceSpinach.JPG,white rice boiled,2594.348012889366,1.5759289176090467,203.42143294230456,194.46723646959555,172.33153786343775,4.8,/home/aojwang/data/MergeDataset/cropped_images/1773BrownChapatiWhiteRiceSpinach/white rice boiled_1.jpg
637BrownRice.jpg,brown rice boiled,1917.7033492822966,1.3702564102564103,198.30192979425763,137.19011035621065,76.36082949485645,28.0,/home/aojwang/data/MergeDataset/cropped_images/637BrownRice/brown rice boiled_0.jpg
1PastaCarrot.jpg,pasta,163.66688963210703,0.9204927211646137,210.04611836315436,190.9391032714571,109.92984772071505,23.0,/home/aojwang/data/MergeDataset/cropped_images/1PastaCarrot/pasta_0.jpg
1PastaCarrot.jpg,carrot,297.6231884057971,1.0932126696832578,222.03969015013035,167.07943648676994,59.37429204998352,7.0,/home/aojwang/data/MergeDataset/cropped_images/1PastaCarrot/carrot_1.jpg
1565BrownUgaliDrumstickSpinach.JPG,brown ugali,418.6209912536443,1.0616649537512848,148.40562068392583,117.85683940746725,56.67160278138988,1.07,/home/aojwang/data/MergeDataset/cropped_images/1565BrownUgaliDrumstickSpinach/brown ugali_1.jpg
1565BrownUgaliDrumstickSpinach.JPG,chicken drumstick,972.8571428571429,1.0809523809523809,129.3703805499544,109.83711699909668,23.81129577066824,25.08,/home/aojwang/data/MergeDataset/cropped_images/1565BrownUgaliDrumstickSpinach/chicken drumstick_2.jpg
1HamburgerSalad2.jpg,onion tomato carrot,323.1304347826087,1.6792249730893434,219.58834561563302,145.986177582733,75.36754298804891,14.0,/home/aojwang/data/MergeDataset/cropped_images/1HamburgerSalad2/onion tomato carrot_0.jpg
1HamburgerSalad2.jpg,hamburger,101.77480490523969,1.356896551724138,214.69605660956054,141.20708495815626,62.76930070542873,62.0,/home/aojwang/data/MergeDataset/cropped_images/1HamburgerSalad2/hamburger_1.jpg
2ChipsFish.jpg,fish fry,172.91482720178374,0.8947368421052632,176.78145200077884,150.72299080749377,92.05853727097714,0.0,/home/aojwang/data/MergeDataset/cropped_images/2ChipsFish/fish fry_0.jpg
2ChipsFish.jpg,potato chips,369.76989966555186,1.1383595691797845,207.44057348629838,175.86188041856758,112.48086670549885,89.0,/home/aojwang/data/MergeDataset/cropped_images/2ChipsFish/potato chips_1.jpg
1216MincedMeatRoscocoBeansSpinach.JPG,mincemeat,729.1176470588235,1.2072072072072073,164.5846988032809,112.43072273766303,61.28378243915557,55.4,/home/aojwang/data/MergeDataset/cropped_images/1216MincedMeatRoscocoBeansSpinach/mincemeat_0.jpg
1216MincedMeatRoscocoBeansSpinach.JPG,spinach cooked,1161.2235294117647,1.0698924731182795,98.07370310895877,79.32241052372075,38.418944520992056,4.38,/home/aojwang/data/MergeDataset/cropped_images/1216MincedMeatRoscocoBeansSpinach/spinach cooked_1.jpg
1216MincedMeatRoscocoBeansSpinach.JPG,rosecoco,1210.849019607843,1.4262917933130699,125.85742057509478,64.2448367131797,41.67303690652969,17.34,/home/aojwang/data/MergeDataset/cropped_images/1216MincedMeatRoscocoBeansSpinach/rosecoco_2.jpg
3Mbaazi.jpg,mbaazi,1232.5456760048721,1.4320054945054945,175.54733180488577,130.05407179750705,119.28204634094922,51.0,/home/aojwang/data/MergeDataset/cropped_images/3Mbaazi/mbaazi_0.jpg
704WhiteRicequotercupPigeonpeahalfcup.jpg,mbaazi,7770.896907216495,1.5994173343044429,183.09446991616883,147.326267251455,52.21856364680801,6.84,/home/aojwang/data/MergeDataset/cropped_images/704WhiteRicequotercupPigeonpeahalfcup/mbaazi_0.jpg
704WhiteRicequotercupPigeonpeahalfcup.jpg,white rice boiled,2295.409793814433,1.2592152199762188,200.55234056313643,180.7259535222132,94.04959135163297,1.2,/home/aojwang/data/MergeDataset/cropped_images/704WhiteRicequotercupPigeonpeahalfcup/white rice boiled_1.jpg
2WMelonMangoKiwi.jpg,watermelon mango kiwi,2897.9300476947537,1.6192271442035815,203.66670470342848,159.14741348191077,128.88998726134218,30.0,/home/aojwang/data/MergeDataset/cropped_images/2WMelonMangoKiwi/watermelon mango kiwi_0.jpg
1299BeefSamosa.JPG,samosa,663.1427293064877,1.9561332250203087,157.25588884600748,137.88356338605948,77.39943621451377,17.3,/home/aojwang/data/MergeDataset/cropped_images/1299BeefSamosa/samosa_0.jpg
3HotdogSalad.jpg,hotdog,1748.3894839337877,2.256726457399103,229.73590161706753,179.39132911857678,120.67031280978571,51.0,/home/aojwang/data/MergeDataset/cropped_images/3HotdogSalad/hotdog_1.jpg
1Sausage.jpg,sausage,40.737588652482266,0.4773936170212766,153.1000118532567,104.54060851656493,94.35533841047828,3.0,/home/aojwang/data/MergeDataset/cropped_images/1Sausage/sausage_0.jpg
1759BrownUgalihalfCupWhiteRiceSpinach.JPG,brown ugali,261.7963286713287,1.1018826135105204,120.97742978458183,102.75862257021542,44.395802934940484,1.9,/home/aojwang/data/MergeDataset/cropped_images/1759BrownUgalihalfCupWhiteRiceSpinach/brown ugali_0.jpg
1759BrownUgalihalfCupWhiteRiceSpinach.JPG,white rice boiled,565.0909090909091,1.093093093093093,178.5701395076395,182.47074495511995,132.4559403153153,2.4,/home/aojwang/data/MergeDataset/cropped_images/1759BrownUgalihalfCupWhiteRiceSpinach/white rice boiled_1.jpg
1093Mincedbeef.jpg,mincemeat,1191.7058823529412,1.2082662372517445,174.67626316496063,133.6646843664401,74.27659228450503,69.25,/home/aojwang/data/MergeDataset/cropped_images/1093Mincedbeef/mincemeat_0.jpg
1609BrownUgali1CupCabbage(2).JPG,brown ugali,907.2095400340716,1.0159489633173844,158.24397782668458,100.59078765845683,72.1293305691802,2.9,/home/aojwang/data/MergeDataset/cropped_images/1609BrownUgali1CupCabbage(2)/brown ugali_0.jpg
1609BrownUgali1CupCabbage(2).JPG,green cabbage cooked,2587.471890971039,1.3970099667774087,205.0323486822671,165.85241799805027,118.93959822128116,2.75,/home/aojwang/data/MergeDataset/cropped_images/1609BrownUgali1CupCabbage(2)/green cabbage cooked_1.jpg
1445Githeri.JPG,githeri,4435.062937062937,1.6340288924558588,169.39085089750637,148.3404989833435,43.92358853285764,23.45,/home/aojwang/data/MergeDataset/cropped_images/1445Githeri/githeri_0.jpg
1689BeefSausageChipsKachumbarithirdCup.JPG,potato chips,227.64099037138928,1.0516934046345812,220.85828574881415,170.66888501163177,91.75247288437717,2.4,/home/aojwang/data/MergeDataset/cropped_images/1689BeefSausageChipsKachumbarithirdCup/potato chips_0.jpg
1689BeefSausageChipsKachumbarithirdCup.JPG,kachumbari,152.75240715268225,0.9403292181069959,178.930866223627,74.72636896561039,44.72150746053615,0.92,/home/aojwang/data/MergeDataset/cropped_images/1689BeefSausageChipsKachumbarithirdCup/kachumbari_1.jpg
1226MincedMeatPegionpeasSpinach.jpg,mbaazi,429.0789096126255,1.9031925849639546,141.09675670193178,88.16537041743015,36.3972468914539,8.7,/home/aojwang/data/MergeDataset/cropped_images/1226MincedMeatPegionpeasSpinach/mbaazi_0.jpg
1226MincedMeatPegionpeasSpinach.jpg,mincemeat,300.9383070301291,1.0710332103321034,138.06761730408002,92.26898096500345,43.386519446589816,55.4,/home/aojwang/data/MergeDataset/cropped_images/1226MincedMeatPegionpeasSpinach/mincemeat_1.jpg
1226MincedMeatPegionpeasSpinach.jpg,spinach cooked,309.1987087517934,1.2650840751730958,80.26051278006047,71.39153904393346,30.935772955658205,3.29,/home/aojwang/data/MergeDataset/cropped_images/1226MincedMeatPegionpeasSpinach/spinach cooked_2.jpg
898WhiteChapati3Greengrams.jpg,ndengu,258.18431740081223,1.461436170212766,130.03436392852302,93.37488142024665,37.285933295258744,1.85,/home/aojwang/data/MergeDataset/cropped_images/898WhiteChapati3Greengrams/ndengu_0.jpg
701WhiteRicePigeonpea.jpg,white rice boiled,700.2985237834882,1.4330590875093492,197.71606734923637,178.6794403854952,113.30371293660596,7.2,/home/aojwang/data/MergeDataset/cropped_images/701WhiteRicePigeonpea/white rice boiled_0.jpg
701WhiteRicePigeonpea.jpg,mbaazi,995.4890650628759,2.151421983089931,148.87157184445198,110.23982266643489,32.708658989059174,11.4,/home/aojwang/data/MergeDataset/cropped_images/701WhiteRicePigeonpea/mbaazi_1.jpg
58Mango.jpg,mango,21387.266375545852,1.621403912543153,169.83723674291767,125.9886893478632,58.02583853919526,1.517,/home/aojwang/data/MergeDataset/cropped_images/58Mango/mango_0.jpg
1144BoiledButternut.jpg,butternut boiled,2299.837677334213,1.0959555908009517,187.5556506505415,134.52489094521036,73.23385682118916,5.67,/home/aojwang/data/MergeDataset/cropped_images/1144BoiledButternut/butternut boiled_0.jpg
1197MincedMeatSpaghettiCabbage.JPG,green cabbage cooked,463.55850698419965,1.5441048034934497,179.37443784702324,165.95816159181174,72.94903673259697,1.8,/home/aojwang/data/MergeDataset/cropped_images/1197MincedMeatSpaghettiCabbage/green cabbage cooked_0.jpg
1197MincedMeatSpaghettiCabbage.JPG,spaghetti,549.7810854133272,1.009727626459144,205.73160164505387,181.37089142627704,103.13980167387648,11.0,/home/aojwang/data/MergeDataset/cropped_images/1197MincedMeatSpaghettiCabbage/spaghetti_1.jpg
1197MincedMeatSpaghettiCabbage.JPG,mincemeat,591.2067781085414,1.060897435897436,160.93096289410488,122.9005724688202,53.30032496707723,69.25,/home/aojwang/data/MergeDataset/cropped_images/1197MincedMeatSpaghettiCabbage/mincemeat_2.jpg
1712ChipsBeefstew.JPG,beef stew,372.59789359978396,1.0805309734513275,160.95343364281416,99.87294180745508,56.505015474042025,26.55,/home/aojwang/data/MergeDataset/cropped_images/1712ChipsBeefstew/beef stew_0.jpg
1712ChipsBeefstew.JPG,potato chips,691.9192546583851,0.9608083282302511,215.6822260913278,175.7981661688478,85.84677795484075,7.2,/home/aojwang/data/MergeDataset/cropped_images/1712ChipsBeefstew/potato chips_1.jpg
961MashedIrishpotato.jpg,irish potato mashed,364.17592039800996,1.571825764596849,182.72468283875705,172.4291223311242,97.31657052739259,7.64,/home/aojwang/data/MergeDataset/cropped_images/961MashedIrishpotato/irish potato mashed_0.jpg
1357YellowMaizeboiled.JPG,boiled yellow maize,4735.795994065282,1.3347050754458163,194.38464623167232,139.06149859653723,75.64718626823017,11.06875,/home/aojwang/data/MergeDataset/cropped_images/1357YellowMaizeboiled/boiled yellow maize_0.jpg
1314BeefstewPastaSpinach(2).JPG,pasta,349.84936268829665,1.3354531001589824,206.55085311151487,167.18460093496859,92.25026497085321,4.4,/home/aojwang/data/MergeDataset/cropped_images/1314BeefstewPastaSpinach(2)/pasta_0.jpg
1314BeefstewPastaSpinach(2).JPG,spinach cooked,326.32080781327596,1.4351535836177474,93.17593430541407,77.88438211457999,33.424054838827495,2.91,/home/aojwang/data/MergeDataset/cropped_images/1314BeefstewPastaSpinach(2)/spinach cooked_1.jpg
1PotatoPork.jpg,pork fry,112.50167224080268,1.3785123966942148,218.2571496521791,138.47879382444458,118.749872168381,0.0,/home/aojwang/data/MergeDataset/cropped_images/1PotatoPork/pork fry_0.jpg
1PotatoPork.jpg,mashed potato,66.10033444816054,0.9836065573770492,216.3127976792822,203.43937124738582,143.79881265600756,16.0,/home/aojwang/data/MergeDataset/cropped_images/1PotatoPork/mashed potato_1.jpg
202PineappleAvocado.jpg,pineapple,4557.980582524272,1.0575980392156863,204.95042693351965,184.52058340717517,108.47735008690614,1.20043,/home/aojwang/data/MergeDataset/cropped_images/202PineappleAvocado/pineapple_0.jpg
202PineappleAvocado.jpg,avocado,4249.385113268609,0.9530120481927711,163.38446605638737,160.73362070278586,75.27212198985576,4.0,/home/aojwang/data/MergeDataset/cropped_images/202PineappleAvocado/avocado_1.jpg
121Watermelonquotercup.jpg,water melon,6116.799163179916,1.637037037037037,142.32580074764948,87.44994955247056,102.65642051692471,0.48,/home/aojwang/data/MergeDataset/cropped_images/121Watermelonquotercup/water melon_0.jpg
1BeefRoast.jpg,beef roast,218.756038647343,1.3693131132917038,119.73869712651862,76.98396266711609,80.23387505920435,0.0,/home/aojwang/data/MergeDataset/cropped_images/1BeefRoast/beef roast_0.jpg
384LettuceCarrotsgrated.jpg,carrot,1451.882625994695,1.0427881297446515,185.1383112294976,113.71219842160481,55.39426949095179,1.4,/home/aojwang/data/MergeDataset/cropped_images/384LettuceCarrotsgrated/carrot_0.jpg
384LettuceCarrotsgrated.jpg,lettuce,2179.3302387267904,1.054957507082153,177.83499024777646,177.95188304634513,134.31683620220116,2.4,/home/aojwang/data/MergeDataset/cropped_images/384LettuceCarrotsgrated/lettuce_1.jpg
1488FriedGitheriBeefstew.JPG,githeri,3428.2979452054797,0.9885255306942053,154.45482951622427,125.21600705117127,28.999230817640846,13.8,/home/aojwang/data/MergeDataset/cropped_images/1488FriedGitheriBeefstew/githeri_0.jpg
1488FriedGitheriBeefstew.JPG,beef stew,3088.2374429223746,0.9677033492822966,130.26602301559606,108.03675679112378,17.8551840537967,35.4,/home/aojwang/data/MergeDataset/cropped_images/1488FriedGitheriBeefstew/beef stew_1.jpg
1240MincedMeatButterBeansSpinach.JPG,butternut beans,428.8847926267281,1.1268033409263478,212.01208230745775,182.00209728882314,99.66464459166569,9.24,/home/aojwang/data/MergeDataset/cropped_images/1240MincedMeatButterBeansSpinach/butternut beans_0.jpg
1240MincedMeatButterBeansSpinach.JPG,spinach cooked,451.10599078341016,1.1032967032967034,101.80786305328138,106.0170604517218,44.338170638569046,4.38,/home/aojwang/data/MergeDataset/cropped_images/1240MincedMeatButterBeansSpinach/spinach cooked_1.jpg
1240MincedMeatButterBeansSpinach.JPG,mincemeat,580.0111915734036,1.4697986577181208,165.0413542980223,125.6543758472497,45.44011242811974,55.4,/home/aojwang/data/MergeDataset/cropped_images/1240MincedMeatButterBeansSpinach/mincemeat_2.jpg
539Lentils.jpg,kamande,1763.5556542990446,1.4037005887300251,189.11284689239943,163.73520490153146,125.25005404544655,47.08,/home/aojwang/data/MergeDataset/cropped_images/539Lentils/kamande_0.jpg
1492FriedGitheriBeefstew.JPG,githeri,737.7594637223975,0.8930141670737665,161.34781299206074,130.5829697940841,35.42649674658651,20.7,/home/aojwang/data/MergeDataset/cropped_images/1492FriedGitheriBeefstew/githeri_0.jpg
1492FriedGitheriBeefstew.JPG,beef stew,671.9992113564668,0.9150259067357513,133.8859217575505,107.99017128371837,19.55356386318427,53.1,/home/aojwang/data/MergeDataset/cropped_images/1492FriedGitheriBeefstew/beef stew_1.jpg
1490FriedGitheriBeefstew.JPG,githeri,1681.4653865588682,1.0791571753986333,163.89229299018518,133.00828940804539,33.04749851245034,17.25,/home/aojwang/data/MergeDataset/cropped_images/1490FriedGitheriBeefstew/githeri_0.jpg
1490FriedGitheriBeefstew.JPG,beef stew,1697.8686205154117,0.9567769477054429,134.88844528199013,112.08203787883748,20.217259876395875,44.25,/home/aojwang/data/MergeDataset/cropped_images/1490FriedGitheriBeefstew/beef stew_1.jpg
3ButternutChicken.jpg,butternut,307.0251950947603,0.6790730337078652,221.48705672007716,158.70987096661747,51.70876349302255,28.0,/home/aojwang/data/MergeDataset/cropped_images/3ButternutChicken/butternut_0.jpg
3ButternutChicken.jpg,chicken,326.79152731326644,0.8285714285714286,196.44074955992522,137.70800526725162,70.70682559393038,0.0,/home/aojwang/data/MergeDataset/cropped_images/3ButternutChicken/chicken_1.jpg
1208MincedMeatRoscocoBeansSpinach.JPG,spinach cooked,237.69717840479893,1.1829652996845426,121.53031709311836,79.07288701951163,40.552052342563385,1.1,/home/aojwang/data/MergeDataset/cropped_images/1208MincedMeatRoscocoBeansSpinach/spinach cooked_0.jpg
1208MincedMeatRoscocoBeansSpinach.JPG,mincemeat,192.26594090202178,1.2235434007134365,185.6044876928179,107.30528814209563,64.7498154009353,13.85,/home/aojwang/data/MergeDataset/cropped_images/1208MincedMeatRoscocoBeansSpinach/mincemeat_1.jpg
1208MincedMeatRoscocoBeansSpinach.JPG,rosecoco,241.65052210619862,1.1348314606741574,162.33551935377398,88.79135104521689,66.71842168895132,4.335,/home/aojwang/data/MergeDataset/cropped_images/1208MincedMeatRoscocoBeansSpinach/rosecoco_2.jpg
995Spinach.jpg,spinach cooked,1350.6955702167766,1.0798611111111112,92.23369063867676,99.58115830988746,60.85756719057029,6.57,/home/aojwang/data/MergeDataset/cropped_images/995Spinach/spinach cooked_0.jpg
198PineappleAvocado.jpg,avocado,2418.0705645161293,1.155053974484789,191.78226108359186,188.34978567789736,98.52119750234083,0.8,/home/aojwang/data/MergeDataset/cropped_images/198PineappleAvocado/avocado_0.jpg
198PineappleAvocado.jpg,pineapple,1721.2721774193549,0.9892357373519914,204.97129842307652,191.9361628859,104.47855053756892,0.2400861,/home/aojwang/data/MergeDataset/cropped_images/198PineappleAvocado/pineapple_1.jpg
2RiceNdengu.jpg,ndengu,207.21872909698996,0.9146825396825397,172.4951053179768,149.90022983162896,83.57395392177116,23.0,/home/aojwang/data/MergeDataset/cropped_images/2RiceNdengu/ndengu_0.jpg
2RiceNdengu.jpg,white rice boiled,242.88071348940915,1.1721991701244814,208.21410971982522,197.99014706422355,160.986306135938,71.0,/home/aojwang/data/MergeDataset/cropped_images/2RiceNdengu/white rice boiled_1.jpg
451MangoCucumber.jpg,mango,624.9217101610217,1.1165338645418326,195.21656816089788,130.49981430211358,27.35170735434711,0.82,/home/aojwang/data/MergeDataset/cropped_images/451MangoCucumber/mango_0.jpg
451MangoCucumber.jpg,cucumber,775.6551915602444,1.0222412318220702,168.74753159550593,137.93594782938607,97.21858041239696,0.3,/home/aojwang/data/MergeDataset/cropped_images/451MangoCucumber/cucumber_1.jpg
1SoyaBeans.jpg,soya beans,444.9131444496052,1.2425968109339407,195.35351049903016,155.73790424450203,134.59610626601162,4.0,/home/aojwang/data/MergeDataset/cropped_images/1SoyaBeans/soya beans_0.jpg
2BirianiLamb.jpg,biryani lamb,429.84615384615387,1.2047430830039525,207.27066332617514,137.0583003952569,44.04088419283558,48.0,/home/aojwang/data/MergeDataset/cropped_images/2BirianiLamb/biryani lamb_0.jpg
3RiceBean.jpg,white rice boiled,262.3440715883669,1.2671517671517671,211.5927987051859,196.12473159725005,162.74554481281305,127.0,/home/aojwang/data/MergeDataset/cropped_images/3RiceBean/white rice boiled_0.jpg
1117Chickenwings.jpg,chicken wing,731.6595419847329,1.5673274094326726,158.81835053875818,127.66036190265538,34.92700032998883,85.87942,/home/aojwang/data/MergeDataset/cropped_images/1117Chickenwings/chicken wing_0.jpg
1UgaliWMatumboPumpkin.jpg,matumbo fry,146.3831429453535,1.2644341801385681,130.72638805403525,107.61956299366214,67.4269490756852,2.0,/home/aojwang/data/MergeDataset/cropped_images/1UgaliWMatumboPumpkin/matumbo fry_0.jpg
1UgaliWMatumboPumpkin.jpg,white ugali,58.889008953380674,0.9342723004694836,202.9402384903128,194.3953518243277,152.47399228799188,48.0,/home/aojwang/data/MergeDataset/cropped_images/1UgaliWMatumboPumpkin/white ugali_1.jpg
1UgaliWMatumboPumpkin.jpg,pumpkin leaves,50.54430379746835,1.6097560975609757,109.87403871409113,108.86998283581633,52.147746361009816,3.0,/home/aojwang/data/MergeDataset/cropped_images/1UgaliWMatumboPumpkin/pumpkin leaves_2.jpg
44Pineapple.jpg,pineapple,23827.73949579832,1.8351137947050626,199.82609681087516,172.13317211549798,67.14905079090667,1.008362,/home/aojwang/data/MergeDataset/cropped_images/44Pineapple/pineapple_0.jpg
1084Chickendrumstick.jpg,chicken drumstick,1316.774251229325,1.3923189110354885,168.83238424184486,137.0330272974419,104.33168727576907,85.73,/home/aojwang/data/MergeDataset/cropped_images/1084Chickendrumstick/chicken drumstick_0.jpg
883WhiteChapatihalfGreengrams.jpg,ndengu,201.14320685434515,1.226775956284153,136.6253923243043,101.3166390129587,42.88895988251569,3.7,/home/aojwang/data/MergeDataset/cropped_images/883WhiteChapatihalfGreengrams/ndengu_0.jpg
3CabbageGreen.jpg,green cabbage cooked,2987.2188235294116,1.4397590361445782,182.26178235431266,150.47365954403386,119.08071958335434,6.0,/home/aojwang/data/MergeDataset/cropped_images/3CabbageGreen/green cabbage cooked_0.jpg
1664WholeFishKachumbari1CupChips.JPG,kachumbari,437.7035252901248,1.3063864187550525,138.5798662525913,86.9694325940274,37.00626515763945,1.99,/home/aojwang/data/MergeDataset/cropped_images/1664WholeFishKachumbari1CupChips/kachumbari_0.jpg
1664WholeFishKachumbari1CupChips.JPG,potato chips,220.83928180424786,0.8630897317298798,177.30597884337573,171.37842873049348,50.66012078451436,2.4,/home/aojwang/data/MergeDataset/cropped_images/1664WholeFishKachumbari1CupChips/potato chips_1.jpg
1257MincedMeatGreenBeansCabbage.JPG,green cabbage cooked,707.0159833217513,1.1085594989561587,212.5688424173085,202.9087621732344,98.94713267990045,0.5,/home/aojwang/data/MergeDataset/cropped_images/1257MincedMeatGreenBeansCabbage/green cabbage cooked_0.jpg
1257MincedMeatGreenBeansCabbage.JPG,mincemeat,1016.591382904795,1.0595744680851065,187.08634640690423,148.82789028454243,47.91674476629924,27.7,/home/aojwang/data/MergeDataset/cropped_images/1257MincedMeatGreenBeansCabbage/mincemeat_1.jpg
1257MincedMeatGreenBeansCabbage.JPG,green beans,811.8902015288395,1.3054968287526427,196.4510438154257,163.87218118478827,94.62908988196627,0.9,/home/aojwang/data/MergeDataset/cropped_images/1257MincedMeatGreenBeansCabbage/green beans_2.jpg
1018Cabbage.jpg,green cabbage cooked,4004.418,1.2489740082079344,156.92310592950088,165.39239276885345,81.63776475549422,3.85,/home/aojwang/data/MergeDataset/cropped_images/1018Cabbage/green cabbage cooked_0.jpg
3Watermelon.jpg,water melon,5287.217247097844,2.4249748237663646,207.4236205556838,147.70724337388296,136.11069460894032,6.444,/home/aojwang/data/MergeDataset/cropped_images/3Watermelon/water melon_0.jpg
783BrownRicequotercupMonkeynutsquotercup.jpg,brown rice boiled,185.82090190211585,1.4145408163265305,201.9875795899965,154.55323788667857,95.37470786330763,4.0,/home/aojwang/data/MergeDataset/cropped_images/783BrownRicequotercupMonkeynutsquotercup/brown rice boiled_0.jpg
783BrownRicequotercupMonkeynutsquotercup.jpg,monkeynut beans,229.80636888223978,1.4952830188679245,143.73802619635737,85.58867496726386,62.724422095410986,3.9,/home/aojwang/data/MergeDataset/cropped_images/783BrownRicequotercupMonkeynutsquotercup/monkeynut beans_1.jpg
873WhiteChapati1GreenBeans.jpg,green beans,1074.373920552677,1.3754646840148699,141.54545724907064,77.36600301416658,30.504963729528786,3.6,/home/aojwang/data/MergeDataset/cropped_images/873WhiteChapati1GreenBeans/green beans_0.jpg
63Mango.jpg,mango,26263.164772727272,1.4720670391061452,151.77014027813323,115.58137812703023,47.8152620211898,2.05,/home/aojwang/data/MergeDataset/cropped_images/63Mango/mango_0.jpg
1SamosaVege.jpg,samosa,187.68006496142914,1.035928143712575,198.63873914021667,184.64614845453602,170.91359333356408,10.0,/home/aojwang/data/MergeDataset/cropped_images/1SamosaVege/samosa_0.jpg
1741WhiteRiceWhiteChapatiBeefstew.JPG,beef stew,200.4739336492891,1.0994152046783625,146.48316411596366,74.4840388204554,33.30683837252706,8.85,/home/aojwang/data/MergeDataset/cropped_images/1741WhiteRiceWhiteChapatiBeefstew/beef stew_0.jpg
1741WhiteRiceWhiteChapatiBeefstew.JPG,white rice boiled,234.97281117485656,1.0914962325080733,213.28371369184484,186.04991794107468,162.15107334772816,1.2,/home/aojwang/data/MergeDataset/cropped_images/1741WhiteRiceWhiteChapatiBeefstew/white rice boiled_1.jpg
1741WhiteRiceWhiteChapatiBeefstew.JPG,white chapati,862.6867049139436,1.0361247947454844,188.7939928483674,149.29718338325367,95.74281533295687,12.75,/home/aojwang/data/MergeDataset/cropped_images/1741WhiteRiceWhiteChapatiBeefstew/white chapati_2.jpg
37Pineapple.jpg,pineapple,10778.890322580644,1.0812819321876452,209.23832265535344,184.57477039949052,91.96452903564594,1.20043,/home/aojwang/data/MergeDataset/cropped_images/37Pineapple/pineapple_0.jpg
1Cauliflower.jpg,cauliflower,468.02111246447424,1.4751131221719458,193.22304413152708,196.8035872914527,189.25858392554755,1.0,/home/aojwang/data/MergeDataset/cropped_images/1Cauliflower/cauliflower_0.jpg
3Plum.jpg,plum,562.4186952288218,1.2402707275803722,178.88133796395684,94.42120322343105,112.85503389865721,26.0,/home/aojwang/data/MergeDataset/cropped_images/3Plum/plum_0.jpg
3FishFillet.jpg,fish fillet,831.7280137280137,0.7601753287413902,228.8072188483555,147.09249684591887,117.67742441294891,0.0,/home/aojwang/data/MergeDataset/cropped_images/3FishFillet/fish fillet_0.jpg
280Cabbagesliced.jpg,green cabbage,2606.6994399502178,1.4528857479387516,210.54198195927108,213.9266305813893,189.20916999565048,3.3,/home/aojwang/data/MergeDataset/cropped_images/280Cabbagesliced/green cabbage_0.jpg
1578BrownUgaliDrumstickCabbage.JPG,brown ugali,188.66519470092334,1.001031991744066,135.75165597438107,126.24478524996542,129.46451757045736,1.07,/home/aojwang/data/MergeDataset/cropped_images/1578BrownUgaliDrumstickCabbage/brown ugali_0.jpg
1578BrownUgaliDrumstickCabbage.JPG,chicken drumstick,403.98936170212767,1.3412244897959185,132.5015404871626,136.67621995602866,135.1712670947868,25.08,/home/aojwang/data/MergeDataset/cropped_images/1578BrownUgaliDrumstickCabbage/chicken drumstick_1.jpg
1578BrownUgaliDrumstickCabbage.JPG,green cabbage cooked,294.4765154556403,1.0430016863406408,187.77639763830516,201.16666075924863,179.357799359545,0.55,/home/aojwang/data/MergeDataset/cropped_images/1578BrownUgaliDrumstickCabbage/green cabbage cooked_2.jpg
2PastaChickenBroccoli.jpg,chicken,341.2847912524851,0.943728018757327,198.63773601392236,121.3997466013267,88.94714307558999,0.0,/home/aojwang/data/MergeDataset/cropped_images/2PastaChickenBroccoli/chicken_0.jpg
2PastaChickenBroccoli.jpg,pasta,638.780815109344,2.4183813443072704,222.72909143676566,171.18666118903508,133.9381229930588,45.0,/home/aojwang/data/MergeDataset/cropped_images/2PastaChickenBroccoli/pasta_1.jpg
2PastaChickenBroccoli.jpg,broccoli,353.84493041749505,1.20703125,180.28991650934915,141.86626466423948,97.28358167026249,4.0,/home/aojwang/data/MergeDataset/cropped_images/2PastaChickenBroccoli/broccoli_2.jpg
2Cauliflower.jpg,cauliflower,495.61372243261303,1.3266409266409267,195.70193814303244,197.18049900890412,186.28720789640462,2.0,/home/aojwang/data/MergeDataset/cropped_images/2Cauliflower/cauliflower_0.jpg
1095Mincedbeef.jpg,mincemeat,1321.38686550043,1.441275167785235,153.66164200781478,111.82131534422125,57.84335812674329,96.95,/home/aojwang/data/MergeDataset/cropped_images/1095Mincedbeef/mincemeat_0.jpg
1168PlantainsChickendrumstick.jpg,chicken drumstick,292.4818664307828,2.2134540750323417,126.46813140451066,80.74278298174131,20.163729403305453,55.19,/home/aojwang/data/MergeDataset/cropped_images/1168PlantainsChickendrumstick/chicken drumstick_0.jpg
1168PlantainsChickendrumstick.jpg,plantain,444.19924812030075,1.8678881388621023,164.57635479016204,120.18510964225564,11.862691662986784,1.3,/home/aojwang/data/MergeDataset/cropped_images/1168PlantainsChickendrumstick/plantain_1.jpg
1168PlantainsChickendrumstick.jpg,chicken drumstick,256.2910216718266,0.4931506849315068,139.2455891032212,98.7487937336274,19.255820796101293,55.19,/home/aojwang/data/MergeDataset/cropped_images/1168PlantainsChickendrumstick/chicken drumstick_2.jpg
2Rosecoco.jpg,rosecoco,1692.9606986899564,1.3372093023255813,185.88371628732384,144.92476682280596,143.3948701017313,49.0,/home/aojwang/data/MergeDataset/cropped_images/2Rosecoco/rosecoco_0.jpg
1731GitheriWhiteChapatiquoter.JPG,githeri,1158.3382936507937,0.9190715181932246,149.89881209826953,107.76583091028216,22.7502854133033,20.1,/home/aojwang/data/MergeDataset/cropped_images/1731GitheriWhiteChapatiquoter/githeri_0.jpg
1731GitheriWhiteChapatiquoter.JPG,white chapati,989.3576388888889,1.4746345657781599,167.64497266293816,155.02862407215682,53.674070527363384,2.89,/home/aojwang/data/MergeDataset/cropped_images/1731GitheriWhiteChapatiquoter/white chapati_1.jpg
952BananaCooked1cup.jpg,boiled banana,1367.7531380753137,1.5874564459930314,203.22937872637223,144.06466611398838,58.21504345458606,2.95,/home/aojwang/data/MergeDataset/cropped_images/952BananaCooked1cup/boiled banana_0.jpg
805BrownRicequotercupEggyolkBeanshalfcup.jpg,brown rice boiled,213.94477520016423,1.3611428571428572,160.75894542401343,133.70415353244573,56.73587045699892,4.0,/home/aojwang/data/MergeDataset/cropped_images/805BrownRicequotercupEggyolkBeanshalfcup/brown rice boiled_0.jpg
391BananaCabbage.jpg,green cabbage,1955.4895622895624,1.4023627519110493,197.4012521772429,189.09456586344857,155.673349513861,0.55,/home/aojwang/data/MergeDataset/cropped_images/391BananaCabbage/green cabbage_0.jpg
391BananaCabbage.jpg,ripe banana,2059.6484848484847,3.5669546436285096,179.24932108973516,148.28312863036354,81.04633656555431,2.492,/home/aojwang/data/MergeDataset/cropped_images/391BananaCabbage/ripe banana_1.jpg
2MaizeEggCarrot.jpg,carrot,795.522633744856,1.5573580533024334,225.85474690310656,148.1224066103846,113.57332015946587,7.0,/home/aojwang/data/MergeDataset/cropped_images/2MaizeEggCarrot/carrot_1.jpg
2MaizeEggCarrot.jpg,boiled yellow maize,599.9622770919067,0.5364134690681285,220.23542289467215,199.81507868007247,141.41603895992546,36.0,/home/aojwang/data/MergeDataset/cropped_images/2MaizeEggCarrot/boiled yellow maize_2.jpg
1134MincedMeatKalesSpaghetti(2).JPG,spaghetti,502.73965258417326,1.2693156732891833,190.56099732326626,163.70195134956435,72.20351878512547,4.4,/home/aojwang/data/MergeDataset/cropped_images/1134MincedMeatKalesSpaghetti(2)/spaghetti_0.jpg
1134MincedMeatKalesSpaghetti(2).JPG,sukumawiki,301.41689899206517,1.05724197745013,93.82639004999619,100.00153965793126,26.99397655081049,1.0,/home/aojwang/data/MergeDataset/cropped_images/1134MincedMeatKalesSpaghetti(2)/sukumawiki_1.jpg
418BananaTomato.jpg,tomato,1783.6464258262874,1.3439878234398783,194.6915218286904,60.9787892734572,32.50807145282703,1.0,/home/aojwang/data/MergeDataset/cropped_images/418BananaTomato/tomato_0.jpg
418BananaTomato.jpg,ripe banana,1163.9538816295158,1.3579545454545454,196.24042068171252,105.40204410739192,20.488003729766284,1.4,/home/aojwang/data/MergeDataset/cropped_images/418BananaTomato/ripe banana_1.jpg
1081Chickendrumstick.jpg,chicken drumstick,440.51165831335805,2.175311203319502,165.9645200513676,146.3989452428583,118.60855806655229,21.06,/home/aojwang/data/MergeDataset/cropped_images/1081Chickendrumstick/chicken drumstick_0.jpg
1108ScrambledEggs.jpg,scrambled eggs,1956.811315417256,1.45821854912764,204.5400777583483,173.10221576886335,68.7274898631379,32.7,/home/aojwang/data/MergeDataset/cropped_images/1108ScrambledEggs/scrambled eggs_0.jpg
130Applecquoterup.jpg,apple,1147.6608996539792,1.8674496644295302,177.37069682881383,173.12982627519793,135.473749826637,0.09,/home/aojwang/data/MergeDataset/cropped_images/130Applecquoterup/apple_0.jpg
1166MincedMeatWhiteChapatiCabbage.JPG,mincemeat,707.0709959623149,1.1212563915266618,170.1971428775373,113.4935079458365,44.228600728556714,55.4,/home/aojwang/data/MergeDataset/cropped_images/1166MincedMeatWhiteChapatiCabbage/mincemeat_0.jpg
1166MincedMeatWhiteChapatiCabbage.JPG,green cabbage cooked,435.9205921938089,1.2725470763131814,204.6739315012242,191.4254567151092,108.15325775188413,1.8,/home/aojwang/data/MergeDataset/cropped_images/1166MincedMeatWhiteChapatiCabbage/green cabbage cooked_1.jpg
1166MincedMeatWhiteChapatiCabbage.JPG,white chapati,1287.0895020188425,0.8376228357510529,218.96745999586952,179.06228723501593,97.98209728565341,17.86,/home/aojwang/data/MergeDataset/cropped_images/1166MincedMeatWhiteChapatiCabbage/white chapati_2.jpg
1705BeefSausageChipsKachumbari1Cup.JPG,kachumbari,242.38796680497924,1.0698564593301436,154.9645325298936,82.18201847112496,58.55146836028109,1.99,/home/aojwang/data/MergeDataset/cropped_images/1705BeefSausageChipsKachumbari1Cup/kachumbari_0.jpg
1705BeefSausageChipsKachumbari1Cup.JPG,potato chips,376.76659751037346,1.050190114068441,214.8807069324868,174.0354226149013,75.20708639521149,7.2,/home/aojwang/data/MergeDataset/cropped_images/1705BeefSausageChipsKachumbari1Cup/potato chips_1.jpg
1705BeefSausageChipsKachumbari1Cup.JPG,sausage,233.55020746887968,1.4736842105263157,166.90664486120784,95.46461528348281,48.30486127890615,7.5,/home/aojwang/data/MergeDataset/cropped_images/1705BeefSausageChipsKachumbari1Cup/sausage_2.jpg
2Lemon.jpg,lemon,192.99147381242386,0.9756446991404012,165.05987739250807,170.6320723358957,123.4370868729199,7.0,/home/aojwang/data/MergeDataset/cropped_images/2Lemon/lemon_0.jpg
1MatumboFried.jpg,matumbo fry,619.7716121495328,1.4050632911392404,144.95308981960306,139.86809374496372,148.85036977557115,2.0,/home/aojwang/data/MergeDataset/cropped_images/1MatumboFried/matumbo fry_0.jpg
1215MincedMeatRoscocoBeansSpinach.JPG,mincemeat,352.32660671199824,1.3107497741644083,172.93535841400225,118.52821933227372,65.31164066522356,55.4,/home/aojwang/data/MergeDataset/cropped_images/1215MincedMeatRoscocoBeansSpinach/mincemeat_0.jpg
1215MincedMeatRoscocoBeansSpinach.JPG,spinach cooked,488.5992542224172,1.1093860268172195,107.8459424006206,89.0268957820432,42.90535006581298,3.29,/home/aojwang/data/MergeDataset/cropped_images/1215MincedMeatRoscocoBeansSpinach/spinach cooked_1.jpg
1215MincedMeatRoscocoBeansSpinach.JPG,rosecoco,553.3154200482562,1.4812260536398467,135.18104508704434,72.38569392661834,48.49676777407123,17.34,/home/aojwang/data/MergeDataset/cropped_images/1215MincedMeatRoscocoBeansSpinach/rosecoco_2.jpg
1282BeefstewBrownRiceSpinach.JPG,brown rice boiled,343.9205955334988,0.8838383838383839,195.29962076118326,158.36308306277056,97.09544237012987,12.0,/home/aojwang/data/MergeDataset/cropped_images/1282BeefstewBrownRiceSpinach/brown rice boiled_0.jpg
1282BeefstewBrownRiceSpinach.JPG,spinach cooked,287.65384615384613,1.5108303249097472,101.57520250249084,93.49740887387912,48.11565447769885,3.29,/home/aojwang/data/MergeDataset/cropped_images/1282BeefstewBrownRiceSpinach/spinach cooked_2.jpg
1195MincedMeatSpaghettiCabbage.JPG,green cabbage cooked,780.8465845464725,1.533390410958904,180.96285460789488,167.6630861690492,79.21307880727841,1.8,/home/aojwang/data/MergeDataset/cropped_images/1195MincedMeatSpaghettiCabbage/green cabbage cooked_0.jpg
1195MincedMeatSpaghettiCabbage.JPG,spaghetti,692.474804031355,1.1648177496038035,205.15268173830546,183.3603329128799,101.25892062054616,6.6,/home/aojwang/data/MergeDataset/cropped_images/1195MincedMeatSpaghettiCabbage/spaghetti_1.jpg
1195MincedMeatSpaghettiCabbage.JPG,mincemeat,779.9148936170212,1.0783045977011494,161.4548782612358,124.32786475682877,46.285100163109654,41.55,/home/aojwang/data/MergeDataset/cropped_images/1195MincedMeatSpaghettiCabbage/mincemeat_2.jpg
292Lettuceshreded.jpg,lettuce,2997.0,1.4734513274336283,190.47349693187124,192.07772013245628,141.94068371878924,5.4,/home/aojwang/data/MergeDataset/cropped_images/292Lettuceshreded/lettuce_0.jpg
1617SpaghettiNjahi.JPG,black beans,956.2196841511562,1.052367688022284,152.43286701634298,110.20429874762405,79.35980600190813,19.0,/home/aojwang/data/MergeDataset/cropped_images/1617SpaghettiNjahi/black beans_0.jpg
1617SpaghettiNjahi.JPG,spaghetti,1241.6694867456288,1.245744680851064,203.74121568217745,171.10869937496594,138.58561036212004,6.6,/home/aojwang/data/MergeDataset/cropped_images/1617SpaghettiNjahi/spaghetti_1.jpg
353LettuceTomatoCarrots.jpg,carrot,272.62292960662523,1.3150837988826816,189.89734150358595,114.126559807863,65.03030714390815,0.35,/home/aojwang/data/MergeDataset/cropped_images/353LettuceTomatoCarrots/carrot_0.jpg
353LettuceTomatoCarrots.jpg,tomato,278.0292443064182,1.3292547274749722,157.67842093260293,70.95431464993646,56.77298997956819,0.5,/home/aojwang/data/MergeDataset/cropped_images/353LettuceTomatoCarrots/tomato_1.jpg
353LettuceTomatoCarrots.jpg,lettuce,596.9940476190476,1.0321070234113712,177.4487726424439,161.31739975767138,119.22024939472035,0.6,/home/aojwang/data/MergeDataset/cropped_images/353LettuceTomatoCarrots/lettuce_2.jpg
1078BeefChops.jpg,beef roast,1235.310891089109,1.393716577540107,124.91735980199797,110.79838546275279,38.252866156272844,94.8,/home/aojwang/data/MergeDataset/cropped_images/1078BeefChops/beef roast_0.jpg
671BrownChapati.jpg,brown chapati,2396.8664950349394,0.9790697674418605,180.89680347640353,147.72899243219356,70.718463637089,21.17,/home/aojwang/data/MergeDataset/cropped_images/671BrownChapati/brown chapati_0.jpg
1RiceWFrenchB.jpg,white rice boiled,255.03571428571428,1.4058721934369602,221.00493946607935,179.88887474379703,176.82066640356797,42.0,/home/aojwang/data/MergeDataset/cropped_images/1RiceWFrenchB/white rice boiled_0.jpg
1RiceWFrenchB.jpg,french beans,866.6331168831168,1.929747530186608,156.09199719269853,104.07792821650189,77.86485303502009,7.0,/home/aojwang/data/MergeDataset/cropped_images/1RiceWFrenchB/french beans_1.jpg
2UgaliBChickenCabbage.jpg,chicken,278.74916387959865,1.6517241379310346,194.0539430006639,133.3261992177189,61.60793959318184,0.0,/home/aojwang/data/MergeDataset/cropped_images/2UgaliBChickenCabbage/chicken_0.jpg
2UgaliBChickenCabbage.jpg,green cabbage cooked,86.33979933110368,1.0544554455445545,219.37248020576706,196.28218854749323,116.12673990403735,2.0,/home/aojwang/data/MergeDataset/cropped_images/2UgaliBChickenCabbage/green cabbage cooked_1.jpg
2UgaliBChickenCabbage.jpg,brown ugali,285.3101449275362,2.163849154746424,194.44175909022707,156.1442245173552,108.54345287961388,86.0,/home/aojwang/data/MergeDataset/cropped_images/2UgaliBChickenCabbage/brown ugali_2.jpg
1RiceBChicken.jpg,chicken,169.34358974358975,0.994279176201373,234.2546589493697,181.3899784860159,155.98897967889656,0.0,/home/aojwang/data/MergeDataset/cropped_images/1RiceBChicken/chicken_0.jpg
1RiceBChicken.jpg,brown rice boiled,170.17435897435897,1.408967391304348,219.3349571296801,201.99087302419187,166.32284285774182,25.0,/home/aojwang/data/MergeDataset/cropped_images/1RiceBChicken/brown rice boiled_1.jpg
372CarrotsgratedTomato.jpg,tomato,1030.8992907801419,1.2279411764705883,198.03314740005283,82.15148448507396,62.41699184351884,1.0,/home/aojwang/data/MergeDataset/cropped_images/372CarrotsgratedTomato/tomato_0.jpg
372CarrotsgratedTomato.jpg,carrot,1291.1673758865247,1.1216640502354789,214.95629443035222,134.6791967904134,55.13235589762632,0.7,/home/aojwang/data/MergeDataset/cropped_images/372CarrotsgratedTomato/carrot_1.jpg
172WatermelonPawpaw.jpg,water melon,5948.782608695652,1.054154302670623,164.94141554094267,65.31095771983202,69.67018722970617,1.2,/home/aojwang/data/MergeDataset/cropped_images/172WatermelonPawpaw/water melon_0.jpg
172WatermelonPawpaw.jpg,pawpaw,6604.347826086957,1.129737609329446,173.7382845857237,72.69501974983542,56.11613185366313,0.941798,/home/aojwang/data/MergeDataset/cropped_images/172WatermelonPawpaw/pawpaw_1.jpg
144ApplePineapple.jpg,apple,1177.5723114956736,1.8792134831460674,188.20284341882063,169.20685011168774,110.50682093011538,0.15,/home/aojwang/data/MergeDataset/cropped_images/144ApplePineapple/apple_0.jpg
144ApplePineapple.jpg,pineapple,1067.3473423980222,2.7145390070921986,197.78817326088264,188.54624521126044,128.02371323614565,0.2400861,/home/aojwang/data/MergeDataset/cropped_images/144ApplePineapple/pineapple_1.jpg
308LettuceCucumber.jpg,lettuce,1675.7389964788733,1.0579862941486557,183.8546647093633,190.82858492902673,144.4753943695747,3.0,/home/aojwang/data/MergeDataset/cropped_images/308LettuceCucumber/lettuce_0.jpg
308LettuceCucumber.jpg,cucumber,903.5057218309859,0.8296249205340115,140.9591200161733,141.3331428585347,99.8926404142705,1.5,/home/aojwang/data/MergeDataset/cropped_images/308LettuceCucumber/cucumber_1.jpg
269Carrotsgrated1cup.jpg,carrot,4951.38219895288,1.1054931335830211,199.73899262003806,126.9505615157789,56.78841912036832,1.4,/home/aojwang/data/MergeDataset/cropped_images/269Carrotsgrated1cup/carrot_0.jpg
3PotatoChicken.jpg,chicken,188.37547380156076,1.7848837209302326,197.70140874744337,159.6262143966366,86.78634431103704,0.0,/home/aojwang/data/MergeDataset/cropped_images/3PotatoChicken/chicken_0.jpg
3PotatoChicken.jpg,potato chips,317.7819397993311,1.8573059360730593,205.42072770289045,174.15586647133279,84.30979924953623,26.0,/home/aojwang/data/MergeDataset/cropped_images/3PotatoChicken/potato chips_1.jpg
999Spinach.jpg,spinach cooked,1453.5431213872832,1.1373883453849425,94.31557951914668,105.07671793889645,72.93735252301174,11.0,/home/aojwang/data/MergeDataset/cropped_images/999Spinach/spinach cooked_0.jpg
1627WholeFishWhiteUgaliquoterCup.JPG,white ugali,722.8879668049792,1.0404371584699454,197.3501400560224,193.16169582587133,133.2842081094733,2.38,/home/aojwang/data/MergeDataset/cropped_images/1627WholeFishWhiteUgaliquoterCup/white ugali_0.jpg
812BrownRice1cupEggyolkBeanshalfcup.jpg,brown rice boiled,416.70776988310797,1.314625850340136,168.15402927018155,140.2209674296627,68.28457573197456,16.0,/home/aojwang/data/MergeDataset/cropped_images/812BrownRice1cupEggyolkBeanshalfcup/brown rice boiled_0.jpg
1BananaWMelonPawpaw.jpg,banana watermelon pawpaw,743.5695067264573,1.702127659574468,205.69088507743524,156.051694649491,152.16946917064698,38.0,/home/aojwang/data/MergeDataset/cropped_images/1BananaWMelonPawpaw/banana watermelon pawpaw_0.jpg
1141MincedMeatBrownChapatiquoterKales.JPG,sukumawiki,224.6629213483146,1.1559139784946237,105.68678269567391,88.4852223055764,26.587488872218053,1.0,/home/aojwang/data/MergeDataset/cropped_images/1141MincedMeatBrownChapatiquoterKales/sukumawiki_0.jpg
1141MincedMeatBrownChapatiquoterKales.JPG,mincemeat,207.91011235955057,1.556420233463035,180.41724167747515,111.51441418071768,40.18934824902724,13.85,/home/aojwang/data/MergeDataset/cropped_images/1141MincedMeatBrownChapatiquoterKales/mincemeat_1.jpg
1785FishwetfryWhiteUgali1CupSpinach.JPG,white ugali,1223.678350515464,1.0120036934441368,207.8154263636425,188.51444099588196,161.16852602597544,9.14,/home/aojwang/data/MergeDataset/cropped_images/1785FishwetfryWhiteUgali1CupSpinach/white ugali_0.jpg
1785FishwetfryWhiteUgali1CupSpinach.JPG,spinach cooked,2289.9463917525773,0.975480450629556,100.07918656539027,96.28173396216901,46.96767898046504,2.91,/home/aojwang/data/MergeDataset/cropped_images/1785FishwetfryWhiteUgali1CupSpinach/spinach cooked_1.jpg
275Carrotsgrated.jpg,carrot,2529.4455445544554,1.335447051363348,202.06695999773572,123.3418956979515,57.7906795874456,3.5,/home/aojwang/data/MergeDataset/cropped_images/275Carrotsgrated/carrot_0.jpg
662SweetPotato.jpg,sweet potato,641.9130324543611,1.7435684647302905,214.825463472245,193.12220539122845,118.0243085193575,2.16,/home/aojwang/data/MergeDataset/cropped_images/662SweetPotato/sweet potato_0.jpg
1306BeefSamosa.JPG,samosa,7271.782148260212,1.4025974025974026,201.2984831633188,176.28781221341774,118.62543325410972,68.87,/home/aojwang/data/MergeDataset/cropped_images/1306BeefSamosa/samosa_0.jpg
317CabbageTomato.jpg,tomato,1119.2537938252224,0.995225102319236,179.6627902083974,75.04006089128306,65.38490967761844,2.0,/home/aojwang/data/MergeDataset/cropped_images/317CabbageTomato/tomato_0.jpg
789BrownRice1cupMonkeynutsquotercup.jpg,brown rice boiled,1294.6575821104122,1.222583265637693,181.93193174120384,128.13451344152043,76.58971152211286,14.0,/home/aojwang/data/MergeDataset/cropped_images/789BrownRice1cupMonkeynutsquotercup/brown rice boiled_0.jpg
789BrownRice1cupMonkeynutsquotercup.jpg,monkeynut beans,964.6729559748428,1.558979808714134,151.1819012247482,90.83196022737563,66.71378618664824,4.29,/home/aojwang/data/MergeDataset/cropped_images/789BrownRice1cupMonkeynutsquotercup/monkeynut beans_1.jpg
1PotatoSausage.jpg,potato chips,180.97993311036788,1.2842767295597484,211.4272565434061,181.7753417231842,85.81521507462779,15.0,/home/aojwang/data/MergeDataset/cropped_images/1PotatoSausage/potato chips_0.jpg
1PotatoSausage.jpg,sausage,70.97079152731327,2.0714285714285716,201.9436136523575,157.75786041017392,75.66124836634161,3.0,/home/aojwang/data/MergeDataset/cropped_images/1PotatoSausage/sausage_1.jpg
1246MincedMeatRoscocoBeansCabbage.JPG,green cabbage cooked,383.1908978583196,1.24,194.76994316884094,140.4940205022101,104.6001682094826,1.2,/home/aojwang/data/MergeDataset/cropped_images/1246MincedMeatRoscocoBeansCabbage/green cabbage cooked_0.jpg
1246MincedMeatRoscocoBeansCabbage.JPG,rosecoco,434.6046128500824,1.4017929910350448,155.7511997498152,76.11223725858115,61.734089573738174,8.67,/home/aojwang/data/MergeDataset/cropped_images/1246MincedMeatRoscocoBeansCabbage/rosecoco_1.jpg
1246MincedMeatRoscocoBeansCabbage.JPG,mincemeat,303.23970345963755,1.1994584837545126,175.18679661969995,110.42782771444016,65.32880168308736,27.7,/home/aojwang/data/MergeDataset/cropped_images/1246MincedMeatRoscocoBeansCabbage/mincemeat_2.jpg
76Bananapeeled.jpg,ripe banana,16438.211267605635,1.4926131117266852,168.789947502941,152.9448251083371,110.69976171973065,4.2,/home/aojwang/data/MergeDataset/cropped_images/76Bananapeeled/ripe banana_0.jpg
430MangoCarrots.jpg,mango,247.71588946459414,1.8491921005385996,211.79438392219066,134.23826672011992,39.50784891321399,0.82,/home/aojwang/data/MergeDataset/cropped_images/430MangoCarrots/mango_0.jpg
430MangoCarrots.jpg,carrot,1116.1865284974094,1.1550802139037433,217.26498633702218,135.7650099338978,54.83096629592494,0.7,/home/aojwang/data/MergeDataset/cropped_images/430MangoCarrots/carrot_1.jpg
430MangoCarrots.jpg,mango,377.6230569948186,0.92,210.0372226510019,133.98391790298146,36.96715776234171,0.82,/home/aojwang/data/MergeDataset/cropped_images/430MangoCarrots/mango_2.jpg
1277BeefstewBrownRiceSpinach.JPG,spinach cooked,660.42,1.294179894179894,123.06068086542331,105.48068025974813,52.62933025304243,1.1,/home/aojwang/data/MergeDataset/cropped_images/1277BeefstewBrownRiceSpinach/spinach cooked_0.jpg
1277BeefstewBrownRiceSpinach.JPG,brown rice boiled,740.2182857142857,0.8237639553429027,230.96491228070175,193.69577854254575,129.59489633173843,4.0,/home/aojwang/data/MergeDataset/cropped_images/1277BeefstewBrownRiceSpinach/brown rice boiled_2.jpg
1UgaliWOmena.jpg,white ugali,108.13377926421404,0.9675141242937854,207.24435234442657,196.75413831498207,157.29261619035836,48.0,/home/aojwang/data/MergeDataset/cropped_images/1UgaliWOmena/white ugali_0.jpg
1UgaliWOmena.jpg,omena,204.0401337792642,1.6802168021680217,182.69861876038115,147.59768227117755,130.00007867820614,0.0,/home/aojwang/data/MergeDataset/cropped_images/1UgaliWOmena/omena_1.jpg
1364YellowMaizeboiledquoterCup.JPG,boiled yellow maize,915.3574468085106,1.381720430107527,222.32314315068174,159.4726876839184,76.87194108568214,1.45475,/home/aojwang/data/MergeDataset/cropped_images/1364YellowMaizeboiledquoterCup/boiled yellow maize_0.jpg
1239MincedMeatButterBeansSpinach.JPG,butternut beans,421.63628620102213,1.1485148514851484,210.833912961792,180.50005505039383,95.58294579202871,9.24,/home/aojwang/data/MergeDataset/cropped_images/1239MincedMeatButterBeansSpinach/butternut beans_0.jpg
1239MincedMeatButterBeansSpinach.JPG,spinach cooked,384.2862010221465,1.1586538461538463,106.34483500017733,114.23112886565947,45.61658653846154,3.29,/home/aojwang/data/MergeDataset/cropped_images/1239MincedMeatButterBeansSpinach/spinach cooked_1.jpg
1239MincedMeatButterBeansSpinach.JPG,mincemeat,565.6047700170358,1.566820276497696,168.6388975482666,128.80586390470165,45.685605102255956,55.4,/home/aojwang/data/MergeDataset/cropped_images/1239MincedMeatButterBeansSpinach/mincemeat_2.jpg
27Pawpaw.jpg,pawpaw,34529.17,1.7921548650025472,151.48892327849177,83.45642394531927,41.0417150195038,0.941798,/home/aojwang/data/MergeDataset/cropped_images/27Pawpaw/pawpaw_0.jpg
1334ChickenWetfryBrownRiceCabbage.JPG,green cabbage cooked,357.2261904761905,1.4612612612612612,207.1833805445396,175.2614101154175,98.32114895413292,1.2,/home/aojwang/data/MergeDataset/cropped_images/1334ChickenWetfryBrownRiceCabbage/green cabbage cooked_0.jpg
138ApplePawpaw.jpg,apple,16588.311557788944,2.567019400352734,204.7577367244721,171.08836003070516,137.6870473064221,0.75,/home/aojwang/data/MergeDataset/cropped_images/138ApplePawpaw/apple_0.jpg
138ApplePawpaw.jpg,pawpaw,16527.869346733667,2.594138543516874,190.04521371850683,115.08131719653663,80.16906026853988,1.177245,/home/aojwang/data/MergeDataset/cropped_images/138ApplePawpaw/pawpaw_1.jpg
155BananaMango.jpg,mango,7291.862903225807,1.4891107078039927,169.425869091818,123.67975903321312,67.15388673410817,0.82,/home/aojwang/data/MergeDataset/cropped_images/155BananaMango/mango_0.jpg
155BananaMango.jpg,ripe banana,6997.762096774193,1.2031640299750208,173.87303026025026,158.81608002558423,128.40169869975713,1.4,/home/aojwang/data/MergeDataset/cropped_images/155BananaMango/ripe banana_1.jpg
2Omena.jpg,omena,639.9081115335869,1.4142259414225942,143.4810507291228,124.26061102720904,122.90650689510039,0.0,/home/aojwang/data/MergeDataset/cropped_images/2Omena/omena_0.jpg
695WhiteRicePigeonpea.jpg,white rice boiled,1232.37364470392,0.9248417721518988,198.67687409990145,185.81551499171638,113.11194518738291,2.4,/home/aojwang/data/MergeDataset/cropped_images/695WhiteRicePigeonpea/white rice boiled_0.jpg
695WhiteRicePigeonpea.jpg,mbaazi,1127.0358632193495,1.0164787510841284,147.44488335814864,114.25088432313389,22.05012373123681,2.85,/home/aojwang/data/MergeDataset/cropped_images/695WhiteRicePigeonpea/mbaazi_1.jpg
755BrownRiceCowpeas.jpg,brown rice boiled,7000.899408284024,1.5,203.4158438645246,177.80167425656214,95.65051531840372,8.0,/home/aojwang/data/MergeDataset/cropped_images/755BrownRiceCowpeas/brown rice boiled_0.jpg
755BrownRiceCowpeas.jpg,cowpeas,7839.923076923077,1.6123244929797191,146.8468527420342,111.55880499370919,49.31660058855184,9.5,/home/aojwang/data/MergeDataset/cropped_images/755BrownRiceCowpeas/cowpeas_1.jpg
1180MincedMeatCabbageWhiteRice.JPG,mincemeat,676.7365124267528,1.644709180098108,139.66831981306407,94.23299779736406,43.154372621984734,69.25,/home/aojwang/data/MergeDataset/cropped_images/1180MincedMeatCabbageWhiteRice/mincemeat_0.jpg
1180MincedMeatCabbageWhiteRice.JPG,green cabbage cooked,458.73267326732673,0.8682745825602969,183.57829295924535,168.7510135367278,101.21099227051609,3.0,/home/aojwang/data/MergeDataset/cropped_images/1180MincedMeatCabbageWhiteRice/green cabbage cooked_1.jpg
1180MincedMeatCabbageWhiteRice.JPG,white rice boiled,478.53667407557083,1.3408577878103838,208.13856185802513,189.3021528722557,153.30549960773186,6.5,/home/aojwang/data/MergeDataset/cropped_images/1180MincedMeatCabbageWhiteRice/white rice boiled_2.jpg
2PastaSukumaMushrooms.jpg,sukumawiki,275.24417009602195,1.5104294478527607,113.92313297085018,117.86072074676183,104.37309584207563,4.0,/home/aojwang/data/MergeDataset/cropped_images/2PastaSukumaMushrooms/sukumawiki_0.jpg
2PastaSukumaMushrooms.jpg,pasta,412.88230452674895,1.5170682730923695,179.7815610556056,159.75866869197506,126.03227536220328,135.0,/home/aojwang/data/MergeDataset/cropped_images/2PastaSukumaMushrooms/pasta_1.jpg
2DalmakhiNan.jpg,naan,189.51638795986622,2.368948247078464,216.4138633687106,200.07434636774235,144.20943409323266,61.0,/home/aojwang/data/MergeDataset/cropped_images/2DalmakhiNan/naan_0.jpg
2DalmakhiNan.jpg,dalmakhi,190.8820512820513,1.1821386603995299,172.4060910681621,141.05498501353804,114.6711528712566,28.0,/home/aojwang/data/MergeDataset/cropped_images/2DalmakhiNan/dalmakhi_1.jpg
1192MincedMeatSpaghettiCabbage.JPG,green cabbage cooked,383.3919523099851,1.400352733686067,186.88605735698516,176.10484275807534,82.86809137312916,1.2,/home/aojwang/data/MergeDataset/cropped_images/1192MincedMeatSpaghettiCabbage/green cabbage cooked_0.jpg
1192MincedMeatSpaghettiCabbage.JPG,spaghetti,327.04534809452844,1.2289803220035778,200.04851991886113,178.75406410386609,91.77427330463789,4.4,/home/aojwang/data/MergeDataset/cropped_images/1192MincedMeatSpaghettiCabbage/spaghetti_1.jpg
1192MincedMeatSpaghettiCabbage.JPG,mincemeat,378.2056631892697,1.1479099678456592,160.73417727219504,124.64720011798931,43.08218046060868,27.7,/home/aojwang/data/MergeDataset/cropped_images/1192MincedMeatSpaghettiCabbage/mincemeat_2.jpg
1566BrownUgaliDrumstickSpinach.JPG,brown ugali,756.4127498649378,1.0405172413793105,158.76644644744735,123.58789818015599,62.61366811416164,1.43,/home/aojwang/data/MergeDataset/cropped_images/1566BrownUgaliDrumstickSpinach/brown ugali_1.jpg
1566BrownUgaliDrumstickSpinach.JPG,chicken drumstick,1367.9902755267424,1.0816993464052287,120.99599194360523,100.15179156053156,19.714061963153842,25.08,/home/aojwang/data/MergeDataset/cropped_images/1566BrownUgaliDrumstickSpinach/chicken drumstick_2.jpg
1566BrownUgaliDrumstickSpinach.JPG,spinach cooked,1371.2263641274988,1.0856769130150425,120.26305641138786,99.6732942233289,19.709817819348025,2.91,/home/aojwang/data/MergeDataset/cropped_images/1566BrownUgaliDrumstickSpinach/spinach cooked_3.jpg
1566BrownUgaliDrumstickSpinach.JPG,spinach cooked,2118.7617504051864,1.024016351558508,111.4925006910043,112.3845882583326,39.58925353177141,2.91,/home/aojwang/data/MergeDataset/cropped_images/1566BrownUgaliDrumstickSpinach/spinach cooked_4.jpg
791BrownRice1cupMonkeynutshalfcup.jpg,brown rice boiled,841.8383912248629,1.468849840255591,192.52751877583142,142.26367165444478,95.81261998203635,14.0,/home/aojwang/data/MergeDataset/cropped_images/791BrownRice1cupMonkeynutshalfcup/brown rice boiled_0.jpg
791BrownRice1cupMonkeynutshalfcup.jpg,monkeynut beans,1235.2091407678245,1.8842419716206125,150.60551100154902,86.3645150204378,58.93204238703702,10.92,/home/aojwang/data/MergeDataset/cropped_images/791BrownRice1cupMonkeynutshalfcup/monkeynut beans_1.jpg
1003Spinachthirdcup.jpg,spinach cooked,1408.1246676514033,1.115626511852927,107.56794248696424,114.58514755684567,81.59395716187679,1.43,/home/aojwang/data/MergeDataset/cropped_images/1003Spinachthirdcup/spinach cooked_0.jpg
3Tomato.jpg,tomato,370.6797880393641,1.1363236587510994,189.606891472045,117.22906949198233,107.15632020062573,12.0,/home/aojwang/data/MergeDataset/cropped_images/3Tomato/tomato_0.jpg
249Tomato1cup.jpg,tomato,2279.0695417789757,1.360181508791832,191.53055273419852,115.9109115319677,105.2469691371662,2.1,/home/aojwang/data/MergeDataset/cropped_images/249Tomato1cup/tomato_0.jpg
1167MincedMeatWhiteChapati2andhalfCabbage.JPG,green cabbage cooked,377.7142462727775,1.2107243650047037,192.62818502705613,181.12486541367068,111.81581061355286,1.8,/home/aojwang/data/MergeDataset/cropped_images/1167MincedMeatWhiteChapati2andhalfCabbage/green cabbage cooked_0.jpg
1167MincedMeatWhiteChapati2andhalfCabbage.JPG,mincemeat,612.1695196024295,1.0502408809359944,156.7198790589182,105.2768344790324,48.688928497013,55.4,/home/aojwang/data/MergeDataset/cropped_images/1167MincedMeatWhiteChapati2andhalfCabbage/mincemeat_1.jpg
1167MincedMeatWhiteChapati2andhalfCabbage.JPG,white chapati,1161.342904472667,0.8331108144192256,208.49868271655654,174.13310506125927,109.88740019931609,30.58,/home/aojwang/data/MergeDataset/cropped_images/1167MincedMeatWhiteChapati2andhalfCabbage/white chapati_2.jpg
506CarrotsPineappleRedCabbage.jpg,pineapple,4435.05298013245,0.9324538258575198,191.17681146435754,127.63863979465218,58.333585687770366,0.960343,/home/aojwang/data/MergeDataset/cropped_images/506CarrotsPineappleRedCabbage/pineapple_0.jpg
506CarrotsPineappleRedCabbage.jpg,carrot,2148.5086092715233,1.343039126478617,198.2479847409939,105.20263124150804,42.381917781871174,0.7,/home/aojwang/data/MergeDataset/cropped_images/506CarrotsPineappleRedCabbage/carrot_1.jpg
169WatermelonPawpaw.jpg,water melon,1365.2914979757086,1.1722282023681379,160.3942725028937,88.06254540709966,94.68032116843155,0.3,/home/aojwang/data/MergeDataset/cropped_images/169WatermelonPawpaw/water melon_0.jpg
169WatermelonPawpaw.jpg,pawpaw,1132.165991902834,0.9762675296655879,163.99448348203376,104.37065088475269,90.55487373872828,0.235449,/home/aojwang/data/MergeDataset/cropped_images/169WatermelonPawpaw/pawpaw_1.jpg
1Kunde.jpg,kunde,1534.016967126193,1.3958742632612966,123.96687147184598,141.49101258279885,136.93437132321935,1.0,/home/aojwang/data/MergeDataset/cropped_images/1Kunde/kunde_0.jpg
329TomatoOnions.jpg,tomato,5642.326923076923,0.8932757557063541,177.335221250098,92.29305370465677,67.48164542724803,2.5,/home/aojwang/data/MergeDataset/cropped_images/329TomatoOnions/tomato_0.jpg
329TomatoOnions.jpg,onions,8452.228365384615,0.9410243145369891,180.08673861894067,150.35368830534279,147.07450328159365,3.75,/home/aojwang/data/MergeDataset/cropped_images/329TomatoOnions/onions_1.jpg
1725GitheriWhiteChapatiquoter.JPG,githeri,1246.087923193532,1.02775984506133,165.05547062296634,124.7735076285235,27.79903106559265,13.4,/home/aojwang/data/MergeDataset/cropped_images/1725GitheriWhiteChapatiquoter/githeri_0.jpg
356TomatoOnionsCarrots.jpg,onions,517.248342682305,1.9350828729281768,163.30848920068934,92.98967982616995,106.65875104996037,0.75,/home/aojwang/data/MergeDataset/cropped_images/356TomatoOnionsCarrots/onions_0.jpg
356TomatoOnionsCarrots.jpg,carrot,389.3370729219786,1.0846245530393326,205.68108554139545,123.56642130217816,66.67408610459862,0.35,/home/aojwang/data/MergeDataset/cropped_images/356TomatoOnionsCarrots/carrot_1.jpg
356TomatoOnionsCarrots.jpg,tomato,405.48699643039265,1.171116504854369,179.6809510035716,68.15203103777856,56.17027013431259,0.5,/home/aojwang/data/MergeDataset/cropped_images/356TomatoOnionsCarrots/tomato_2.jpg
136ApplePawpaw.jpg,apple,12061.098214285714,1.230094466936572,179.8162214261761,156.8748651767822,125.1698195127043,0.45,/home/aojwang/data/MergeDataset/cropped_images/136ApplePawpaw/apple_0.jpg
136ApplePawpaw.jpg,pawpaw,6916.473214285715,1.074104912572856,169.87691975033727,92.56259060601953,76.84544533302352,0.706347,/home/aojwang/data/MergeDataset/cropped_images/136ApplePawpaw/pawpaw_1.jpg
1476FriedGitheri.JPG,githeri,28382.245901639344,1.4868913857677903,164.4263161127242,133.21921750898304,23.92894041549487,27.6,/home/aojwang/data/MergeDataset/cropped_images/1476FriedGitheri/githeri_0.jpg
1530Njahi.JPG,black beans,1098.2586206896551,1.1946437111429937,123.47509456632739,125.18382204568054,136.39379873099818,28.5,/home/aojwang/data/MergeDataset/cropped_images/1530Njahi/black beans_0.jpg
1ThornMelon.jpg,thorn melon,59.886072129168554,0.6124223602484472,181.14657125218903,169.345356733398,96.5423506734028,5.0,/home/aojwang/data/MergeDataset/cropped_images/1ThornMelon/thorn melon_0.jpg
1187MincedMeatCabbageBrownRice.JPG,brown rice boiled,1864.5046439628484,1.089441829186281,201.01481315433344,155.27596245651614,110.12437586656371,16.0,/home/aojwang/data/MergeDataset/cropped_images/1187MincedMeatCabbageBrownRice/brown rice boiled_0.jpg
1187MincedMeatCabbageBrownRice.JPG,green cabbage cooked,2226.5417956656347,1.772370486656201,191.0915781042948,162.04686494070273,96.57647673091175,1.8,/home/aojwang/data/MergeDataset/cropped_images/1187MincedMeatCabbageBrownRice/green cabbage cooked_1.jpg
1187MincedMeatCabbageBrownRice.JPG,mincemeat,2043.4117647058824,0.944377990430622,168.99354832111658,107.2527571050662,58.51573811175991,55.4,/home/aojwang/data/MergeDataset/cropped_images/1187MincedMeatCabbageBrownRice/mincemeat_2.jpg
3Sausage.jpg,sausage,152.42191036668174,1.673101673101673,163.4436333036333,104.73233541233542,97.45025839025838,15.0,/home/aojwang/data/MergeDataset/cropped_images/3Sausage/sausage_0.jpg
77Bananapeeled.jpg,ripe banana,17456.673758865247,1.3157450401013087,171.6162533028411,154.5223692619336,111.37054034351578,4.9,/home/aojwang/data/MergeDataset/cropped_images/77Bananapeeled/ripe banana_0.jpg
1687BeefSausageChips.JPG,potato chips,808.310654313839,1.2458249832999333,209.34269790698465,168.39404241906513,82.17775246650585,9.6,/home/aojwang/data/MergeDataset/cropped_images/1687BeefSausageChips/potato chips_0.jpg
2UgaliWOmenaVegies.jpg,omena,234.91638795986623,1.366742596810934,159.05578872437357,116.0463316249051,67.7001993166287,0.0,/home/aojwang/data/MergeDataset/cropped_images/2UgaliWOmenaVegies/omena_0.jpg
2UgaliWOmenaVegies.jpg,white ugali,200.9319955406912,0.6837979094076655,209.24959608513282,196.05162897534345,158.13594953283473,90.0,/home/aojwang/data/MergeDataset/cropped_images/2UgaliWOmenaVegies/white ugali_1.jpg
2UgaliWOmenaVegies.jpg,sukumawiki,123.48940914158305,1.8309090909090908,104.49629863681503,104.36145165658571,53.30576329331046,2.0,/home/aojwang/data/MergeDataset/cropped_images/2UgaliWOmenaVegies/sukumawiki_2.jpg
1ChickenRoast.jpg,chicken,266.2054405196914,1.385174418604651,173.45892103272408,151.782463273872,150.36418043388076,0.0,/home/aojwang/data/MergeDataset/cropped_images/1ChickenRoast/chicken_0.jpg
1739GitheriChips.JPG,githeri,2843.0568306010928,1.2220699108978752,181.12724624499836,144.59130997690855,50.10614104652231,16.75,/home/aojwang/data/MergeDataset/cropped_images/1739GitheriChips/githeri_0.jpg
1779BrownChapatiWhiteUgali1CupSpinach.JPG,white ugali,1023.1810810810811,1.048030739673391,197.65649612452245,198.67777316987915,159.58249356581797,9.14,/home/aojwang/data/MergeDataset/cropped_images/1779BrownChapatiWhiteUgali1CupSpinach/white ugali_0.jpg
1779BrownChapatiWhiteUgali1CupSpinach.JPG,brown chapati,3017.908108108108,0.8596757852077,160.7732905496857,138.2222307797478,72.44308747960373,28.66,/home/aojwang/data/MergeDataset/cropped_images/1779BrownChapatiWhiteUgali1CupSpinach/brown chapati_1.jpg
1779BrownChapatiWhiteUgali1CupSpinach.JPG,spinach cooked,2070.5,0.998681608437706,92.3670993862735,109.64265148993475,27.892664216982016,2.91,/home/aojwang/data/MergeDataset/cropped_images/1779BrownChapatiWhiteUgali1CupSpinach/spinach cooked_2.jpg
1586BrownUgaliDrumstickCabbage.JPG,brown ugali,273.3045685279188,1.0757299270072993,136.46080356977026,121.40055595797503,119.502592510045,1.43,/home/aojwang/data/MergeDataset/cropped_images/1586BrownUgaliDrumstickCabbage/brown ugali_0.jpg
1586BrownUgaliDrumstickCabbage.JPG,chicken drumstick,753.4316835871405,1.3897564022485946,136.585279144355,128.84019397988618,116.68195748443739,52.39,/home/aojwang/data/MergeDataset/cropped_images/1586BrownUgaliDrumstickCabbage/chicken drumstick_1.jpg
1586BrownUgaliDrumstickCabbage.JPG,green cabbage cooked,895.6345177664974,1.0533665835411472,174.38333168026904,169.46610887553842,146.8005951031512,2.4,/home/aojwang/data/MergeDataset/cropped_images/1586BrownUgaliDrumstickCabbage/green cabbage cooked_2.jpg
1508FriedGitheriWhiteRice.JPG,githeri,1087.8157894736842,1.0309764309764309,146.5701610047789,121.6778967554931,38.66267464543101,6.9,/home/aojwang/data/MergeDataset/cropped_images/1508FriedGitheriWhiteRice/githeri_0.jpg
1508FriedGitheriWhiteRice.JPG,white rice boiled,1615.8947368421052,1.6561624649859943,173.58464980072367,169.74543944427666,91.33699314821065,2.4,/home/aojwang/data/MergeDataset/cropped_images/1508FriedGitheriWhiteRice/white rice boiled_1.jpg
1675WholeFishKachumbarithirdCupChips.JPG,kachumbari,805.0862510674636,1.2028753993610224,157.8538566712914,120.18309085277633,44.21427336447607,0.92,/home/aojwang/data/MergeDataset/cropped_images/1675WholeFishKachumbarithirdCupChips/kachumbari_0.jpg
1675WholeFishKachumbarithirdCupChips.JPG,fish fry,2164.563193851409,2.7048940832724617,153.42930129697615,143.30689999836272,91.61592608366225,126.43,/home/aojwang/data/MergeDataset/cropped_images/1675WholeFishKachumbarithirdCupChips/fish fry_1.jpg
1675WholeFishKachumbarithirdCupChips.JPG,potato chips,1017.4201537147737,1.2676878191101386,209.1606787482615,200.16148620235538,87.65138421301344,4.8,/home/aojwang/data/MergeDataset/cropped_images/1675WholeFishKachumbarithirdCupChips/potato chips_2.jpg
3UgaliBMatumbo.jpg,matumbo fry,392.8039486673248,1.6869244935543277,144.30090894834615,117.46428442181958,82.54589676469878,6.0,/home/aojwang/data/MergeDataset/cropped_images/3UgaliBMatumbo/matumbo fry_0.jpg
3UgaliBMatumbo.jpg,brown ugali,262.82606120434355,2.2926509186351707,185.09250353436786,162.4380565408717,128.79932677991667,130.0,/home/aojwang/data/MergeDataset/cropped_images/3UgaliBMatumbo/brown ugali_1.jpg
1009Kales.jpg,sukumawiki,1306.5096153846155,1.347424684159378,114.0963076900432,125.54295884548245,39.22591370276409,5.16,/home/aojwang/data/MergeDataset/cropped_images/1009Kales/sukumawiki_0.jpg
947BananaCooked.jpg,boiled banana,238.464,1.7004830917874396,164.8768527667984,95.36231121602498,27.652288281364367,0.5,/home/aojwang/data/MergeDataset/cropped_images/947BananaCooked/boiled banana_0.jpg
2Mushrooms.jpg,mushroom,1241.5642232683256,1.405759162303665,189.9262390004149,182.77739049705178,182.269506761434,10.0,/home/aojwang/data/MergeDataset/cropped_images/2Mushrooms/mushroom_0.jpg
1549NjahiWhiteRiceSpinach.JPG,spinach cooked,1582.462857142857,1.1812816188870152,113.30182548480789,87.73890608129823,45.13909361296977,1.1,/home/aojwang/data/MergeDataset/cropped_images/1549NjahiWhiteRiceSpinach/spinach cooked_0.jpg
1549NjahiWhiteRiceSpinach.JPG,black beans,1245.1333333333334,1.353001017293998,125.49040148693197,83.1085598023543,57.476761333649485,4.75,/home/aojwang/data/MergeDataset/cropped_images/1549NjahiWhiteRiceSpinach/black beans_1.jpg
1549NjahiWhiteRiceSpinach.JPG,white rice boiled,3114.697142857143,1.1698564593301435,191.27671573663662,158.38977052572872,128.66650644318548,2.4,/home/aojwang/data/MergeDataset/cropped_images/1549NjahiWhiteRiceSpinach/white rice boiled_2.jpg
364LettuceOnionsCarrots.jpg,onions,1160.9005628517823,1.207258064516129,151.0324875557567,99.91888831426293,114.5362294481436,2.25,/home/aojwang/data/MergeDataset/cropped_images/364LettuceOnionsCarrots/onions_0.jpg
364LettuceOnionsCarrots.jpg,carrot,1264.3151969981238,1.9431372549019608,178.45383451059536,111.281397776063,73.41909489325498,1.05,/home/aojwang/data/MergeDataset/cropped_images/364LettuceOnionsCarrots/carrot_1.jpg
364LettuceOnionsCarrots.jpg,lettuce,1675.9499687304565,1.2798894263994471,191.4322602360436,190.72552693365733,151.08254584968378,1.8,/home/aojwang/data/MergeDataset/cropped_images/364LettuceOnionsCarrots/lettuce_2.jpg
163MangoPawpaw.jpg,mango,6036.449648711944,1.1185770750988142,203.78119883735187,146.9238513573281,69.51493968723958,2.05,/home/aojwang/data/MergeDataset/cropped_images/163MangoPawpaw/mango_0.jpg
163MangoPawpaw.jpg,pawpaw,5392.355971896955,1.0787132101300478,195.32649608952912,117.61222191531425,77.44075792951772,1.177245,/home/aojwang/data/MergeDataset/cropped_images/163MangoPawpaw/pawpaw_1.jpg
182MangoWatermelon.jpg,mango,12825.434599156119,1.155363748458693,196.6911075960611,144.4875369617598,78.91988624923839,1.64,/home/aojwang/data/MergeDataset/cropped_images/182MangoWatermelon/mango_0.jpg
182MangoWatermelon.jpg,water melon,8910.084388185654,1.1450662739322532,178.88999142866615,96.99923852459405,92.8884623216476,1.2,/home/aojwang/data/MergeDataset/cropped_images/182MangoWatermelon/water melon_1.jpg
832WhiteChapatiquoterButterBeans(2).jpg,white chapati,503.02971014492755,1.1790820165537998,216.93526568238926,162.65146938142453,82.94862675104427,3.12,/home/aojwang/data/MergeDataset/cropped_images/832WhiteChapatiquoterButterBeans(2)/white chapati_0.jpg
832WhiteChapatiquoterButterBeans(2).jpg,butternut beans,444.231884057971,1.309704641350211,199.9446061159685,134.70530471094872,59.82543879681587,4.62,/home/aojwang/data/MergeDataset/cropped_images/832WhiteChapatiquoterButterBeans(2)/butternut beans_1.jpg
1545NjahiWhiteRice.JPG,black beans,1873.2589641434263,1.4781323877068557,134.25869155883746,123.71113233193721,73.14162420138328,23.75,/home/aojwang/data/MergeDataset/cropped_images/1545NjahiWhiteRice/black beans_0.jpg
1545NjahiWhiteRice.JPG,white rice boiled,2480.988047808765,1.5171696149843912,169.96966555043116,165.73579672380595,107.66339218549493,4.8,/home/aojwang/data/MergeDataset/cropped_images/1545NjahiWhiteRice/white rice boiled_1.jpg
1Almond.jpg,almond,726.4163319946452,1.2334754797441365,189.43234838279278,150.4320959101271,139.16106005347999,4.0,/home/aojwang/data/MergeDataset/cropped_images/1Almond/almond_0.jpg
2EggBoiled.jpg,boiled egg,81.53915799004075,1.6631578947368422,198.30486897623805,199.5414723517655,191.4263768598712,1.0,/home/aojwang/data/MergeDataset/cropped_images/2EggBoiled/boiled egg_0.jpg
1777BrownChapatiWhiteUgalihalfCupSpinach.JPG,white ugali,205.43291713961406,1.0440386680988185,217.63261548934062,220.27375758620536,156.4978871340609,5.54,/home/aojwang/data/MergeDataset/cropped_images/1777BrownChapatiWhiteUgalihalfCupSpinach/white ugali_0.jpg
1145BoiledButternut.jpg,butternut boiled,2545.5372158206164,1.2669291338582678,205.69529418673505,155.86157893835366,84.15277168779943,14.53,/home/aojwang/data/MergeDataset/cropped_images/1145BoiledButternut/butternut boiled_0.jpg
342LettuceOnions.jpg,onions,984.2410901467505,0.8674772036474164,135.73375393784227,109.31237467597336,129.70155042887603,2.25,/home/aojwang/data/MergeDataset/cropped_images/342LettuceOnions/onions_0.jpg
342LettuceOnions.jpg,lettuce,1430.2188679245282,1.1423611111111112,165.95777104675597,175.86582605116516,142.8457690133776,1.8,/home/aojwang/data/MergeDataset/cropped_images/342LettuceOnions/lettuce_1.jpg
3Rosecoco.jpg,rosecoco,3957.3846153846152,1.4226142742582197,177.4819096835788,129.42801709446528,126.91702340408412,74.0,/home/aojwang/data/MergeDataset/cropped_images/3Rosecoco/rosecoco_0.jpg
3RedGrape.jpg,red grapes,891.9342366159947,1.299791811242193,139.5807903169812,114.46439690654996,121.74028424675426,48.0,/home/aojwang/data/MergeDataset/cropped_images/3RedGrape/red grapes_0.jpg
1Mbaazi.jpg,mbaazi,473.20341047503047,1.4388888888888889,175.8156628056628,142.7675280995281,136.92943543543544,17.0,/home/aojwang/data/MergeDataset/cropped_images/1Mbaazi/mbaazi_0.jpg
2RiceWButternutSpinach.jpg,white rice boiled,330.1449275362319,2.0494117647058823,209.68094752481935,197.8281907206051,167.01039981090025,85.0,/home/aojwang/data/MergeDataset/cropped_images/2RiceWButternutSpinach/white rice boiled_0.jpg
2RiceWButternutSpinach.jpg,spinach cooked,154.7701226309922,1.4005681818181819,121.4529146690024,115.71464710492347,73.9879679144385,2.0,/home/aojwang/data/MergeDataset/cropped_images/2RiceWButternutSpinach/spinach cooked_1.jpg
2RiceWButternutSpinach.jpg,butternut beans,152.74314381270904,1.2543978349120433,205.8088556651821,145.8709895438747,69.83247865493618,26.0,/home/aojwang/data/MergeDataset/cropped_images/2RiceWButternutSpinach/butternut beans_2.jpg
1630WholeFishKachumbarithirdCup(2).jpg,kachumbari,308.10944881889765,1.2658359293873314,166.04439145853513,128.165169516576,51.55145383283201,0.92,/home/aojwang/data/MergeDataset/cropped_images/1630WholeFishKachumbarithirdCup(2)/kachumbari_0.jpg
3Dalmakhni.jpg,dalmakhi,242.70234113712374,1.2319148936170212,170.6486715907838,138.47099548010144,112.32936831661338,48.0,/home/aojwang/data/MergeDataset/cropped_images/3Dalmakhni/dalmakhi_0.jpg
1138FriedEggs.jpg,egg fry,1350.3040330920371,1.0675293166194906,189.6046185163401,168.7238735923734,77.48287060863385,16.3,/home/aojwang/data/MergeDataset/cropped_images/1138FriedEggs/egg fry_0.jpg
723WhiteRicequotercupRoscocoBeansquotercup.jpg,white rice boiled,270.80537428023035,1.0778739184177997,220.67807123983624,169.3535866569896,122.14368883319536,1.2,/home/aojwang/data/MergeDataset/cropped_images/723WhiteRicequotercupRoscocoBeansquotercup/white rice boiled_0.jpg
723WhiteRicequotercupRoscocoBeansquotercup.jpg,rosecoco,629.3170825335892,1.5363020329138433,188.90518985635345,113.95232500757912,67.06163766468968,4.335,/home/aojwang/data/MergeDataset/cropped_images/723WhiteRicequotercupRoscocoBeansquotercup/rosecoco_1.jpg
1FishFillet.jpg,fish fillet,310.24652087475147,1.1276881720430108,238.33692343675906,127.65206755353915,105.79366116856986,0.0,/home/aojwang/data/MergeDataset/cropped_images/1FishFillet/fish fillet_0.jpg
284Cabbagesliced.jpg,green cabbage,6111.6,1.4855614973262032,209.68534763208248,213.51731076487144,194.4308441420943,5.5,/home/aojwang/data/MergeDataset/cropped_images/284Cabbagesliced/green cabbage_0.jpg
1289BeefstewSpaghettiSpinach.JPG,spaghetti,384.18333333333334,1.0308880308880308,226.71478912700823,211.55921380851157,128.2400040489928,2.2,/home/aojwang/data/MergeDataset/cropped_images/1289BeefstewSpaghettiSpinach/spaghetti_1.jpg
1289BeefstewSpaghettiSpinach.JPG,spinach cooked,404.42083333333335,1.2611862643080125,122.63333711102639,127.58371711260617,37.38782140440891,1.1,/home/aojwang/data/MergeDataset/cropped_images/1289BeefstewSpaghettiSpinach/spinach cooked_2.jpg
2Hazelnut.jpg,hazelnut,751.2446311858076,1.4623450905624404,199.08912504987055,167.8774899544236,111.41574890346925,17.0,/home/aojwang/data/MergeDataset/cropped_images/2Hazelnut/hazelnut_0.jpg
1323ChickenWetfryWhiteUgali1CupSpinach(2).JPG,white ugali,4198.831288343558,0.9847328244274809,208.08796122789062,198.631594096809,134.01393975390465,9.66,/home/aojwang/data/MergeDataset/cropped_images/1323ChickenWetfryWhiteUgali1CupSpinach(2)/white ugali_0.jpg
1323ChickenWetfryWhiteUgali1CupSpinach(2).JPG,chicken wing,7768.754601226994,1.7529118136439268,189.9668930993827,156.03489872519066,57.2016004017983,64.67,/home/aojwang/data/MergeDataset/cropped_images/1323ChickenWetfryWhiteUgali1CupSpinach(2)/chicken wing_1.jpg
1323ChickenWetfryWhiteUgali1CupSpinach(2).JPG,spinach cooked,5075.619631901841,1.2776801405975395,118.40996294084799,122.48563504591903,38.484558082303714,1.1,/home/aojwang/data/MergeDataset/cropped_images/1323ChickenWetfryWhiteUgali1CupSpinach(2)/spinach cooked_2.jpg
748WhiteRicehalfcupButterBeanshalfcup.jpg,white rice boiled,230.72930648769574,1.2107438016528926,194.82067455504472,131.593429152681,110.28563432572702,2.88,/home/aojwang/data/MergeDataset/cropped_images/748WhiteRicehalfcupButterBeanshalfcup/white rice boiled_0.jpg
748WhiteRicehalfcupButterBeanshalfcup.jpg,butternut beans,813.5106772422208,1.669250645994832,195.46429103567172,101.17132612939096,57.32574864401085,6.006,/home/aojwang/data/MergeDataset/cropped_images/748WhiteRicehalfcupButterBeanshalfcup/butternut beans_1.jpg
2Kunde.jpg,kunde,1661.9667802385009,1.3801513877207738,117.110320636712,134.71696523433116,127.9297101349,2.0,/home/aojwang/data/MergeDataset/cropped_images/2Kunde/kunde_0.jpg
771BrownRice1cupCowpeashalfcup.jpg,brown rice boiled,1239.6637525218562,1.418421052631579,193.24607243216266,168.06353274962296,84.94063079777365,13.6,/home/aojwang/data/MergeDataset/cropped_images/771BrownRice1cupCowpeashalfcup/brown rice boiled_0.jpg
771BrownRice1cupCowpeashalfcup.jpg,cowpeas,1695.2252858103564,1.906086956521739,135.94734727070772,101.57234171691526,47.43274476356712,12.35,/home/aojwang/data/MergeDataset/cropped_images/771BrownRice1cupCowpeashalfcup/cowpeas_1.jpg
703WhiteRicequotercupPigeonpeapeaquotercup.jpg,mbaazi,933.7381916329284,1.5828877005347595,165.32913137736668,129.96872958520018,41.53773449920509,2.622,/home/aojwang/data/MergeDataset/cropped_images/703WhiteRicequotercupPigeonpeapeaquotercup/mbaazi_0.jpg
703WhiteRicequotercupPigeonpeapeaquotercup.jpg,white rice boiled,649.2388663967612,1.1721854304635762,193.829982581077,176.1124611815767,88.51323048269956,1.056,/home/aojwang/data/MergeDataset/cropped_images/703WhiteRicequotercupPigeonpeapeaquotercup/white rice boiled_1.jpg
273Carrotsgrated.jpg,carrot,4458.056737588652,1.381961259079903,219.8910461999896,147.33740888279408,58.28844660873771,2.8,/home/aojwang/data/MergeDataset/cropped_images/273Carrotsgrated/carrot_0.jpg
1749WhiteRiceWhiteChapatiquoertBeefstew.JPG,white chapati,2102.6471074380165,1.2050929112181694,197.7444968031246,151.63618193988452,92.42208699541663,2.89,/home/aojwang/data/MergeDataset/cropped_images/1749WhiteRiceWhiteChapatiquoertBeefstew/white chapati_0.jpg
1749WhiteRiceWhiteChapatiquoertBeefstew.JPG,beef stew,1738.7272727272727,1.0131852879944483,159.97411472246253,95.48302406053635,49.5767560579126,26.55,/home/aojwang/data/MergeDataset/cropped_images/1749WhiteRiceWhiteChapatiquoertBeefstew/beef stew_1.jpg
1749WhiteRiceWhiteChapatiquoertBeefstew.JPG,white rice boiled,2040.7041322314049,1.7554806070826308,217.57102920236574,189.93432343073934,166.07595174571085,3.6,/home/aojwang/data/MergeDataset/cropped_images/1749WhiteRiceWhiteChapatiquoertBeefstew/white rice boiled_2.jpg
8Watermelon.jpg,water melon,1707.7036613272312,3.279874213836478,184.1361021833353,88.26532746679638,55.70088802056638,1.2,/home/aojwang/data/MergeDataset/cropped_images/8Watermelon/water melon_0.jpg
3Banana.jpg,ripe banana,330.04677833106985,1.5445378151260505,197.177483746491,166.77338859374,100.81708835873849,84.0,/home/aojwang/data/MergeDataset/cropped_images/3Banana/ripe banana_0.jpg
116Pineapple1cup.jpg,pineapple,2325.7665406427222,2.037306642402184,181.16002895157033,174.60584208877208,124.79079645672444,0.8116293,/home/aojwang/data/MergeDataset/cropped_images/116Pineapple1cup/pineapple_0.jpg
78Bananapeeled.jpg,ripe banana,20666.666666666668,1.6702586206896552,180.4030961067853,163.73762413793102,115.8847637374861,5.6,/home/aojwang/data/MergeDataset/cropped_images/78Bananapeeled/ripe banana_0.jpg
1516FriedGitheriWhiteRice.JPG,githeri,835.4864763335838,1.100995024875622,149.61630392996608,125.30004990861329,71.29953845773393,20.7,/home/aojwang/data/MergeDataset/cropped_images/1516FriedGitheriWhiteRice/githeri_0.jpg
1516FriedGitheriWhiteRice.JPG,white rice boiled,1201.76652892562,1.2297238053485313,171.0838471102442,158.50126121310586,103.11892601127973,7.2,/home/aojwang/data/MergeDataset/cropped_images/1516FriedGitheriWhiteRice/white rice boiled_1.jpg
1592WhiteUgalithirdCupSpinach.JPG,spinach cooked,666.7696905016008,1.0176940639269407,104.90245616259088,131.55805463574038,128.00905655134616,2.91,/home/aojwang/data/MergeDataset/cropped_images/1592WhiteUgalithirdCupSpinach/spinach cooked_0.jpg
1592WhiteUgalithirdCupSpinach.JPG,white ugali,234.87726787620065,0.9980952380952381,190.18370956015994,211.1078944020356,217.90935841512177,3.38,/home/aojwang/data/MergeDataset/cropped_images/1592WhiteUgalithirdCupSpinach/white ugali_1.jpg
2RiceNjahiSpinach.jpg,black beans,313.61939799331105,0.8902147971360382,124.57462659508894,96.8090180245318,73.44658011649508,132.0,/home/aojwang/data/MergeDataset/cropped_images/2RiceNjahiSpinach/black beans_0.jpg
2RiceNjahiSpinach.jpg,white rice boiled,236.59197324414717,1.3548022598870058,201.0379468766345,192.86025642837959,174.17939148914115,57.0,/home/aojwang/data/MergeDataset/cropped_images/2RiceNjahiSpinach/white rice boiled_1.jpg
683Cowpeas.jpg,cowpeas,207.64742678419108,1.1499556344276842,157.06316822220032,102.13680822570574,75.13389844665724,4.75,/home/aojwang/data/MergeDataset/cropped_images/683Cowpeas/cowpeas_0.jpg
103PawpawBanana.jpg,ripe banana,10678.045023696683,1.3266413456321215,175.74481345987192,163.74810408476444,134.33236753892194,2.8,/home/aojwang/data/MergeDataset/cropped_images/103PawpawBanana/ripe banana_0.jpg
103PawpawBanana.jpg,pawpaw,9174.611374407583,1.0601779173207744,164.01058737717884,100.2279800066431,79.43706152823344,0.941798,/home/aojwang/data/MergeDataset/cropped_images/103PawpawBanana/pawpaw_1.jpg
3Thabai.jpg,thabai,1100.5201060539107,1.2908567314614832,106.53173468375736,116.6268855323699,105.36729590355583,29.0,/home/aojwang/data/MergeDataset/cropped_images/3Thabai/thabai_0.jpg
1458MokimoChickenthigh.JPG,chicken thigh,559.340075419952,1.2620932277924362,105.08510506590177,91.40670386952644,74.1830815858102,50.4,/home/aojwang/data/MergeDataset/cropped_images/1458MokimoChickenthigh/chicken thigh_0.jpg
1458MokimoChickenthigh.JPG,chicken thigh,400.25368529310936,1.394535519125683,111.85802370796718,87.28884920430991,62.21649279682067,50.4,/home/aojwang/data/MergeDataset/cropped_images/1458MokimoChickenthigh/chicken thigh_1.jpg
1458MokimoChickenthigh.JPG,chicken thigh,667.1786081590675,1.6685185185185185,115.03326036913717,97.20086477987421,80.52943385949767,50.4,/home/aojwang/data/MergeDataset/cropped_images/1458MokimoChickenthigh/chicken thigh_2.jpg
1458MokimoChickenthigh.JPG,mukimo,859.4799451491258,1.1649625085207906,100.86930253763009,103.87360710748621,83.19298010492588,20.0,/home/aojwang/data/MergeDataset/cropped_images/1458MokimoChickenthigh/mukimo_3.jpg
1458MokimoChickenthigh.JPG,chicken thigh,978.6602673980117,1.1552162849872774,113.94737231114998,95.41295811334925,75.65718563293764,50.4,/home/aojwang/data/MergeDataset/cropped_images/1458MokimoChickenthigh/chicken thigh_4.jpg
1458MokimoChickenthigh.JPG,chicken thigh,38.62872814535481,1.1501597444089458,69.28515264465744,40.6653265885694,35.31960418885339,50.4,/home/aojwang/data/MergeDataset/cropped_images/1458MokimoChickenthigh/chicken thigh_5.jpg
2Terere.jpg,terere,799.8991125642224,1.2175379426644182,122.42798776585558,142.08674377431998,127.80501394384159,3.0,/home/aojwang/data/MergeDataset/cropped_images/2Terere/terere_0.jpg
1143BoiledButternut.jpg,butternut boiled,2607.729863692689,1.132570944515036,174.41106350800862,131.81492049975654,80.13255653053214,4.2,/home/aojwang/data/MergeDataset/cropped_images/1143BoiledButternut/butternut boiled_0.jpg
1ChickenDrumsticks.jpg,chicken drumstick,414.3849275362319,1.0178997613365155,182.8092846530706,160.80003469434007,155.6893681433212,0.0,/home/aojwang/data/MergeDataset/cropped_images/1ChickenDrumsticks/chicken drumstick_0.jpg
1561UgaliBrownquoterCup.JPG,brown ugali,160.12395453570662,0.9405162738496072,151.06825481010048,126.25485965462099,40.52833291814994,0.6,/home/aojwang/data/MergeDataset/cropped_images/1561UgaliBrownquoterCup/brown ugali_0.jpg
212AvocadoApple.jpg,apple,4330.90243902439,0.9994694960212201,211.36318516390995,190.8164228150501,139.50862970033847,0.75,/home/aojwang/data/MergeDataset/cropped_images/212AvocadoApple/apple_0.jpg
212AvocadoApple.jpg,avocado,3764.1560975609755,1.0241935483870968,180.5543389377595,172.07744747632353,85.3150911939579,4.0,/home/aojwang/data/MergeDataset/cropped_images/212AvocadoApple/avocado_1.jpg
1472FriedGitheri.JPG,githeri,929.2154979186679,1.198586118251928,153.11982191223802,125.40117748816309,18.745391358884056,13.8,/home/aojwang/data/MergeDataset/cropped_images/1472FriedGitheri/githeri_0.jpg
1233MincedMeatButterBeansSpinach.JPG,butternut beans,206.01025991792065,1.2132097334878331,215.33579802581121,190.6066950654134,86.71511275940418,2.31,/home/aojwang/data/MergeDataset/cropped_images/1233MincedMeatButterBeansSpinach/butternut beans_0.jpg
1233MincedMeatButterBeansSpinach.JPG,spinach cooked,260.0,1.070736434108527,113.2316329930899,119.79125539303378,29.820200638394894,1.1,/home/aojwang/data/MergeDataset/cropped_images/1233MincedMeatButterBeansSpinach/spinach cooked_1.jpg
247Tomato.jpg,tomato,380.44512663085186,1.7,194.72054990720568,125.45304203986122,107.49847091099815,0.3,/home/aojwang/data/MergeDataset/cropped_images/247Tomato/tomato_0.jpg
72Bananapeeled.jpg,ripe banana,30564.96153846154,1.411875589066918,172.2572128845372,159.61865585153438,125.0984457441842,5.04,/home/aojwang/data/MergeDataset/cropped_images/72Bananapeeled/ripe banana_0.jpg
331OnionsCucumber.jpg,cucumber,231.53831002560568,1.3591397849462366,139.87331904178578,120.09813018919287,81.3961616986525,0.6,/home/aojwang/data/MergeDataset/cropped_images/331OnionsCucumber/cucumber_0.jpg
331OnionsCucumber.jpg,onions,305.50955288556236,0.940809968847352,160.15123089063565,107.22734018794743,119.15102458170865,1.5,/home/aojwang/data/MergeDataset/cropped_images/331OnionsCucumber/onions_1.jpg
39Pineapple.jpg,pineapple,5859.53316953317,1.0335747202106649,213.01507319179984,196.81579525584633,108.6565256223714,0.288103,/home/aojwang/data/MergeDataset/cropped_images/39Pineapple/pineapple_0.jpg
184Avocado.jpg,avocado,3938.213656387665,1.5038910505836576,116.80986370416606,132.832831920821,101.06065972799,12.48,/home/aojwang/data/MergeDataset/cropped_images/184Avocado/avocado_0.jpg
1244MincedMeatRoscocoBeansCabbage.JPG,green cabbage cooked,278.6013324736729,1.524945770065076,198.52449835381677,143.20484027239937,100.85258406025616,0.5,/home/aojwang/data/MergeDataset/cropped_images/1244MincedMeatRoscocoBeansCabbage/green cabbage cooked_0.jpg
1244MincedMeatRoscocoBeansCabbage.JPG,rosecoco,265.4762518805072,1.262891809908999,150.18545230522133,71.50300786635376,59.32203639554717,4.335,/home/aojwang/data/MergeDataset/cropped_images/1244MincedMeatRoscocoBeansCabbage/rosecoco_1.jpg
1244MincedMeatRoscocoBeansCabbage.JPG,mincemeat,235.29335912314636,0.9652582159624413,172.8452731955938,100.24549697667196,56.73466231892,13.85,/home/aojwang/data/MergeDataset/cropped_images/1244MincedMeatRoscocoBeansCabbage/mincemeat_2.jpg
203AvocadoBanana.jpg,ripe banana,3699.4495114006513,0.9541704857928506,210.655625319728,206.83522858845976,164.91080898557846,0.7,/home/aojwang/data/MergeDataset/cropped_images/203AvocadoBanana/ripe banana_0.jpg
203AvocadoBanana.jpg,avocado,3680.488599348534,1.0650485436893204,181.8664654707012,185.57878326592385,100.99639705817278,0.8,/home/aojwang/data/MergeDataset/cropped_images/203AvocadoBanana/avocado_1.jpg
1504FriedGitheriBeefstewCabbage.JPG,githeri,1612.1718532280538,1.2095631641086186,166.69605036695413,109.12342416002738,52.160613666470184,17.25,/home/aojwang/data/MergeDataset/cropped_images/1504FriedGitheriBeefstewCabbage/githeri_0.jpg
1504FriedGitheriBeefstewCabbage.JPG,green cabbage cooked,1446.604737575476,1.8803418803418803,201.7058499810566,153.33620277793833,80.31012059565779,2.2,/home/aojwang/data/MergeDataset/cropped_images/1504FriedGitheriBeefstewCabbage/green cabbage cooked_1.jpg
1504FriedGitheriBeefstewCabbage.JPG,beef stew,1709.3172317696237,1.0524064171122995,147.82346311029954,100.34007842050346,48.882849386983175,44.25,/home/aojwang/data/MergeDataset/cropped_images/1504FriedGitheriBeefstewCabbage/beef stew_2.jpg
1142BoiledButternut.jpg,butternut boiled,763.6373588778652,1.1716188524590163,167.2628203692288,126.4131524314192,77.08708993993133,2.93,/home/aojwang/data/MergeDataset/cropped_images/1142BoiledButternut/butternut boiled_0.jpg
3RiceWBroccoliCarrot.jpg,carrot,702.4825905292479,1.6882276843467012,212.07794778764134,150.7629368584358,107.42266236437624,10.0,/home/aojwang/data/MergeDataset/cropped_images/3RiceWBroccoliCarrot/carrot_0.jpg
3RiceWBroccoliCarrot.jpg,broccoli,603.733983286908,1.3478802992518704,150.0891515429742,151.86694803232436,111.22618638417832,4.0,/home/aojwang/data/MergeDataset/cropped_images/3RiceWBroccoliCarrot/broccoli_1.jpg
3RiceWBroccoliCarrot.jpg,white rice boiled,1486.9303621169915,1.9147727272727273,189.95743038695562,189.88186435947006,184.91044907532296,127.0,/home/aojwang/data/MergeDataset/cropped_images/3RiceWBroccoliCarrot/white rice boiled_2.jpg
1GreenGrape.jpg,green grapes,107.61189074996227,1.184278350515464,161.48225603805122,167.42256963530508,109.78047070437387,16.0,/home/aojwang/data/MergeDataset/cropped_images/1GreenGrape/green grapes_0.jpg
480GrapesCucumber.jpg,red grapes,2787.6888,1.5062458908612755,135.0789043597693,70.6698521011384,55.574202687186606,2.360196,/home/aojwang/data/MergeDataset/cropped_images/480GrapesCucumber/red grapes_0.jpg
480GrapesCucumber.jpg,cucumber,2176.1272,2.336422613531047,168.5948416985919,138.25640633507086,97.96070045905405,0.9,/home/aojwang/data/MergeDataset/cropped_images/480GrapesCucumber/cucumber_1.jpg
371CarrotsgratedTomato.jpg,tomato,234.22617223414036,1.282383419689119,167.03988328884702,73.09517192651907,63.5126066363113,0.5,/home/aojwang/data/MergeDataset/cropped_images/371CarrotsgratedTomato/tomato_0.jpg
371CarrotsgratedTomato.jpg,carrot,417.79803861477166,1.1369863013698631,195.27466798701656,117.15671379582255,60.226684271331905,0.35,/home/aojwang/data/MergeDataset/cropped_images/371CarrotsgratedTomato/carrot_1.jpg
560Pigeonpea1cup.jpg,mbaazi,1204.281579592838,1.3515215110178385,156.01529515325907,131.3078595380394,89.95518565106593,11.4,/home/aojwang/data/MergeDataset/cropped_images/560Pigeonpea1cup/mbaazi_0.jpg
835WhiteChapati2ButterBeans.jpg,white chapati,1073.7460687245195,1.7243713733075434,178.0182580811034,117.33712116692034,51.61689977663534,24.57,/home/aojwang/data/MergeDataset/cropped_images/835WhiteChapati2ButterBeans/white chapati_0.jpg
835WhiteChapati2ButterBeans.jpg,white chapati,1444.4006988934188,1.4926299456943366,192.3196997946804,134.90234375630033,60.92501600783214,24.57,/home/aojwang/data/MergeDataset/cropped_images/835WhiteChapati2ButterBeans/white chapati_1.jpg
1331ChickenWetfryBrownRiceCabbage.JPG,green cabbage cooked,146.22294624156387,1.2078431372549019,220.94848325693914,188.53373997326204,102.34534950343775,0.5,/home/aojwang/data/MergeDataset/cropped_images/1331ChickenWetfryBrownRiceCabbage/green cabbage cooked_0.jpg
1331ChickenWetfryBrownRiceCabbage.JPG,chicken wing,156.48312776355596,1.0494699646643109,189.20444135108445,121.43363106923178,53.13316171134192,68.0,/home/aojwang/data/MergeDataset/cropped_images/1331ChickenWetfryBrownRiceCabbage/chicken wing_1.jpg
1Omena.jpg,omena,489.4716114210699,1.4766169154228856,142.35454399163214,130.65958348419628,135.33467970122433,0.0,/home/aojwang/data/MergeDataset/cropped_images/1Omena/omena_0.jpg
205AvocadoBanana.jpg,avocado,2726.530172413793,1.148921832884097,175.34721447146887,172.3670870517188,84.32714111816364,2.4,/home/aojwang/data/MergeDataset/cropped_images/205AvocadoBanana/avocado_0.jpg
205AvocadoBanana.jpg,ripe banana,3208.0581896551726,0.9810562571756601,204.37260226302436,194.81546469390457,156.0767668835012,2.1,/home/aojwang/data/MergeDataset/cropped_images/205AvocadoBanana/ripe banana_1.jpg
527Greengrams.jpg,ndengu,1421.7937118299028,1.392,175.89745996897744,167.36400206817007,119.49385992125045,12.95,/home/aojwang/data/MergeDataset/cropped_images/527Greengrams/ndengu_0.jpg
2Pineapple.jpg,pineapple,328.0727911646586,1.106686701728024,205.82149260186998,201.1638901682833,177.41014086259915,12.0,/home/aojwang/data/MergeDataset/cropped_images/2Pineapple/pineapple_0.jpg
730WhiteRice1cupRoscocoBeansthirdcup.jpg,rosecoco,1149.004550625711,1.5597539543057997,167.15923859501473,98.14597985098641,60.52202183222357,6.936,/home/aojwang/data/MergeDataset/cropped_images/730WhiteRice1cupRoscocoBeansthirdcup/rosecoco_0.jpg
730WhiteRice1cupRoscocoBeansthirdcup.jpg,white rice boiled,766.0386803185438,1.0621669626998225,200.360084978347,152.35346878582843,111.81137242555113,4.8,/home/aojwang/data/MergeDataset/cropped_images/730WhiteRice1cupRoscocoBeansthirdcup/white rice boiled_1.jpg
383LettuceCarrotsgrated.jpg,lettuce,8934.592391304348,1.1803475134811263,182.26985002722077,178.01952748385762,129.46866082915392,1.8,/home/aojwang/data/MergeDataset/cropped_images/383LettuceCarrotsgrated/lettuce_0.jpg
383LettuceCarrotsgrated.jpg,carrot,5366.915760869565,0.9077966101694915,188.534344628549,107.40526018657992,44.18683814128935,1.05,/home/aojwang/data/MergeDataset/cropped_images/383LettuceCarrotsgrated/carrot_1.jpg
1134MincedMeatKalesSpaghetti.JPG,spaghetti,493.2227654997066,1.2366946778711485,206.37056634658393,181.90863803052366,86.24474512341743,6.6,/home/aojwang/data/MergeDataset/cropped_images/1134MincedMeatKalesSpaghetti/spaghetti_0.jpg
1134MincedMeatKalesSpaghetti.JPG,sukumawiki,235.70213182084882,1.1651917404129795,94.56827684635459,104.44894680723067,18.233813358558514,2.0,/home/aojwang/data/MergeDataset/cropped_images/1134MincedMeatKalesSpaghetti/sukumawiki_1.jpg
1134MincedMeatKalesSpaghetti.JPG,mincemeat,294.9649911989047,0.9484536082474226,170.02730685685034,130.01886343322573,43.373510432607766,41.55,/home/aojwang/data/MergeDataset/cropped_images/1134MincedMeatKalesSpaghetti/mincemeat_2.jpg
267Carrotsgratedquotercup.jpg,carrot,1634.7773654916512,1.4617486338797814,209.06054849088403,138.96128786976035,67.63086835878318,0.315,/home/aojwang/data/MergeDataset/cropped_images/267Carrotsgratedquotercup/carrot_0.jpg
1087Chickendrumstick.jpg,chicken drumstick,4044.1938618925833,1.326915198689062,183.36563560730997,141.45412608192427,111.65495619434334,141.73,/home/aojwang/data/MergeDataset/cropped_images/1087Chickendrumstick/chicken drumstick_0.jpg
1Chickpeas.jpg,chick peas,429.58830694275275,1.388316151202749,205.8041104797765,168.95571017582859,140.25488811767775,34.0,/home/aojwang/data/MergeDataset/cropped_images/1Chickpeas/chick peas_0.jpg
597ButterBeans.jpg,butternut beans,1705.971320754717,1.3891352549889135,169.1772088451132,96.83106354062888,60.29567552286928,20.76,/home/aojwang/data/MergeDataset/cropped_images/597ButterBeans/butternut beans_0.jpg
938Frenchfries.jpg,potato chips,2544.7661612130887,1.4877049180327868,166.32411045376767,151.59117033474337,35.66887924199772,10.71,/home/aojwang/data/MergeDataset/cropped_images/938Frenchfries/potato chips_0.jpg
2RiceBBroccoliCarrot.jpg,carrot,169.84231651376146,0.9119106699751861,195.60562448304384,131.9955723232221,102.17064026603197,4.0,/home/aojwang/data/MergeDataset/cropped_images/2RiceBBroccoliCarrot/carrot_0.jpg
2RiceBBroccoliCarrot.jpg,brown rice boiled,414.1215596330275,0.8653250773993808,196.21542643043472,181.45570096977687,168.7737494253892,49.0,/home/aojwang/data/MergeDataset/cropped_images/2RiceBBroccoliCarrot/brown rice boiled_1.jpg
2RiceBBroccoliCarrot.jpg,broccoli,223.69323394495413,1.4482288828337875,145.76147144091192,159.03116468992954,130.86730142699315,2.0,/home/aojwang/data/MergeDataset/cropped_images/2RiceBBroccoliCarrot/broccoli_2.jpg
1Mango.jpg,mango,207.77184246265278,2.0279126213592233,206.10037591582275,177.47562720422047,112.81500525817341,17.0,/home/aojwang/data/MergeDataset/cropped_images/1Mango/mango_0.jpg
1694BeefSausageChipsKachumbarithirdCup.JPG,kachumbari,717.2481644640235,0.9691235059760956,166.91794282274807,72.05677700298497,45.67227390540612,0.92,/home/aojwang/data/MergeDataset/cropped_images/1694BeefSausageChipsKachumbarithirdCup/kachumbari_0.jpg
1694BeefSausageChipsKachumbarithirdCup.JPG,potato chips,1369.1629955947137,1.1746031746031746,209.92739114114113,169.98897147147147,73.29808773058772,7.2,/home/aojwang/data/MergeDataset/cropped_images/1694BeefSausageChipsKachumbarithirdCup/potato chips_1.jpg
510RoscocoBeans.jpg,rosecoco,905.324301439458,1.156526261050442,178.00217688563657,147.99388157180962,139.55253846844522,13.005,/home/aojwang/data/MergeDataset/cropped_images/510RoscocoBeans/rosecoco_0.jpg
1460MokimoChickenthighCabbage.JPG,green cabbage cooked,677.2914979757085,1.4312306101344363,170.60404848437753,146.9148788637763,24.3900994375071,0.55,/home/aojwang/data/MergeDataset/cropped_images/1460MokimoChickenthighCabbage/green cabbage cooked_0.jpg
1460MokimoChickenthighCabbage.JPG,mukimo,536.0921052631579,1.0467196819085487,124.86317045495309,132.286356882447,47.64441178192006,5.0,/home/aojwang/data/MergeDataset/cropped_images/1460MokimoChickenthighCabbage/mukimo_1.jpg
1460MokimoChickenthighCabbage.JPG,chicken thigh,675.8188259109312,1.2020872865275143,141.86843595039156,115.6545209065626,18.349789354344484,19.44,/home/aojwang/data/MergeDataset/cropped_images/1460MokimoChickenthighCabbage/chicken thigh_2.jpg
412BananaCucumber.jpg,cucumber,824.9502322495023,1.0296010296010296,186.48063746782498,149.13663931788932,87.90816562097812,0.6,/home/aojwang/data/MergeDataset/cropped_images/412BananaCucumber/cucumber_0.jpg
465GrapesLettuce.jpg,red grapes,6140.269293924466,1.8441011235955056,137.9758347809716,84.06050798197798,63.63466191584586,2.950245,/home/aojwang/data/MergeDataset/cropped_images/465GrapesLettuce/red grapes_0.jpg
465GrapesLettuce.jpg,lettuce,8445.389162561576,1.7838633686690224,195.1599053670817,183.7226651983321,151.84761109821392,1.8,/home/aojwang/data/MergeDataset/cropped_images/465GrapesLettuce/lettuce_1.jpg
1Butternut.jpg,butternut,355.8587088915956,1.272289156626506,213.89667191493245,163.76528386272363,122.98765288426434,11.0,/home/aojwang/data/MergeDataset/cropped_images/1Butternut/butternut_0.jpg
3ThornMelon.jpg,thorn melon,174.82254413761882,1.4208194905869325,193.30105588973794,142.53752064004198,87.91667421921731,25.0,/home/aojwang/data/MergeDataset/cropped_images/3ThornMelon/thorn melon_0.jpg
1571BrownUgaliDrumstickSpinach.JPG,brown ugali,426.5434103685197,1.063400576368876,145.21350395960732,112.1056378521278,75.848358559234,2.9,/home/aojwang/data/MergeDataset/cropped_images/1571BrownUgaliDrumstickSpinach/brown ugali_0.jpg
1571BrownUgaliDrumstickSpinach.JPG,chicken drumstick,798.5209244222361,1.6088082901554404,113.53501242146629,86.84873396994652,30.02692517083427,52.39,/home/aojwang/data/MergeDataset/cropped_images/1571BrownUgaliDrumstickSpinach/chicken drumstick_1.jpg
1571BrownUgaliDrumstickSpinach.JPG,spinach cooked,755.1336664584635,1.084199015855659,114.44155171334694,109.88439653953078,55.311837055651,3.29,/home/aojwang/data/MergeDataset/cropped_images/1571BrownUgaliDrumstickSpinach/spinach cooked_2.jpg
51Apple.jpg,apple,26561.69178082192,1.6807109940750493,150.9075174438829,96.84384582080435,76.46876037098437,0.45,/home/aojwang/data/MergeDataset/cropped_images/51Apple/apple_0.jpg
1754WhiteRiceWhiteChapatihalfBeefstew.JPG,beef stew,1436.2758838383838,0.8286059143029572,152.96454996151752,99.21722142834851,56.02280686100285,44.25,/home/aojwang/data/MergeDataset/cropped_images/1754WhiteRiceWhiteChapatihalfBeefstew/beef stew_0.jpg
1754WhiteRiceWhiteChapatihalfBeefstew.JPG,white rice boiled,2049.8333333333335,1.4316069057104914,213.9260666055629,191.49266662478104,165.1356423409639,6.0,/home/aojwang/data/MergeDataset/cropped_images/1754WhiteRiceWhiteChapatihalfBeefstew/white rice boiled_1.jpg
595ButterBeans.jpg,butternut beans,5980.062801932367,1.6973067915690867,205.96798197391817,120.07097618253246,84.09773518769695,11.55,/home/aojwang/data/MergeDataset/cropped_images/595ButterBeans/butternut beans_0.jpg
99Watermelon.jpg,water melon,14177.404580152672,1.16984126984127,169.3345345781913,123.35781966789429,84.0295486851457,1.68,/home/aojwang/data/MergeDataset/cropped_images/99Watermelon/water melon_0.jpg
99Watermelon.jpg,water melon,54262.442748091606,2.150715071507151,185.12473742259135,130.93705077668892,109.07199432219437,1.68,/home/aojwang/data/MergeDataset/cropped_images/99Watermelon/water melon_1.jpg
1UgaliWBeefFry.jpg,beef fry,531.9366626065773,1.1660377358490566,159.31171459974354,125.45627633266166,105.81857788361727,0.0,/home/aojwang/data/MergeDataset/cropped_images/1UgaliWBeefFry/beef fry_0.jpg
1UgaliWBeefFry.jpg,white ugali,254.29963459196102,1.2251748251748251,212.14744707347447,206.9717022703324,196.7753169205224,48.0,/home/aojwang/data/MergeDataset/cropped_images/1UgaliWBeefFry/white ugali_1.jpg
1Apple.jpg,apple,89.14969065942357,1.2664714494875549,170.6893880279962,146.82634585600758,127.80894895860662,6.0,/home/aojwang/data/MergeDataset/cropped_images/1Apple/apple_0.jpg
46Apple.jpg,apple,5562.452926208652,1.0933521923620932,163.26126738528592,77.3559759089936,70.75440384548527,0.3,/home/aojwang/data/MergeDataset/cropped_images/46Apple/apple_0.jpg
407BananaCarrots.jpg,carrot,2134.4634146341464,1.3391840607210626,225.32314140218494,144.05119340252642,28.992686800818163,2.45,/home/aojwang/data/MergeDataset/cropped_images/407BananaCarrots/carrot_0.jpg
81Grapes.jpg,red grapes,18958.076687116565,1.498276710979813,128.70972405532194,93.9774476553286,102.45444185612652,3.42228,/home/aojwang/data/MergeDataset/cropped_images/81Grapes/red grapes_0.jpg
307LettuceCucumber.jpg,lettuce,734.2280828516377,0.9988551803091014,187.2139497427436,190.61229910300588,138.28769187620858,2.4,/home/aojwang/data/MergeDataset/cropped_images/307LettuceCucumber/lettuce_0.jpg
307LettuceCucumber.jpg,cucumber,472.42774566473986,0.8882907133243607,139.86456625474122,131.39658988947346,84.83151841429095,1.2,/home/aojwang/data/MergeDataset/cropped_images/307LettuceCucumber/cucumber_1.jpg
1744WhiteRiceWhiteChapatiBeefstew.JPG,white rice boiled,452.6339157834431,1.4525407478427612,219.67246803299696,190.78758151941753,165.79381132744146,2.4,/home/aojwang/data/MergeDataset/cropped_images/1744WhiteRiceWhiteChapatiBeefstew/white rice boiled_0.jpg
1744WhiteRiceWhiteChapatiBeefstew.JPG,beef stew,433.05958178172443,1.055137844611529,148.1808473413674,80.84062491938477,37.032656859885265,17.7,/home/aojwang/data/MergeDataset/cropped_images/1744WhiteRiceWhiteChapatiBeefstew/beef stew_1.jpg
1744WhiteRiceWhiteChapatiBeefstew.JPG,white chapati,1112.5966771698654,1.4891640866873066,191.6817394102843,153.9460370873374,102.30966575053263,12.75,/home/aojwang/data/MergeDataset/cropped_images/1744WhiteRiceWhiteChapatiBeefstew/white chapati_2.jpg
408BananaCarrots.jpg,carrot,2738.3620085636435,1.4248424842484249,205.83631567515565,114.68599765851506,25.778071521618365,2.8,/home/aojwang/data/MergeDataset/cropped_images/408BananaCarrots/carrot_0.jpg
1335ChickenWetfryBrownRiceCabbage.JPG,green cabbage cooked,374.58744769874477,1.4584837545126355,208.57839475283268,182.13125513814919,114.77190917986204,1.8,/home/aojwang/data/MergeDataset/cropped_images/1335ChickenWetfryBrownRiceCabbage/green cabbage cooked_0.jpg
1017Cabbage.jpg,green cabbage cooked,2274.1663218866365,1.2393162393162394,148.98283357529846,158.94861988916907,82.98659731546066,2.75,/home/aojwang/data/MergeDataset/cropped_images/1017Cabbage/green cabbage cooked_0.jpg
141AppleMango.jpg,mango,2254.81,1.0518358531317495,203.96554329041766,161.2924331145911,82.0581778509054,1.23,/home/aojwang/data/MergeDataset/cropped_images/141AppleMango/mango_0.jpg
141AppleMango.jpg,apple,2439.5,1.0662020905923344,193.78794698367153,176.66109038737446,131.23487372184647,0.45,/home/aojwang/data/MergeDataset/cropped_images/141AppleMango/apple_1.jpg
1704BeefSausageChipsKachumbari1Cup.JPG,kachumbari,272.3151408450704,1.0687732342007434,156.34234766445775,81.81126555681267,59.92834410861484,1.99,/home/aojwang/data/MergeDataset/cropped_images/1704BeefSausageChipsKachumbari1Cup/kachumbari_0.jpg
1704BeefSausageChipsKachumbari1Cup.JPG,potato chips,421.17781690140845,1.0226608187134503,213.81904054274355,173.29587550004388,75.33872879124186,7.2,/home/aojwang/data/MergeDataset/cropped_images/1704BeefSausageChipsKachumbari1Cup/potato chips_1.jpg
1HotdogSalad.jpg,hotdog,187.88584169453733,2.453924914675768,219.5817795383235,182.40375094343204,111.55171787702868,26.0,/home/aojwang/data/MergeDataset/cropped_images/1HotdogSalad/hotdog_0.jpg
1HotdogSalad.jpg,onion tomato avocado,327.2120401337793,1.8822197055492638,202.34833524809443,149.81227845668892,75.94567120894337,3.0,/home/aojwang/data/MergeDataset/cropped_images/1HotdogSalad/onion tomato avocado_1.jpg
183MangoWatermelon.jpg,mango,5089.5901639344265,1.1747800586510264,194.84549744298508,131.63735189005348,67.47734351551851,2.05,/home/aojwang/data/MergeDataset/cropped_images/183MangoWatermelon/mango_0.jpg
183MangoWatermelon.jpg,water melon,3604.157973174367,1.0453648915187377,178.73520978833025,86.76955081686576,77.71425204371504,1.5,/home/aojwang/data/MergeDataset/cropped_images/183MangoWatermelon/water melon_1.jpg
276Cabbagehalfcup.jpg,green cabbage,2521.8417112299467,1.390937019969278,185.1712096498527,186.51350383939757,157.8238474385497,0.88,/home/aojwang/data/MergeDataset/cropped_images/276Cabbagehalfcup/green cabbage_0.jpg
1Fish.jpg,fish fry,407.15519056643507,1.8085106382978724,164.26944993225,159.93425873250655,168.3423070160014,0.0,/home/aojwang/data/MergeDataset/cropped_images/1Fish/fish fry_0.jpg
823WhiteChapati1EggyolkBeans.jpg,white chapati,359.6542827657379,1.1092380310182064,169.73927654245583,118.46908857630655,68.10867152961528,11.31,/home/aojwang/data/MergeDataset/cropped_images/823WhiteChapati1EggyolkBeans/white chapati_0.jpg
1621SpaghettiNjahi.JPG,black beans,2042.66801414856,1.0416243654822335,133.95139866021512,98.66950307240182,75.63721168403242,28.5,/home/aojwang/data/MergeDataset/cropped_images/1621SpaghettiNjahi/black beans_0.jpg
1621SpaghettiNjahi.JPG,spaghetti,2952.8246589186456,1.124122807017544,193.91379243074522,165.90194005790912,140.5922207733536,11.0,/home/aojwang/data/MergeDataset/cropped_images/1621SpaghettiNjahi/spaghetti_1.jpg
1514FriedGitheriWhiteRice.JPG,githeri,1537.6719197707737,1.1232736572890025,158.16418459044345,131.15509575652547,69.0926525326215,17.25,/home/aojwang/data/MergeDataset/cropped_images/1514FriedGitheriWhiteRice/githeri_0.jpg
1514FriedGitheriWhiteRice.JPG,white rice boiled,2278.602077363897,1.4062059238363893,175.77042410730076,163.99450584947132,101.71930884331415,6.0,/home/aojwang/data/MergeDataset/cropped_images/1514FriedGitheriWhiteRice/white rice boiled_1.jpg
3RiceWMeatballs.jpg,meatballs,178.23157425963038,1.089848308051342,200.31429292462377,137.97752855311717,120.15068375064652,48.0,/home/aojwang/data/MergeDataset/cropped_images/3RiceWMeatballs/meatballs_0.jpg
3RiceWMeatballs.jpg,white rice boiled,320.2932531730127,0.6965901183020181,222.1165911332926,216.5990175447378,191.80539085131986,85.0,/home/aojwang/data/MergeDataset/cropped_images/3RiceWMeatballs/white rice boiled_1.jpg
1452GitheriquoterCup.JPG,githeri,837.4920634920635,1.525089605734767,119.08821847794499,107.73625220592261,13.462099722443341,3.417,/home/aojwang/data/MergeDataset/cropped_images/1452GitheriquoterCup/githeri_0.jpg
1Cola2.jpg,cola,45.868655435132524,0.4029126213592233,160.05420984910515,138.64411276172652,138.93414434436775,52.0,/home/aojwang/data/MergeDataset/cropped_images/1Cola2/cola_0.jpg
322TomatoLettuce.jpg,tomato,745.8050945580857,1.074571215510813,170.9724205526757,70.2688419105756,56.32541667507598,1.5,/home/aojwang/data/MergeDataset/cropped_images/322TomatoLettuce/tomato_0.jpg
543Lentilsthirdcup.jpg,kamande,423.41552511415523,1.3278282411230389,195.10189145108478,171.80516081853327,131.93098760943425,16.478,/home/aojwang/data/MergeDataset/cropped_images/543Lentilsthirdcup/kamande_0.jpg
1070Beefstew.jpg,beef stew,1121.8486574450774,1.3732534930139721,143.12383209598246,122.88343806572901,101.23272803956041,70.8,/home/aojwang/data/MergeDataset/cropped_images/1070Beefstew/beef stew_0.jpg
1ChipsFish.jpg,fish fry,155.23612040133779,0.7570385818561001,170.47642746547857,139.17857932821437,74.52572554629621,0.0,/home/aojwang/data/MergeDataset/cropped_images/1ChipsFish/fish fry_0.jpg
1ChipsFish.jpg,potato chips,293.07959866220733,1.0008726003490402,208.02878592154053,184.14655349488993,91.45225270871276,45.0,/home/aojwang/data/MergeDataset/cropped_images/1ChipsFish/potato chips_1.jpg
3PotatoPorkCarrot.jpg,carrot,176.6974358974359,2.3236301369863015,232.00651492514714,161.25930108720888,84.26804443726593,10.0,/home/aojwang/data/MergeDataset/cropped_images/3PotatoPorkCarrot/carrot_2.jpg
